:020000040000FA
:1000000000E70020B15900008F77010085590000FA
:100010008559000085590000855900008559000068
:10002000000000000000000000000000DD520000A1
:100030008559000000000000495200008559000069
:100040008153000081530000815300008153000060
:100050008153000081530000815300008153000050
:100060008153000081530000815300008153000040
:100070008153000081530000815300008153000030
:100080008153000081530000815300008153000020
:100090008153000081530000815300008153000010
:1000A0008153000081530000815300008153000000
:1000B00081530000815300008153000081530000F0
:1000C00081530000815300008153000081530000E0
:1000D00081530000815300008153000081530000D0
:1000E00081530000815300008153000081530000C0
:1000F00081530000815300008153000081530000B0
:10010000815300008153000081530000815300009F
:10011000815300008153000081530000815300008F
:10012000815300008153000081530000815300007F
:10013000815300008153000081530000815300006F
:10014000815300008153000081530000815300005F
:1001500081530000FFFFFFFF53B94AB9002908BFD0
:1001600000281CBF4FF0FF314FF0FF3000F00CB8FB
:10017000ADF1080C6DE904CE00F09EFBDDF804E063
:10018000DDE9022304B07047704700BF2DE9F14F4D
:1001900003F11C0402EB840C4FEA930B8A68CB68D2
:1001A0000868496800F046F93CE9F00060406940A1
:1001B00072407B400BF1060E4EE083EA134480EA66
:1001C000134582EA134746BA96EA3444604000F089
:1001D0000F1684EA063420F00F1684EA161054BA7B
:1001E00094EA0106724002F00F1486EA043622F007
:1001F0000F1486EA14124CBA6540694001F00F14DE
:1002000085EA043521F00F1485EA14115CBA6740C1
:100210007B4003F00F1487EA043723F00F1487EABA
:10022000141344BA44404DBA4D4056BA56405FBAD2
:100230005F4087EA174886EA174B84EA17464FEA79
:1002400038488BEA1B4485EA1B4788EA1B4580EA4D
:100250003440694072407B4000F0703400F08035DB
:1002600000F00F3040EA440040EAD50080EA9004F4
:1002700004F0332480EA8400604001F0703401F01F
:10028000803501F00F3141EA440141EAD50181EAAC
:10029000910404F0332481EA8401614002F0703457
:1002A00002F0803502F00F3242EA440242EAD502FF
:1002B00082EA920404F0332482EA8402624003F06A
:1002C000703403F0803503F00F3343EA440343EA0C
:1002D000D50383EA930404F0332483EA8403634060
:1002E000C943DB4381EA000483EA044686EA02014B
:1002F00083EA014382EA334583EA14435C4084EA9B
:1003000000077FEA040A8AEA024A8AEA010B87EABE
:1003100011488AEA374A80EA060181EA1A418AEAE4
:10032000030A04EA0A00454088EA040707EA0B00CA
:1003300041408AEA0B0608EA060084EA34428AEA67
:100340003A4602EA060358404540414087EA3743AF
:100350008BEA3B4003EA000985EA090582EA0309C2
:10036000464006EA0906714085EA010005EA35467D
:10037000464006EA314181EA304181EA364606EAE2
:10038000304686EA354634400F4086EA010508EAE1
:10039000050886EA3640024088EA020881EA3142CE
:1003A00013405C4080EA020309EA030987EA09076F
:1003B000674088EA040806EA0A0601EA0B018AEAAD
:1003C0000B0425408AEA3A44204045408BEA3B4BE7
:1003D00002EA0B02564084EA0B04234059406E4067
:1003E000694087EA364080EA384080EA060380EABE
:1003F000104481EA134585EA344585EA17427D4079
:1004000082EA354180EA05403CE9F00060406940FD
:1004100072407B40BEF1010E3FF6CFAE20BC00F033
:100420005FF828606960AA60EB60BDE8F08F00BFEC
:1004300000F000BA80EA101404F0F01480EA04100E
:10044000604081EA111404F0F01481EA0411614063
:1004500082EA121404F0F01482EA0412624083EA81
:10046000131404F0F01483EA0413634080EA1024A8
:1004700004F47F4480EA0420604081EA112404F4FB
:100480007F4481EA0421614082EA122404F47F441B
:1004900082EA0422624083EA132404F47F4483EA5C
:1004A0000423634081EA500404F0553480EA440098
:1004B000614083EA520404F0553482EA4402634006
:1004C00082EA900404F0333480EA8400624083EAD4
:1004D000910404F0333481EA84016340704700BF23
:1004E00082EA900404F0333480EA8400624083EAB4
:1004F000910404F0333481EA8401634081EA5004BA
:1005000004F0553480EA4400614083EA520404F068
:10051000553482EA4402634080EA102404F47F44A4
:1005200080EA0420604081EA112404F47F4481EAD7
:100530000421614082EA122404F47F4482EA042206
:10054000624083EA132404F47F4483EA0423634073
:1005500080EA101404F0F01480EA0410604081EA8C
:10056000111404F0F01481EA0411614082EA1214BB
:1005700004F0F01482EA0412624083EA131404F0D7
:10058000F01483EA04136340704700BF2DE9F14F74
:1005900094464FEA930B8A68CB6808684968FFF76E
:1005A00049FF0BF1060E33E083EA134480EA13455A
:1005B00082EA134746BA96EA3444604000F00F16C8
:1005C00084EA063420F00F1684EA161054BA94EA2E
:1005D0000106724002F00F1486EA043622F00F146E
:1005E00086EA14124CBA6540694001F00F1485EA9E
:1005F000043521F00F1485EA14115CBA67407B4082
:1006000003F00F1487EA043723F00F1487EA14135A
:10061000BCE8F0006040694072407B4000F0E0348C
:1006200000F0103500F00F3040EA540040EAC500F9
:1006300080EA900404F0332480EA8400604001F0F2
:10064000E03401F0103501F00F3141EA540141EA84
:10065000C50181EA910404F0332481EA84016140F8
:1006600002F0E03402F0103502F00F3242EA540298
:1006700042EAC50282EA920404F0332482EA840248
:10068000624003F0E03403F0103503F00F3343EA27
:10069000540343EAC50383EA930404F0332483EA52
:1006A0008403634081EA324787EA134581EA35468D
:1006B00090EA060484EA034B82EA1B4280EA04447F
:1006C00084EA054483EA144A85EA14448BEA044B1D
:1006D00084EA374481EA0B4181EA164104EA0A00C0
:1006E000454082EA04082BEA080041408AEA0B06EA
:1006F00002EA060084EA34438AEA3A4603EA060735
:1007000078404540414088EA38478BEA3B4007EA59
:10071000000985EA090583EA0709464006EA090651
:10072000714085EA010005EA3546464006EA314156
:1007300081EA304181EA364606EA304686EA3546A5
:10074000344008EA010886EA01052A4086EA364074
:1007500003405A4081EA31431F407C4080EA03074E
:1007600009EA070988EA0908544088EA020806EA03
:100770000A0601EA0B018AEA0B0215408AEA3A42AC
:10078000104045408BEA3B4003405E4042401740EA
:1007900079404D404E40E443F64386EA18435D40BD
:1007A00085EA054083EA134386EA034183EA384237
:1007B00084EA114383EA04435FEA3343BEF1010E46
:1007C0003FF6F2AE1ED4BCE8F000604069407240D3
:1007D0007B4020BCFFF784FE28606960AA60EB6064
:1007E000BDE8F08F2DE9E0414FF2F00280EA1031D0
:1007F000114080EA0130484041088208C3084FF0A8
:10080000000E4FE700F0113001F0113102F011320B
:1008100003F0113340EA410040EA820040EAC3009D
:100820004FF2F00280EA1031114080EA0130484076
:10083000BDE8E0812DE9F04F02F11C0506460746B0
:1008400000EB850851F8040B043A46F8040BF9D183
:100850004FF0010CFFF7C6FF5FEA302080EA0C0082
:100860001ECF41404A4053405C401EC620004645D2
:1008700017D04FEA4C0C1CF4807F18BFACF1E50C8C
:100880002C2DE7D03C2D06D1FFF7ACFF06CF414021
:100890004A4006C6100006CF41404A4006C6100036
:1008A000D8E736E90F00FFF7C5FD043D86E80F00E5
:1008B000F7D1BDE8F08F00BF2DE9F04786468C46A2
:1008C0000846089E154674461946002B40F0C18024
:1008D0008542B2FA82F245D94AB1C2F1200300FA48
:1008E00002FC954094402EFA03F343EA0C0C4FEAC5
:1008F000154EA8B2230CBCFBFEF80EFB18CC08FB6F
:1009000000F943EA0C43994528D9EB1808F1FF3761
:1009100004D2994502D9A8F102072B44A3EB09039D
:10092000A4B2B3FBFEFC0EFB1C330CFB00F044EA4C
:100930000344A04214D92C190CF1FF3304D2A04275
:1009400002D9ACF102032C44241A43EA07401EB139
:10095000D440002334607360BDE8F0874746DDE78C
:100960006346F1E792BB431B01214FEA154EAFB23C
:10097000200CB3FBFEFC0EFB1C330CFB07F840EA1B
:100980000343984561D9EB180CF1FF3004D2984528
:1009900002D9ACF102002B44A3EB0803A4B2B3FBD1
:1009A000FEFC0EFB1C330CFB07F744EA0344A74292
:1009B0004DD92C190CF1FF3304D2A74202D9ACF166
:1009C00002032C44E41B43EA0040C0E7C2F12003C9
:1009D0009540944020FA03F12EFA03F34FEA154EA6
:1009E0009040AFB20343B1FBFEFC0EFB1C10190C90
:1009F0000CFB07F841EA0041884522D969180CF13F
:100A0000FF3004D2884502D9ACF102002944A1EBA1
:100A100008019BB2B1FBFEFC0EFB1C110CFB07F79F
:100A200043EA01439F420ED9EB180CF1FF3104D287
:100A30009F4202D9ACF102012B44DB1B41EA004189
:100A400093E76046E3E76146F7E76046A4E763465D
:100A5000B8E7834206D916B9002108467CE7C6E903
:100A600000E0F9E7B3FA83F78FB9834201D3724507
:100A700008D8BEEB020460EB030301209C461EB9BC
:100A8000002169E73846FAE7C6E9004CF8E7C7F104
:100A9000200CBB400EFA07F522FA0CF42EFA0CF1EA
:100AA000BA401C4320FA0CF3B8404FEA1449014302
:100AB0001FFA84FEB3FBF9F809FB18300B0C08FB96
:100AC0000EFA43EA00439A4540D9E31808F1FF3093
:100AD00004D29A4502D9A8F102002344A3EB0A03E9
:100AE00089B2B3FBF9F809FB183308FB0EFE41EAA3
:100AF00003418E452CD9611808F1FF3304D28E458D
:100B000002D9A8F10203214443EA0040A1EB0E01FF
:100B1000A0FB02984145CE46434602D306D14D453F
:100B200004D20138B9EB020E68EB0403002EA7D003
:100B3000B5EB0E0261EB030101FA0CFC22FA07F39C
:100B4000F9404CEA0303C6E9003199E74046C5E79E
:100B50004346D9E710F8012B11F8013B012A28BFC1
:100B60009A42F7D0D01A7047034613F8012B002A97
:100B7000FBD1181A013870472DE9F04F824616460E
:100B80001C4600259FB00391307810B9284600F02C
:100B900085BD731C2528069306D00399D0470028ED
:100BA000C0F27C8501351BE21822002110A81AF042
:100BB000ACFC7378252B00F0BA80002398469E4643
:100BC0009C461846711C0F4611F8012B2B2A00F089
:100BD000DD8000F2D480202A00F0DB80232A00F0A0
:100BE000DB802BB19DF8483043F040038DF848304E
:100BF000B8F1000F05D09DF8483043F020038DF880
:100C00004830BEF1000F05D09DF8483043F0100386
:100C10008DF84830BCF1000F05D09DF8483043F006
:100C200008038DF8483028B19DF8483043F004039C
:100C30008DF848309DF8483003F04401442903D131
:100C40006FF386138DF848309DF848302A2A43F018
:100C500080030E978DF8483040F0A3809DF849300E
:100C600043F001038DF849307B1C1A782E2A0CBF03
:100C7000012100219DF8492061F341028DF84920AE
:100C80000CD15A1C0E925A782A2A40F09A809DF86C
:100C90004920023342F004028DF849201A786C2A68
:100CA00000F0BB8000F29D80682A00F0A3806A2AD1
:100CB00000F0BC804C2A00F0C18013F8012B782A88
:100CC00006938DF84B2000F201816D2A00F2C3805B
:100CD000692A00F2FB80572A00F2DA80412A04D008
:100CE000A2F14503022B00F2F18004219DF84A3065
:100CF00002F0DF02A2F1410761F302037A429DF89C
:100D000049107A4162F3C7110A068DF84A308DF80E
:100D10004910CBB200F1198103F07802182A40F093
:100D200003816FF3C6038DF849300023F2E0B21C53
:100D300006928DF84B309DF84930D90740F1078174
:100D400054F8042B002A049208DA9DF8482042F057
:100D500004028DF84820049A524204925A0740F146
:100D6000FE8054F8047B002F80F2FD809DF849300E
:100D70006FF341038DF849304FF0FF37F3E02D2A30
:100D80000DD0302A7FF42DAF01231CE74FF0010C6A
:100D900019E74FF0010E16E74FF0010813E70120A5
:100DA00011E70EA801F0F4FA0E9BBB423FF45DAFD1
:100DB0009DF848201390C00F60F341028DF8482041
:100DC00053E70EA801F0E4FA9DF848301490C3F3FD
:100DD000400242EAD07262F341038DF848300E9B24
:100DE0005CE7742A26D07A2A7FF467AF06219DF843
:100DF00049200CE05A78682A9DF8492006D1012143
:100E000061F3C6028DF84920023356E7022161F3EF
:100E1000C6028DF8492001334FE75A786C2A9DF8B5
:100E2000492001D10421EBE70321F0E705219DF8DA
:100E30004920ECE707219DF84920E8E7BDF8482064
:100E400022F4F04222F0020242F4804242F0020216
:100E5000ADF84820DFE76E3AD3B201229A4040F263
:100E600082431A429DF8493037D112F0240F5FD1E6
:100E7000D1072BD503219DF84A2003F07803A3F175
:100E8000400061F3020243428DF84A20434141E0B1
:100E90000120A2F15801C9B200FA01F111F4624F28
:100EA0007FF423AF40F6010319429DF849301AD16F
:100EB00011F4043F0AD09DF84A2060F3020203F0C7
:100EC0007803402B8DF84A207FF42FAF9DF84830EF
:100ED00043F001038DF8483027E702219DF84A20AE
:100EE00061F30202EBE702209DF84A1003F0780359
:100EF00060F30201402B8DF84A1002BF9DF84810A4
:100F000041F001018DF84810632A7FF40EAF003BD9
:100F100018BF01239DF84820C2F340010B4363F33F
:100F200041028DF8482006E713F0380FCED1FCE6D9
:100F300003219DF84A2013F0780F61F3020214BFD9
:100F4000012300238DF84A20E4E70123E2E79DF91D
:100F50004820002AACBF4FF0FF32139AFDE69F07EE
:100F60007FF50AAF149F00239DF84A20CDE9133383
:100F700002F00703042B9DF8493007D1980705D4E8
:100F80009DF949100029ACBF06270D2702F0070282
:100F9000012AC3F3C30333D1DA1E042A04D8DFE8DD
:100FA00002F02146462121002268012B4FEAE2711E
:100FB000CDE910211CD19DF94020D117CDE9102198
:100FC00004349DF848209107079250D0324650468D
:100FD000069B039915F0F1FE0028C0F25F830544DB
:100FE000069ED1E554F8042BD117CDE91021E8E78E
:100FF000022BE5D111B242F3C032CDE91012DFE786
:10100000022A24D1DA1E042A04D8DFE802F01810DC
:1010100010181800012B4FF0000154F8042B14D0C5
:10102000022BCDE91021CCD192B21092C9E707343E
:1010300024F00704F4E80201CDE91001C1E754F8F7
:10104000042B109200221192BBE7D2B2CDE7042A02
:1010500008D1073424F00704D4E900010834CDE9AD
:101060001001AEE7032AACD154F8042BDDE79DF85C
:101070004BB0BBF1780FB3D8BBF1570F49D8BBF1D8
:10108000250F00F09180BBF1240FA9D9BBF1410FCE
:1010900003D0ABF14503022BA2D8DDE91013002BDE
:1010A000C0F23781079A160700F13681C2F30019A2
:1010B0004FEA4919C3F30A50C3F31303002840F061
:1010C0002E8151EA030614BF01260026DB0243EA03
:1010D0005153C902BBF1460F40EA010E43EAE07CDE
:1010E00008BF4FF0660B5EEA0C0CCDE90C1300F064
:1010F0009C81002E40F04A810D9BA0F2FE3843F007
:1011000000430D930020DDE90C1306464FF0050C5B
:1011100056E1ABF1580120293FF662AF01A050F82B
:1011200021F000BFB1120000E10F0000E10F00004C
:10113000E10F0000E10F0000E10F0000E10F0000EF
:10114000E10F0000E10F00009B100000E10F000024
:1011500035120000491200009B1000009B10000097
:101160009B100000E10F000049120000E10F000099
:10117000E10F0000E10F0000E10F0000EB120000A2
:10118000B1120000B7120000E10F0000E10F0000F3
:10119000AF110000E10F0000B1120000E10F0000EC
:1011A000E10F0000B112000058460399F6E4002F49
:1011B000109E3BDB394630461AF06FFA002E3FF4A2
:1011C0000FAF4FF000093718BB1B9DF84A2012F0F3
:1011D0001001059100F05782023312F04002DDF851
:1011E0004C80089218BF149A434418BF9B18049A65
:1011F000CDF81C80002A40F36182D31A04939DF835
:1012000048305807C3F3800B00F15882590640F16B
:101210004882B9F1000F07D048460399D04700280B
:10122000C0F23C82D946013530233BE23046FFF71D
:101230009BFCC6E7109B4FF000098DF85C300DF168
:101240005D07012317AEC0E7079B1A0754BFC3F31E
:1012500000194FF02B09DDE9102358BF4FEA491957
:10126000002B06DA4FF02D09524263EB4303CDE920
:101270001023DDE910010DF17503009312AA17ABDD
:1012800001F09CF80646002F0CDB9DF848200DF17C
:1012900075039B1B6FF386129F428DF8482001D97E
:1012A000FB1A1393002E3FF49BAE0DF175075BE024
:1012B0004FF00009DDE71098002800F0DF810DF104
:1012C00075030093002117AB12AA01F077F8BDF85F
:1012D0004A30064603F0EF0343F4F04343F01003B3
:1012E0004FF00009ADF84A30CDE7109A072B3FF6D2
:1012F00077AEDFE803F00C04060C08080C0C157040
:101300006EE615806CE6EB17C2E9005368E61560DF
:1013100066E64FF02D09CDE64FF02B09CAE640F204
:10132000FF76B0422FD1A0480BF10102D2B2825C0D
:101330000B4302F003021ED1012A0BBF492369238C
:101340004E216E210CBF462266228DF85C309DF83E
:1013500048308DF85D106FF386138DF85E208DF8A0
:1013600048300DF15F0717AEBB1BB9F1000F3FF41A
:101370002CAF013329E7012A15BF6E234E236121CB
:1013800041211A46E1E70026A0E6013849185B41F1
:10139000002BFADACDE90C13AEE6490841EAC37135
:1013A0005B08B3F1333F404608F10108F5D200F184
:1013B000020801200CFB03FEA1FB0C13013E734449
:1013C00018F1020FE9DB08B1CDE90C13DDE90C31AE
:1013D000B8F1000F2CDCC8F10400A0F1200C08F1DA
:1013E0001C08C34001FA08F821FA0CFCC1400BF0BC
:1013F000DF0043EA0803472843EA0C0338D1F01C16
:1014000001DBB7422ADAABF10202002F5FFA82FB5E
:101410007BDD9DF84800013F820676D43A1E18BF56
:101420000122059207F101082CE04FF0000869E65F
:10143000023341F100010CA808F1FF380136CDE973
:101440000C3115F08BFCDDE90C31DB18494100292A
:1014500008F1FF38F9DACDE90C31B7E79DF84820FB
:10146000BF1B90064FD43A1E18BF0122059204E01C
:101470000022BBF1660F0592D4D117EB06084FF09E
:10148000660B44D4B8F1100FA8BF4FF010089FEDC1
:10149000447B10208DED0E7B0B90DDE90E02B8F140
:1014A000000F37D1C01842EB0103B3F1805F41D286
:1014B000CDE90C03079BBBF1660F03F0200340F05E
:1014C000BC80002E41DC30218DF85C10002B6DD1EA
:1014D000002F40F3B4812E238DF85D3086B1734226
:1014E000BB42A8BF3B46002B1393A7EB0307D4BF17
:1014F000002301239DF84A1063F345118DF84A102B
:101500000DF15E0839E00022B0E7002289E74FF0D4
:101510000008BCE7400840EAC2705208CDE90E025C
:101520000EA8CDE9083108F1FF3815F017FCDDE908
:101530000831B2E7400840EAC3705B08CDE90C030C
:101540000CA815F00BFC0136B4E70DF15C080B9903
:10155000002909DD0BA90CA8079315F017FC013E23
:10156000079B08F8010BF2D113969BB9002F40F3AB
:1015700064812E2108F8011B0026002F1FDD0B9B24
:10158000002B1CDD0BA90CA815F000FC013F08F88E
:10159000010BF2E72E2308F8013BEDE7AFF30080E3
:1015A0000000000000000008321F02002E238DF80A
:1015B0005D30002EA4D0002F91DC0DF15E08059B5C
:1015C000002B4ED1149747460BF0DF03452B23D158
:1015D000002EBABF76422D232B23632EC8BF642171
:1015E0007B70C4BFB6FBF1F301FB13664FF00A0139
:1015F000C8BF03F13000B6FBF1F3D2BFBA1CFA1C2E
:10160000B87087F800B0174603F1300001FB136390
:10161000303307F8020B5370139B002B2CDC149B08
:10162000002BD4BF002301239DF84A2063F38612C8
:1016300000238DF84A203B7095E60BA90CA8079370
:1016400015F0A4FB079B30288DF85C0018BF06F14D
:10165000FF3613B9002F40F3F2802E238DF85D3052
:101660004EE7474617F8013C08F1FF38302BF8D019
:101670002E2B08BF4746A7E70123D5E7714F8146C8
:1016800005237E1FA1E5110748BF0133A5E51846D4
:1016900009930399D0470028099B05DA1FB0BDE8DC
:1016A000F08F2023DDF810B05A46002A0BF1FF3BE3
:1016B000EDDC049BCDF810B02B449D1AB9F1000F5E
:1016C00005D048460399D0470028E7DB0135089B41
:1016D000002B77D09DF94930002B28DB3346DFF80B
:1016E000689118789B4619F80020013352073FD4BF
:1016F0009DF84A30AE1B98065E4407D44246002A45
:1017000008F1FF383BDC079B33449E1A9BF800002E
:101710002E280AD10399D0470028BFDBB8F1000F6B
:1017200006F1010631DC0BF1010B5D4638E0B146F4
:1017300099F80000C846702809F1010913D1AE1BC1
:10174000149D46443544AB1B002B33DC3B464246DC
:101750005046039915F031FB00289FDB3044049E6E
:101760000546064464E00399D0470028E0DA95E78F
:1017700005930399D0470028059BB2DA8EE7302005
:101780000399D0470028B9DA88E730200399D04779
:1017900008F1FF38C0E70399D0470028FFF67EAF75
:1017A0002878A84619F8003001355907F3D4A6EB7C
:1017B0000B06C5E730200399D0470028FFF66EAF2F
:1017C0000136C0E79DF84A30DA0601D41B0706D57A
:1017D00030200399D0470028FFF660AF0135059B04
:1017E0003BB103999DF84B00D0470028FFF656AF58
:1017F0000135A84406E030200399D0470028FFF6C1
:101800004DAF0135A8EB0503002BF4DC3B46324617
:101810005046039915F0D1FA0028FFF63FAF28444F
:101820009DE720200399D0470028FFF637AF013508
:10183000731B002BF5DCFFF7D3BB1E46BFE60DF193
:101840005D08BCE62D030200331F0200000000000B
:101850002DE9F047054699460024282386B088469E
:101860009246CDE9024316F0A2FE284602A917F0DF
:10187000CDF80746002800F0AF8083793A2B18D1C5
:101880000423039928460494059316F0F6FE28468F
:1018900004A917F0BBF818B190F90130A34205DB99
:1018A0006FF01505284606B0BDE8F087284616F00B
:1018B0007EFEBB79112B58D0062B58D00020AB6888
:1018C000002B4ED19FED487B022295F840308DEDE4
:1018D000007B02FB03013A23A869043105F082F979
:1018E000044600287BD095F84020E96B17F073F888
:1018F000061E31DBA3682046DB68636495F8482048
:10190000696C17F068F8061E26DBA06895F8481089
:101910000C3015F0DCFFA06850F80C3FE36395F83D
:10192000401015F0D4FF95F8483007F1180184F8FD
:10193000403095F8403084F848303B7EFF2B03D18F
:10194000A06904F027FF0146204607F1080217F0BE
:1019500092F970B16FF00406204616F0D8FD3546B6
:10196000A0E71A8A5B681044AAE73020AAE73C2067
:10197000A8E741465246204617F0CAF8014600281B
:10198000E8D1B8F1040F22D199FA89F342462046F2
:1019900004A9049317F01FF80646204616F0DBFD55
:1019A0000246002ED8D12946204616F021FF0546D2
:1019B0000028D1D1204616F0FAFD3A21204617F032
:1019C000A2F9204616F084F80028C5DB6AE7042255
:1019D000204616F0F9FEDFE76FF0040562E76FF0CE
:1019E0000B055FE7AFF300800080000000000000FF
:1019F0002DE9F0472DED028B07469FED2D8B4FF023
:101A00000009DFF8B880DFF8B8A084B04FF0FF32EB
:101A10004FF0FF3307F57E700DF09CFF43680446DE
:101A20001E78002331461A468DED008B386805F08C
:101A3000EBF8616832460131054616F0CCFF0646E8
:101A400038BB237C85F86130637C85F86230A27CEA
:101A500095F8633062F3410385F86330D4E90201FD
:101A600042464B46FEF778FB4FF47A735A43C5E97A
:101A70000801AA622946386816F095F8002811DA9C
:101A8000334601223046CDE9016A0B49009617F032
:101A9000C6FB0023606863600AF09EFD284616F0CE
:101AA00036FDB3E7606866600AF096FDAEE700BFFA
:101AB000FFFFFFFFFFFFFFFF64F2010040420F0046
:101AC00068140200000000002DE9F04F3A4B85B089
:101AD000D3F8042392070BD5D3F8042142B1002296
:101AE000C3F80421354AD3F8043113680133136075
:101AF000334D0024A8464FF480362F4FD7F80433D7
:101B000006FA04F919EA030F2DD00123A340DB43A1
:101B10002C49D1E8EF2F02EA0300C1E8EC0FBCF139
:101B2000000FF6D122FA04F3DB0703D4264B53F857
:101B30002430C3B1204617F089FD08F063F84FF058
:101B40002002EFF3118382F31288BFF36F8F08EB4B
:101B5000041CDCE902AB504571EB0B010AD283F3A4
:101B60001188BFF36F8F103514B105B0BDE8F08F49
:101B70000124C3E70020D5E900129FED0D7B28600A
:101B80000D4803938CED027B0292C0F848932046E7
:101B900017F05CFD039B83F31188BFF36F8F00295F
:101BA000E1D0029A5B46009252468847DBE700BFCD
:101BB000FFFFFFFFFFFFFFFF00500150C044002068
:101BC000B8160020B444002040510150000000002D
:101BD0002DE9F0472DED028B04469FED498B4A4ECF
:101BE00084B04FF02003EFF3118783F31288BFF323
:101BF0006F8FD4F8C8508DB9022104F1E00019F0BC
:101C000048F9002843D100238DED008B394602931B
:101C100004F1D0023D480EF0F7FBE2E7D4F8CC2007
:101C20002B689542C4F8C83008BFC4F8CC30D4F84B
:101C3000E03043F00203C4F8E030EB6823F0040323
:101C400043F00103EB606B6887F31188BFF36F8F7C
:101C5000284698474FF02003EFF3118983F3128849
:101C6000BFF36F8FEB68990723F0010219D4EA6084
:101C7000D4F8E03023F00203C4F8E03089F311888F
:101C8000BFF36F8FDB05ACD40EF0A2FAA9E704F125
:101C9000D80500220121284619F0C5FA0028F8D1FC
:101CA000B1E7306823F00303EB600028E0D00027A1
:101CB000BA46D0F800800028DAD042680146954242
:101CC0000BD1016897B972683160824200D17160AE
:101CD00040F808AB0DF070FE3946B8F1000F0BD09C
:101CE000D8F8002040460F469046E4E73960726815
:101CF000824208BF7760EBE74246F3E7AFF300802C
:101D0000FFFFFFFFFFFFFFFF486900203AA100200F
:101D10007FB50BAB05930393054B0322029300237E
:101D20001846CDE9003301F093F907B05DF804FBE4
:101D30004E0202001FB50024064B204602930322E8
:101D40002346CDE900440449FFF7E2FF204604B0F2
:101D500010BD00BF4E02020044F2010038B5044C31
:101D6000044DAC4200D338BD54F8043B9847F8E723
:101D70001CF201001CF2010038B5054C256804EB8B
:101D8000850405B938BD54F80439013D9847F8E792
:101D900010F201002DE9F04F91B0009302F004031E
:101DA0000293C2F3C2030133840705460E46DDF8F1
:101DB00068800392059340F0BD81041D30B107296E
:101DC00009D86FF01B0011B0BDE8F08F01F00706D5
:101DD000341DC6F10806009B4FF000094FF0040ABD
:101DE000591E4FF0FF334F460193CB465346CDF873
:101DF00010900DB1009820600598002800F3EB804A
:101E00009948009A824203D398488242C0F0E38006
:101E1000039AA4EB050E92074FEA9E0000F106819B
:101E20000F2F00F2B480002D00F0088107F140026E
:101E30000DEB020C019A0CF8200C0CF8102C0498F5
:101E400001300490EAE07A2860D84B280ED8472861
:101E50005CD829282FD8252855D057D820287DD0C0
:101E60002338D0F1000B4BEB000B77E0A0F14C0CCA
:101E7000BCF12E0F4AD8DFE80CF0714949494949B5
:101E80004949494949494C49494949494949495AAE
:101E9000494C4C5A5A5A714C6E497149184C184960
:101EA0004983804C49494C49800000204FF0000B89
:101EB0004FF0040A39E00122A0F12A0C5FFA8CFCF1
:101EC00002FA0CFC1CEA0E0F48D11CF062502ED115
:101ED0001CEA020B42D0013C5444CAF1000C04EA53
:101EE0000C04002D61D0A3EB050CA4446645FFF45F
:101EF00068AF002868D1042B47D158F8043B236011
:101F0000042304342AE0019A013A01924FF0000BB5
:101F100024E011F8010C6C2834D1002011F8023CA7
:101F200083466C2BC4D14FF0080A5346D3E708F11F
:101F3000070828F00708073424F00704F8E802AB84
:101F400035B106982044B0423FF63BAFC4E900AB40
:101F50004FF0000B08344FF0080A534611F8010FF8
:101F6000002878D0BBF1000F7FF46DAF2528F5D1A4
:101F70004FF0010B019B013301934FF0040AECE792
:101F8000584693E700208346A5E7082B02D06FF060
:101F9000150018E708F1070828F00708B8EC027BDD
:101FA00084ED007B08230834D8E768B9042B02D1FC
:101FB00008F10408A4E7082BE9D108F1070828F084
:101FC000070808F10808EDE705980138059058F86A
:101FD000040B00900DE7039A900720D54FF0010CF9
:101FE000A4EB050E4FEA9E00BEF5007FCFD20F2F67
:101FF000CDD8F5B107F140020DEB020E019AC0B247
:102000000EF8200C0EF8102CBCF1000F3FF417AFA7
:1020100060F07F000EF8200C09F101090137C5F1CD
:1020200008024FF6DA7E0434069297E74FF0000C70
:10203000DAE7BCF1000F01D00136EFE7029A023671
:10204000002AEBD10098CDE90631FEF78DFDDDE9E0
:1020500006310644E2E7631BB3F5806F97D23DB9C2
:10206000A6F10804E018AEE6C8ED0100F82602006B
:10207000029A9B0828602B709DF81030C2B1EB705B
:1020800085F80290B9F1000F05D0002208A8C5F12B
:10209000010C97420ED14FF0000AC5F101030DF17A
:1020A000200801930DF1300B574512D1601B8AE6D1
:1020B0006B70E5E710F8013B190608D504EB0C0E30
:1020C000764503F07F03FFF47CAE04F8013B013258
:1020D000DFE7B9F1000F03D098F90020002A17DBE1
:1020E000029BD3B11AF80B2004F8012B0022019BAC
:1020F000981820448642FFF464AE98F800000099D6
:1021000004F8010B2046039219F0C5F9039A144410
:102110000AF1010A08F10108C6E798F8002055F80D
:1021200022300093029B009845F82230FEF71CFDF8
:10213000421CDCE76FF00D0045E600BF014B186064
:10214000704700BFB000002030B5002587B0CDE952
:1021500003010446009503A905480595FEF70CFD0B
:10216000DDE904309842B8BF255407B030BD00BF48
:10217000096501002DE9F047858B04462807904644
:1021800011D4022905F0070540F0CD80204614F057
:10219000BBFC78B10138A18B042811D8DFE800F02E
:1021A000C3106D85950001290CBF45F0100545F061
:1021B0002005A58388F31188BFF36F8FBDE8F087F2
:1021C00001F0070AAA4500F0A6800027B9463E465E
:1021D000A368002B00F0BD8041F00801A18388F3C3
:1021E0001188BFF36F8FA168002900F0BB800D68D4
:1021F000002900F0B780334652462046D1F80480CB
:10220000C047002D76D02B6829461D46F0E701F027
:1022100007035A1F012A1BD8002221F00701062BB1
:10222000276889B2C4E9002209D13B4603E0E28B6A
:102230000132E2831B68002BF9D141F002012046F4
:10224000A18314F061FC00287BD041F0200177E0ED
:10225000042B0AD121F0070189B22046A18314F092
:1022600053FC10B141F02001A183A18B01F0070ABA
:10227000AA4550D00027B946AAE7236921F00701F3
:1022800041F00601062DD3F80090A1832DD1B9F1BC
:10229000000F40D041F00801A18388F31188BFF3FB
:1022A0006F8F20463949C84729E021F0070123698B
:1022B00041F0040189B2042DD3F80490A183E6D043
:1022C00000274FF0040A3E4682E721F00701236908
:1022D00041F0050189B2052DD3F80890A183D6D02D
:1022E00000274FF0050A3E4672E700274FF0060A26
:1022F0003E466DE72B4687E7B9F1000FD1D14FF08D
:102300002003EFF3118883F31288BFF36F8FA38B41
:1023100023F00803A383A58BEA062ED525F010032E
:10232000A38305F00705A669A18B002EBFF66FAF4A
:1023300000232768C4E9003321F0070141F00101BF
:10234000A183A18B4FF0000901F0070AAA457FF491
:102350003FAF002F9BD041F00801A18388F3118883
:10236000BFF36F8F002FC7D03D68394633465246C2
:10237000204614F0F5FB2F46F4E7AB067FF51AAFC5
:1023800025F02003A38305F00705FFE68D6B010010
:10239000F0B5024601680A270020074E0B461C785C
:1023A0000131355D6D0701D41360F0BD07FB0043BB
:1023B000A3F13000F2E700BF331F02002DE9F84F10
:1023C00015469A46D378224A6F2B12F803B08046FE
:1023D0000F460BF0030B29D024D8582B0CBF102626
:1023E0000A26DDF828903246002340463946FDF79C
:1023F000B3FE092AD4B21ED83034B045E4B277F126
:10240000000709F8014D01D3D14511D82B789B065F
:1024100005D5082E15D1AB7843F00803AB704846BC
:10242000BDE8F88F03F0F703702BD7E70826D8E74D
:1024300080460F46D7E7BBF1010F0CBF3734573446
:10244000DBE7102EEBD1AB7843F01003E6E700BFDB
:10245000331F0200044608B54FF02002EFF311834A
:1024600082F31288BFF36F8F07F032FD204603F02E
:10247000D5FA034814F05DF802F09AFDFCE700BFBE
:102480002E03020010B5094B094C00F01F02400951
:10249000012818BF234603EB8203D3F8002222F061
:1024A000E04242EA0172C3F8002210BD00288450C5
:1024B0000025845070B54FF02003EFF3118683F3AD
:1024C0001288BFF36F8F0124134B144DC3F80045DE
:1024D00002230321C5F8D0360020FFF7D3FF2046A2
:1024E000FFF7D0FF2146C5F804472120C5F804496D
:1024F000C5F8004BFFF7C6FF2020FFF7C3FF0B20F6
:10250000FFF7C0FF0A20FFF7BDFF86F31188BFF376
:102510006F8F002070BD00BF0010005000400050C1
:10252000052370B5144D154E2C780134B4FBF3F32C
:1025300003EB8303E41A17F0A0F8114A137823B1D0
:1025400056F82430C01A072814D94FF05023D3F876
:10255000141141B10021C3F81411D3F814312C70B7
:102560000CB9012313702C7817F087F846F8240073
:10257000012070BD0020FCE747740020982F002048
:102580004674002048B1054B054A1B68B3FBF2F3C3
:102590005843044B43F0010318477047AC02002036
:1025A00040420F00F0F30100062807D10122044B3E
:1025B000C3F80025BFF34F8F20BFFDE7704700BF72
:1025C000004000507FB50BAB05930393054B0122F0
:1025D000029300231846CDE9003300F039FD07B01F
:1025E0005DF804FB5B03020070B586B005A80AF035
:1025F00003FD284B984249D107F002FC041E0FDA74
:102600009DF814000AF0FEFC234B012202930023E4
:1026100022491846CDE900330394FFF7D3FF32E097
:1026200040F607031E4D8DF81540AE68ADF8163024
:102630007468059B14B96FF05704E5E70821284634
:10264000184AA047041EDFDB3369002BF3D00122B8
:10265000082128469847041ED6DB01239DF8145014
:10266000114AAB40C2F804359DF815009DF817607B
:1026700016F0F8FF0D4B45F00045B600C0F880504D
:102680009D51002CC0D1204606B070BD6FF01204E1
:10269000BAE700BF0000AD0B5B03020074F301005A
:1026A00038EF0100F52600000070015080A10250B3
:1026B00038B5049CC4F30725284607F093FA002197
:1026C0000A4BA20B02F0FC02C0F8801099500123C3
:1026D000E4B2074AA3402846C2F8083507F0AEFB2B
:1026E0002046BDE838400AF08DBC00BF80A00250F3
:1026F00000700150F7B5144683681B690BB10022C6
:102700009847C4F30726304607F074FA054630466A
:1027100016F0A8FF0027104B220E9200C0F8807020
:102720009F50304607F05EFAA20B0C4B02F0FC0201
:102730001344E2B242F000421A60094BC0F8802014
:1027400005F13202009330463B460194520016F0E8
:1027500092FF03B0F0BD00BF80A1025080A00250E4
:10276000B12600000AF0A6BA1FB5034660B9114AA7
:102770000090CDE901021049012214F0DEFB6FF058
:10278000150005B05DF804FB83685BB90B4A184679
:10279000CDE9013208490122009314F0CEFB6FF01D
:1027A0000400EEE71B681BB105B05DF804EB1847A9
:1027B0001846E6E7930302006CF20100A40302004E
:1027C00030B585B008B101B16AB9134B012202934B
:1027D000002312491846CDE9003314F0AEFB6FF028
:1027E000150005B030BD84680CB1E56865B90C4BC7
:1027F00001220293002309491846CDE9003314F061
:102800009CFB6FF00400ECE741F8040BE36805B0B3
:10281000BDE83040184700BFC20302006CF201005F
:10282000A403020030B51346044685B060B9194BC5
:102830000090CDE9010301220346174914F07DFB06
:102840006FF0150005B030BD006858B9134B00900B
:10285000CDE90103012203460F4914F06EFB6FF02E
:102860000100EFE782680AB1956865B90C4B012257
:102870000293002308491846CDE9003314F05DFBAC
:102880006FF00400DEE70A46AC46616805B0BDE8BB
:1028900030406047EE0302006CF20100FF030200CB
:1028A000A40302000020014B1860704700000720BD
:1028B00030B50C460E4985B00291D0F8AC110546F2
:1028C000CDE9003100F1E0014FF0FF3320460CF07C
:1028D000C1F850B9012384F86430D5F8A83123B188
:1028E000204605B0BDE83040184705B030BD00BFF8
:1028F0004B70010038B50C461146054614F0A7FB95
:10290000034638B92846044914F0A1FB03460020C9
:10291000236038BD0120FBE73B2202002DE9F04F88
:10292000012381460569466885B005F56B77D7E8D0
:10293000EF2F002A03D1C7E8E13F0029F7D140F08B
:10294000B880B368B26A043B2632B3EB420F4FEA59
:10295000420126BFB3FBF1F3B3FA83F300234FF038
:10296000010428BFC3F12003013B9C4005F5E47836
:1029700000F099801022082170689A4002EB44020E
:10298000043099400932C5F86002063122F0030292
:102990000A44B16A01FA03FC510001EB4C01C5F88D
:1029A0006412B16A994000EB4103C5F85832033311
:1029B000134423F00303C5F854327368C5F85C422E
:1029C000C5F850323C4B4046C5E9A963316800F078
:1029D000BBF9044630BBD9F804A0D9F81090DAE965
:1029E000073409F5307B012B584608BF103C18F01E
:1029F00001FB0023DAF8240030494FF4806201EB38
:102A000080210093584623460DF0A0F809F52C705C
:102A10002B4918F0B1FADAF8140083685C681CB925
:102A20006FF05704002137E04B46264ADAF81810B9
:102A3000A04704460028F5D1DAF8140083681B6922
:102A4000002BEDD00122DAF8181098470446002830
:102A5000E8D11D4B2846C5F8A8311C4BC5F8AC3150
:102A60001B4B0393D5F810320293D5F80832CDE909
:102A70000083D5F86832B26AD5F8A81300F02CF9B3
:102A800004460028CED105F1E0000CF08FF80028B4
:102A9000C5F8B0030ADB0221384614F00DFB2046CE
:102AA00005B0BDE8F08F6FF00B04BBE76FF01504C5
:102AB000B8E76FF07704F2E7A170010040A10020B1
:102AC000877001007B700100D52A00000F720100A1
:102AD000E970010013B5044640B100230122CDE99D
:102AE0000032074BD0E909120BF068FFA36E1B6898
:102AF00023B1E06E02B0BDE81040184702B010BD2F
:102B00003B22020013B504460846216901F56B71AA
:102B1000D1E8AF1F022910D193B1A0B10121CDE9B5
:102B200000311346D0E909120BF048FF074B9842D9
:102B300008BF6FF00B0002B010BD6FF00F00FAE796
:102B40006FF04C00F7E76FF00100F4E72EF8FFFF9D
:102B50002DE9F74388461546066906F56B73D3E8F9
:102B6000AF3F022B5FD1136823B96FF0150003B09C
:102B7000BDE8F0831B78002BF7D0D6F8A893B9F105
:102B8000000F33D106F5D8774FF0FF324FF0FF3307
:102B900038460CF029FE30462A6801A9FFF7AAFE44
:102BA000019C1CB9384614F085FADEE705F10803EC
:102BB000A3666B6984F86490E366E46360B13846A9
:102BC00014F078FA21463046236E2A68FFF770FE2B
:102BD0000020C8F80040CAE72022296804F140001C
:102BE00018F048FD384614F065FAF1E730460F4911
:102BF00014F02DFA04460028B7D005F108038366C7
:102C00006B69C063C366002380F8643020222968A2
:102C1000403018F02FFD22460121304600F03EF8EA
:102C20000028D5D0A1E76FF00F00A0E73B220200FB
:102C30002DE9F04F05460E4690460027D0F8B0A08B
:102C400085B0AAF5AE7421463046FDF783FFE0B9A2
:102C5000114BA4F1400B0293DAF810303246CDE963
:102C6000008329464FF0FF335846AAF5CE790BF082
:102C7000F1FE60B97023012203FB079383F86420FF
:102C8000DAF80C300BB158469847703417B105B0DC
:102C9000BDE8F08F0127D6E7717201001FB5144619
:102CA00090B18AB1012912D10A4B00F1E0010293DF
:102CB000D0F8AC31403201934FF0FF3320460093FF
:102CC0000BF0C8FE04B010BD6FF01500FAE700204D
:102CD000F8E700BF717201002DE9F04387B00E469E
:102CE000DDE90E811446DDE910251F4630B329B316
:102CF000DFF850C000F1E009002D08BF65469EB91D
:102D0000CDE9034400F5CE742046059617F0A8FEE1
:102D100003ABCDE900432A463B46414648460BF00B
:102D20006BFF07B0BDE8F083002241460E92484693
:102D30002A4607B0BDE8F0430CF088B86FF01500E4
:102D4000EFE700BF312C0000F0B50E46044689B015
:102D500000286FD001230246C3630023D0F89810E7
:102D6000364F403040F80C7C42F8301FCDE901333B
:102D70004FF0FF330093C36D17F030F9304A06ABC4
:102D800092E8030083E8030018460BF037FD054680
:102D9000D8B904F134000BF013FD0546A8B9394643
:102DA000284805AA17F0F6F8054670B9059B9A68F9
:102DB00072B10C33D4F89400C4F8A03014F089FA3E
:102DC000C4F8D40030B96FF00B05284609B0F0BD47
:102DD0000346EFE7D4F8940014F07BFAC4F8D80067
:102DE0000028F0D0D4F88C30D4F8A010C4F8A83063
:102DF0000423C4F8AC30C4F8C4300223A362124BDD
:102E0000B4F89420D4F8D470C4F8B810C4F8D01032
:102E1000D4F89010236204F1A403A4F8B020C4F8FD
:102E2000A470C4F8C010A4F8C820C4F8BC00A661FF
:102E3000E362CAE76FF01505C7E700BF2904020087
:102E4000C0F301003304020024F401002DE9F84F1F
:102E500081462F480F4614F07EFA064670B92D4C75
:102E60000546A0464FF0010BDFF8ACA0544507D350
:102E7000B9F1000F02D04FF0010AE5B9BDE8F88FB3
:102E8000237B73B12368DB680BB120469847236826
:102E90001B6943B9636804222046196800F0C4F82E
:102EA00001361034E2E7204698470028F2D00BFAAA
:102EB00006F31D43F4E7A94695FAA5F4B4FA84F4A1
:102EC0000AFA04F3260108EB04146FEA030B25EA5F
:102ED0000305237B63B158F806301B6993B9464458
:102EE000736804222046196809EA0B0900F09CF86F
:102EF000002DE1D127B14FF4A47000210DF0EAF9C3
:102F00004D46BAE7204698470028F1D1E7E700BFD1
:102F1000B42F0020ACF30100BCF30100014B53F8C7
:102F20002000704748F4010008B5034608462BB15D
:102F3000044A136000F07CFA002008BD6FF0150011
:102F4000FBE700BFE00000200023054A4FF40041EA
:102F50001370044A04481360044A1360FFF7E4BF87
:102F600048740020AC2F002053730100B02F0020C4
:102F700070B50B4D297841B90120FFF767FF094C67
:102F8000094EB44202D301232B7070BD63685B7994
:102F90001BB1236820469B6898471034F1E700BFB7
:102FA00048740020ACF30100BCF3010010B50446E6
:102FB000064814F0D0F93CB1054BD3E8EF1F0139B6
:102FC000C3E8E21F002AF8D110BD00BFAC2F0020DB
:102FD000B02F002070B50A4B05461B689847094C76
:102FE000094EA860B44200D370BD63685B7923B119
:102FF0002368294620461B6898471034F2E700BF33
:10300000E0000020ACF30100BCF30100044A054BD2
:103010009B1AB1EBD30F34BF52F831000020704738
:103020001CF20100ACF30100084B10B4C31A446851
:103030001B110133237143689A710122436819609F
:1030400043685A715DF8044B14F0A3B9ACF3010066
:103050002DE9F04F85B002AF0446D7E90EA90E4620
:10306000934698463D6BBAF1000F33D0C7F80490F1
:10307000CDF800901021534600207A6BFEF78AFEAF
:103080000146154A04F007040BF0070BE40044EA7C
:103090008B1402EA4122144344EA055417350D44C7
:1030A00025F00705ADEB050D02ADBAF1000F07D015
:1030B000CDF8009053467A6B05F11000FEF76AFEDA
:1030C000434622463146284614F066F90C37BD4681
:1030D000BDE8F08F5146D4E700FE0F000EB403B5F3
:1030E00003AB53F8042B01460448019314F096F9FE
:1030F00002B05DF804EB03B0704700BFCB73010072
:10310000CA0605D48B064CBF02490349FFF7E6BF48
:10311000704700BF3A220200392202002DE9F04F29
:103120008BB09A46DDE915739DF850B00693179B56
:1031300004460D46189E08920593BBF1000F00F05F
:10314000858006F00103099306F00803079314F045
:1031500021F906F002090246002847D0204684499A
:10316000FFF7BCFF8046B9F1000F08D016F0440FFE
:103170003ED12A4620467F49FFF7B0FF8044099B95
:1031800053B17D4B204653F82B207C4B7C49002AC1
:1031900008BF1A46FFF7A2FF079B002B54D0794BBC
:1031A000204653F82B207849FFF798FF0546089BE7
:1031B0002BB11A4620467549FFF790FF0544BAF136
:1031C000000F05D0524620467149FFF787FF05449E
:1031D0004544002F48D1059B002B4ED1F30700F149
:1031E000C08031462046FFF78BFFB4E08046BAE747
:1031F000684B18680028C1D0674B4FF47A791B6878
:103200004FF46161B5FBF3F5B5FBF0F300FB13552B
:1032100009FB05F5B3FBF1F2B5FBF0FE4FF03C0CFA
:1032200001FB123100FB1E55B1FBFCF309FB05F558
:10323000B5FBF0F50CFB131120460091CDE901E53B
:103240005649FFF74BFF99E7079DB0E7BAF1010F29
:1032500006D1002F65D1059B002B7CD000250CE00A
:10326000002FF8D04E485DE04E483B4622464E497E
:1032700013F017F9059B002B69D0DFF84081DFF8C8
:103280004091059F3146102F204628BF10274FF050
:10329000000AFFF735FF554546DC069B49462046A8
:1032A0001A78FFF71BFF4FF0010A1AF0070F03D13E
:1032B00041462046FFF712FF57453CD9069B494639
:1032C000204613F80A20FFF709FF0AF1010ABAF1B4
:1032D000100FEAD14FF0000A20463449FFF7FEFEF6
:1032E0005246069B20469A5C314B995C11F0970F31
:1032F00008BF2E222F49FFF7F1FE0AF1010ABAF1A9
:10330000100F1DD01AF0070F03D141462046FFF7DA
:10331000E5FE57455246E4D841462046FFF7DEFE1B
:10332000EBE720485D46A0E741462046FFF7D6FE82
:103330000AF1010AAFE720461F49FFF7CFFEC4E7B5
:10334000069B3B440693059BDB1B059399D1BBF180
:10335000000F7FF443AF20460BB0BDE8F04F14F0F0
:1033600064B82046054A0649FFF7B8FE39E700BFB2
:103370004D0402005104020058F401004804020008
:10338000652302006CF40100760402007C04020054
:10339000B4200200BC2F0020B82F00205A040200E5
:1033A000E7730100CB7301001D7401008604020065
:1033B000331F020088040200C81D0200CA1D02005B
:1033C000800402002DE9F0410F884B6805460C4649
:1033D00090468E6886B0C7F382175BB1134A9B1A7A
:1033E00043F3CF0100291FDB2078C0F3C200FFF7B1
:1033F0000DFE0346214651F8102B6088C2F34A2285
:10340000002A01EB020408BF0021C0F30B10CDE934
:103410000308CDE901140022314628460097FFF742
:103420007DFE06B0BDE8F0810023E3E71CF2010059
:1034300000210123064A904206D8064A01B9012319
:103440001360054B18607047012140085B00F2E7EC
:1034500040420F00B82F0020BC2F00200122014B5A
:103460001A70704749740020014B002019607047A2
:10347000D42F00200122024B02481A7013F0D5BF4E
:103480004A7400209CF4010010B5064B0C461868E5
:10349000FFF744FD2146BDE8104003460F220248D5
:1034A000184700BFD42F00209CF40100F8B5074650
:1034B0000E460424174D3246394600200BF00CFD11
:1034C000C8B101232B70144B1B782BB93046F8BDC3
:1034D0005CB92C704FF0FF3400200BF071FD002818
:1034E000F4D02B78002BF3D1F0E7013C41F2883087
:1034F00017F0E8FEF0E72B7813B1013C04D12C70F3
:103500002B78002BD7D1E1E741F2883017F0DAFEB3
:10351000F6E700BF497400204A7400202DE9F84303
:1035200005464FF02003EFF3118683F31288BFF3B3
:103530006F8F4FF00C090D4B0D4F1C68DFF8348076
:103540002CB986F31188BFF36F8FBDE8F883D4E9F7
:103550000123002D18BF13462BB198F8142009FB46
:1035600002F2B85C98472468EAE700BFF02F002019
:10357000E42F002018690020012270B5164B1C7D35
:1035800004F01F039A40D043144B610903EB8103FD
:10359000D3E8EF1F01EA0005C3E8E65F002EF7D18C
:1035A0000A4213D00E4B0F4D8BB10C236343EA1824
:1035B0005178E85C13F0BBFC0020FFF7AFFF0C2351
:1035C0005C4300232A192B51C2E9013370BD83F3F8
:1035D0001188BFF36F8FEFE718690020F82F0020E4
:1035E0002F6F0100E42F00202DE9F041324B0746F8
:1035F0001D7D4FF02003EFF3118883F31288BFF392
:103600006F8F0C246C432D4B2D4E195D1A19002918
:1036100047D007CA06EB040C8CE8070000221A55B5
:1036200088F31188BFF36F8F0C236B43F05CF218A3
:10363000A8B37B1C10D04FF400400021D2F808C082
:10364000204C0023ECFB00411F4A2046FCF784FD80
:103650000121381A06F000FC0CF082FD0120FFF772
:103660005DFF1A4B6A0903EB8203012205F01F017B
:103670008A40D3E8EF0F1043C3E8E10F0029F8D1E7
:10368000134B3BB10C2303FB05F033185978305C26
:10369000FEF78AFFFFF770FF0CF076FD0120BDE812
:1036A000F0810146284600F015F80028B8D007C878
:1036B000344484E80700B3E718690020D82F0020BD
:1036C000E42F00203F420F0040420F00F82F00205F
:1036D000A92500002DE9F04F85B00E4603A900F0A2
:1036E00043F84FF4004704464FF0000B1B4B039D7B
:1036F000D3F800A0431E1BB203EB4303DFF8648042
:1037000005EB830524B9A146484605B0BDE8F08F16
:10371000C446594668680023E0FB07C1104A60466A
:10372000FCF71AFDC44659460190A8680023E0FB47
:1037300007C10B4A6046FCF70FFDBAF1FF3FA946EF
:1037400001D0824505D9731CDED0019B1844B042DC
:10375000DAD9013CA4B20C3DD4E700BFE40000205C
:1037600040420F003F420F0008B9024B0B6000209F
:10377000704700BFACF40100F0B40C4B0C4E5F6A14
:103780000C4BB34203D36FF08500F0BC70475D680B
:10379000BD4209D31C693CB195F802C00579AC451E
:1037A00002D12346F0BC18472433EAE7FC2F00205F
:1037B000DC070020B80700202DE9F04705460E463B
:1037C0001746124CDFF84880DFF84890444503D391
:1037D0006FF08500BDE8F0876268D9F824309A421E
:1037E00012D3A36983B190782979884205D13A46EA
:1037F00031462846BDE8F04718475279012A03D1DF
:103800003A463146284698472434DFE7B807002077
:10381000DC070020FC2F00202DE9F04105460E4674
:1038200017460A4CDFF82880444502D36FF0850024
:1038300009E063690BB92434F6E73A463146284675
:1038400098470028F7D1BDE8F08100BFB8070020F5
:10385000DC0700200022024B1A605A60704700BF4C
:10386000B730002070B50B4B0B4CA34201D30020A6
:1038700070BD0022196A1E7F0439D5B2AE4201D84C
:103880002433F2E7013211F832508542F5D101209C
:10389000EEE700BFB8070020DC07002008B50948A4
:1038A0000378C3F341130A3350F823303BB100F1DE
:1038B000080200F110019847C043C00F08BD184628
:1038C000FCE700BFFC2F002010F0700F1FB500F0C8
:1038D0007F030ED000240B4B039002932046234617
:1038E0000122CDE90044084913F0ACFD204604B0A4
:1038F00010BD10F0800F4FF0010018BF103398403A
:10390000F5E700BFBE04020094F3010030B585B0B6
:10391000054615F0CBFA10F1780F044616D1134B7B
:1039200002220293002312491846CDE90033039581
:1039300013F088FD2846FFF7C7FF0E4A0024D2F88F
:10394000C43023EA0003C2F8C4300CE00028F1D0F0
:10395000094B01220293002305491846CDE90033A3
:10396000039513F06FFD204605B030BDD904020069
:1039700094F30100FC2F0020FA04020004282DE932
:10398000F74F04460F46DFF8A09015D001282FD13D
:10399000DFF8908098F8B93053B300F0F9FE204D6D
:1039A0004D4522D24FF0000A2A6A2B7F5FFA8AF631
:1039B000B34204D82435F3E7FFF74CFFE8E702EB06
:1039C000C6063079019215F071FA83463079FFF717
:1039D0007BFFD8F8C430BBF1000F23EA0003019A43
:1039E000C8F8C4300AF1010ADFDA002388F8B930D8
:1039F0000B4D4D4508D30B4B1B6A6BB13946204626
:103A000003B0BDE8F04F1847EB681BB13A462146BA
:103A1000284698472435ECE703B0BDE8F08F00BF97
:103A2000B8070020FC2F0020DC07002070B5C4B2CE
:103A300086B063060D468DF8174007D02046FFF785
:103A400011FFD8B1194B93F8BA00B8B1174E0394CF
:103A5000B5B1174B03220293002316491846CDE94E
:103A6000003313F0EFFC9DF8170004F0D3F8F3696E
:103A70001BB108200DF117019847012006B070BD59
:103A80000D4B03222846CDE901530A492B460095E8
:103A900013F0D8FC9DF8170004F0F4F8F369002B3C
:103AA000EBD009200DF11701E6E700BFFC2F002045
:103AB0001C05020094F301002F05020070B50446B6
:103AC000807886B08DF8100023796279324D43EA10
:103AD0000223ADF81230E37803F003038DF81430BD
:103AE000FFF7F2FED5F8C430064618420CD0A47891
:103AF000204600F02FFE2046FFF708FF17F001F9DF
:103B000010B996200CF000FC04A804F04FF810F156
:103B1000780F9DF8103027D10393204B0222029397
:103B200000231F491846CDE9003313F08BFC9DF8A4
:103B3000100004F0E3F810F1780F25D19DF8103053
:103B400002220393174B1649029300231846CDE92E
:103B5000003313F077FC0120D5F8C43085F8B900A4
:103B60003343C5F8C4300DE00028E0D003930E4B7A
:103B70000293002301221846CDE90033084913F0CF
:103B800061FC002006B070BD0028E4D09DF8103024
:103B90000393064BECE700BFFC2F00204405020016
:103BA00094F301008B05020067050200AB050200DB
:103BB0002DE9F047924D0446AB690E461746C3B94E
:103BC000207800F01F00012876D0022800F0DC8069
:103BD00000BB94F900103A68002963782EDA062BAE
:103BE0000CD0082B25D0ABB95370012313700223DE
:103BF00003E198470028E3D100200DE06388190A0B
:103C00000A1F012A8C4605D9072903D8DAB26B6A44
:103C10001C781CB96FF01500BDE8F0875D7865452C
:103C200003D1824200F0E48001302344F0E71B78A6
:103C3000E3E095F8BA3013700123DEE0052B11D0D4
:103C4000092BE7D163886E6A002B32D1FFF702FEA1
:103C5000638885F8BA30EB69002BCDD00320694921
:103C60009847C9E7A07803F05DFF0028C4D0D1E7EA
:103C70007378042B10D0052B11D0022B04D1777947
:103C80006388BB4208BF012033781E443378002B81
:103C9000EED10028BED0D9E796F80380F4E7638818
:103CA000BB42F1D1B8F1000FEED13046FFF706FF6D
:103CB000EAE7FF27B846E9E795F8BA30D7F800C039
:103CC000002BA7D06F6AA2883B4694F804E01878CE
:103CD00000289FD05978022904D193F80480F04538
:103CE00000F292800344F2E78CF800308CF8013047
:103CF000316081E71F4493E00B2B8BD100264FF0FE
:103D0000FF08B246C14606E07B78042B0FD0052B96
:103D100021D03B781F443B78002BF5D1EB6913B1E0
:103D2000514607209847002E7FF466AF72E797F858
:103D30000280A38897F803909845EAD16388994553
:103D4000E7D1B8F1070F1CD805EB0803BA460126E6
:103D500083F8BB90DDE7A3884345DAD1A3784B45D0
:103D60000AD0BE78304600F0F5FC3046FFF7CEFDB5
:103D7000B0FA80F67609CCE73846FFF79FFE064694
:103D8000C7E7BA460026C4E794F900206378002A02
:103D900018DA002B7FF43EAF24793F6863060AD01F
:103DA0002046FFF75FFD00283FF434AF95F8BA30A6
:103DB000002B3FF42FAF3946204603F083FF00234A
:103DC0007B7014E7012B08D0032B7FF423AF6388AB
:103DD000002B7FF41FAF012103E0618800297FF4ED
:103DE00019AFA088FFF722FE00287FF405AF11E786
:103DF00002293B607FF41BAF5B883360FCE600BFA9
:103E0000FC2F0020B630002094F9000063780028D1
:103E1000BFF672AF002B3FF467AF0A2B7FF4FAAE08
:103E20003B78002B3FF4F6AE797804297FF462AF3B
:103E3000B9788A427FF45EAF072A8EBF00235219F9
:103E400092F8BB308CF80030F6E600BF2DE9F04F59
:103E500005460F469046994604264FF0000ADFF8C3
:103E600040B085B04B4642463946284603F070FFC5
:103E700010F10B0F04460DD1002302221846CDE9A4
:103E800002B5CDE900AA054913F0DCFA0CF0A0F95F
:103E9000013EE7D1204605B0BDE8F08F94F3010064
:103EA000CC05020013B5134C237DCBB9E26801ABFE
:103EB0008020A1680192FFF7C9FF019AA36813440B
:103EC000A360E3689B1AE36043B93AB12369E288CF
:103ED0009A4203DD9B0601D10123237502B010BD78
:103EE000002380201A461946237502B0BDE8104011
:103EF00003F02EBFFC2F0020002370B588B00D46C4
:103F000006460593002866D100293ED10B460822BB
:103F100006A914F0E4FF002804DA802003F07AFEFA
:103F200008B070BD314C069AC4E903552260079A67
:103F3000BDF81E30626004F13802A2609DF91820BD
:103F40002575002A14DB802B0ED9294B0122284627
:103F5000CDE9015327492B46009513F073FA8020D1
:103F600003F058FE2846D9E713B1C4E90333D7E775
:103F7000FFF794FC0028D0D0E28823699A42D4BF8E
:103F8000E260E360FFF78EFFCAE7184C05ABD4E9A7
:103F90000212002A05DC024614F0A1FF0028BFDA55
:103FA000BBE714F09CFF002804DA802003F032FE07
:103FB0003046B3E7059AA3681344A360E3689B1AED
:103FC000E360002BACD104F13803A360FFF766FC7B
:103FD0000028D7D1A1E78028A2D1044BDA68002AB3
:103FE000D0D11B7D002BCDD19AE700BFFC2F002044
:103FF000F305020094F30100054B064A58629A62E9
:10400000054A0020DA62054A1A63054A9A61704738
:10401000FC2F0020B13B0000793700001938000068
:10402000B93700001FB50D4B93F8B8409CB900F0AC
:10403000F3F8034658B90A4A0090CDE9010209494C
:10404000012213F0FFF94FF0FF3004B010BDFFF76D
:10405000D3FF2046F9E76FF07700F6E7FC2F00204A
:104060000C06020094F301002DE9F041044686B0ED
:104070003F4D4FF0FF324FF0FF333E480BF0B4FBA3
:1040800095F8B86096B13C4B0222029300233B495D
:104090001846CDE9003313F0D5F96FF077043548B1
:1040A0000BF01CFC204606B0BDE8F08134482C62C1
:1040B000E86103F0A5FF03F003FD041EEFDB00F051
:1040C0008BFB041EEBDB402304A8ADF812308DF807
:1040D00014608DF8106003F069FD041EDFDB80279B
:1040E00004A88DF8107003F061FD041ED7DB304684
:1040F000244903F071FF041ED1DB3846214903F047
:104100006BFF041ECBDB204CDFF8808044451AD3C4
:10411000002003F0F3FD041EC1DBD5F8C43080207D
:1041200043F00103C5F8C43003F0E8FD041EB6DB1C
:10413000D5F8C430002443F48033C5F8C4300123DB
:1041400085F8B830ABE70026276A227FF3B29A429F
:1041500001D82434DAE707EBC30257F8331010799B
:1041600003F03AFF01360028EFD04FF0FF3496E716
:10417000FC2F00207C0500203106020094F3010092
:104180007D390000F93E0000B8070020DC07002060
:1041900030B51F4B8BB005AA03F110051446186803
:1041A0005968083303C4AB422246F7D11B7810226A
:1041B0002370002101A817F0A8F912220021154848
:1041C00017F0A3F9102101A814F0EBFF00281BDD64
:1041D0000828B8BF082001AB09381A1800200D497B
:1041E00012F8013F0AAC04EB131403F00F03283359
:1041F0006B4414F8144C13F8143C013008280C706C
:104200004B7001F10201EBD102480BB030BD00BF91
:104210005F0602004C7400202DE9F04F7F4C89B0FE
:1042200000264FF0011BB2463546374623783BB98E
:104230007B4B02349C42F3D1784809B0BDE8F08F43
:104240006378052B05D8DFE803F0A30403A307393F
:10425000274623781C44E9E7E378002BF9D1A378BB
:104260001BB30AF1010A5FFA8AFAF2E76B689C4213
:104270001DD024356B4B9D42F8D36B4B012202932A
:1042800000236A491846CDE90033039413F0E9F896
:104290000024674B2046029301222346CDE90044C7
:1042A000624913F0DEF82046C7E7624DE2E7AB68EB
:1042B000002BD6D0514620469847D2E7002D64D136
:1042C0005D4B0095CDE901532B4601221846574915
:1042D00013F0C7F8DCE72A6A94F802C002EBC302C5
:1042E0001079844509D001332A7F9342F3D3534B8D
:1042F00002930023CDE90033E7E74FF00108E078AF
:104300005FFA88F900F003008DF81C00207994F81A
:1043100005C040EA0C20ADF81A0094F9020000280C
:1043200026DA08F1100001FA00F010EA0B0F26D18E
:1043300049F080008DF8180006A8CDE9043203F09A
:1043400003FCDDE904320121C8B99DF8183013F0EF
:10435000800FA37013710B461DBF09F110095FFA9E
:1043600089F901FA09F303FA08F34BEA030B70E742
:1043700001FA08F010EA0B0F01D14846DAE708F11C
:104380000108B8F1100FBAD1ADE700230121ABE766
:10439000032E29D1FFF7FCFE804670B1FCF7E4FB49
:1043A00058B1102815D0264B0122029300231F4933
:1043B0001846CDE9003313F054F86FF0020123786A
:1043C000091BE21804EB5303D14216D50136F6B2AD
:1043D0003FE74046A31C08F1100250F8041B90422E
:1043E00043F8041BF9D1E8E7002EE6D177B9154B65
:1043F0000097CDE901733B4667E74FF0000002F8F4
:10440000010C13F8010902F8020DDDE7E31BBB7094
:10441000C3F30723FB7087F804A0D7E7D806002072
:10442000B7070020DC070020700602008CF30100B3
:1044300056070200B807002090060200D1060200CD
:10444000EE06020039070200094B00211A4610B59A
:104450001C78844205D15C681CB1482303FB012011
:1044600010BD0131042903F14803F1D10020F7E721
:10447000C43000202DE9F04150F8303C04461033A0
:1044800010F8345C88B011D1036950F8282C13F06F
:10449000020648D002BB13F0040304D11A461946A1
:1044A0002846FFF7D3FC002344F8303C54F8303C56
:1044B00010330ED054F8206C5EB154F8247C54F8BC
:1044C0001C8C16F01EFC00285FD02146344816F0E4
:1044D00080FD08B0BDE8F08150F82C1C07AB2846E1
:1044E000FFF7B4FC70B12F4BCDE903050293002315
:1044F000CDE90033184601222B4912F0F0FF6FF08E
:104500001503D1E7079A54F82C3C134444F82C3C8B
:1045100054F8283C9B1A44F8283C54F8243C134493
:1045200044F8243CC2E750F82C1C07AB284603F0A3
:10453000A3FC38B11B4BCDE90305CDE9016300961F
:104540003346D7E7079E54F82C3C334444F82C3CC0
:1045500054F8283C9B1B44F8283C54F8243C334432
:1045600044F8243C002E9ED0284603F04FFDB6FBB5
:10457000F0F303FB1066002E95D154F8283C002B75
:1045800091D0284603F0D6FC90E744F8200CA4F123
:1045900018000BF011FA424639462846B04798E712
:1045A000980B002084070200A4F3010070B54B1E95
:1045B000012B06460D4686B018D8FFF745FF044686
:1045C000B0B9012D12D105AB012230460DF1130116
:1045D00003F052FC059B002BF5D10F4A1846CDE99C
:1045E00001320E490122009312F079FF06B070BD2E
:1045F00016F087FB04F1340108B1012D05D10846FE
:1046000006B0BDE87040FFF735BF054806B0BDE80D
:10461000704016F0DEBC00BFA1070200A4F3010049
:10462000980B00202DE9F04F87B0064617469846B4
:10463000049112F064FF044600287BD14FF0200360
:10464000EFF3118283F31288BFF36F8FDFF8FC90D2
:1046500005920023002248460BF0D4F90346C8B95E
:104660004FF0480C0CFB04FCDFF8E4A00AEB0C0B49
:10467000DBF8045015F1100F26D1304A3049CDE94E
:10468000010203960122009012F029FF48460BF028
:1046900093F910E00134042C09F14809D9D1294BD0
:1046A00001220293002326491846CDE9003312F077
:1046B00016FF6FF00B05059B83F31188BFF36F8F17
:1046C000284607B0BDE8F08F109B049ACBF8143051
:1046D000119BCBF81000CBF818306FF00F03304669
:1046E000CBE902270AF80C60CBF84480CBF8043001
:1046F00003F08CFC68B1304603F088FCB7FBF0F3A4
:1047000003FB10772FB1DBF8443043F00403CBF800
:10471000443018F0020F08D0482303FB04A10A48D4
:10472000343116F056FC0025C5E7304603F002FC94
:104730000546C0E76FF00F05C2E700BFD6070200CD
:10474000A4F30100BB070200980B0020E03000201A
:10475000C430002010B54FF02003EFF3118483F331
:104760001288BFF36F8FFFF76FFE50B143681033AD
:1047700007D16FF08B0300F134014360034816F05A
:1047800028FC84F31188BFF36F8F10BD980B0020B5
:1047900070B504250E4C4FF02003EFF3118683F320
:1047A0001288BFF36F8F6368103307D16FF08B03EC
:1047B0000848636004F1340116F00BFC86F311889D
:1047C000BFF36F8F013D04F14804E4D170BD00BF19
:1047D000C4300020980B002070B50025094C0A4E0B
:1047E0003146204616F0C8FB0122A4F118001146FC
:1047F000013516F03EFB042D04F14804F0D10020F1
:1048000070BD00BFF830002075440000012301692D
:1048100081F84B300B6833B191F849301BB1024835
:10482000083116F0D6BB7047980B002001230169B0
:1048300081F84A300B6833B191F848301BB1024817
:10484000083116F0C6BB7047980B0020F0B5D0F8C1
:104850008C3005465B6885B01B6A1F7D384612F0B8
:104860004EFE0646E0B94FF48062A86F03A912F02D
:104870000CFB0446A0B18306A5F1180385F830604F
:104880000193084B08BF00F1FF34039900932246BF
:1048900002233846FFF7C6FE2146A86F12F011FB2F
:1048A00005B0F0BDE5480000002103460C4AA0F821
:1048B0004810106883F89C10C3F89400908892798F
:1048C000A3F8980083F89A2083F89B104022A3F85D
:1048D0009E1083F8A01003F14C0016F016BE00BF26
:1048E000DCF30100012310B582F848301368144648
:1048F0003BB192F84A3023B10A4802F1080116F0A0
:1049000068FBD4F890301A699B689A4208D004F189
:1049100018010022BDE81040002302480BF08CB9BA
:1049200010BD00BF980B002030B5046987B094F823
:104930009E308DF8171013B194F89F305BB11F4B68
:10494000032202930023CDE9003318461C4912F0DC
:1049500061FE07B030BD0122D4F8900084F84830E1
:104960000DF1170112F072FA0546F8B9154B032242
:10497000CDE9010312490346009012F04BFE0122DB
:104980002946D4F8900012F0B1FA30B90E4B01224A
:1049900002930023CDE90033D7E70122D4F8900039
:1049A0000DF1170112F052FA0028EFD02122002356
:1049B00004F1180105480BF03FF9CAE70C080200A2
:1049C00084F301002C0802004B080200980B002021
:1049D000F0B50669154696F89E3085B013B196F885
:1049E0009F7077B10024154B022202932046234684
:1049F000CDE900441249039512F00CFE204605B0A3
:104A0000F0BDD6F8900086F8487012F01FFAA84260
:104A100004460BD20B4B2D1ACDE9017302223B4603
:104A2000384607490395009712F0F4FD0022002351
:104A300006F1180104480BF0FFF8DFE762080200F6
:104A400084F3010094080200980B00201FB5014672
:104A500004460A4812F02DFD034650B9084A094998
:104A6000CDE9010203940222009012F0D3FD04B0BC
:104A700010BD012200F8072CF9E700BFE431002047
:104A8000B508020084F301007FB504460E460179A3
:104A90001B48154612F000FD034668B9A288194963
:104AA0000392194A0090CDE90102022212F0B2FDF0
:104AB0006FF0120004B070BD94F900106278002904
:104AC00016DB202A04D0222A0ED06FF08500F1E7F1
:104AD0002A68116840F8101C918820F80C1C927903
:104AE00000F80A2C0020E5E7628800F8092CF9E7B5
:104AF000212AEAD1A0F110032B6007233360F1E7EC
:104B0000E431002084F30100DB080200F0B50D1E43
:104B10000646144685B002F14C072EDD2A4639467A
:104B2000D4F88C0012F092F9A8420BD2184B2D1A2F
:104B30000293002301221846CDE90033154903955D
:104B400012F068FD012384F8493023683BB194F8E2
:104B50004B3023B1104804F1080116F03AFAD4F8AA
:104B60008C104B684A699A1ACB699B1A3F2B04D860
:104B7000012384F8A03005B0F0BD084B402200931B
:104B80003946012330460194FFF74CFDF3E700BF9F
:104B90009408020084F30100980B00200D4B0000E4
:104BA000F0B506460D4685B00146464812F069FC50
:104BB000044658B9444B0222CDE901034349034658
:104BC0000396009012F026FD05B0F0BD064656F89B
:104BD000A439691E5F680529F6D801A353F821F0AE
:104BE000654C0000C94B0000F94B0000514C00001F
:104BF000714C00008D4C0000354B3449029300236A
:104C000003221846CDE9003312F004FD14F8061C07
:104C100039B93B6A3246187BFFF778FF012304F865
:104C2000063C14F85C3C002BCED1012304F85C3C1C
:104C300054F8A43C002BC7D014F85A3C002BC3D026
:104C40002448A4F19C0105B0BDE8F04016F0C1B9BC
:104C5000214B0322029300231C491846CDE900335F
:104C600012F0D8FC304605B0BDE8F040FFF71CBE9E
:104C70001A4B03220293002314491846CDE900334E
:104C800012F0C8FC012304F8053C9DE70025144BF5
:104C90000322029328462B46CDE900550B4912F01A
:104CA000B9FC14F8053C002B8ED00E4B0322CDE945
:104CB000015328462B460549009512F0ABFC04F839
:104CC000055C81E7E43100200209020084F3010061
:104CD00023090200980B002035090200490902004F
:104CE0005A09020069090200002310B50469C4F8DA
:104CF000A8300C4BC4F8A400596804F1A80269B9A3
:104D0000C3E9002204F10800074916F035F904F15F
:104D10001800064916F074F9002010BD0A605A60A8
:104D2000F0E700BFE4310020297501004D48000084
:104D300030B54FF400334268056942F2A10085B0F6
:104D4000CDE90103002385F89D30106AADF80C1001
:104D50000A22007901A9FFF779F8054C95F89D30F2
:104D600023B9012016F0AEFA013CF7D105B030BDF1
:104D7000A186010037B50024084D4FF0FF334FF4F2
:104D800080622846064900940AF0E0FE054928465C
:104D900015F0BDFF204603B030BD00BF980B0020CA
:104DA00040A500208F09020001480EF015BC00BF8D
:104DB00000F5010038B5044618B90F4B0F485B6881
:104DC00098476168B1F5683F0FD0B1F5680F0CD016
:104DD0000B4DA94209D011F4686107D0214609485A
:104DE00015F066FF00232360656038BD142220683B
:104DF00016F08BFBF8E700BF54030020980902006F
:104E00002C5F5CA9EC36002008B560B34368B3F5AD
:104E1000683F0ED0B3F5680F18D0144A934220D0E3
:104E200000684FF0FF324FF0FF330AF0DDFC58B15D
:104E300015E001220368D3E8EF1F002903D1C3E87E
:104E4000E02F0028F7D10AD1002008BD0368084AE6
:104E50001B7803F5807352F82330002BF4D00548FB
:104E6000F3E70548F1E76FF4E040EEE72C5F5CA95B
:104E700000000350E98FFFFFEA8FFFFF08B520B362
:104E80004368B3F5683F09D0B3F5680F13D0114AF2
:104E900093421DD000680AF021FD14E0002203684F
:104EA000D3E8EF1F012903D1C3E8E02F0028F7D191
:104EB00009D0094808BD00210368084A1B7803F59A
:104EC000807342F823100020F4E76FF4E040F1E72C
:104ED0000348EFE72C5F5CA9E98FFFFF0000035058
:104EE000EA8FFFFF10B5044618B91D4B1D485B68DB
:104EF00098476368B3F5683F2FD0B3F5680F2CD09F
:104F0000194A934219D1236803BB4FF0FF324FF087
:104F1000FF33214615480AF05BFB08B923681BB92B
:104F20000F4B13485B68984714220021206816F045
:104F3000ECFA4FF46863636008E0B3F5683F0DD89E
:104F40003A2B03D040F6BA629342DED1206815F0C6
:104F5000F4FE636843F03A03636010BD054AF3E76B
:104F600054030020980902002C5F5CA9EC36002055
:104F7000BE0902003A00003A08B50649402314224F
:104F8000054815F086FEBDE80840044904480EF0C7
:104F9000E7BB00BFEC310020EC36002008F5010033
:104FA0001CF50100014910220A60704710ED00E075
:104FB00072B6404080F31188BFF36F8F01B5FDF7E3
:104FC000AFFA002802D0BFF34F8F30BFBDE80140D9
:104FD00062B6BFF36F8F704772B6494081F3118894
:104FE00001B5FDF79DFA002802D0BFF34F8F20BF17
:104FF000BDE8014080F3118862B670472DE9F047A3
:1050000080460D468CB0002977D000248B680122A1
:1050100005934B68204604930B683B4903933B4B35
:10502000CDE900440293234612F099FB6B690122FB
:1050300005932B6920460493EB6833490393344B63
:105040000094CDE90143234612F089FBEB6901226C
:105050000393304B2046CDE901432B49234600946E
:1050600012F07DFB2F462646DFF8B490DFF898A0BB
:10507000D7ED0B7AFCEEE77AE31C0993CDED0A7AC3
:10508000D7ED0A7AFCEEE77AA31C0793CDED087AF8
:10509000D7ED097AFCEEE77A631C0593CDED067A2D
:1050A000D7ED087A0023FCEEE77ACDE90294CDED46
:1050B000047A012251461846CDE90066043412F004
:1050C0004EFB102C07F11007D2D12B6E0122039357
:1050D000114B0D49CDE9016300230096184612F0EB
:1050E0003EFBAB69012203930C4B0749CDE90163F9
:1050F00000230096184612F032FB294640460CB0B9
:10510000BDE8F0470AF0EAB83CF30100EB09020001
:105110001A0A0200490A02009B0A0200AA0A0200B7
:10512000580A020040B2002807DB01234109034A64
:1051300000F01F00834042F82130704700E100E09A
:1051400040B200280CDB01220649430900F01F0091
:105150008240203341F82320BFF34F8FBFF36F8F7E
:10516000704700BF00E100E0054B420953F82220E0
:10517000012300F01F0003FA00F01040704700BF49
:1051800000E100E040B2002801F10101ACBF00F1F4
:105190006040064B4FEA4111C9B2ABBF00F5614018
:1051A00000F00F0080F800131954704714ED00E070
:1051B00030BFFFF7FDBF00BF144A08B5144B22F003
:1051C0007F029A60BFF34F8FBFF36F8FD3F88820B1
:1051D00022F47002C3F88820D3F8882042F4A00299
:1051E000C3F888204FF04042C3F83422BFF34F8FFA
:1051F000BFF36F8F0023E1EE103A0AF013F90BF0C2
:1052000015F900F0C9FB0AF04DF900BF00000000DD
:1052100000ED00E0094A0A49936809689867D96770
:1052200008494B6843F080534B60002383F3118897
:10523000BFF36F8F9368D86F704700BF1869002065
:10524000C8F7010000ED00E022498A6882F8C1E059
:105250004FF030001044EFF3098C80E8F01F1EF08F
:10526000100F03D102F1800080EC108A202080F31F
:105270001288BFF36F8F184F4FF000660A6A8A607A
:105280003E6092F9C1E0906F0023936780F311882C
:105290001EF0100F03D00023E1EE103A03E002F1FC
:1052A000800090EC108AEFF3148323F0040383F35F
:1052B0001488BFF36F8F02F1300090E8F01F8CF379
:1052C000098802F1000004B512F068FABDE8044054
:1052D000704700001869002004ED00E01EF0040F84
:1052E0000CBFEFF30880EFF30980816911F8021C0D
:1052F0000229FFD001B512F042FA01BD42F8203C6C
:10530000009B0D4942F81C3C019B21F0010142F831
:10531000183C029B42F8081C42F8143C4FF0807382
:1053200042F8043C002383674FF47D43203A026532
:10533000C0F8C030704700BF676501000023E1EE90
:10534000103AEFF3148323F0040383F31488BFF3BC
:105350006F8FBFF36F8F094B9860836E83F30B8859
:10536000104681F30988002163B681F31188BFF3E9
:105370006F8F0022002311F0F6F800BF186900209B
:1053800001B572B60B4AD06900281EBF0021D16159
:1053900015F0C4FC62B6EFF30580A0F110004FEAEF
:1053A000C0000549014409C99847BDE801400349C7
:1053B000084700001869002080EF0100C153000079
:1053C000044B9968186A884203D003494FF0805211
:1053D0000A6070471869002004ED00E0F0B5002471
:1053E000414B85B00293074623460E4601222046D4
:1053F000CDE900443D4912F0D5F93D4B9B6ADD06ED
:105400006FD53C4B2046CDE9014301222346374965
:10541000009412F0C7F91120354B9B6A1C070AD57E
:10542000354B01220293002330491846CDE9003361
:1054300012F0B8F912202E4DAB6A99071FD500243F
:105440002E4B0122029320462346CDE900442749F2
:1054500012F0A8F96B6BAA6A12060FD50393284BBA
:105460000122CDE90143204623462049009412F051
:1054700099F91FB1AB6A23F08003AB6213201C4B78
:105480009B6ADD070AD51F4B0122029300231749AF
:105490001846CDE9003312F085F91420144B9B6AAD
:1054A0009C060AD5184B0122029300230F49184687
:1054B000CDE9003312F076F915200D4B9A6AD1062A
:1054C00058BF9A6A9A6A920642BF5A6A22F40052F8
:1054D0005A629A6A42F0FF029A620023337005B062
:1054E000F0BD102098E700BFD80A02003CF301008D
:1054F00000ED00E0EE0A0200210B0200340B020076
:105500004C0B0200620B0200810B0200F0B500247C
:10551000434B85B00293074623460E4601222046A0
:10552000CDE900443F4912F03DF93F4B9B6ADB0453
:1055300065D53E4B2046CDE901430122234639493A
:10554000009412F02FF91720374B9B6A1D050AD5DE
:10555000374B01220293002332491846CDE900332C
:1055600012F020F91820304DAB6A9C051FD500249D
:10557000304B012220460293CDE9004423462949BD
:1055800012F010F9AB6BAA6A10040FD503932A4BE3
:105590000122CDE90143204623462249009412F01E
:1055A00001F91FB1AB6A23F40043AB6219201E4B13
:1055B0009B6A59050AD5214B012202930023194900
:1055C0001846CDE9003312F0EDF81A20164A936A16
:1055D00013F4807315D01A4B012202930023114952
:1055E0001846CDE9003312F0DDF81B200E4A936A0D
:1055F00043F47F4393620023337005B0F0BD16205F
:10560000A2E7926A9204F1D50E4A1846CDE901321A
:1056100004490122009312F0C5F81C20E6E700BF00
:10562000B00B02003CF3010000ED00E0C60B0200ED
:10563000210B0200D70B0200F00B0200050C020048
:10564000200C0200810B02001FB500243E4B3F4995
:105650000293012223462046CDE9004412F0A2F82D
:105660003B4B9B6A99016DD53A4B2046CDE90143EE
:10567000012223463549009412F094F81E20344B41
:105680009B6ADA010AD5344B0122029300232F4989
:105690001846CDE9003312F085F81F202C4B9B6A89
:1056A000DB020AD52D4B012202930023274918461D
:1056B000CDE9003312F076F80220254B9B6A1C03DB
:1056C0000AD5274B01220293002320491846CDE931
:1056D000003312F067F821201D4B9B6A59030AD54D
:1056E000204B01220293002318491846CDE90033CC
:1056F00012F058F82220164B9B6A9A030AD51A4BCF
:1057000001220293002311491846CDE9003312F01B
:1057100049F823200E4B9B6ADB030AD5134B012269
:105720000293002309491846CDE9003312F03AF8F4
:105730002420074A936A6FEA03436FEA1343936294
:1057400004B010BD1D209AE7380C02003CF30100A4
:1057500000ED00E0500C0200630C02007D0C020022
:10576000A70C0200C50C0200EA0C0200040D0200A6
:105770002DE9F041714B06465F68A2B00023C7F3E4
:10578000080483F31188BFF36F8F02F07F40B0F1FC
:105790007F4F0CD102F00C00082819D1684A184636
:1057A000CDE9013267490122009311F0FBFF00258A
:1057B0002E464FF00008E31E8DF81F80092B00F2E3
:1057C000A480DFE803F00B989C94A2A2A2A2A2A05E
:1057D000120746BF0E461D460125EAE75A4B012235
:1057E000CDE90183002357491846544FCDF8008076
:1057F00011F0D8FF8DF81F80FC6A14F0020405D068
:10580000524BCDE90183CDF8008006E0FB6A002B06
:105810000BDA4F4B0094CDE90143002301221846D7
:10582000484911F0BFFF002439E0FB6A5B00FAD55C
:10583000484B0122CDE901432046234641490094CB
:1058400011F0B0FF7B69B26943F480737B61BFF3F1
:105850004F8FBFF36F8F7B6932F8022C23F4807374
:105860007B61BFF34F8FBFF36F8F4DF602739A4288
:1058700008D0BB6ADBB263B301200DF11F01FFF753
:10588000ADFD36E0336820460393334B0094CDE9F9
:105890000143012223462B4911F084FF34689DF80F
:1058A0001F309BB96822314608A815F0F4FD0F9B04
:1058B000002D3ED0C3F3080222B96FEA53236FEAEA
:1058C00043230F93204608A9FFF798FB22B0BDE8B9
:1058D000F081BB6A13F47F4F05D001200DF11F0149
:1058E000FFF714FE05E0BB6AB3F5803F9BD3FFF7DB
:1058F000ABFE0446D3E700200DF11F01BFE70020F7
:105900000DF11F01ECE7154B7BE7154A17F4F87F03
:10591000144B18BF1346103CCDE90334124B01223F
:105920000293002307491846CDE9003311F03AFFEE
:1059300079E723F4FF7323F00103C2E700ED00E0F1
:105940005D0D02003CF30100880D02009F0D020076
:10595000C00D0200CE0D0200ED0D0200090E020086
:10596000440D02002F0D02002D0E0200044B5A6957
:1059700042F010025A615A6942F480625A617047DB
:1059800000ED00E0EFF30880EFF3098101B5724606
:10599000FFF7EEFE01BD00BF002320210348C2181F
:1059A0000133452B82F80013F9D1704700E100E084
:1059B000002080F31488BFF36F8F002080F30A88E3
:1059C00080F30B88FCF7CEFE002011490860BFF37E
:1059D0004F8F104880F3088800F044F8202080F3AF
:1059E00011880D484FF0AA014FF4006215F0C4F879
:1059F00009484FF40061401880F30988EFF31480E0
:105A00000221084380F31488BFF36F8FFFF7D4FBA4
:105A100094ED00E000E70020C0D30020BFF34F8FDB
:105A20000549064BCA6802F4E0621343CB60BFF33A
:105A30004F8F00BFFDE700BF00ED00E00400FA0556
:105A4000002318460649D1F89020C2F3072293425A
:105A500000DB7047C1F89830C1F8A0000133F6E7C9
:105A600000ED00E010B572B6002484F31388FFF750
:105A7000E7FF23464FF0FF300C4A03F120010133CA
:105A8000102B42F82100F8D100234FF0FF30074AD5
:105A900003F160010133102B42F82100F8D162B606
:105AA000BFF34F8FBFF36F8F10BD00BF00E100E069
:105AB000084B9B6883420BD1EFF3058343B1064B40
:105AC0005A6842F080525A605A6A22F400425A627E
:105AD0000AF03ABC1869002000ED00E01FB5094C3F
:105AE000094A23460121094800F018F900230393CD
:105AF000074B0121E41A01A80193029400F018F960
:105B000004B010BD00000720000000202CF50100AB
:105B1000E007002010B50C7A0B6804F01F0223F098
:105B20001F031A43CB68640923F01F03054943EAA6
:105B3000440343F00103C1F89800C1F89C20C1F868
:105B4000A03010BD00ED00E007281FB504460FD9B6
:105B5000094B03900293002301221846CDE900333C
:105B6000064911F038FE6FF01504204604B010BD50
:105B7000FFF7D0FFF9E700BF440E02008CF20100EE
:105B80002DE9F04F8946144606464FF00008544D63
:105B900089B0C8452DDAD6F804A0BAF1000F4AD072
:105BA000BAF11F0F17D91AF01F0F14D1D6F800B091
:105BB0001BF01F0F0FD1584611F004FE07460AEBE9
:105BC0000B00013811F0FEFD874216D06FF015076B
:105BD000444B039702E0444BCDF80C800293002322
:105BE00001221846CDE90033404911F0F4FD6FF071
:105BF0001504204609B0BDE8F08F17F1160FE7D065
:105C0000BC42E5DDC5F89870D5F89C10C5F89870D1
:105C1000D5F8A03021F01F0143F01F0BD6E9003268
:105C20001A44994202F1FF3A1DD1D34507D13146BA
:105C3000F8B211F0E0FD08F101080C36A9E7314691
:105C4000C5F89870D5F89C3022F01F0203F01F03AE
:105C50001343C5F89C30E0B211F0CDFD10F1160FE2
:105C6000C5D0441CE7E7C5F89870D5F8A020013BE3
:105C700023F01F0302F01F021343D3453146E0B265
:105C8000C5F8A030E8D011F0B6FD10F1160FAED077
:105C9000C5F89870D5F89C209DF818300BF1FF3BA3
:105CA00062F304038DF81830D5F8A0309DF8182061
:105CB0005B0863F347128DF81820D6E900321344CD
:105CC000049323F01F035B44A3EB0A03013023F08A
:105CD0001F0304A9C0B20793FFF736FFBEE700BF5A
:105CE00000ED00E08D0E02006A0E02008CF2010051
:105CF0000522044BC3F89420BFF34F8FBFF36F8F7F
:105D0000704700BF00ED00E0BFF35F8F0022024B41
:105D1000C3F89420704700BF00ED00E010B5034CBD
:105D20002278FFF72DFF207010BD00BF5E740020A9
:105D30002DE9F74F294D8A4606464FF00008AB463D
:105D4000274FD0451BDAD6F80490B9F1000F3FD0A9
:105D500031680846019111F035FD0199044609EBBF
:105D60000100013811F02EFD84424FF014021D4B4A
:105D700008D002FB08F36FF015024BF8032003B0C4
:105D8000BDE8F08F14F1160F2C60F8D01978A142FD
:105D9000F5DD02FB08B0C7F89840C7F89840D7F87F
:105DA0009C4000F10801007B64F304000871D7F8FF
:105DB000A0000C79400860F347140C71D7F89C10D0
:105DC00021F01F016960D7F8A01021F01F0129619F
:105DD00008F1010814350C36B3E700BF0C3700207A
:105DE00000ED00E05E74002038B50E4D2C68082CE4
:105DF00015D80020FFF788FF0B4B0C4AC3F8C020D2
:105E0000844205D10A4B00201C70FFF771FF38BD9A
:105E1000696801EB0011FFF77DFE0130F0E74FF0FC
:105E2000FF30F4E738F5010000ED00E0AAFF440080
:105E30005E740020014B1860704700BF64010020B1
:105E4000F8B506460D460024064FAC4208DA3B681A
:105E500098470A28305504F1010401D00D28F4D1E7
:105E60002046F8BD60010020F8B50D46094F461EDA
:105E7000C0F10104A3199D4201DC2846F8BD7378E6
:105E80000A2B02D10D203B6898473B6816F8010F9A
:105E90009847EFE76401002008B505210148FFF7A6
:105EA000E3FFFEE7B00E020010B5074C2368C218EE
:105EB0000648C0F1005101F5E0218A4236BF226058
:105EC0004FF0FF30C01810BD20370020F033012004
:105ED00008B51D210448FFF7C7FF404080F3118833
:105EE0004FF0030002DF00BFB60E02001022044B89
:105EF0000020C3F840244FF05023C3F81406704725
:105F00000030005007B5042207480DEB02018368FA
:105F10001B689847002802DA13F0AFFB0190019844
:105F200003B05DF804FB00BFC0EE01003021827AAF
:105F3000064B01FB0233DA6A93F82230801A1B33D6
:105F400023F00303B0FBF3F0704700BF44060020CA
:105F500038B53024827A094B04FB02339B6A0C6803
:105F60005B681A68944294BF0C600A60D3E90054DD
:105F7000FFF7DCFF05FB004038BD00BF44060020F2
:105F80002DE9F74F0546019110461946914698466E
:105F900017461E4615F09AF982468B464FF02003AD
:105FA000EFF3118183F31288BFF36F8F2B8C002BDB
:105FB0005BD0EA8B9A423DD900910022002328460B
:105FC00009F0C8FC00990446002833D081F31188F9
:105FD000BFF36F8F019B002B58D058EA09030FD0F5
:105FE000B8F1FF3F08BFB9F1FF3F09D00AF05EFBEF
:105FF000BAEB00076BEB0106002EBCBF00273E4644
:106000003022A37A274D204602FB03539B6A3A466F
:106010001B6801A9D3F800803346C047606100289F
:1060200035D1A07A214600EB400005EB001014F0BA
:1060300016FF26E0288C431E2B8481F31188BFF3C2
:106040006F8F95F82230EA8BEC6A1B3323F0030341
:10605000121A02FB0344134B134AEB1A1B1153434E
:10606000A37295F82230E372B4E781F31188BFF38D
:106070006F8F4A464346284609F06CFC04460028C8
:10608000A8D10024204603B0BDE8F08F636100234F
:106090000122636022812382019A63696282E36044
:1060A000F0E700BF44060020ABAAAAAA2DE9F04100
:1060B000044600263027164D0CB9BDE8F081237A3E
:1060C000D4F80480013BDBB22372002BF5D1616967
:1060D00059B1637ADB0707D4A37A204607FB035341
:1060E0009B6A1B689B6898476661A07AE66007FB1D
:1060F000005366605B6A1BB1204698474446DBE765
:1061000000EB4000214605EB001014F0A8FEF5E777
:1061100044060020034B08461B681A79196815F0DD
:10612000BAB900BF2437002008B5034800F0AAF927
:1061300008B10368986808BDC80600202DE9FF4132
:10614000036802AE9C681D4B054693E8030004F10A
:10615000380886E8030004F59C77404614F0EDFD0E
:106160003846174914F008FF2B68164A10332046AA
:10617000136011F013FC0021084613F094FA16F096
:1061800037FEC4E9000504F057FF54F8500B0E49E0
:106190000BF058FA404611F0F0FB6FF007034FF494
:1061A000C35220460949009609F0D0FC39462046E2
:1061B00014F00FFF04B0BDE8F08100BFC8F3010088
:1061C000AB79010024370020F578010040A90020B8
:1061D00002460B46014809F007BB00BF1805002026
:1061E000014809F07BBB00BF1805002038B54FF00F
:1061F000FF3105464FF0FF30FFF7EAFF1B4B1B68EE
:1062000073B11A684FF0FF344FF47A7053B9631CBE
:106210001AD1174814F000FFBDE83840FFF7E0BF7F
:106220001A46EFE7D9691B8C491B00FB0313002BAF
:1062300009DD9C4228BF1C461AB1116813460A4664
:10624000E4E71146FAE700244FF4004540F2E73056
:1062500000214FF47A720023E4FB0501F9F77CFF7B
:1062600002460B46024809F03FFDD5E754390020AD
:10627000E00C00202DE9F84F11F02EFD4FF0FF311A
:1062800080464FF0FF30FFF7A3FF234B1C68002C24
:106290003DD054F8145905B1143D4FF0FF364FF07E
:1062A000020BDFF874A001E02C461D4604F114092E
:1062B0004146484611F005FF074680B94946504619
:1062C00084F825B011F0A5FC3A463946484611F04D
:1062D000D9FE4DB16B69002BE6D0143BE4E7864252
:1062E00028BF0646AC42F4D1731C10D04FF40044D2
:1062F00040F2E73000214FF47A720023E6FB0401FC
:10630000F9F72AFF02460B46044809F0EDFCBDE808
:10631000F84FFFF765BF00BF4C390020B00C0020DC
:106320002DE9F04F054600283FD0061D00204FF014
:10633000280E0746DFF89C80DFF89C900EFB075381
:106340005B6A08EA03034B452AD136F8043C022B6A
:1063500026D148F2FE0334889C4221D0002301F16B
:10636000FF3B06F1FF3A1BF8014F1AF801CF6445D5
:106370001DD10833DBB2802BF5D114789C420FD8A5
:106380000EFB075494F82640640707D53F2B05D829
:106390000C78FF2C04D14C78032C01D130461370BB
:1063A0000137062F06F12806C8D1BDE8F08F84EA30
:1063B0000C0414F0800FE0D103F1080C5FFA8CFCA0
:1063C0000133DBB264009C45E4B2D6D014F0800FF8
:1063D000F6D0D2E700FF020000010200F8B511F08C
:1063E0007BFC4FF0FF3106464FF0FF30FFF7F0FE29
:1063F0001A490B682BB100224FF47A7E17461C68AD
:1064000033B93046FFF7F2FEBDE8F840FFF7E8BECB
:10641000DD69188CAD1B0EFB0055002D9C460EDC73
:10642000186892B94D680860AB4200D14860944644
:1064300093F822001F6067F3000083F8220054B134
:106440002068234662460446DAE7106048688342C3
:1064500008BF4A60EBE72046F3E700BF543900204D
:10646000002808DD431E054800EBC300044B98429A
:1064700028BF002070470020704700BFA4060020FE
:10648000AC060020024608B50649074B8B4202D3F2
:106490000023184608BD184611F0D6FB8242F8D0FA
:1064A0000833F3E7AC060020A406002038B5044604
:1064B0000D464FF0FF304FF0FF31FFF789FE072107
:1064C000204611F026FCA0B1636853B105B12B60E2
:1064D0000024FFF785FE204638BD6360C3F81042F4
:1064E000F4E7054BD3F81022002AF6D06FF002042F
:1064F000EFE76FF08504ECE7303700202DE9F84F27
:1065000081460F464FF0FF304FF0FF31FFF760FE3E
:106510004FF0280B164DDFF85CA0554501D3002441
:1065200019E06C680CB3002604F104080BFB064369
:1065300093F826309B0713D538F8043C022B0FD173
:1065400080224146484611F09DFB48B107B13D60AD
:10655000282303FB0644FFF743FE2046BDE8F88FDF
:106560000136062E08F12808E0D10835D5E700BF2E
:10657000A4060020AC0600202DE9F04F80460C4612
:106580004FF0FF304FF0FF3185B0FFF721FED8F814
:10659000047037B90025FFF723FE284605B0BDE893
:1065A000F08F0026282307F1040A03FB06F907EB06
:1065B000090292F826B01BF0020F3FD02146504648
:1065C00011F082FB28230546C0B31BF0010F0DD14B
:1065D00009F11401DFF874903944484611F019FBB1
:1065E000D9F8003013B9184814F016FD282303FB1E
:1065F000067393F826206FF3410283F8262040F2B9
:10660000FF2300930023ADF80430ADF80630ADF859
:1066100008304FF48073ADF80A30FF238DF80C304A
:10662000637BE27B8DF80D30A37B43EA0223ADF858
:106630000E306946404611F0F3FBACE70136062EFA
:106640000AF1280AB1D1A5E7B00C00204C3900208E
:10665000F7B511F041FB4FF0FF3107464FF0FF3027
:10666000FFF7B6FD224B1C680CB325684FF0FF36D0
:1066700024B33946204611F024FDD0B994F82530D2
:1066800001A960F3410384F82530206AFFF70EFF6B
:10669000002807DB94F824300199206A04F11002E5
:1066A00011F0EFFB15B32B682C461D46E0E725469D
:1066B000DCE7864228BF0646AC42F3D1731C10D0FB
:1066C0004FF4004440F2E73000214FF47A72002387
:1066D000E6FB0401F9F740FD02460B46054809F0C8
:1066E00003FB03B0BDE8F040FFF77ABD2B46DBE7C4
:1066F00044390020800C00202DE9F84F82460E46D8
:106700004FF0FF304FF0FF31FFF762FD4FF0180BF5
:106710001E4CDFF87C904C4535D26EB133685BB1CE
:10672000A3422DD165684DB908344C45F6D3FFF727
:1067300057FD2846BDE8F88F6568FDB1002705F1D3
:10674000F4080BFB075393F80431DB0711D538F835
:10675000043C022B0DD180224146504611F092FAA2
:1067600038B106B13460182303FB075303F1F00579
:10677000DDE70137082F08F11808E2D10834CAE72D
:1067800008344C45CAD30025D1E700BFA406002039
:10679000AC0600200023F7B50D4604464FF0FF314C
:1067A0004FF0FF308DF80730FFF712FD48F2FE037F
:1067B0002A889A4223D02B78FF2B02D16B78022BA8
:1067C0001DD0CCB1294660680DF10702FFF7A8FD86
:1067D00004460BE0706829460DF10702FFF7A0FDA3
:1067E000002818BF04460836BE42F3D3BCB1FFF7F9
:1067F000F7FC204603B0F0BD0C4E0D4FF4E794B10A
:106800000121204611F076FBE2E70121284611F034
:1068100071FB04460028EAD10835B542F5D300F0F3
:10682000E7F80446E3E7014D014EF6E7A406002031
:10683000AC060020F8B505460E464FF0FF304FF08D
:10684000FF311746FFF7C4FC0A4B1B680BB11C68ED
:106850001BB9BDE8F840FFF7C3BC3A4631462846AD
:106860005B6898471CB1226823461446F0E722462D
:10687000FAE700BF283700200023F0B585B00546B1
:106880000C46CDE90033A9B31D4B1B68A3B1496C7D
:1068900094F8486081B1062E0ED80DF10A0318460F
:1068A00032468DF8096014F0F6FD94F849300090F6
:1068B0008DF804608DF8053009212846676911F0CC
:1068C00028FAC8B1284611F0BFF921464368284686
:1068D0009847061E02DA204611F019FE1FB1314614
:1068E000384611F0B6F9009B23B132466946284676
:1068F000FFF7A0FF05B0F0BD6FF07206EBE700BF39
:1069000028370020F8B5244C4FF0FF304FF0FF310E
:10691000FFF75EFC274612F0ACF8204EB44228D3B5
:106920001F4B204ADB1BDB08964238BF0023E3B134
:106930001D491E4814F064FB1D491E4814F060FBFD
:1069400040231D4C84F80C3247F230532046C4F8E3
:10695000003211F0FEFA1949C4F80402184814F084
:106960004FFB0022174BC3E90022BDE8F840FFF7B8
:1069700037BC206803689D685DB12B684BB1072167
:1069800011F0D0F90921206811F017FA20462B6880
:1069900098470834C2E700BFA4060020AC060020D8
:1069A000B30600209D06002075620000B00C002098
:1069B00051660000800C002030370020DD630000AD
:1069C000E00C00205439002038B5074C074DAC428C
:1069D00000D338BD0321204611F09BF910B92046A1
:1069E00011F029FB0834F2E7A4060020AC060020D1
:1069F000004870476CF501004FF0FF32012101485B
:106A000014F037BA5C3900200146014811F064BD2A
:106A10007406002073B5054616461C4614F071F93D
:106A200008B10026344601A932462346284608F01C
:106A3000CFFD0146A8B9019C6822204614F065FDEF
:106A4000FF22012384F85720074A20469542A3637A
:106A5000656008BF84F8643011F0A9FD204602B0DB
:106A600070BD0024FAE700BF9004002002460B46E8
:106A70000148FFF7CFBF00BF900400202DE9F74F7A
:106A800007468A46DDE90C01164605460C4614F019
:106A90001DFC80468946BAF1000F05D126B997F84A
:106AA0004F305B0900F08F8014F02BF908B10025FE
:106AB0002C46384611F04FFD97F84F20002853D14F
:106AC000530953D0022B0CBF28230023112E45D18C
:106AD0000833BE69534452090EB131680E8B022A45
:106AE00046D1B6F5A06F38BF4FF4A066361A9E4265
:106AF00028BF1E467A68384B38483949824214BF4D
:106B00008A469A4655EA04030FD0B4F1FF3F08BF06
:106B1000B5F1FF3F09D009F0C9FDB8EB000569EBFD
:106B20000104002CBCBF00252C462846214614F049
:106B3000CDFB002381468B46984601932A46234687
:106B4000504610F0A8FE0199034698B9B8F1000F1D
:106B50003DD16FF00B0003B0BDE8F08F012E01D0E6
:106B60003A2EB6D10433B4E70023B2E70346B0E7C8
:106B70001E46BBE7B8F1000F00D131B34B605A8A13
:106B8000B24288BF5E825A8AB61A55EA040211D010
:106B9000B4F1FF3F08BFB5F1FF3F0BD0019309F0FF
:106BA00085FDB9EB00056BEB0104012D74F10002CA
:106BB000019B01DB002EC0D1B8F1000FC9D04146C6
:106BC000384611F00AFD0020C5E78046D7E7404669
:106BD000FFF76CFABDE700BF7406002090040020A8
:106BE0004406002030B585B00093DDE90845134622
:106BF000CDE902450A460146024811F0FFFC05B006
:106C000030BD00BF9004002030B585B00093DDE9B1
:106C100008451346CDE902450A460146024811F0EF
:106C2000EDFC05B030BD00BF70040020034BC0EB8D
:106C3000001003EB001014F007B900BF100D002086
:106C4000082828BF0020014B185C70479A0F0200EB
:106C500010B588B00F4C204614F0E9F84FF0FF3221
:106C60004FF0FF33CDE9062300230B49CDE9032381
:106C7000CDE901334FF4BC62084B009404F12000CD
:106C800008F00EFD20B108B0BDE8104014F044B883
:106C900008B010BD100D0020A0C10020538A0100D3
:106CA0002DE9F04F994690F84F3089B05B09049375
:106CB000013B012B05468846069200F2B58013463B
:106CC000112A15BF4FF0000AD9F80030CDF814A0F2
:106CD0001A8804BF0592B3F802A0049B022B32D19C
:106CE000086800210830FFF709FCD8F80040064684
:106CF000102204F1180104F1080014F0BCFB00B1EB
:106D00001EB1059B9A4500F08F80237EA3F1FF0CF6
:106D1000DCF1000343EB0C034FF0000B03934B4BF0
:106D20005E461C684FF0FF33079374B9039B002B3A
:106D30006ED0BBF1000F79D0284611F0E8FB204659
:106D400009B0BDE8F08F0023E6E7A36B002B36D136
:106D500094F84230002B3FD1B4F84030069A934269
:106D600038D1E38813B1059A934233D1E38B0BB149
:106D700053452FD194F84370B80706D501234146F7
:106D80002846221D11F086FE20B3790707D500237F
:106D90004146284604F11C0211F07CFED0B11EB120
:106DA00096F843301A0715D4079B07F07807BB42C3
:106DB00010DA039BA3B93BB2264607930AE0B3F867
:106DC00070201705C4D5AF6993F97200FFF748FB2F
:106DD0008742BDD02468A8E7049A9A42BCD0F9E75C
:106DE00040F6CD420023284611F0D9FD8346D8B1A4
:106DF000E36B0146009342464B462046676BB8471B
:106E0000022802D1584611F082FBDDF80CB0E1E710
:106E100076B995F84F305B09022B05D13346042231
:106E200001212846FAF714FD022089E7002EFBD045
:106E3000F36B4246009329464B463046746BA0479D
:106E4000831E5842584140007AE700BF7439002041
:106E500000230B4A10B5C2E900330A4A184611460E
:106E600014460133042B086002F1440202D00846A4
:106E70001146F6E7044B054AC3E9002410BD00BFE4
:106E800074390020843900207C390020503A0020D9
:106E9000034B1A6802605A68186002B9586070475C
:106EA000943A00200022042373B50E466946054635
:106EB000CDE9002311F0AAFD044610B9022002B06A
:106EC00070BDA86911F0B5F8B8B92846019911F05C
:106ED000D4FB0D4B1B68002BF0D0197A227891421D
:106EE000F8D15A7A6178914201D0002AF2D1224633
:106EF000314628465B689847E1E73A21284611F079
:106F00008CF90028E1D0D9E7943A00200148FFF736
:106F1000BFBF00BF680100202DE9F04F28230026E5
:106F20008DB0CDE9066308AB0A9308230446884672
:106F30000B93836903938368002B40F0A68020465F
:106F400006A911F063FD0546002800F0C38087887C
:106F50007FBABFB22837B74200F3BC8003DA3946A4
:106F6000204611F096FCAB683BB9EB682BB92B6956
:106F70001BB96B69002B00F0AD802B7AFF2B00F062
:106F8000A980297E05F11806FF2903D16B7E002B0D
:106F900000F0A080B8F1000F7BD06B782A781B0935
:106FA00043EA0213DAB2C3F3850343EA821384F897
:106FB0005830AB79002184F857302823022284F816
:106FC0004E30A368A4F85210DB68DB7984F85130A6
:106FD00094F84F3062F3471384F84F302B7EFF2B29
:106FE00007D03046FFF78AFA002873D02B7EFF2B9C
:106FF00002D16B7E012B79D12046079911F03DFB20
:1070000095F80690B9F12C0F00F0848066D8B9F19C
:10701000000F00F08180A9F12B08D8F1000646EBA3
:107020000806B6004FF006084FF0000AB9F13A0F13
:10703000A4F8548000F0FE80B9F1110F00F0FA803E
:10704000B9F1060F00F0F680B9F13B0F42D02046AF
:1070500011F02FFC012280460DF10B01204611F0AA
:10706000BEFBB8BB9DF80B302C2B00F0AD8055D883
:107070002BB12B2B03D0112B56D0062B54D02046EE
:1070800011F017FC0122431ECFE01A8A5B681644F8
:1070900052E7304611F0BAFDE0B905F1080011F0F1
:1070A000B5FDB8B9FF2902D16B7E012B12D0FFF7D5
:1070B0009FFC0146304611F0BAFD00283FF46DAF49
:1070C0002B7EFF2B7FF469AF6B7E052B02D0082B44
:1070D0007FF463AF02200DB0BDE8F08FA9F13C0C46
:1070E000DCF1000646EB0C0676009BE7022B06D18E
:1070F00030465F4911F09BFD00287FF47DAF30469C
:1071000003A9FFF7F9FA0028E4D0037D98073FF5BB
:1071100073AFDFE7082685E7012683E73C2B59D1CB
:10712000B1074BD446F00206B9F1000F02D0B9F115
:107130003C0FA4D100230122204605A91FFA87FB9A
:107140008DF8143011F04BFB0028C3D19DF814309A
:107150000133BBEBC30F4FEAC309BBD34FF0020BA4
:10716000A9F103030193204611F0A3FB0122009033
:1071700004A9204611F033FB0028ABD19DF8102064
:1071800072BB9DF810209AB3012A9DF8141034D0D8
:10719000019B8B429EDD02F0C002802A43D0C02AB0
:1071A0003DD0002A96D1204611F067FA002891D1EF
:1071B0009DF8142002320BEB02031BE072063FF530
:1071C0005EAF46F04006AFE733073FF558AF46F0F5
:1071D0000806A9E7A3F13B02012AA5D93A2B4DE7FE
:1071E0000122204605A911F0FAFA0028C9D071E75A
:1071F0000BF101031FFA83FB07E08A1C0BEB020370
:1072000020461FFA83FB11F038FAD945ABD8D14498
:107210001FFA89FA5FFA88F89DF80B9006E72B7E33
:10722000FF2B3FF457AF0222009B04212046FAF7C0
:107230000FFB4FE7B9F1110FA4F852A008D0B9F134
:107240003A0F7FF447AF29462046FFF72BFE42E76F
:1072500020460AA911F0D3FD049000283FF43AAF6C
:107260004A46204604AB05A90595FFF719FD32E70C
:107270009CF50100020600F07F0312D5082B05D112
:10728000010700F00F0306D50E48704710F0780F85
:1072900012D100F00F034C2000EB43100A4B1844AE
:1072A0007047082B05D1020700F00F0306D50748E9
:1072B000704710F0780FF6D000207047044800EBBC
:1072C00043107047E83B00209C3A0020083D002016
:1072D000083C00200149024813F07BBEC43A00205C
:1072E000000E00200146014813F0AEBD2806002024
:1072F00000220023014808F02DBB00BF2806002013
:1073000010B5054CFFF7F4FF20B1011D204613F026
:10731000CFFCF7E710BD00BF5004002010B586B0C9
:1073200000220023184805A908F052F940B30024B0
:10733000164B0122204616490293CDE9004423460C
:1073400011F0A1FDFFF7DCFF002200230E4805A984
:1073500008F03EF958B10F4B0122CDE90143204618
:1073600023460B49009411F08EFD00200AE004230F
:10737000059840600374FFF7B5FFFFF7ABFFF4E734
:107380000598406006B010BD50040020D60F0200E2
:107390009CF30100F40F020002281FB512D8104B15
:1073A0001C5CFFF7BBFFC0B1002204720274FFF740
:1073B00099FF0C4B93F824307BB104B0BDE810402A
:1073C000FFF788BF084B0390029300230122184661
:1073D000CDE90033054911F056FD04B010BD00BFE2
:1073E000E71102009C3A0020101002009CF30100FB
:1073F000F0B58778064687B03846FFF73BFF3B0677
:107400000546F47822D57CB1032C0BD02A4B0122FF
:1074100002930023CDE903471846CDE900332749FD
:1074200011F031FD07B0F0BDFFF778FF03460028EB
:10743000F8D00122AC770274032202739D60FFF73B
:1074400051FF07B0BDE8F040FFF744BF54B1012C35
:10745000DCD1FFF763FF03460028E3D06C770474A8
:107460000473EBE7FFF75AFF0028DBD0B278144B28
:1074700012F0800F02F0080111D041B1D3F8A83604
:10748000EB6001230374022385600373D7E71421A3
:1074900002F00F0201FB0233D3F80836F0E711B116
:1074A000D3F8A837ECE7142102F00F0201FB0233F6
:1074B000D3F80837E4E700BF2B1002009CF301006B
:1074C0000060035013B5002201213720FDF75AFE5A
:1074D0003720FDF727FE124806F010FC114B9842AA
:1074E0001AD10024104805F047FE104807F09EF816
:1074F0004FF0FF334FF480620D490E48009408F0BE
:1075000025FB0D490B4813F002FC0C480C4913F005
:1075100033FD204602B010BD6FF00400FAE700BF53
:107520007D7500000000AD0BEA110200ACF5010012
:1075300080C70020000E002057100200C43A00202F
:1075400049770000002310B50B49D1E8EF2F012A3D
:1075500003D1C1E8E03F0028F7D10CD151F8044C29
:10756000143920460FF0B1FB783004D12046BDE835
:1075700010400FF085BB10BDBC3A00202DE9F04152
:1075800006468EB01422002109A813F0BEFF3378FE
:10759000013B052B21D8DFE803F09703141487166D
:1075A000032300248DF82C30FFF7B8FE0346A0B16A
:1075B00000F108020474DDE90B0182E803001846BB
:1075C0002BE00423EDE7B7783846FFF753FE837AC4
:1075D00005462BB1013B022B60D90EB0BDE8F0810E
:1075E0003A06F47820D56CB1032CF6D0374A184609
:1075F000CDE90132CDE9034701223549009311F06D
:1076000042FCEAE7FFF78AFE03460028E5D00122A4
:10761000AC770274032202739D60FFF763FE0EB025
:10762000BDE8F041FFF756BE54B1012CDED1FFF7A3
:1076300075FE03460028D0D06C7704740473EBE722
:10764000FFF76CFE07460028C7D04FF00108022361
:1076500080F8108003738560B07805F10C0112F09A
:107660006BFC50B11B4B0390CDE9014342462346CE
:1076700020461749009411F006FC174AE968B2F851
:107680008C328B4206D95B1AA2F88C3206F068FD68
:107690003846C2E70023A2F88C32F9E730460EB034
:1076A000BDE8F041FFF7A4BE07A806F037FD9DF83E
:1076B0001D30052B04D19DF81C3013F0600F8CD0C9
:1076C000064B01240B936FE702246DE72B10020099
:1076D0009CF30100621002009C3A0020083C00204C
:1076E00038B5002464F07F00C0B2FFF7C3FD013459
:1076F00011F0B6FB082CF5D100240E4DE0B2FFF7D7
:10770000B9FD036903B90561013411F0A9FB082C27
:1077100005F14005F2D1084811F0A2FB074BD3F860
:107720007C2212B9064AC3F87C22064811F098FB65
:10773000002038BD2C410020E83B00209C3A00206E
:107740002C3D0020083D00202DE9F0430746A64CC3
:10775000DFF8989289B0FFF7CBFD064610B909B063
:10776000BDE8F08394F82520337C06F104083AB98B
:10777000002B00F0A48041469C4813F099FAEAE7F8
:10778000042B00F28481DFE813F09A000500180151
:107790004301680117F8043C5BB9B2681846527A95
:1077A00093490392934A0093CDE90132012211F0EB
:1077B0006AFB337BB568032B37D8DFE803F0023D63
:1077C000686D00226E698C4B32607260D3F8801451
:1077D0003170D3F884147170D3F88814D3F88C0402
:1077E00041EA00217180D3F89014D3F8940441EA5F
:1077F0000021B180D3F89814D3F89C3441EA0323D4
:10780000F3800823EB60306871687C4B03C311463A
:107810002B68687A984796F90030002B08DBF388CC
:1078200033B1A4F88C3206F09BFC41464846A4E7ED
:107830000023A4F88C32F8E76B7F002BF5D02B7F68
:10784000002BF2D000264FF0FF324FF0FF336C4890
:107850006E772E7711F026FB6B6905A905936B688F
:10786000CDE90636687A06F08BFA664B98420AD064
:10787000654B0390CDE901630122334630465C49F4
:10788000009611F000FB5E4811F00EFBCDE70121E0
:107890002B68687A9847C8E7AB7A6BB9EB7F5BB91E
:1078A00057484FF0FF324FF0FF3311F0FBFA06F06C
:1078B0008BFC534811F0F8FA02212B68E9E7337A80
:1078C000042BB2D8DFE803F055031F636F0006F006
:1078D000DFF905460028A8D106F086F901234B49B7
:1078E000D1E8EF2F002A03D1C1E8E03F0028F7D10B
:1078F0009BD141F8085C41F8105CE0691439636180
:107900000FF066F991E7002565F07F00C0B2FFF740
:10791000B1FC037A13B1407A06F004FE0135082D5C
:10792000F2D194F854311BB194F8550106F0FAFDE8
:107930000025E8B2FFF79EFC037A13B1407A06F007
:10794000F1FD0135082DF4D194F874321BB194F88F
:10795000750206F0E7FD012006F07CF9012384F8AA
:1079600025302368002B3FF460AF002102209847A8
:107970005BE7002584F8255006F092FDFFF7E2FD55
:107980002368002B3FF451AF29460420EFE7002A7B
:107990003FF44BAF06F086F92368002B3FF445AF68
:1079A00000210520E3E72368002B3FF43EAF002AC7
:1079B0003FF43BAF00210620D9E707F110054FF057
:1079C000FF334FF0FF32284611F06CFAFFF788FEC4
:1079D000284611F069FA57F8283C002B3FF425AFF0
:1079E00000210120C3E700BF9C3A00205004002082
:1079F0009CF301008210020000600350A03A0020B6
:107A0000D43A00200000AD0BA8100200BC3A0020C0
:107A100094F8743283B1012584F8895284F888522D
:107A2000FFF77CFC034678B91F4A2049CDE90102E3
:107A300000902A4611F027FA57F8283C002B3FF413
:107A4000F4AE00210A2092E7194A0574057382609A
:107A5000FFF748FCFFF73EFCEEE7164B01220293CE
:107A6000002312491846CDE9003311F00CFA06F054
:107A7000C5FD06F015FD06F0ADF8FFF741FCFFF778
:107A80002FFE06F0B3FD0C4806F038F9CDE603935F
:107A90000A4B01220293002304491846CDE9003322
:107AA00011F0F1F9C1E600BFCE1002009CF3010015
:107AB000083D0020E21002007D750000F910020070
:107AC00038B5154D95F8244024BB05F1380013F066
:107AD00034F9022000F0AEFB22460121E861362095
:107AE000FDF750FB06F082FDFFF7FAFD044610B9E2
:107AF000012385F82430094B1B680BB1FFF7EAFB23
:107B0000074BD3F80034DB0702D50020FFF744FC15
:107B1000204638BD0024FBE79C3A002028060020C0
:107B200000700350074B93F824203AB193F82530A6
:107B3000002B14BF00206FF0120070476FF012008E
:107B4000704700BF9C3A00201FB5034602781B799E
:107B500002F00F0073B950B1104A02920122CDE930
:107B6000003318460E4911F08EF94FF0FF3005B082
:107B70005DF804FB082803D90A4B02930023EDE7C4
:107B8000012B08D112F0080305D1074A0093CDE973
:107B900001320222E5E70020E9E700BF11110200EF
:107BA0009CF30100301102004F11020030B5164B5A
:107BB000044693F8243085B013B305782846FFF7C0
:107BC00059FBA8B14572237983726388436020789A
:107BD000618810F008030FD14A1E0A420CD00B4AEC
:107BE0001846CDE901320A490122009311F04BF900
:107BF0006FF0150005B030BD12F099F90020F9E7DB
:107C00006FF01200F6E700BF9C3A002065110200F9
:107C10009CF3010030B5184B054693F8242085B03D
:107C20003AB393F8253023B3FFF724FB044618B981
:107C30006FF0150005B030BD827A012A0FD007D948
:107C4000023A012A07D900206369E060A361F1E7E5
:107C500006F0C2FAF7E7284606F032FAF3E7074BD8
:107C60000749029300231846CDE9003311F00BF9C0
:107C7000DEE76FF01200DDE79C3A00208D11020074
:107C80009CF3010038B50E4B054693F8242082B1D1
:107C900093F825306BB1FFF7EDFA68B115F00804E1
:107CA0000AD1284606F02EFA284606F08FFC204618
:107CB00038BD6FF01200FBE76FF01500F8E700BF6A
:107CC0009C3A002038B50C4B054693F824200C460E
:107CD00062B193F825304BB1FFF7CCFA48B144B10B
:107CE000284606F0F5F92070002038BD6FF012002C
:107CF000FBE76FF01500F8E79C3A002070B5134ED3
:107D0000044696F82430C3B1FFF7B4FA0546B8B17B
:107D1000230705D4204606F0F5F9204606F056FC68
:107D20002B7A83B901232B7296F825300BB90020EA
:107D300070BD204606F0F6FBF9E76FF01200F7E79A
:107D40006FF01500F4E76FF07700F1E79C3A002040
:107D50002DE9F043DFF81C811E4698F824300746D1
:107D60008946154689B0002B76D098F82530002B2F
:107D700072D003060FD5FFF77DFA044658B1037A97
:107D80007BB9374A1846CDE90132364901220397BB
:107D9000009311F078F86FF01504204609B0BDE8A3
:107DA000F0834FF0FF334FF0FF3208F1380011F04D
:107DB00079F8A37F33B108F1380011F075F86FF04E
:107DC0000A04EAE7A37A2DB3A3B301234FF0000816
:107DD000A377384605A9CDE90595CDF81C8005F0B7
:107DE000CFFF214B984233D084F81E800EB1C6F8E5
:107DF00000801E4B03900293002301221846CDE918
:107E00000033184911F03FF86FF00404184811F0DE
:107E10004BF8C2E7E27F02B1E577002BD5D106F03F
:107E2000E3F98742D1D006F0CFF9114811F03CF8C0
:107E30000024B2E7B8F80A30AB42F0D96268B5FB6B
:107E4000F2F302FB1353002BE9D10123E377E6E7BA
:107E500006B135600024D9E76FF012049DE700BF3A
:107E6000AF1102009CF301000000AD0BCE11020027
:107E7000D43A00209C3A00202DE9FF411D46294BB1
:107E8000174693F8242080460E46002A47D093F8E0
:107E90002530002B43D010F0800F01D129B927B134
:107EA0006FF0150004B0BDE8F0814046FFF7E2F93D
:107EB00004460028F4D0037A5BB91B4A1846CDE982
:107EC00001321A490122CDF80C80009310F0DBFF3B
:107ED000E6E74FF0FF334FF0FF32154810F0E2FFB6
:107EE000E368BB42984628BFB8463EB937B905B1EA
:107EF0002B600F4810F0D8FF0020D3E742463046F1
:107F0000A16913F0C8FAA3694344A361E368A3EB32
:107F10000803E360002DECD0C5F80080E9E76FF0BE
:107F20001200BFE79C3A0020AF1102009CF3010051
:107F3000D43A00207FB5244D064695F82430002B16
:107F40003FD095F82530002B3BD003060FD4FFF728
:107F500091F9044658B1037A6BB91C4A1846CDE929
:107F600001321B4901220396009310F08CFF6FF041
:107F7000150004B070BD4FF0FF334FF0FF3205F134
:107F8000380010F08FFFE368B3B9012663692677E4
:107F9000A361637F83B1FFF7C1F930B905F1380000
:107FA00010F082FF6FF00B00E3E706748460067345
:107FB000FFF798F9FFF78EF9064810F075FF0020DB
:107FC000D7E76FF01200D4E79C3A0020AF1102000F
:107FD0009CF30100D43A002010B5084B0C4693F8EE
:107FE00024302BB1FFF746F928B10460002010BD02
:107FF0006FF01200FBE76FF01500F8E79C3A0020E5
:10800000014B1860704700BF9C3A002008B5074B31
:1080100093F8243023B1FFF72DF920B1406808BD53
:108020006FF01200FBE76FF01500F8E79C3A0020B4
:1080300070B50D4606490446411A491140220548CB
:1080400010F079FF2B4601462046BDE870401847E6
:1080500040430020A8EE010037B540230C460A49F2
:108060000093411A491105462346084A084810F072
:1080700090FF011E05DA2846234603B0BDE83040D4
:10808000184703B030BD00BF4043002001900100FD
:10809000A8EE01002DE9F843002201210646052043
:1080A000FDF770F8114804F029FF114B984219D1DF
:1080B00004F034FF00244FF00C080127DFF834905F
:1080C0003569494605EB44100EF06FFD002807DBCB
:1080D00008FB04550134042CC5F88870F0D1002049
:1080E000BDE8F8836FF00400FAE700BF31810000BB
:1080F0000000AD0BB4F5010001460C2300224B43F8
:1081000070B50948C41888331844D4E92056C4F817
:10811000802010F0FDFE2DB132462B46BDE87040A8
:108120000248184770BD00BF40430020A8EE010080
:10813000052812D8DFE800F0030F11110D0B074BD3
:10814000D3F8880010F0070007D1FFF7D5BF022051
:10815000FBE70320F9E70120F7E7704740430020E1
:1081600008B54FF02003EFF3118183F31288BFF3BA
:108170006F8F124A136843F002001060DA0708D4C8
:1081800081F31188BFF36F8FBDE80840012011F023
:10819000F1BD4FF05023D3F80C24D3F80C34D3079F
:1081A000EED5074810F0B4FE81F31188BFF36F8F4E
:1081B000BDE808400020FFF79FBF00BFF04300204C
:1081C000C84300207FB500220123CDE9022304AB80
:1081D000CDE90433094A6B46CDF800D0CDF804D080
:1081E00010F007FF002805DB4FF4804200236846AB
:1081F00007F008FC07B05DF804FB00BF31900100F8
:1082000010B54FF02003EFF3118483F31288BFF30E
:108210006F8F074A136823F00201DB07116002D455
:10822000012011F006FE84F31188BFF36F8F10BD9B
:10823000F0430020024BC0B203EB4010704700BF78
:10824000404300202DE9F041012207463749D1E89B
:10825000EF3FC1E8E02F0028F9D133B93449354860
:108260004B60CB608A600EF0B3FC7B1E012B2BD8D9
:10827000012F07D14FF05023D3F81C3403F0030330
:10828000022B21D012F03DFD0546F8B92A4B1B7890
:10829000E3B14FF0502302220646C3F808234FF003
:1082A0005024DFF89880D4F81834D4F81824D20376
:1082B00016D503F00303022B01D0012F10D175B3A3
:1082C00086F31188BFF36F8FBDE8F0814FF0200374
:1082D000EFF3118683F31288BFF36F8F0125DEE77A
:1082E000C5B13046FCF778FED4F81835DBB2012B67
:1082F000D9D1D4F80421002AD5D00022C4F8042111
:10830000D4F804210222C4F818252022C8F88021BC
:10831000A360C8E70021212007F0DCFFE4E74FF06D
:1083200050230222C3F80423CEE700BF3C430020C1
:108330002C4300206043002037A1002000E100E032
:1083400010B5044C2046F9F7F9FE2046FDF772FD02
:10835000002010BD59830000F7B504460325124ED6
:108360008DF8070006F036FE012200200DF107010E
:1083700006F0FAFD074606F037FE27B101233370F9
:10838000204603B0F0BD3378002BF9D0013D08D072
:1083900012F0B7FC0028E5D10021422007F09AFF37
:1083A000E0E73570ECE700BF5F74002000F1744037
:1083B00000F5A6000A289ABF024B33F910006FF0AF
:1083C0000F00704714000200024B0B600123136082
:1083D000704700BF80F601000048704714F60100A6
:1083E000054B994206D14FF0FF324FF0FF3330304A
:1083F00007F008BB704700BF0000AD0B70B54C68BC
:10840000054688B0ECB1D4E900438868D8B1D0E91A
:108410000060C8B1C3B183420FD10133092B097881
:1084200015D9CDE90313194B0222029300231849F1
:108430001846CDE9003310F031FE6FF0150008B09A
:1084400070BD2346E1E7064601330344E6E78DF8B5
:10845000193040F20113ADF81A30002328698DF865
:108460001C308DF818108DF81D2010F026FE2146C6
:10847000324606A805F0F0F80446286910F035FEEB
:10848000204608B0BDE87040FFF790BF3E120200E2
:108490004CF3010038B50569044695F86030FBB926
:1084A000284610F00AFE0022002305F1480007F0DC
:1084B000A9FA2B6D4BB90B4D05F01AF9A84209D159
:1084C00005F038F90022084B1A702069BDE83840E1
:1084D00010F00BBE002140F2676007F0FBFEEBE7F7
:1084E00038BD00BF0000AD0B60740020F8B5066910
:1084F000054696F86040D4B9304610F0DEFD0D4FC9
:1085000006F1480007F058FA3B785BB932460A4951
:10851000686804F0B7FFFFF749FFB0FA80F304463C
:108520005B093B70286910F0E0FD2046F8BD00248F
:10853000FBE700BF60740020919001002DE9F04F2F
:10854000002906461546D0F804A087B005DBDAF806
:1085500018308A189A42884611D9464BCDE903153E
:108560000293002301221846CDE90033424910F05E
:1085700095FD6FF01504204607B0BDE8F08FC1F3FC
:108580000B02002DF5D0C5F30B031343F1D1FFF718
:10859000ADFF044660BB306910F0A1FD21463046B6
:1085A00010F0AEFD044600BB306910F086FDDFF828
:1085B000D8B0DAF81830AB421ED111F055FCA946FC
:1085C000074639463069FFF70BFF5F4540D1B5EBF1
:1085D0000905C844EDD1306910F087FD012130460E
:1085E00010F08EFD002C08BF0446306907F0E4F956
:1085F0003046FFF74FFFBEE7B5F5803F0AD31FFABD
:1086000088F353B94146012005F0E2F84FF4803970
:108610000746D6E7B5F5805F09D3C8F30B0030B93C
:10862000414605F0D5F84FF480590746C9E7134B8A
:1086300001220293002310491846CDE90033CDE909
:10864000038510F02BFD0E493069FFF7C9FE0C4F72
:108650000C4B012202930023CDE903851846CDE996
:108660000033054910F01AFD3846FFF79FFE044617
:10867000B1E700BF611202004CF30100AB1202002F
:108680000400AD0BC91202000000AD0B2DE9F04152
:10869000436890B01E6A0546002130460DAA10F0CE
:1086A00048FE041E4CDB0D9B32681979186800F0F7
:1086B000CFFF041E44DB4FF050240127002201218C
:1086C0002B20FCF75FFD6E682A693046C4F8B87548
:1086D0005D4904F0D7FE0223C4F8B835FFF766FE03
:1086E000041E2DDB0022AB2328460DA9CDE90D2267
:1086F0000F928DF83430FFF781FE041E20DB23201B
:1087000012F0E0FDF37A023BBB421DD996F80A80D5
:10871000A8F10308B8458CBF4FF000084FF00108DE
:10872000284610F002FD041E10DA484B0122029385
:10873000002347491846CDE90033039410F0AEFCFE
:10874000204610B0BDE8F081B846E9E7E2B2C4F3D4
:108750008014A0450AAE0BAF2FD0002382F0400258
:10876000ADF828308DF82820012228460DA9CDE942
:108770000C230B960F938DF834200E97FFF73EFED7
:10878000041E13D0DCDA334A334B3149B8F1000F01
:1087900018BF1346CDE90334304B01220293002366
:1087A0001846CDE9003310F079FCC9E7284610F0EF
:1087B000BCFC041EE7DBE307F8D42846FFF76AFE9B
:1087C00003240023CDE90C430E939F2328460B96E8
:1087D0008DF834300F97FFF789FE024628B12846FE
:1087E000FFF758FE6FF01204AAE728460DA9FFF71D
:1087F00005FE07462846FFF74DFE002FF2D16D68B3
:108800002246314605F11C0012F035FE04460028D0
:1088100096D0AB7F012208936B7F384607932B7F5E
:108820000B4906939DF82A30009705939DF829304F
:1088300004939DF828300393094BCDE901733B461F
:1088400010F02CFCCEE700BF91900100F112020065
:108850004CF30100E7120200EB12020001130200C8
:10886000121302002DE9F04705460F461E469046BA
:1088700088B0CAB1C3B1042B01D99A0714D1BB0780
:1088800012D1002F6A6803DB9269BB19934211D998
:108890003F4B012202930023CDE903761846CDE930
:1088A00000333C4910F0FAFB6FF01504204608B085
:1088B000BDE8F0872846FFF719FE044600285FD17F
:1088C000286910F00CFC2146284610F019FC0446DB
:1088D000286910F0F2FB002C40D1032E1CD83A4638
:1088E000042107A811F0BDFA044601462869FFF7E4
:1088F00077FD294B9C4231D13246414607A812F000
:10890000CAFD3A46042107A811F0A8FA0446014618
:108910002869FFF765FD21E008F06043B3F1005FCF
:1089200032D0DFF874A0042EB14628BF4FF00409FE
:1089300041464A4607A812F0AEFD3A46042107A870
:1089400011F08CFA044601462869FFF749FD5445A9
:1089500004D1B6EB0906C8444F44E4D1286910F0AD
:10896000C4FB0121284610F0CBFB0646286907F01E
:1089700023F8002C14BF20463046FFF717FD0446AD
:108980002846FFF787FD91E73A4631464046BBE768
:10899000441302004CF301000000AD0B2DE9F04F31
:1089A00081460E461C4690468BB0AAB1002B00F0C3
:1089B0009E800029426803DB9269CB18934211D94B
:1089C0004C4B012202930023CDE903641846CDE904
:1089D0000033494910F062FB6FF0150528460BB0D3
:1089E000BDE8F08FFFF782FD054600287BD1754278
:1089F00005F00305D9F8100010F05FFBA54228BF71
:108A00002546D8F1000303F0030308F0030758BF1D
:108A10005F427F4207F00307A74228BF2746631B38
:108A2000E41B24F0030423F0030AA245C8BFA246B6
:108A300003F0030BC8BFA3EB040BBAF1000F19D06E
:108A400008EB0703721951461846079311F009FA0B
:108A500004460146D9F81000FFF7C2FC274A9442A9
:108A600039D1BD4206D0079B5246194608EB050096
:108A700012F031FDADB1C5F104070421F21B08A8C5
:108A800011F0EFF904460146D9F81000FFF7A8FCF1
:108A90001A4B9C421FD108AB2A464046D91912F006
:108AA000FAFCBBF1000F15D072190821524408A836
:108AB00011F0D7F904460146D9F81000FFF790FCF1
:108AC0000E4B9C4207D10AEB05005A4608A94044C8
:108AD00012F0E1FC094CD9F8100010F006FB20461A
:108AE000FFF764FC05464846FFF7D4FC76E71D46D1
:108AF00074E700BF8E1302004CF301000000AD0BC1
:108B0000024B0B6001231360704700BFF443002049
:108B1000004870479CF6010070B50D4686B01946B6
:108B200028461C46164610F01BFB034668B90B4A44
:108B30000090CDE90102CDE903540122084910F06B
:108B400020FB6FF0150006B070BD24B12246294607
:108B5000304612F0A0FC0020F5E700BFED13020044
:108B600054F2010010B501220648114612F081F9B5
:108B700011F067F9044C206011F060F9606000208A
:108B800010BD00BFFC430020F4430020F0B587B0C7
:108B90000E46144611F052F921460546304610F0B3
:108BA000DFFA3746034688B3B6FBF5F305FB1363DC
:108BB00023B9B4FBF5F305FB134373B1184B012242
:108BC000029300231846CDE90364CDE9003315492B
:108BD00010F0D7FA6FF0150002E0A54202D900208C
:108BE00007B0F0BD4FF0FF324FF0FF330E4806F0F4
:108BF00009FF11F023F90546384604F08FFA641B8B
:108C00002F44F9D1084806F0D7FEE8E7074ACDE936
:108C10000364CDE90102034901220090D8E700BFB7
:108C20000A14020054F20100FC430020ED1302007C
:108C3000F0B50E4687B0194630461C46174610F070
:108C40008FFA034668B91D4ACDE90364CDE90102F4
:108C500001221B49009010F094FA6FF0150007B044
:108C6000F0BD46EA040515F003050AD0154B0122B4
:108C700002930023CDE903641846CDE9003310497F
:108C8000E9E7A4B14FF0FF324FF0FF330E4806F092
:108C9000B9FE24F00304A54205EB060009D10B4AF6
:108CA000D2F80034DB07FBD5074806F085FE00202C
:108CB000D5E7795904F050FA0435ECE7ED130200DA
:108CC00054F2010029140200FC43002000900350DC
:108CD000014BB3F8780670473810002038B50B4DBB
:108CE000D5F8704664B94FF47A704843C5F87026D9
:108CF00003F066FB38B9C5F870064FF0FF3038BD99
:108D00006FF07700FBE72046F9E700BF381000203E
:108D10002DE9F04114468AB00B290DD8DFE801F0A7
:108D200006182F33373C787CB0BAAA80137843B149
:108D3000507820B1012802D06FF0150005E003F053
:108D4000D7F9207803F04EFA00200AB0BDE8F08190
:108D500053791179106833B103F060FA0028F3D128
:108D60006FF00B00F1E730B103F082FA0028EBD18D
:108D70006FF00100E9E7084603F0A4FAE4E7107891
:108D800003F07EF9E0E7107803F096F9DCE712686B
:108D9000424BC3F87426D7E70025414FA8463C460E
:108DA000166863684BB12046013503F02FFD032D93
:108DB000C4F8048004F10804F3D14FF00008394DE1
:108DC00006F10A042E3654F80A3C002BBCD0B442FB
:108DD000BAD0049314F8013CCDE906488DF814305C
:108DE000CDF8208014F8023C04A883F001038DF82C
:108DF000243003F0D7FC069B0C341A782B4605F878
:108E0000012B9DF8142007F8082B47F8043CDAE7FB
:108E1000106803F08FFC97E7106803F0A7FC93E756
:108E2000D388916804AA1646ADF80C3001F1080306
:108E300013F8010D8B4202F8010BF9D1A38873B12D
:108E4000012500952268002103A803F06DF9009523
:108E500029463046A388226803F066F974E719466C
:108E6000012203A803F092F901223046114603F0D3
:108E70008DF969E7106810F0AEF903F00DFD63E7B6
:108E8000506810F0A8F9002300932378A26803F03B
:108E900071F859E7108803F0E3FC55E7381000201B
:108EA00014440020617400201FB503F041F803460C
:108EB00060B9074A0090CDE901020649012210F08D
:108EC000AEF96FF0040005B05DF804FB0020FAE78E
:108ED0008414020064F201001FB5044603F006F892
:108EE00038B10A4BD3F8743633B100220221204640
:108EF0009847002004B010BD054A1846CDE901325C
:108F000004490222009310F08AF9F2E73810002099
:108F1000A214020064F201002DE9F04F1F4604691B
:108F200093F81090DB6889B0059304F2D15A09F1E7
:108F3000020380460D46164650464A46059984F877
:108F4000D03512F0A8FA04F5B76B584606F082FD4A
:108F5000022D4FF0000336D012D9EA1E012A44D95F
:108F6000894A0395CDE901321846012287490093C9
:108F700010F055F96FF08505284609B0BDE8F08F6F
:108F8000ADF81B3096F8633005F00105C3F380029D
:108F900006A9C3F3C00304F5BA608DF818208DF854
:108FA00019308DF81A5003F079FA002846D1784A22
:108FB0000346CDE9010275490122009010F02FF916
:108FC0006FF00405D8E7ADF81A3096F8633006A9BB
:108FD000C3F3800204F5BA60C3F3C0038DF8182010
:108FE0008DF8193003F010FADFE7ADF81B308DF87B
:108FF0001D3096F86330C3F38002C3F3C0038DF8CD
:1090000019302B1F5D425D418DF818208DF81A50E4
:1090100003F090F94FF47A7200238DF81B00D6E923
:109020000C01F7F799F810F0D6F80B4606A902469E
:10903000009104F5BA6003F07DFAB6E7554BD3F81A
:1090400074361BB13A460021404698474FF0FF3333
:109050004FF0FF32584606F0D5FC4A465146059877
:1090600012F019FA94F87A2696F8633062F38203C4
:1090700086F8633094F87B26DBB262F3C30386F88C
:10908000633094F85036052B9AD801A252F823F099
:10909000AF900000A99000007D9100008391000036
:1090A000C18F00007D9100006FF00F0564E7D4F8D8
:1090B0005C56002D3FF460AF002200232D7820681D
:1090C000CDE90023002329461A46FDF79DFD0646FB
:1090D00090B9314B0122CDE901032C4903460090A0
:1090E00010F09DF86FF00B05D4F85C0603F074FAED
:1090F0000023C4F85C363FE7D4F85C162A460131F9
:109100000FF069FC00280FDA244B012202930023A0
:109110001E491846CDE9003310F081F86FF00B05B9
:1091200030460FF0F4F9DFE794F8683604F5CC61C7
:1091300086F8613094F86936194A86F86230D1E9C8
:1091400000010023F7F708F84FF47A735A43C6E991
:109150000801B26230460FF02AFA3146206801F069
:10916000E3F848B10F4B0322029300230749184646
:10917000CDE9003310F053F80025D1E76FF0220558
:10918000FAE66FF06805F7E6CF14020064F201001A
:10919000E814020038100020FA140200141502002E
:1091A00040420F003115020070B5054688B0466890
:1091B000046904F57E7011F03AFE0122002104F5E5
:1091C000B76011F056FE0122002104F29C5011F00C
:1091D00050FE10F0F0FC03F049FA82B2D301D10046
:1091E00001F4816103F4807352020B4302F40062C4
:1091F000134343F42D73174A43F00303A2F8783660
:1092000033682846984704F54C7600220023002551
:10921000CDE906236FF00D034FF44872CDE9033515
:109220003046CDE901550C4B009404F1100106F0D5
:1092300037FA0A49304611F06AFD094B2846CDE954
:10924000015303222B46074900950FF0E8FF2846FB
:1092500008B070BD38100020F1190000551502004B
:109260005D15020064F201001C4B2DE9F041002461
:109270001E4607468C46DDE90601D3F81C5435B17D
:109280000134102C03F11803F7D1BDE8F0814FF041
:10929000180808FB0465C5F81C7485F829C485F80E
:1092A00028243A7810F091FC05F58465C5E90001A1
:1092B00008FB04F47B78321913F0200318BF96F8EA
:1092C000983504F5836482F82A34002386F89835AB
:1092D00031190348BDE8F04111F0B6BD3810002047
:1092E0003014002073B5164D04462B680A461B68DF
:1092F0001E68D5F8743621B9022130469847082CEB
:1093000016D0013C072C17D8DFE804F01804141617
:109310001616161801238DF80730002385F89835A6
:10932000D5F8743623B1012130460DF10702984774
:1093300002B070BD0223EEE70323ECE70023EAE767
:10934000381000204378034AC3F3001382F898359D
:10935000704700BF38100020002310B50F4C84F870
:1093600050360B7884F87A364B7884F87B368B68E5
:10937000C4F85C366BB191F90D2004F5CC646272CF
:109380008A7B22721A78D1E9040110F01EFCC4E92C
:109390000001BDE81040024806F00EBB3810002066
:1093A000F0150020064880F85016137880F87A36B9
:1093B000537880F87B3600F5B76006F0FDBA00BF41
:1093C00038100020034B83F8B40503F29C5006F0DC
:1093D000F3BA00BF381000200023034880F8B435EA
:1093E00000F29C5006F0E8BA3810002070B5094C25
:1093F000D4F8705665B10023C4F8703610F0DDFB68
:10940000236801461B6818682B46BDE87040184762
:1094100070BD00BF38100020064BD3F8702642B153
:109420000021C3F870161B6847F6FF711B681868A7
:10943000104770473810002010B504460269A6B0E6
:10944000C2F880002449002003F0EAFD0022012137
:109450002A20FBF797FE64688422002105A812F0F9
:1094600054F86368B3F5803F09D31C4B0222029382
:1094700000231B491846CDE900330FF04AFF23684B
:10948000B3F5803F09D3174B0222029300231449FE
:109490001846CDE900330FF03CFF0023012025934F
:1094A00005AA61680432D940C90744BF00FA03F134
:1094B00042F8041C2168D940C90748BF00FA03F1EB
:1094C00003F1010348BFD163102BEAD105A803F0D3
:1094D000BFFD002026B010BD399500009615020092
:1094E00084F20100C215020030B505460C4685B075
:1094F0004AB10F4B0222029300230E491846CDE9D0
:1095000000330FF006FF0F2C0FD86B685B68E34049
:10951000DB070AD501230020A400E4B204F1A04433
:1095200004F52834236005B030BD6FF01500FAE76C
:10953000EE15020084F201007FB5D1F880600F289B
:1095400004460D46736803D81B68C340DB0709D483
:10955000144B02220293002313491846CDE900332D
:109560000FF0D7FED5F88430E34013F0010308D1A3
:109570000E4A1846CDE901320B49022200930FF042
:10958000C8FE05EB840255F8245045B1002321465E
:109590003046AC46126C04B0BDE87040604704B081
:1095A00070BD00BF0916020084F2010025160200FA
:1095B00030B50F290C46056985B041D843681B6852
:1095C000CB40DB073CD5D5F88430CB4003F001031A
:1095D0001AB90BBB6FF0770030E0002BFAD155F8C9
:1095E000213043B9184A1846CDE901321749022201
:1095F00000930FF08EFED5F8843013B92A20FBF7C4
:1096000091FD0122D5F88430A2401343C5F884307F
:10961000E0B203F03DFD0AE0C8B203F041FD0122D3
:10962000D5F88430A24023EA0203C5F88430D5F887
:10963000843013B92A20FBF783FD002005B030BD2C
:109640006FF01500FAE700BF4216020084F2010035
:109650004FF0010C2DE9F0475B4E5C4F00EB8101B0
:10966000814202D10020BDE8F087046804F07F0346
:10967000C4F343257F2B4FEA144408BF4FF0FF3358
:10968000222C00F29D80DFE804F0122328422B3EBA
:10969000429B9B9B9B45729B9B9B9B9B9B9B9B9BF2
:1096A000757D80839B9B9B868C8F92959800C2F8DA
:1096B0000C354FEA5318B8F1010F14BFB646BE4639
:1096C00003F01F040CFA04F4CEF80840012402E071
:1096D000C2F814350024A64623E0C2F80835E8E7AE
:1096E0000024C2F808354FEA5319B9F1010F14BF2D
:1096F000B046B84603F01F0E0CFA0EFEC8F80CE098
:109700004FF0010E0DE0C2F80C350124EBE7C2F872
:109710001035DFE7C2F80835002DDBD1002406251F
:10972000A64650F804AB03F01F090AF40058B8F13C
:10973000000F4FEA53131CBF01244FF0000E012B02
:109740000CBFB846B04608EB8908D8F80032CAF317
:10975000C11A03F0E0492B0243EA8A0343EA0E03ED
:1097600043EA440343EA0903C8F8003278E7C2F841
:109770000C35D1E7C2F860350468C4F38034002C9E
:10978000C3D096E7C2F86435F6E7C2F86835F3E768
:10979000C2F86C35F0E7C2F8243501244FF0000E12
:1097A000BFE7C2F8283584E7C2F83035F5E7C2F8DC
:1097B0003435F2E7C2F83835EFE7C2F83C35ECE76C
:1097C0006FF085004FE700BF0025845000288450CB
:1097D0007FB50BAB05930393054B01220293002346
:1097E0001846CDE90033F9F733FC07B05DF804FB08
:1097F0008B160200F0B54B79012B29D0032B24D115
:1098000010278B79032B20D1CE790EB1012E1CD1DC
:109810000A79012A1ED0022A20D0B2B914460B6858
:109820004568B3F5164FD5F800C06ED033D8B3F500
:10983000165F6DD01CD8B3F5966F6BD010D8B3F50A
:10984000967F6AD0B3F5167F6AD06FF085005BE033
:109850000027D6E74FF480740E22E0E70024FBE7F0
:10986000B3F5166F5FD0B3F5965FEED1384B3CE0A1
:10987000B3F5E14F5AD007D8B3F5615F58D0B3F5CF
:10988000964FE2D1334B30E047F61225AB42DCD1A4
:109890004FF4000329E0B3F5613F4BD013D8B3F583
:1098A000963F4AD009D84DF6C025AB4247D0B3F514
:1098B000614FCAD14FF46B0317E0B3F5E13FC4D158
:1098C0004FF0EB7311E0B3F5612F3BD008D8224D78
:1098D000AB423AD0B3F5E12FB7D14FF0E86304E0E3
:1098E0001E4DAB42B1D14FF080530569CCF8243501
:1098F00043683A431B6834432243C3F86C252B1D4D
:1099000003C983E803000020F0BD4FF41D03ECE71A
:10991000134BEAE74FF49E23E7E74FF4A033E4E765
:109920004FF41C33E1E74FF41D23DEE70D4BDCE77A
:109930000D4BDAE74FF06C73D7E70C4BD5E74FF4DC
:109940006503D2E74FF07063CFE74FF08063CCE759
:1099500000B0130000A04E0090D0030040420F0062
:109960000050270000C0750000F03A0000903A0156
:109970002DE9F043804687B0002201210820FBF743
:1099800001FC0820FBF7CEFB0021D8F80470D8F8C2
:1099900010603D6805AAC5F80015C6F80080D7F824
:1099A0000C9048460FF0C5FC041E24DB059BD9F83B
:1099B000002019791868FFF74BFE041E1BDB404698
:1099C000311DFFF717FF0446A8B97B68990723D517
:1099D00006F11C0003F010FB234B98420FD0234BE1
:1099E0002046CDE901430094234601222049FFF798
:1099F000EFFE6FF00404204607B0BDE8F083337F2C
:109A000043F00043C5F8A031C5F88C300123327F04
:109A10009340184AC2F804350823C5F800353B7A4C
:109A200053B9C5F81031D5F81031B369C5F83435DC
:109A30000123C5F838352B607B689A075CBF4FF46B
:109A40008073C5F804337B68DB0644BF4FF48003A2
:109A5000C5F804337369C5F844350023C5F84835A3
:109A60000123AB60EB60C6E70000AD0B8B16020074
:109A70007CF3010000700150F8B504460D460769FB
:109A800011F03FF9B0B9214B1B789BB16426606897
:109A90000FF031FD00BB012010F0A7F8013EF6D118
:109AA0000021212006F016FCF0E781F31188BFF3B6
:109AB0006F8FF5E74FF02003EFF3118183F31288E6
:109AC000BFF36F8F60680E460FF015FD90B981F3FC
:109AD0001188BFF36F8FEDE74FF02003EFF3118193
:109AE00083F31288BFF36F8F60680E460FF003FD9B
:109AF0000028DAD07B6901221D70204679690FF0B9
:109B00003AFC86F31188BFF36F8FF8BD37A10020B0
:109B10000123834070B5DC430B4AD2E8EF1F01EA12
:109B20000405C2E8E65F002EF7D14FF48032824090
:109B30000648C0F80823BFF35F8FBFF36F8F0B4257
:109B400014BF0120002070BDBC4400200050015013
:109B500070B40E4922F07F46D1E90034D01AC31800
:109B600044F10004C1E90034A6F50013B3F5400F39
:109B700009D2074B1B681A0A1B069C19054B42F1B8
:109B80000005C3E9004570BC06F026BDD8160020CC
:109B9000C0440020E0160020D9B101230D4A8340C3
:109BA000D2E8EFCF4CEA030CC2E8E1CF0029F7D1AD
:109BB0004FF48033084A8340C2F80433074BD3E89C
:109BC000AF3FC340DB0742BF4FF40012044BC3F862
:109BD00000217047BC44002000500150B4440020D4
:109BE00000E100E0C3B202489B001844704700BF88
:109BF00040510150024B00F5A87053F82000704707
:109C0000005001500D4B1868010A0006BFF35F8F2A
:109C10000B4BD3F80435181841F10001B3F5801F40
:109C20000AD2084BD3E90023904271EB030303D21D
:109C300010F1807041F10001704700BFC044002066
:109C400000500150E01600202DE9F74F16461F4640
:109C50000446FFF75DFF0090FFF7D4FFB04271EBC1
:109C6000070351D2384B301A67EB0101984271F16A
:109C7000000166D2354B03EB0413D3E902239F4264
:109C800008BF96424AD04FF48039314909FA04F9A5
:109C9000204626F07F4BC1F848930FF0D7FC4FF0D9
:109CA000030A584604F15005AD00ADB205F1502548
:109CB00004F5A873DFF8A0C005F580350193019A7B
:109CC00020F07F4341F82230C1F84493D1F8048555
:109CD000A0EB0800033820F07F4060451ED92868BB
:109CE00068B1D1F80485A8EB0B0020F07F40B0F5F7
:109CF000000F13D920460FF0A9FCDFF85CC00AEB77
:109D000008000AF1010ADAE70123124AA340D2E867
:109D1000EF0F1843C2E8E10F0029F8D100250B49E5
:109D20000C98230101EB0412C850C2E902670D9B95
:109D3000536020460099FFF72FFF284603B0BDE887
:109D4000F08F6FF01505F4E701008000B8160020D1
:109D500000500150B4440020FDFF7F0073B54FF464
:109D6000803200254FF0FF304FF0FF311C4C1D4B6F
:109D70000226C4F80833C4F848331B4BC4F808550E
:109D8000C3E90201C4F80423C3E906014FF4003318
:109D90004FF40012C4F80433144B0121C4F80463D7
:109DA0001520C3F880212A46FBF7ECF91520FBF7B4
:109DB000B9F901230322A36023600D4B28461A60E2
:109DC0000C4B0D4A1E600D4B019500930023FFF7CD
:109DD0003BFF3046FEF736FA284602B070BD00BFA2
:109DE0000050015003000F00B816002000E100E011
:109DF000BC440020B8440020FFFF7F00519B0000BE
:109E000070B501240C4B186890B1B0FA80F0C0F125
:109E10001F0004FA00F1C943D3E8EF2F02EA01055D
:109E2000C3E8E65F002EF7D1C240D207EBD570BD84
:109E30006FF00B00FBE700BFB84400200123054A88
:109E40008340D2E8EF0F1843C2E8E10F0029F8D1B0
:109E5000704700BFB8440020431C13B521D001282F
:109E600021DD124A124B9042D4BF04461C46FFF734
:109E7000C9FE104B0E49D3E90023801AB0F5000F3C
:109E800028BF002404448C4228BF0C4600200A4905
:109E9000A2180190009143F10003FFF7D5FE02B034
:109EA00010BD034CE3E70124E1E700BFFEFF7F00A4
:109EB000FFFF7F00D8160020519B000008B5FFF778
:109EC000A1FE024B1B68C01A08BD00BFD8160020B7
:109ED000012310B5074C15206360FBF731F94FF4EF
:109EE0000012054BC4F80833C4F84833034BC3F8D9
:109EF000802110BD0050015003000F0000E100E080
:109F00007FB50BAB05930393054B0122029300230E
:109F10001846CDE90033F9F79BF807B05DF804FB6C
:109F2000C41602001FB50024F9F722F8064B20469C
:109F3000029301222346CDE900440449FFF7E0FFE4
:109F40002046FBF76BFD00BFC41602004CF2010077
:109F50000122024B1A700DF01EBD00BF8774002055
:109F60000122024B1A700DF016BD00BF867400204E
:109F700010B50D4B04461A781AB100221A7008F079
:109F800073F80A4B1A7872B100221A7000F082FF3F
:109F900020B12046BDE8104013F0DEB82046BDE8F1
:109FA000104008F03DB810BD867400208774002072
:109FB00008B511F085F94FF47A72A0FB020302FB99
:109FC0000133C00B40EA4340014B1B68C01A08BD77
:109FD000C444002037B58C18FFF7EAFF241A002C80
:109FE00016DD4FF4004540F2E73000214FF47A725D
:109FF0000023E4FB0501F6F7AFF802460B4600210B
:10A000000020CDE90001064806F0DCFB03B030BDBE
:10A010000122044B1A7003B0BDE830400DF0BBBC08
:10A02000E003002087740020014811F071B900BFDF
:10A03000E0030020014811F06BB900BF18040020B4
:10A0400008B511F03DF9064AA0FB020302FB0133FB
:10A05000C00B40EA4340034B1B68C01A08BD00BF59
:10A0600040420F00C844002010B5FFF7E9FF044646
:10A0700000200FF032FB054B201A18604FF47A7362
:10A0800090FBF3F0024B186010BD00BFC8440020E5
:10A09000C444002037B58C18FFF7D2FF241A002CD7
:10A0A00014DD4FF4004500210C480023E4FB0501BA
:10A0B0000B4AF6F751F802460B4600210020CDE985
:10A0C0000001084806F07EFB03B030BD0122064BBC
:10A0D0001A7003B0BDE830400DF05DBC3F420F0088
:10A0E00040420F00180400208674002070B50D4611
:10A0F000044678B171B1094E304610F022FD58B1D6
:10A10000B3682A46214630461B689847003818BF76
:10A11000012070BD0720FCE70120FAE7C0EE010036
:10A120000D4BA0F10B020F2A93F9003003D97F2BBE
:10A130000BD100207047094A7F2B024412F90B0C07
:10A1400004D17F2808BF002070477F209842A8BF15
:10A15000184640B2704700BF9C7400208A740020EB
:10A16000024B1980024805F027BC00BF3C74002058
:10A17000C0050020034BD3E8AF3F43FA00F000F0E6
:10A1800001007047CC44002001238340DB43044A94
:10A19000D2E8EF0F1840C2E8E10F0029F8D170476C
:10A1A000CC4400200123054A8340D2E8EF0F184336
:10A1B000C2E8E10F0029F8D10DF0EDBBCC4400203E
:10A1C000044B834204D1044B06201980FFF7EABFF9
:10A1D000704700BF68EF01003C740020012908D0DF
:10A1E00002291AD0D9B90E4B1878032817D1FFF7D6
:10A1F000D9BF0B4B1B78022B11D11378012B08D040
:10A20000022B08D0002B08BF1221064B0220197028
:10A21000EDE71121F9E71621F7E70720E7E7704797
:10A220001C750020897400202DE9F041374F384D0E
:10A23000BB882A68374C023B13822368B979364EB3
:10A24000DB6836483180984723683078D3F814802B
:10A25000FFF766FF01463148C047314EFB7E31684B
:10A26000C3F30002C3F300139B0043EAC20391F857
:10A2700063202A4822F00C02134381F863302368DC
:10A280005B689847C00519D53B69BBB179693268ED
:10A290000B444FF47A71A3FB0131C2E90C31042164
:10A2A00020682B6884691D48A047431D1CD0E0B17D
:10A2B00010F1230F0CBF0E200F2016E0F97E23684B
:10A2C00011F004011ED05B68144898470107236809
:10A2D00004D59C6902212B683268E4E79B680F482B
:10A2E000984748B1421DE3D10B200E4B1870BDE8D2
:10A2F000F0410420FFF756BF236801469C6932688D
:10A300002B68D0E79C6932682B68CCE7F0170020F7
:10A31000D4440020D04400204074002068EF0100A5
:10A32000D844002088740020F8B58B680C461D4680
:10A3300000261DB97F2E05D90120F8BD2A8A6D6837
:10A340001644F6E7DB681B7803F00703022BF3D112
:10A35000134F3246394620460EF041FA0028EBDB17
:10A36000104894F861301049837594F86230868003
:10A370004375236A666AA3FB013201FB0622A16AC8
:10A380004FF47A74B1FBF4F1203B42F1FF325B18D9
:10A3900042F10002C0E9023207602846CDE700BF63
:10A3A0009D740020D017002040420F0030B50021DE
:10A3B00087B00020FCF75AFB1F4D002200232860C5
:10A3C0007F20FCF721FB1D4C0146206028680EF021
:10A3D00004F923681A4DDA681A4B7F211A601A486B
:10A3E000102211F092F8194CAB6823600BB30023D4
:10A3F0004FF48862009316496FF00703154805F083
:10A40000A5FB1549134810F082FC236828465B68B9
:10A410009847830605D4404080F311884FF004002C
:10A4200002DF0E4B04210393236805489B6A03AAAD
:10A43000984707B030BD00BFD8440020D444002066
:10A4400068EF0100F01700208A740020D04400203B
:10A4500080CB0020E816002009170200DDA10000D3
:10A4600008B50146034810F0EFFC0120FFF79AFE03
:10A47000002008BDF005002008B50146034810F093
:10A48000E3FC0020FFF78EFE002008BD0C06002034
:10A4900013B5064BADF806101B6802221C6901219A
:10A4A0000DF106030248A04702B010BDD0440020C1
:10A4B00068EF010013B5054B01911B6800221C6970
:10A4C000012101AB0248A04702B010BDD0440020DA
:10A4D00068EF0100012213B5054BADF806101B68AB
:10A4E00011461C6903480DF10603A04702B010BDD8
:10A4F000D044002068EF0100024B1878003818BFE4
:10A50000012070471C750020034B1A780AB90122FC
:10A510001A700020704700BF1C750020034B1A788A
:10A520000AB100221A700020704700BF1C7500207D
:10A5300010B5084C2378013B022B08D8064B07487E
:10A540001B681B6A984701230020237010BD0D2053
:10A55000FCE700BF1C750020D044002068EF01001C
:10A560002DE9F041054688B00020FFF703FE0028E2
:10A570005DD10120FFF7FEFD70B10120FFF704FE61
:10A58000944FDFF88882944E00220023384605F06D
:10A59000E1F90446002858D10220FFF7EBFD70B125
:10A5A0000220FFF7F1FD00F075FC8C4B01461A7894
:10A5B000002800F0AB800021284613F05EFB03204A
:10A5C000FFF7D8FD30B10320FFF7DEFD28468449B0
:10A5D00013F039FB0420FFF7CDFD824E002800F078
:10A5E000A1800420FFF7D0FD3378032B40F0928048
:10A5F000022333707C4B7A4F1B6893F86330C3F3AC
:10A600008002C3F3C00343EA0213FA7E22F0110270
:10A610001343FB7600F03EFC744B0446002800F028
:10A62000B480394628461A7813F02AFB7AE00020D5
:10A63000FFF7AAFD6E4C00220023204605F08AF9A0
:10A64000002896D00DF063FFF5E720220021684630
:10A6500010F05BFFA0680DF023F90022C36800939F
:10A66000A368002B49D14FF47A7CB8F8003094F8F5
:10A6700063008DF8063094F86130ADF804208DF851
:10A68000163094F86230C0F340028DF815309DF812
:10A69000173062F300038DF81730D4E90831A3FBBB
:10A6A000063206FB0122A16A203BB1FBFCF142F11C
:10A6B000FF325B1842F10002C107CDE902320FD52B
:10A6C000C2060DD59DF81730C0F3401060F341036A
:10A6D0008DF81730E36D049394F860308DF81430E2
:10A6E00000F0D8FB024660B100226946284613F00C
:10A6F000C4FA20460DF00BFF46E7198A5B680A444E
:10A70000AFE76946284613F097FAF2E7284613F0B8
:10A7100093FA54E7374B38481B685B6898478305C2
:10A720003FF566AF0720FFF725FD28B10720FFF7AB
:10A730002BFD2846FFF7FCFE3378032B47D005207E
:10A74000FFF718FD88B12B4C2C4A23681178DB6881
:10A750002948984723682A491B6B2A4A09882648B2
:10A76000984710BB0520FFF70FFD0620FFF702FDFD
:10A7700068B3254B284693F9001013F077FA0620AA
:10A7800008B0BDE8F041FFF7FFBCDFF88480394630
:10A79000B8F804202846002A14BF424600221B783D
:10A7A00013F058FAA8F80440BCE70620FFF7E2FCD3
:10A7B00040B1154B284693F9001013F057FA0620C4
:10A7C000FFF7E2FC08B0BDE8F0410DF0E4B808B0D6
:10A7D000BDE8F081F005002040420F0089740020A0
:10A7E000F01700201C750020D84400208874002039
:10A7F0000C060020D044002068EF01009A7400206D
:10A800003E740020C1A100003C7400204074002070
:10A81000D0170020F8B50C4D0C4C2B680C4E204680
:10A82000DB68318098472B6830785F69FFF778FCE8
:10A8300001462046B8472B682046DB69984702222C
:10A84000044B00201A70F8BDD044002068EF0100CE
:10A85000407400201C7500201FB5CDE90223074B72
:10A860008DF804101B6808219B6A01AA04489847C8
:10A87000003818BF012005B05DF804FBD04400206B
:10A8800068EF010070B5134D2A68536AE3B1124CAA
:10A89000237889B1022B1BD1104B56691878FFF72A
:10A8A0003FFC01460E48B0472B680D485B6A98474D
:10A8B00060B90323237070BD032B09D1BDE870403C
:10A8C000064B1978FFF7A6BF0C20F4E70120F2E74A
:10A8D0000D20F0E7D04400201C75002040740020BB
:10A8E00068EF010038B50D4B0D4D1B680D485B68D6
:10A8F00098472B78022B03D0830501D40D2038BD57
:10A90000094810F042FB04460028F7D1032306490A
:10A9100006482B7010F05DFB2046F0E7D044002085
:10A920001C75002068EF010050020020E81600208E
:10A9300000487047F017002010B50E4C0E482368F1
:10A940005B68984710F0800010D0236801211B6BD2
:10A950000A4A0948984750B94FF0FF334FF0FF3289
:10A96000074805F04FF8074B93F9000010BD7F2012
:10A97000FCE700BFD044002068EF010061A10000A7
:10A98000C00500203C74002008B5114B11481B681D
:10A990005B6898470246C0F3C0135800110748BFD0
:10A9A00040F00800930648BF40F00100910548BF01
:10A9B00040F01000530548BF40F02000D10548BFCB
:10A9C00040F04000130548BF40F0800008BD00BFC4
:10A9D000D044002068EF0100014B1878704700BF99
:10A9E0009B7400201FB50023CDE901330393074B6F
:10A9F0008DF804101970064B03211B6801AA9B6A8D
:10AA00000448984705B05DF804FB00BF9B74002024
:10AA1000D044002068EF0100F8B5114E114B3768A3
:10AA2000114D19703B6B0C462A80B3B10520FFF71E
:10AA3000ABFB0620FFF7A8FB2146FB680B489847B5
:10AA400033680B4A1B6B29880848984708B90020CF
:10AA5000F8BD0520FFF7A6FBF9E70C20F8E700BFDB
:10AA6000D04400209A7400203E74002068EF01005A
:10AA7000C1A100001FB50023064ACDE901331268C9
:10AA80008DF80410946A1946039301AA0248A0475E
:10AA900004B010BDD044002068EF01001FB50023B2
:10AAA000CDE902330123094AADF8001012681946B6
:10AAB000946ACDF804D08DF8093001AA0448A04763
:10AAC000002814BF0320002004B010BDD044002093
:10AAD00068EF01001FB540F201120023CDE9022307
:10AAE000074B01911B6801219B6A01AA0548984701
:10AAF000002814BF0320002005B05DF804FB00BF50
:10AB0000D044002068EF01001FB50023CDE90233D7
:10AB1000084BADF800101B6801219B6ACDF804D0EA
:10AB200001AA05489847002814BF0320002005B05B
:10AB30005DF804FBD044002068EF01001FB500233E
:10AB400001910121CDE90233074B8DF808101B68F4
:10AB500001AA9B6A05489847002814BF03200020DB
:10AB600005B05DF804FB00BFD044002068EF010091
:10AB70001FB50023CDE901330393054B01211B6869
:10AB800001AA9B6A0348984705B05DF804FB00BF23
:10AB9000D044002068EF01001FB500230121CDE95A
:10ABA00001330393054B8DF808101B6801AA9B6ABB
:10ABB0000348984705B05DF804FB00BFD04400206F
:10ABC00068EF010021B1034B00201B780B70704728
:10ABD000072070479C740020014B002019707047BB
:10ABE0009C74002010B50A4B1B682BB15B6B1BB12A
:10ABF000BDE810400748184710F062FB064AA0FB6A
:10AC0000020302FB0131C00B40EA4140C90B10BDF9
:10AC1000D044002068EF010040420F002DE9F041D0
:10AC200014461E4692B0CD082C22DDE9188700217B
:10AC300007A810F06AFC012C06968DF8215022D14D
:10AC40008023CDF824808DF822308DF82D508DF89A
:10AC50002E400C978DF83950631CDBB28DF83A30DA
:10AC60000023CDE90033CDE904330293DCB96B4610
:10AC700003930E4B05211B6803AA9B6A0C48984757
:10AC800012B0BDE8F081631E802C8DF82230CDF823
:10AC900024808DF82D508DF82E400C978DF839506A
:10ACA000DAD10123DAE706ABE2E700BFD0440020A7
:10ACB00068EF01001FB50023CDE90233054B019178
:10ACC0001B6806219B6A01AA0348984705B05DF8F6
:10ACD00004FB00BFD044002068EF01001FB5002333
:10ACE000CDE90233054B01911B6807219B6A01AA3C
:10ACF0000348984705B05DF804FB00BFD04400202E
:10AD000068EF010070B50C4686B0002C05930CBFAF
:10AD10000023062340F604510F4EADF8103033687F
:10AD2000ADF8041001A90391ADF812200B2103AA7C
:10AD30009B6AADF8084009489847336805460921E1
:10AD40009B6A039403AA05489847C54214BF012093
:10AD5000002006B070BD00BFD044002068EF0100A5
:10AD60001FB50023CDE90233054B01911B680A2171
:10AD70009B6A01AA0348984705B05DF804FB00BF31
:10AD8000D044002068EF0100024B03481B689B6B16
:10AD9000184700BFD044002068EF010010B588B00C
:10ADA000C1F38000ADF80A20C1F340020393C1F360
:10ADB000C00113185B1821D01C1D8DF81040002411
:10ADC0008DF811404BF69B04ADF81240EA24ADF823
:10ADD00014401AB303228DF81620072230B1022442
:10ADE000501C20326A4402F8104CC2B221B1012139
:10ADF00020326A4402F8101C0633DBB2ADF808308A
:10AE0000074B04AA1B6801920B219B6A01AA054803
:10AE10009847003818BF012008B010BD0622DDE7B2
:10AE2000D044002068EF0100A1F10B030F2B10B5F7
:10AE300012D80A4B0B4403F80B2C094B1888884294
:10AE400001D0002010BD074B1B685C69FFF768F953
:10AE500001460548A047F4E70720F3E78A7400207D
:10AE600040740020D044002068EF010008B5184667
:10AE700002991368024A0BF069FB0C2008BD00BF61
:10AE800029170200024A107008B9FFF751BB70473A
:10AE90001D750020014B1878704700BF1D750020FC
:10AEA000034B1B780BB1FFF7EDBC0D20704700BFC3
:10AEB0001D7500202DE9F04304464B4F87B0DFF8A5
:10AEC0003881A3685B6C002B7FD1A3681B6C002BBF
:10AED00040F08380A3685B6BFBB94FF000093868D2
:10AEE00005A9C2690BF080FF0546002848D0A36879
:10AEF00005999B69002B38D00246204698470646A4
:10AF0000002835D0314638680BF08BFFAE424FF049
:10AF10000109E4D00CF03FFD03E0204698470028EB
:10AF2000DBD1A3685B6A1BB1204698470028C8D0D4
:10AF30002E4DD5E8AF9FB9F1010FC0D1DFF8BC802D
:10AF4000B8F80060002E30D0A368294D5B692968ED
:10AF500043B33246204698472B6803442B60B8F829
:10AF600000301B1AA8F80030A9E76FF05706C9E7B0
:10AF7000014638680BF055FFB9F1000FD1D0C9E791
:10AF800003460222CDE901081A4900900EF0B1FBF8
:10AF9000A3689B69002BEFD0012220460DF113011D
:10AFA0009847E9E76FF05700D6E720460EF09CFB84
:10AFB0002B4643F808690C33D3E8EF2FC3E8E19F31
:10AFC0000029F9D10CF0E7FC79E7204698470028E2
:10AFD0007FF47BAF07B0BDE8F08320469847002898
:10AFE0007FF478AFF6E700BF60020020680200201F
:10AFF000DC4400200CF301004E17020042740020D4
:10B0000037B50C4D286801A9C2690BF03EFF044614
:10B0100030B9EB6813B110F059FDEC6003B030BDEE
:10B020000198A1B210F05BFD214628680BF049FFA2
:10B03000E8E700BF60020020F0B53148314D87B02D
:10B0400068600FF07EFD034650B92F4A2F49CDE9C5
:10B050000102012200900EF04CFB012007B0F0BD70
:10B060006868836823B19B6C13B12A4628499847C6
:10B07000002630460596F8F7F7FF044640B1254B09
:10B080000122CDE901633046334620490096E2E7CC
:10B09000214B0322CDE901031C49034600900EF029
:10B0A00028FB1E4E194F059B68686BB108210EF0F6
:10B0B0002FFB686810210EF02BFB686883689B6A81
:10B0C00003B198470020C9E783681B6D73B1042161
:10B0D00005AA984768B10023CDE9026001223946EC
:10B0E0001846CDE900440EF004FBDCE76FF0570092
:10B0F000F1E7002140F6CD4005F0ECF8D3E700BFC2
:10B10000D8EE010060020020631702000CF301007A
:10B11000B5AE0000791702008E170200BA170200C0
:10B12000F8B5104E104D3388C3B9002401220F4BDF
:10B13000AC60D3E8EF1FC3E8E02F0028F9D10CF092
:10B140002AFC2046F8BD3B686868195D83680134B5
:10B150005B6898473388A342F5D8E6E70024044F9C
:10B16000F8E700BF42740020600200206C0200205B
:10B17000DC440020034610B50120A3B10F4AD2E8F9
:10B18000EF4F002C04D1C2E8EC0FBCF1000FF6D158
:10B1900012D10B4803600B4B19800B4B1B781BB172
:10B1A000FFF7BEFF002010BD52F8040C8368DB6976
:10B1B000002BF7D09847F5E70520F4E76802002058
:10B1C000DC440020427400201E7500200CB40528C9
:10B1D0007FB510D80A4B1A56002A0CDB09AB059331
:10B1E0000393089BD2B20293002319461846CDE977
:10B1F0000033F7F72DFF07B05DF804EB02B070479E
:10B200000F180200F7B5124E124C134D4FF0FF32DB
:10B210004FF0FF33304604F0F5FB4FF4967321787E
:10B220000E4859436F5804313A462944F7F7FAFA61
:10B230002378874203F1010303F00F032370E5D065
:10B240004FF0FF3301A801930EF050F8DEE700BF86
:10B25000D805002020750020E0440020A0570020E1
:10B26000014804F0A9BB00BF900500201FB51C4891
:10B27000F7F77AFA002812DA10F1780F0FD0194B8D
:10B2800003900293002301221846CDE900331649AA
:10B290000EF055FA6FF0050005B05DF804FB134A97
:10B2A00013490F48F7F78CFA002802DA114B039084
:10B2B000E7E700234FF400420F4804F0A3FB002807
:10B2C0004FF0000309DA0D4A1846CDE9013206496C
:10B2D000012200930EF033FADCE71846DCE700BFEA
:10B2E00008EF01002418020064F30100900200201E
:10B2F000A0570020441802009005002068180200A2
:10B3000030B585B005460C460FF0FBFC38B3184944
:10B3100018480B7800785A1C02F00F0290420DD1A9
:10B32000154B01220293002314491846CDE900333E
:10B330000EF005FA4FF0FF3005B030BD0A704FF443
:10B34000967253430E482246C4500433294618448B
:10B3500010F0A1F80B4804F02FFB2046ECE7224642
:10B3600029460948F7F75EFA40EAE070E4E700BFD3
:10B370001F750020207500208418020064F301006E
:10B38000E0440020D8050020A05700207FB50BAB7B
:10B3900005930393054B0122029300231846CDE940
:10B3A0000033F7F755FE07B05DF804FBF318020011
:10B3B0000122034B83F8142502480FF0BEBC00BFE6
:10B3C000A8570020C05C002010B504464FF0FF32A3
:10B3D0004FF0FF33094804F007FA28B13C21084B2D
:10B3E000084A094805F084FA084B1A68013203D06C
:10B3F0003F21074B034AF4E71C6010BDC05C0020EE
:10B40000B0190200A71A020011190200A8020020B8
:10B410007F19020030B5044685B060B3431C2DD0BF
:10B420004FF4004540F2E73000214FF47A720023D8
:10B43000E4FB0501F4F790FE02460B46124804F0C7
:10B44000E1FAF0B1114B0122029300231049184692
:10B45000CDE900330394FFF799FF4FF0FF320D4B16
:10B460001A600D4804F03AFA60B15C210B4B0C4AAB
:10B470000C4805F03DFA00221346DFE74FF0FF329B
:10B48000FAE7094805B030BDA8050020F31802000E
:10B490006CF30100A8020020C05C0020A919020082
:10B4A000741A020011190200A857002008B50A4BAF
:10B4B000984205D06D21094B094A0A4805F018FA4F
:10B4C000012380F81435084804F008FA18B17421F3
:10B4D000064B034AF1E708BDA8570020B91902003E
:10B4E0004B1A020011190200C05C0020B0190200C2
:10B4F00038B5134D14462B68834220D1114B93F875
:10B50000140528B97D21104B104A114805F0F0F9B7
:10B51000002083F814054FF0FF30B2F5A26F2860C9
:10B5200003D982210B4B094AEFE718460FF0B3FF0E
:10B53000C0F810450848BDE8384004F03DBA38BDB1
:10B54000A8020020A8570020DC190200171A0200E8
:10B5500011190200ED190200A80500202DE9F04F95
:10B56000B2F5004F87B081460C4615469846109EAE
:10B57000C0F02F820CF08CF916234FF0FF370360D8
:10B58000B0E1533A252AF5D801A353F822F000BFC1
:10B59000FBB6000051B90000E7B7000075B5000028
:10B5A00075B5000033B7000075B5000075B5000033
:10B5B00075B5000075B5000075B5000075B50000E3
:10B5C00075B5000075B5000075B500005DB60000EA
:10B5D000E5B6000093B8000083B7000075B5000021
:10B5E00075B5000075B50000B1B7000075B5000075
:10B5F00075B5000017B7000075B5000075B50000FF
:10B6000075B5000075B5000075B5000075B5000092
:10B61000FBB6000051B9000075B5000075B500001B
:10B6200075B5000033B70000433A092AA2D801A338
:10B6300053F822F0E5B6000093B800005BB70000B5
:10B6400075B5000075B5000075B5000075B5000052
:10B6500075B5000075B5000017B7000033681A1DF6
:10B6600032601A681DB90CF013F98B2385E722B1FB
:10B670002378003B18BF0123137001370134013DCB
:10B6800040460EF0AEF8804698F80020002A00F000
:10B690002981292A00F02681782A3FF66BAF522AA9
:10B6A0003FF66FAF4C2A3FF665AF422ABCD82E2A30
:10B6B000E6D0362A7FF45EAF0F2DD4D9336804F17B
:10B6C0001002191D31601B68B9F1000F41D02BB178
:10B6D00054F8041B944243F8041BF9D11446103764
:10B6E000103DCDE733681A1D32601B68002DBAD0BB
:10B6F000002BC2D022781A70BFE73368012D03F106
:10B70000040232601B68AED90BB122881A8002375E
:10B710000234023DB4E73368032D03F104023260C2
:10B720001B68A0D90BB122681A6004370434043DA9
:10B73000A6E73368072D03F1040232601B6892D933
:10B740001BB121686268C3E9001208370834083D5C
:10B7500096E7002BC2D01C60C0E7072D83D9336861
:10B760001A1D32601B68B9F1000F06D0002BECD017
:10B7700022681A6062685A60E7E7002BE5D01C6017
:10B78000E3E7052D7FF66FAF33681A1D32601B6843
:10B79000B9F1000F08D01BB122681A60A2889A8004
:10B7A00006370634063D6BE7002BF9D01C60F7E73F
:10B7B000336829461A1D32601A6820460DF0CFFF03
:10B7C0003AB11268844B9A4203D90CF061F82223F3
:10B7D000D3E6002840F386808542C0F28380074488
:10B7E00004442D1A4CE7002D3FF43DAF0023E25CEA
:10B7F0009A46013332B90AF1010A5545FFF433AFD5
:10B8000020461DE09D42F2D1AA46F4E7180618D55D
:10B8100059067FF5AFAE980629D5D90629D51B075D
:10B820003FF5A8AE032304E001F0C00180297FF4B6
:10B83000A1AE013BDBB2FF2B104612F8011BF3D186
:10B84000024612F8013B002BE0D133681A1D32602A
:10B85000B9F1000F18D01A4652F8080B32605B6835
:10B8600068B19A4507D90CF013F80C2385E601233B
:10B87000DFE70223DDE7524621460FF00CFE574476
:10B880005444A5EB0A05FBE61B68002BF7D01C60AF
:10B89000F5E70023ADF81630336840461A1D3260D4
:10B8A0001A4652F808BB3260D3F804A00DF099FF95
:10B8B00098F800200378642A02D0BBB1292B15D058
:10B8C00029460DF116032046444A0DF0B3FF002827
:10B8D000034604EB000105DD40F21352BDF81600EB
:10B8E000904207D9384607B0BDE8F08F21460023C3
:10B8F000ADF81650BDF81620D018A8423FF7B3AEE9
:10B90000B9F1000F12D0BAF1000F3FF433AEDAF8FC
:10B9100000009042FFF42EAE584603930FF0BBFD9B
:10B92000039BBDF81620CAF8002007E0BBF1000F0A
:10B9300001D0CBF80010BAF1000FF2D1BDF81620FB
:10B9400013449AB217FA83F714FA83F4AD1A97E600
:10B9500000234046ADF816300DF043FF98F8002064
:10B960000378742A02D063B3292B2AD029462046B3
:10B970001A4A0DF116030DF05DFF0028824604EB14
:10B980000001AFDD40F21353BDF816209A42A9D84A
:10B99000BDF8162002EB0A03AB423FF764AE00206D
:10B9A000009608F10203FFF7D9FD0028FFF65BAE11
:10B9B000BAF1000F0BD0BDF816309A441FFA8AF086
:10B9C0000DE721464FF0000AADF81650E0E780B2CF
:10B9D00005E7002758E600BFFEFF1F000E1E02000D
:10B9E000B1F5004F2DE9F74F05460C4690461F462E
:10B9F00009D30BF04DFF16234FF0FF36036030469E
:10BA000003B0BDE8F08F002808BF0024002698F896
:10BA10000030002BF3D0292BF1D0782BE9D8522B12
:10BA20001ED84C2BE5D8422B6CD82E2B00F09280E0
:10BA3000362BDED13B680F2C03F104023A6006F18D
:10BA4000100640F294812A461B6803F1100153F856
:10BA5000040B8B4242F8040BF9D11035103C79E00D
:10BA6000533B252BC5D801A252F823F06FBB000031
:10BA700001BD000069BC0000F3B90000F3B900008B
:10BA8000B9BB0000F3B90000F3B90000F3B900003E
:10BA9000F3B90000F3B90000F3B90000F3B90000F6
:10BAA000F3B90000F3B900003DBB00005FBB00002C
:10BAB0009FBC0000F9BB0000F3B90000F3B900001F
:10BAC000F3B9000043BC0000F3B90000F3B9000073
:10BAD00091BB0000F3B90000F3B90000F3B9000016
:10BAE000F3B90000F3B90000F3B900006FBB000028
:10BAF00001BD0000F3B90000F3B90000F3B9000084
:10BB0000B9BB0000433B092B3FF673AF01A252F8CB
:10BB100023F000BF5FBB00009FBC00001FBC000003
:10BB2000F3B90000F3B90000F3B90000F3B9000065
:10BB3000F3B90000F3B9000091BB00003B68013687
:10BB40001A1D3A6034B11B68003B18BF012305F889
:10BB5000013B013C40460DF044FE804657E73B6800
:10BB600001361A1D3A60002CF4D01B68EFE73B68E1
:10BB7000012C03F104023A6006F1020640F2F7805C
:10BB80001B68023CC3F307226A7005F8023BE1E739
:10BB90003B68032C03F104023A6006F1040640F20C
:10BBA000E6801B68043C1A0EEA701A0CAA701A0A86
:10BBB0006A7005F8043BCDE73B68072C03F10703E7
:10BBC00023F0070303F108023A6006F1080640F289
:10BBD000CE80D3E90023190EE971190CA9712B71DC
:10BBE000190A130EEB70130CAB70130A69716B70AA
:10BBF00005F8082B083CADE73B68052C03F104026F
:10BC00003A6006F1060640F2B2801B6806351A68F3
:10BC1000063C45F8062C9B8825F8023C9AE73B68D1
:10BC2000072C03F104023A6006F1080640F29F80F7
:10BC30001A680835136845F8083C536845F8043C11
:10BC4000D8E73B681A1D3A601A684A4B9A423FF699
:10BC5000D0AE214628460DF0AEFD84420644C0F227
:10BC600086800544241A75E73B681A1D3A60D3F8AC
:10BC700000A0BAF1000F0DD05046F4F775FF00F1A7
:10BC800001094C454E4472D34A46514628460FF0AE
:10BC900002FC31E04FF00109DFF8E0A0F1E73B687A
:10BCA00040461A1D3A601A4652F808AB3A60D3F87B
:10BCB00004900DF096FD98F800200378642A02D0D5
:10BCC000ABB1292B13D04B46214628462A4A0DF00A
:10BCD000C3FD00287FF78DAE00EB09039C421E4494
:10BCE00045D30544241ABAF1000FCDD104E04C45E8
:10BCF0004E443CD3002DF6D14D44A4EB090429E772
:10BD000040460DF06EFD98F8013090F80090282B19
:10BD10007FF46FAE00213B6808F1020A019352469E
:10BD200001AB0846FFF75CFE98F800308346742BA1
:10BD300005D0B9F1000F18D0B9F1290F15D021465F
:10BD40005B4628460C4A0DF087FD011E7FF751AE79
:10BD50008B44A3455E440ADC0D44641A3B465246BC
:10BD600021462846FFF73CFE7BE70021F0E7002450
:10BD7000F0E600BFFEFF1F000E1E02003B22020085
:10BD80008123802AB2FBF3F310B506D929B97421B7
:10BD9000094B0A4A0A4804F0ABFDC0E9001300232E
:10BDA0001C4642689A4200D810BD03EBC3120A44F5
:10BDB00082F880400133F4E7FA1A0200A81B02005F
:10BDC000371B0200812273B5D0E900534C1BB4FB32
:10BDD000F2F40026A342019605D86521084B094AD2
:10BDE000094804F085FD04EBC41401A825440DF0B6
:10BDF00095FC019885F880600DF09AFC02B070BD4A
:10BE0000861B02009C1B0200371B02002DE9F34138
:10BE100005461430DDF8208016461F4601910DF0CE
:10BE200031FDC8F8000078B13A4631460FF033FBD7
:10BE30004146284601AA0DF0CEFD28B95021044BF9
:10BE4000044A054804F054FD02B0BDE8F08100BF8B
:10BE5000C91B02001D1C0200D01B020000487047D5
:10BE600064650020004870479065002007B50422F3
:10BE70000B490C480DF056FD10230B4A0B490C489A
:10BE80000DF025FDFFF794FAFFF7F0F9002803DA2B
:10BE9000019001A80DF02AFA03B05DF804FB00BF81
:10BEA0008065002090650020D45C0020E4640020C0
:10BEB0006465002000B589B007AB029306AB01931F
:10BEC00005AB0093084A0DF113030DF0B3FC0028F5
:10BED00007DBDDE9061205980DF07CFE09B05DF880
:10BEE00004FB6FF00200F9E73B1C02001FB50024C1
:10BEF00043F636408DF80B40FFF766FA43F63643BB
:10BF000003228021094800940DF0E3FD002805DBA1
:10BF10000DF10B000DF002FE002803DA039003A8D8
:10BF20000DF0E4F99DF80B0004B010BD3F1C0200B9
:10BF30001FB5002443F602408DF80B40FFF744FA8A
:10BF400043F6024303228021094800940DF0C1FD0D
:10BF5000002805DB0DF10B000DF0F7FD002803DADA
:10BF6000039003A80DF0C2F99DF80B0004B010BDBA
:10BF70003F1C0200F0B51F4600230C46164605463E
:10BF800089B043F627408DF81B30FFF71DFA0E9B52
:10BF90000322CDE90373802143F62743CDE9005402
:10BFA000094802960DF095FD002805DB0DF11B00F8
:10BFB0000DF0CBFD002803DA079007A80DF096F9E5
:10BFC0009DF81B0009B0F0BD431C02001FB50446DC
:10BFD0000020FFF7F9F902230322CDE90043802175
:10BFE00043F60C4307480DF074FD002803DB0DF009
:10BFF000C3FD002803DA039003A80DF077F904B01D
:10C0000010BD00BF501C02001FB504460020FFF702
:10C01000DBF902230322CDE90043802143F60D43DF
:10C0200007480DF056FD002803DB0DF0A5FD0028A4
:10C0300003DA039003A80DF059F904B010BD00BF56
:10C04000501C02001FB504460020FFF7BDF908236D
:10C050000322CDE90043802143F60E4307480DF04B
:10C0600038FD002803DB0DF087FD002803DA03907C
:10C0700003A80DF03BF904B010BD00BF501C020036
:10C080001FB504460020FFF79FF943F60F43032234
:10C090008021084800940DF01CFD002803DB0DF002
:10C0A0006BFD002803DA039003A80DF01FF904B01C
:10C0B00010BD00BF551C02001FB504460020FFF74D
:10C0C00083F943F6104303228021084800940DF0C1
:10C0D00000FD002803DB0DF04FFD002803DA03907C
:10C0E00003A80DF003F904B010BD00BF551C0200F9
:10C0F0001FB504460020FFF767F943F60B43032200
:10C100008021084800940DF0E4FC002803DB0DF0CA
:10C1100033FD002803DA039003A80DF0E7F804B01C
:10C1200010BD00BF5A1C0200F0B50F461E4600238A
:10C1300089B0044643F620408DF81B301546FFF7C2
:10C1400043F9002F0CBF022308239DF83820CDE9C6
:10C150000135CDE9036243F62043032280210A48DA
:10C1600000940DF0B6FC002805DB0DF11B000DF06E
:10C17000ECFC002803DA079007A80DF0B7F89DF84B
:10C180001B0009B0F0BD00BF5F1C020070B50023AA
:10C190000E4686B0044643F621408DF8133015460E
:10C1A000FFF712F9002E0CBF022308230322CDE96A
:10C1B0000135802143F62143094800940DF089FCA4
:10C1C000002805DB0DF113000DF0BFFC002803DA99
:10C1D000059005A80DF08AF89DF8130006B070BD13
:10C1E000661C02001FB504460020FFF7EDF843F679
:10C1F000074303228021084800940DF06AFC0028C0
:10C2000003DB0DF0B9FC002803DA039003A80DF05E
:10C210006DF804B010BD00BF551C0200002330B5FE
:10C220000D4685B0044643F608408DF80B30FFF705
:10C23000CBF8002D0CBF022308230322CDE90043D5
:10C24000802143F6084309480DF043FC002805DB34
:10C250000DF10B000DF079FC002803DA039003A820
:10C260000DF044F89DF80B0005B030BD501C0200E5
:10C27000002330B50D4685B0044643F609408DF8DD
:10C280000B30FFF7A1F8002D0CBF02230823032277
:10C29000CDE90043802143F6094309480DF019FC1C
:10C2A000002805DB0DF10B000DF04FFC002803DA30
:10C2B000039003A80DF01AF89DF80B0005B030BDEF
:10C2C000501C02001FB504460020FFF77DF843F61E
:10C2D0000A4303228021084800940DF0FAFB00284D
:10C2E00003DB0DF049FC002803DA039003A80CF0EF
:10C2F000FDFF04B010BD00BF551C02001FB5044671
:10C300000020FFF761F843F6044303228021084828
:10C3100000940DF0DEFB002803DB0DF02DFC00285F
:10C3200003DA039003A80CF0E1FF04B010BD00BFD6
:10C330005A1C02001FB5002343F603400DF10B0405
:10C340008DF80B30FFF740F843F6034303228021BA
:10C35000094800940DF0BDFB002804DB20460DF0D9
:10C36000DDFB002803DA039003A80CF0BFFF9DF863
:10C370000B0004B010BD00BF3F1C02001FB500241D
:10C3800043F611408DF80B40FFF71EF843F61143BA
:10C3900003228021094800940DF09BFB002805DB57
:10C3A0000DF10B000DF0D1FB002803DA039003A878
:10C3B0000CF09CFF9DF80B0004B010BD3F1C020068
:10C3C0001FB50023044643F614408DF80B30FEF7EA
:10C3D000FBFF43F61443032280210A4800940DF02A
:10C3E00078FB002805DB0DF10B000DF0AEFB0028FB
:10C3F00003DA039003A80CF079FF9DF80B0004B05A
:10C4000010BD00BF4B1C020030B5002305468DB0A7
:10C410000C468DF82730FFF725FD29460AAA0DF0B6
:10C420008BFA1C4B002C08BF1C4678B343F61C400B
:10C43000FEF7CAFF2B7803220433CDE905530A9B8C
:10C440008021049394F9033013480393A378029353
:10C45000637801932378009343F61C430DF039FB76
:10C46000041E09DB0DF127000DF06FFB041E03DB3A
:10C470009DF827000DB030BDFFF7F4FC0A990DF0D0
:10C4800073FA0BA80B940CF031FFF1E76FF008047E
:10C49000F7E700BFCA1C02006C1C020030B5002385
:10C4A00005468DB00C468DF82730FFF7DBFC29469A
:10C4B0000AAA0DF041FA1D4B002C08BF1C460028AB
:10C4C00031D043F61B40FEF77FFF2B780322043365
:10C4D000CDE906530A9B8021059394F90430144852
:10C4E0000493E3780393A37802936378019323780A
:10C4F000009343F61B430DF0ECFA041E09DB0DF12B
:10C5000027000DF022FB041E03DB9DF827000DB071
:10C5100030BDFFF7A7FC0A990DF026FA0BA80B9483
:10C520000CF0E4FEF1E76FF00804F7E7C51C020029
:10C53000791C0200F0B505461E46002391B08DF827
:10C5400037301746169CFFF78DFC29460EAA0DF0D2
:10C55000F3F91F4B002C08BF1C46002835D043F6CA
:10C560002540FEF731FF2B78CDE906760433CDE97F
:10C5700009530E9B0322089394F9053080210593FB
:10C58000237914480493E3780393A37802936378A0
:10C5900001932378009343F625430DF09AFA041E85
:10C5A00009DB0DF137000DF0D0FA041E03DB9DF816
:10C5B000370011B0F0BDFFF755FC0E990DF0D4F91E
:10C5C0000FA80F940CF092FEF1E76FF00804F7E764
:10C5D000BF1C0200871C02001FB50446FFF73EFC8B
:10C5E000214602AA0DF086F930B96FF007000390DA
:10C5F00003A80CF07BFE18E00020FEF7E5FE029B8E
:10C6000003220093802143F61A4309480DF061FA92
:10C610000028ECDBFFF722FC21460DF073F900281F
:10C62000E3D00DF0A9FA0028E1DB04B010BD00BF93
:10C630004B1C02001FB504460020FEF7C5FE43F662
:10C64000064303228021084800940DF042FA002896
:10C6500003DB0DF091FA002803DA039003A80CF035
:10C6600045FE04B010BD00BF971C020030B5002489
:10C6700085B043F61F400294FEF7A6FE009443F6F1
:10C680001F430322802110480DF023FA041E10DB03
:10C690004FF4FA70FEF7BEFE054688B1D0F81015CB
:10C6A00002AA00F041F904462846FEF7FFFE002CDE
:10C6B00003DA03A803940CF019FE029805B030BD0C
:10C6C0006FF00404F5E700BF3F1C020000220023C6
:10C6D00030B543F6224087B0CDE90423FEF774FE5F
:10C6E000002303220093802143F6224310480DF0DB
:10C6F000F0F9041E10DB4FF4FA70FEF78BFE0546CE
:10C7000090B1D0F8101504AA00F01CF90446284690
:10C71000FEF7CCFE002C03DA03A803940CF0E6FD30
:10C72000DDE9040107B030BD6FF00404F4E700BF99
:10C730003F1C02001FB504460020FEF745FE43F6ED
:10C74000294303228021084800940DF0C2F90028F3
:10C7500003DB0DF011FA002803DA039003A80CF0B4
:10C76000C5FD04B010BD00BF4B1C02001FB5044640
:10C770000020FEF729FE4FF4715303228021084860
:10C7800000940DF0A6F9002803DB0DF0F5F9002860
:10C7900003DA039003A80CF0A9FD04B010BD00BF9C
:10C7A0004B1C020010B5002304468AB043F62A4011
:10C7B0008DF82330FEF708FE237D032207932369BB
:10C7C00080210693E3681048059309230493A36826
:10C7D000039323790293102301932368009343F674
:10C7E0002A430DF076F9002805DB0DF123000DF04A
:10C7F00095F9002803DA099009A80CF077FD9DF857
:10C8000023000AB010BD00BF9C1C0200002310B51D
:10C81000044686B043F62B408DF81330FEF7D4FD66
:10C8200009230293636803220193237880210093F4
:10C830000A4843F62B430DF04CF9002805DB0DF1B7
:10C8400013000DF06BF9002803DA059005A80CF031
:10C850004DFD9DF8130006B010BD00BFAC1C0200DA
:10C860001FB504460020FEF7AFFD43F62C4303221C
:10C870008021084800940DF02CF9002803DB0DF00E
:10C880007BF9002803DA039003A80CF02FFD04B015
:10C8900010BD00BFB51C020030B50C46054685B082
:10C8A0000020FEF791FD43F63F4303228021CDE9AE
:10C8B000005407480DF00DF9002803DB0DF05CF97A
:10C8C000002803DA039003A80CF010FD05B030BD7A
:10C8D000BA1C020008B51346044A0CF0ABFF00284E
:10C8E000B4BF6FF00200002008BD00BF411C020071
:10C8F00008B51346044A0CF09DFF0028B4BF6FF042
:10C900000200002008BD00BFAA1C020008B51346A3
:10C91000044A0CF08FFF0028B4BF6FF00200002023
:10C9200008BD00BF3D0F020008B51346044A0CF0D5
:10C9300081FF0028B4BF6FF00200002008BD00BFD7
:10C94000491C020008B51346044A0CF073FF002886
:10C95000B4BF6FF00200002008BD00BF6D200200D0
:10C9600070B59CB00EAB01930DAB0093B24A0CAB0B
:10C970000CF060FF00280FDB43F623430C9898422D
:10C980004FD843F61343984209D8002853D0A0F556
:10C990007053013B122B2BD96FF0020002E1A0F57E
:10C9A0007053143B0F2BF7D801A252F823F000BFAD
:10C9B00037CA000061CA00007BCA00009BCA0000A1
:10C9C00017CC00005DCC000099C9000037CA0000F8
:10C9D00037CA0000F1CA0000A9CB000037CA000026
:10C9E00037CA000037CA000037CA000037CA000043
:10C9F0000122924902FA03F40C401CD1122B20D0E0
:10CA0000112BC9D18E4A16ABDDE90D018DF85840C6
:10CA10000CF010FF0028BFDB9DF85800FCF7D2FC9B
:10CA20000DE0A0F57053253B192BB5D8854A22FAA5
:10CA300003F3DB07B0D5DDE90D12FEF759FD002049
:10CA4000B0E08DF8582016AB7F4ADDE90D010CF0FF
:10CA5000F1FE0028A0DB9DF85800FCF7BDFCEEE7D6
:10CA6000794A16ABDDE90D010CF0E4FE002893DBFA
:10CA70009DF85800FCF7BAFCE1E70123DDE90D0160
:10CA80008DF85830704A16AB0CF0D4FE002883DBCA
:10CA90009DF85800FCF7C0FCD1E716AB049311AB2E
:10CAA000039310AB029314AB019313AB0093674A4B
:10CAB00012ABDDE90D010CF0BDFE0028FFF66CAFF6
:10CAC000FFF7CCF9DDE9121215AB0093149B043B80
:10CAD000FFF79CF9002863D0DDE916239DF940108B
:10CAE000CDE9002315989DF84420FCF7BDFBA6E78F
:10CAF0000021DDE90D5616AC1822204615910EF0E6
:10CB000004FD11AB0A9318AB099310AB08931AAB51
:10CB100007930DF1660306930DF16503059319ABB9
:10CB200004930DF15903CDE9024312AB019314AB09
:10CB3000284600933146464A0FAB0CF07BFE002896
:10CB4000189DFFF629AFFFF78DF90F9913AA0CF086
:10CB5000FFFE10B96FF0070024E0119B042B13D1E6
:10CB6000FFF780F90F990CF0FFFE0028F2D0DDE905
:10CB70001301129A043A0EF08EFC159B214613986D
:10CB80001893FCF7E9FB5AE7FFF768F915AB009338
:10CB9000119B2A461099043BFFF738F90028DFD192
:10CBA0006FF008001CB070BD16AC1822DDE90D5600
:10CBB000002120460EF0A9FC0DF15903CDE90343F5
:10CBC00011AB029315AB019313AB0093314628468A
:10CBD000204A12AB0CF02EFE0028FFF6DDAEFFF768
:10CBE00041F9129914AA0CF0B3FE0028B2D0FFF755
:10CBF00039F912990CF0B8FE0028ABD0DDE913101A
:10CC0000159A043A0EF047FC22469DF844101498F9
:10CC1000FCF7C8FB13E716AB00930F4A15ABDDE931
:10CC20000D010CF007FE0028FFF6B6AE16999DF830
:10CC30005400FCF757FB02E73C1C0200970101007F
:10CC4000AA1C02006F7FB2023D0F0200CE1C020040
:10CC5000D71C0200E81C0200481C020016AB00931F
:10CC60000A4A15ABDDE90D010CF0E4FD0028FFF6E2
:10CC700093AE159800283FF48FAE0278169B9A4227
:10CC80007FF48AAEFCF75EFBD9E600BF301D0200E0
:10CC90004FF47F03D3F83021D3F83431072A05D17C
:10CCA000023B032B02D8024AD05C70470020704739
:10CCB000F91C020008B5FFF7EBFF58B1694BD3F838
:10CCC000202A3AB90D21C3F8201A0121C3F81C19F2
:10CCD000C3F81C290022D30003F57F03D3F8001307
:10CCE000013107D0D3F800130132D3F80433202ADE
:10CCF0000B60F0D1FFF7CCFF002840F0AA80FFF7CF
:10CD0000C7FF40B1584B594AC3F830254FF0502364
:10CD10000122C3F858254FF47F03D3F83021D3F80C
:10CD20003431072A09D1023B032B06D8504AD35C81
:10CD30001BB100224F4BC3F84C25FFF7A9FF50B1A0
:10CD40004FF05023D3F80024D10742BF0022C3F88C
:10CD50001421C3F818214FF47F03D3F83021D3F8FE
:10CD60003431072A09D14FF05023D3F80024D207D9
:10CD700044BF6FF00102C3F80024FFF789FF18B128
:10CD80006522384BC3F80C274FF47F03D3F83021CA
:10CD9000D3F83431072A16D1364BD3F82034002B80
:10CDA00011DA4FF050230322C3F8182501229A60AC
:10CDB000D3F80421002AFBD00022C3F80421012269
:10CDC000DA60C3F818254FF47F03D3F83021D3F885
:10CDD0003431072A23D1023B032B02D8264AD35CE5
:10CDE000EBB17E221F4B2049C3F80C27C3F83C2926
:10CDF0007F23224AC2F818310023C1F8043EC1F84B
:10CE0000083E01F54821C1F81031C2F82431C2F8BA
:10CE10002C3102F5FF1202F58052C2F8A032184BF5
:10CE20001849D3F88C2042F44062C3F88C2008687B
:10CE3000154AC2F84405C969C2F84C15D3F88820D0
:10CE400042F47002C3F88820BFF34F8FBFF36F8F97
:10CE500008BD2922034BC3F80C270322C3F83C2743
:10CE60004DE700BF00400050009003504400EFBE6B
:10CE7000F51C020000200350F11C020000200050AD
:10CE800000ED00E00080FF000060005070B501255B
:10CE90000268B2FA82F3C3F11F03DBB205FA03F4AE
:10CEA00022EA0404D0E8EF6F964204D1C0E8EC4FC8
:10CEB000BCF1000FF6D1EBD101480B7070BD00BF83
:10CEC0000000AD0B10B50368CB40DB0710D4012385
:10CED0008B40026843EA0201D0E8EF4F944204D14C
:10CEE000C0E8EC1FBCF1000FF6D1F2D1014810BD33
:10CEF0000148FCE70000AD0B0400AD0B044B1A79B0
:10CF000022B9012218601A7102487047024870471E
:10CF1000A46500200000AD0B0C00AD0B08B505208A
:10CF2000F8F722F910B90520F8F7FCF84FF0502275
:10CF30000123C2F81835C2F81435C2F88035014A09
:10CF4000137008BD217500204FF0502310B5D3F8A1
:10CF5000002152B10020C3F80001D3F800210122C2
:10CF6000C3F80823234B1B6898474FF05023D3F88E
:10CF700004218AB10022C3F80421D3F80421D3F894
:10CF80001824D3F8181402F00302012A4FF002010A
:10CF900028D1C3F818159A604FF05023D3F82021F8
:10CFA00062B10022C3F82021D3F820214FF480720F
:10CFB000C3F808230F4B04201B6898474FF05023F9
:10CFC000D3F82421AAB10022C3F82421D3F82421C4
:10CFD0004FF40072C3F80823064B0520BDE810404B
:10CFE0001B681847C3F80813024B01201B689847B9
:10CFF000D2E710BDA465002001460148FFF746BFF7
:10D00000B00200200123044A83400146C2F80835DB
:10D010000248FFF757BF00BF00700150B002002068
:10D0200070B5084C0E462379154643B92A20F8F707
:10D0300079F80123044823712660A56070BD034878
:10D04000FCE700BFAC6500200000AD0B0C00AD0B91
:10D05000002330B50D4A50F8234003F5A271013387
:10D06000102B42F82140F6D10023084A00F13C0180
:10D0700003F5B27451F8045F0133102B42F82450C9
:10D08000F6D1D0F88030C2F8043330BD00A0025091
:10D090000123024A8340C2F80433704700A00250C3
:10D0A0000123024A8340C2F80833704700A00250AF
:10D0B000F8B5012600270B4B0B4DD3F80C4304B9F0
:10D0C000F8BD94FAA4F0B0FA80F006FA00F324EA6E
:10D0D0000304064B82009F502B68002BEFD0A968F9
:10D0E0009847ECE700A00250AC65002000A1025078
:10D0F0000022034BC3F88425C3F80425704700BF02
:10D1000000900350044AD2F80034DB07FBD50160DD
:10D11000BFF35F8F704700BF0090035008B5C0F3A6
:10D120000B0383B90222094BC3F88425C3F80425F5
:10D130004FF0FF320260D3F80024D207FBD5FFF78F
:10D14000D7FF034808BD0348FCE700BF0090035029
:10D150000000AD0B0A00AD0B012208B5054BC3F86A
:10D160008425C3F80425FFF7CDFFBDE80840FFF78D
:10D17000BFBF00BF0090035010B5174C23784BBBC6
:10D180000378164AC3F34003C2F8003B037803F068
:10D190000103C2F804370378DB0710D54FF47F038F
:10D1A000D3F83011D3F83431072908D1023B032BCF
:10D1B00005D80B49CB5C13B10123C2F828370520F1
:10D1C000F7F7D2FF10B90520F7F7ACFF01230548A8
:10D1D000237010BD0448FCE7227500200040005079
:10D1E000121D02000000AD0B0C00AD0B4FF05023E0
:10D1F00010B5D3F8044361070AD5D3F808213AB132
:10D200000022C3F80821D3F80831124B1B68984755
:10D21000A2060CD54FF05023D3F814213AB10020C8
:10D22000C3F81401D3F814310B4B1B6898476306FD
:10D230000FD54FF05023D3F8182152B10022C3F874
:10D240001821D3F81831044B0120BDE810401B68A9
:10D25000184710BDBC650020B865002070B500F00F
:10D260006044B4F1005F68D1840766D1354D95F80C
:10D270003040012C01D09C4261D12C6804BB022BB0
:10D28000314B0BBFC3F81025C3F80425C3F81405B0
:10D29000C3F808050BBFC3F81815C3F80C1508220E
:10D2A00004220021C3F8001102F1A043012203F57A
:10D2B0002C331A60244AD2F80031002BFBD00DE049
:10D2C000AE68214C66B1022BE8606961EA612DD13C
:10D2D000C4F81025C4F81405C4F818151B4870BD0F
:10D2E000022B85F830302961AA61A8600CBFC4F810
:10D2F0001025C4F804254FF000020BBFC4F8140534
:10D30000C4F80805C4F81815C4F80C1508BF08239C
:10D310000D4918BF0423C1F80021012203F1A043E5
:10D3200003F52C33C1F804231A60D7E7C4F80425A9
:10D33000C4F80805C4F80C15D0E70548CFE7054840
:10D34000CDE700BFC065002000B002500000AD0B6B
:10D350000A00AD0B0B00AD0B38B54CF25034064D46
:10D36000D5F8003133B90A200CF03FFC013CF7D16D
:10D37000024838BD0248FCE700B002500700AD0B80
:10D380000000AD0B084B9A685A621A699A629A6952
:10D39000DA62DA689A6032B15A691A61DA699A61B6
:10D3A0000022DA6070477047C065002010B50A4A55
:10D3B0000A4C00F01F034009012818BF224602EB67
:10D3C0008302D2F8003203F0E04343EA012343F042
:10D3D0000203C2F8003210BD00288450002584509A
:10D3E00010B50E4B0238D3F83C26D3F83836072850
:10D3F00013D8DFE800F0110F0D0B0A080604100E19
:10D40000C871100C8871100A48710A711A0ECA701E
:10D410001A0C8A701A0A4A700B7010BD00B00250C4
:10D42000023807281FD8DFE800F02927251123211B
:10D430001F04CB791B068A7943EA02434A7943EAFF
:10D4400002230A7913430E4AC2F83C36CB781B06F6
:10D450008A7843EA02434A7843EA02230A7813436C
:10D46000074AC2F8383670470023E4E70023E5E7AF
:10D470000023E6E70023EBE70023ECE70023EDE7DA
:10D4800000B002502DE9F0416D4D044695F8303062
:10D490000E461746002B40F0CE80C27C12B1037DB1
:10D4A000002B6CD12079FF2800F0C8806379FF2B16
:10D4B00000F0C480A379FF2B00F0C080E179FF2940
:10D4C00000F0BC806368DFF88CC123F07F436345C4
:10D4D00040F0B4800E2940F0B180237AFF2B02D0B7
:10D4E0000F2B40F0AB80637AFF2B02D0102B40F063
:10D4F000A580B2B90321FFF759FF6079FFF756FF06
:10D50000A079FFF753FFE079FFF750FF207AFF285B
:10D5100001D0FFF74BFF607AFF2802D00321FFF70D
:10D5200045FF237D5BBB2379FF2B14BF1A464FF0C9
:10D53000FF32444BC3F824256279FF2A08BF4FF01D
:10D54000FF32C3F82825A279FF2A08BF4FF0FF3227
:10D55000C3F83025E279FF2A08BF4FF0FF32C3F845
:10D560003425227AFF2A08BF4FF0FF32C3F838254E
:10D57000627AFF2A08BF4FF0FF32C3F83C2501232F
:10D580000022DFF8C080C8F80833C8F80021C8F8C6
:10D590000030FFF7E1FE2C4B98424DD02368C8F8CD
:10D5A0004035237BE17AA27A9B0143EAC10313430E
:10D5B000627B43EAC213C8F84435627CD8F844352C
:10D5C000A2BB43F440331F49C1F844354FF4C06354
:10D5D000C1F84036D1F80026A37B22F07F4222F02A
:10D5E000FF021343E27B43EA0263227C43EA426385
:10D5F000627C43EA0273C1F80036E37CC5E9006748
:10D6000085F8313016B12B20F7F78CFD002101226F
:10D61000C5E902110B4B85F83020C3F80025C3F88B
:10D6200000111A60BDE8F041FFF796BE23F4003305
:10D6300043F48033C7E70548BDE8F0810448FBE7C1
:10D64000C065002000B002500700AD0B0500AD0B17
:10D650000400AD0B11120D002DE9F04115461F4AD3
:10D66000044692F83020012A35D111B14078FFF7F5
:10D67000D7FE012300271A4EDFF86880C6F808336A
:10D68000C6F800713360FFF767FE404502D11548C8
:10D69000BDE8F081C6F80071A37862781B0343EA05
:10D6A000022322781343E27843EA4233227943EAA1
:10D6B0008233627943EAC233C6F83436FFF74CFE50
:10D6C0004045E4D0C6F800711DB129466078FFF7E7
:10D6D00087FE0548DCE70548DAE700BFC0650020A3
:10D6E00000B002500700AD0B0000AD0B0B00AD0BFE
:10D6F0001FB500230C4A02A802920DF10702114641
:10D700008DF80730ADF80C30FFF7A6FF074B9842B5
:10D7100006D19DF8073013F0010F054B18BF1846CE
:10D7200005B05DF804FB00BF050200010000AD0B71
:10D730000B00AD0B2DE9F8432B20F7F701FD214B32
:10D74000214ED3F8342602F44032B2F5803F04BFB4
:10D750001E4AC3F834260122C3F808231A610022A6
:10D76000C3F80025C3F8002196F8312022BBD3F876
:10D770002405D3F82895C0B2D3F83085D3F8347592
:10D78000D3F83855D3F83C450CF065FB5FFA89F0C7
:10D790000CF061FB5FFA88F00CF05DFBF8B20CF066
:10D7A0005AFBE8B2FF28E4B201D00CF054FBFF2C86
:10D7B00002D020460CF04FFB002386F83030BDE845
:10D7C000F88300BF00B00250C065002000010300D4
:10D7D0008B0721D1124A13681BB192F83030012B0C
:10D7E0001CD1042382F830300E4BC3F81C150021E5
:10D7F000C3F82005C3F800110121D960106840B9B1
:10D80000D3F800110029FBD0012382F830300648FC
:10D810007047C3F80413FAE7044870470448704798
:10D82000C065002000B002500000AD0B0A00AD0B37
:10D830000B00AD0B10B5174BD3F80021E2B100225D
:10D84000154CC3F8002194F83020032A15D0042A7F
:10D8500015D0022A04D1012384F82030FFF792FD6D
:10D86000A36813B9012384F83030D4E900310020D3
:10D870009847002384F8203010BD0223ECE70322F0
:10D8800084F82020D3F81C256262D3F8203584F870
:10D890002830E5E700B00250C0650020054B10F0CD
:10D8A000800FA3F1900208BF134600F00F0003EBB6
:10D8B000001070479C670020002307B5064A01A8A6
:10D8C0001370064A137001230193054B1B68984798
:10D8D00003B05DF804FB00BF25750020247500200F
:10D8E0003468002013B5194BD3F80044C3F8004442
:10D8F000E105D3F8003408D50122154B01A81A70B0
:10D9000002230193134B1B689847A20508D50022F8
:10D910000F4B01A81A70032301930E4B1B68984705
:10D92000630510D50A4B1A786AB100221A700122D9
:10D93000064B01A8C3F808259A659B6D0423019343
:10D94000044B1B68984702B010BD00BF0060035035
:10D950002575002034680020F8B54B6806469A42C9
:10D9600028BF1A4615460C46084F4023384609681A
:10D970000DF09EFDC6E9007560682368401B2B44CE
:10D9800060602360003818BF0120F8BDF4650020F6
:10D9900070B54B6806469A4228BF1A460D46144693
:10D9A00092B14023096809480DF082FD074BC6E992
:10D9B00000346B68201EA3EB04036B602B6818BF58
:10D9C000012023442B6070BD1346F0E7F46500206E
:10D9D000002307B58DF804300B4B01A8D3F82025A0
:10D9E000ADF80620D3F8C034084A002B14BF4FF01E
:10D9F00001214FF4807113680B431360044B1B68C3
:10DA0000984703B05DF804FB0060035030680020C5
:10DA100034680020044BD3E8EF1F0140C3E8E21F45
:10DA2000002AF8D1704700BF2C680020002208B5FA
:10DA30000B4B01461A70FFF731FF837B032B0AD192
:10DA400008460CF054FA012303FA00F0C043BDE885
:10DA50000840FFF7DFBF0368002BF1D008BD00BF0F
:10DA6000237500200022084B1A70084B93F89E2063
:10DA7000032A03D16FF00100FFF7CCBFD3F8903039
:10DA8000002BF7D0704700BF237500200C670020E3
:10DA9000012273B502FA01F51C4910F0800F0B68E2
:10DAA000044643EA05031A4E0B6024D0194B00F0DC
:10DAB0000F0233F8123003F1A04303F558331A680C
:10DAC00032B1002280281A601B6811D0FFF7AEFF28
:10DAD00033682B400AD106228DF806408DF80420C9
:10DAE0008DF807300C4B01A81B68984702B070BD39
:10DAF000FFF7B8FFECE733681D42F7D106238DF836
:10DB000006008DF804308DF80720EBE73068002020
:10DB10002C6800203C0002003468002008B5054B4A
:10DB20001A7810460CF0E3F9BDE8084001461046AB
:10DB3000FFF7AEBF2475002007B500220D4B1A7009
:10DB40000D4B93F88E20032A10D0D3F880306BB998
:10DB50006FF08070FFF75EFF06238DF80430082316
:10DB6000ADF80630054B01A81B68984703B05DF877
:10DB700004FB00BF237500200C67002034680020E0
:10DB800007B50022104B1A70104B93F81E21032A80
:10DB900006D16FF4807003B05DF804EBFFF73ABF75
:10DBA000D3F810316BB96FF48070FFF733FF0623A1
:10DBB0008DF804308823ADF80630054B01A81B68AA
:10DBC000984703B05DF804FB237500200C67002024
:10DBD000346800200023024A1360024A1370704721
:10DBE00034680020267500204FF40062134BC3F800
:10DBF0000024D3F800240122C3F80025D3F800251F
:10DC0000D3F800241205FBD54FF40062C3F80024BA
:10DC1000D3F800248022C3F81C25002240F2FF1113
:10DC2000C3F83025064B1960064B1A60064B1A7074
:10DC3000064B1A700222064B1A70704700600350A0
:10DC4000306800202C6800202375002024750020F7
:10DC50002675002000220A4B10B51A70094A0A4B9B
:10DC60000A4C002808BF13463620C4F80433F7F7DF
:10DC700059FA0123C4F80435D4F8043510BD00BFA7
:10DC8000257500200714C0010714E001006003504F
:10DC9000034B1878012894BF00200120704700BF73
:10DCA0002675002010B54FF02003EFF3118183F3A8
:10DCB0001288BFF36F8F0F4B1B7803F0FF0093B1F7
:10DCC0000D4BD3F8002412F400720CD10124C3F8D8
:10DCD0002C45D3F82C45D3F80044A40504D5C3F84B
:10DCE0002C25D3F82C35002081F31188BFF36F8FDA
:10DCF00010BD00BF2575002000600350F8B51C4B17
:10DD00001C7894BB1B4A40F2FF1710600122264684
:10DD10001A7064F07F0514F0080FEDB214BF394695
:10DD2000402128460CF003F92846FFF7B7FD0134DF
:10DD3000092C867306608660EBD1002440F2FF1741
:10DD4000254614F0080FE6B214BF3946402130468C
:10DD50000CF0EDF83046FFF7A1FD0134092C857376
:10DD600005608560EDD10448F8BD0448FCE700BFBC
:10DD700026750020346800200000AD0B0500AD0BB7
:10DD80002DE9F84304464FF02003EFF3118683F3A7
:10DD90001288BFF36F8F10F00F0903D1284B1B7847
:10DDA000834248D1274B284F1A683B68D24320460C
:10DDB00092B21A434FF001080CF099F808FA00F8F3
:10DDC00012EA080F39D12046FFF768FD0C2322061E
:10DDD000054603FB09F32AD50A68886802F0604209
:10DDE000B2F1005F00F001001ED1184A184C002863
:10DDF00008BF2246174803442A6007C983E8070082
:10DE00006B6000234FF48002AB60AB733B68124839
:10DE100043EA08033B60114BC3F8042186F31188E1
:10DE2000BFF36F8FBDE8F8830D4A0E4CDFE70E4A53
:10DE300013440E4AE0E70E48F0E70E48EEE700BF55
:10DE400024750020306800202C680020C59E010049
:10DE5000A39E0100A06600200000AD0B00E100E0E1
:10DE600091D9000059D9000034660020719E01004C
:10DE70000A00AD0B0B00AD0B10F0080F074B06D0DE
:10DE8000D3F8C00410F4803F18BF0020704700F0A2
:10DE90000F0000F5947053F82000704700600350A5
:10DEA0002DE9F04F544E85B03378002B69D1DFF85F
:10DEB0006081524DD8F800402B681C4061D014F0AE
:10DEC000012314BF93FAA3F494FAA4F44FF00109C8
:10DED000B4FA84F409FA04F90F2C6FEA090953D94A
:10DEE000103CE4B22046FFF7D9FC82462046FFF7FB
:10DEF000C3FFDAF8007003468346BAF80C20DAF85C
:10DF0000041002A8B847029B002B49D108B9CAF8EF
:10DF10000000012333702B68039A03EA09032B6086
:10DF2000DAF8083061B213440029CAF8083004F066
:10DF300008050298324B04F00F044EDA002D44D04D
:10DF4000C3F8A006C3F8A4260423012203EB84032C
:10DF500003F1A04303F558331A601B68294A2A4B82
:10DF600013EA210338BF134633F81430244903F170
:10DF7000A04303F558331A681AB9D1F80021002AD2
:10DF8000F9D005B0BDE8F08F44F080042046FFF7DB
:10DF900085FC824603688289416802A89847B5E7F4
:10DFA000039B9B45B2D9022748468AF80E70FFF7BB
:10DFB00031FD06238DF80430144B8DF806401B68A4
:10DFC0008DF8077001A8984774E7142505FB043302
:10DFD000C3F80006C3F80426B6E72DB1C3F8A007BE
:10DFE000C3F8A4272823B0E7142505FB0433C3F89E
:10DFF0000007C3F80427F5E72375002030680020E8
:10E00000006003502A0002003C0002003468002037
:10E010002C68002038B501250E4BD3F86C44C3F8AA
:10E020006C441CB9BDE83840FFF73ABF94FAA4F33A
:10E03000B3FA83F30F2BC8BFA3F110001946D4BF66
:10E0400043F08000C0B205FA03F324EA0304FFF7AB
:10E050001FFDE6E70060035037B50022164B04466B
:10E060001A70FFF71BFC837B032B0DD120460BF0AE
:10E070003EFF012303FA00F0C043FFF7CBFC03B0DF
:10E08000BDE83040FFF70CBF0568002DF7D12046F2
:10E090000BF02DFF012303FA00F0C043FFF7BAFC99
:10E0A00006238DF80430054B8DF806401B688DF86B
:10E0B000075001A89847E2E7237500203468002044
:10E0C000024B40F48070C3F818057047006003509D
:10E0D000020713D400F00F0310F0800F084A0BBFA3
:10E0E00003F5887303F5847302EB830252F823006F
:10E0F00008BF5068431E584258417047002070477F
:10E1000000600350044BC3F80C0540F48070C3F862
:10E110000C05D3F80C3570470060035000230360F2
:10E1200043600E4BD3F880240270D3F884244270ED
:10E13000D3F88824D3F88C1442EA01224280D3F821
:10E140009024D3F8941442EA01228280D3F89824D0
:10E15000D3F89C3442EA0323C38070470060035025
:10E160000122024BDA64DB6C704700BF0060035091
:10E17000002213B5114B1A70114B9A7B032A06D15A
:10E180006FF4803002B0BDE81040FFF743BC1C685C
:10E1900074B96FF48030FFF73DFC06238DF804302E
:10E1A000084BADF806401B6801A8984702B010BDA7
:10E1B00002B0BDE81040FFF7D3BF00BF23750020B9
:10E1C0000C670020346800200122024B1A651B6D89
:10E1D000704700BF006003500122024B5A655B6D1F
:10E1E000704700BF00600350014B1878704700BFB4
:10E1F00024750020024610B54FF02003EFF3118480
:10E2000083F31288BFF36F8F0BF071FE01230D496A
:10E2100003FA00F00B6823EA00030B6012F0080118
:10E220000AD102F00F039B0003F1A04303F558331A
:10E23000C3F8A014D3F8A03484F31188BFF36F8F10
:10E2400010BD00BF30680020F7B501464FF0200335
:10E25000EFF3118583F31288BFF36F8FFFF71EFB77
:10E26000064608460BF043FE012211F0800F02FA29
:10E2700000F22E4819D1036832EA03030AD0084697
:10E28000FFF7B8FF0323B37385F31188BFF36F8FD4
:10E2900003B0F0BD33600368254923EA020303603D
:10E2A0000B6823EA02030B60ECE70B0715D4802907
:10E2B000204B2FD001F00F0404F2DA346400C3F8CD
:10E2C0000048D3F80448D3F80478E4B244F00204D8
:10E2D0003C43C3F80448D3F80438154F04683B683E
:10E2E00064EA030C1CEA020FCED013433B60002308
:10E2F00024EA02040460336003230622B3738DF81A
:10E3000007300D4B8DF804201B688DF8061001A80E
:10E310009847B9E740F2B474C3F80048D3F804480A
:10E32000D3F80478E4B244F00404D1E72C68002068
:10E3300030680020006003503468002073B5144B2F
:10E34000144CD3F880542368134EDA43134B3178BE
:10E350001B68084692B21A430BF0C9FD01238340A3
:10E36000134202D00846FFF76FFF6FF0011025F04F
:10E370007F053570FFF74EFB236801A843F00103CA
:10E38000236005230193064B1B68984702B070BDBC
:10E390000060035030680020247500202C680020A5
:10E3A000346800202DE9F0411A4B0124D3F804030E
:10E3B00000231D4670B94FF00108174F03F4000603
:10E3C00023F40004BCB9FFF76BFD06B3BDE8F041D0
:10E3D000FFF7B4BF90FAA0F2B2FA82F20F499600AA
:10E3E00031440E6804FA02F216B10D600968134355
:10E3F00020EA0200DEE794FAA4F5B5FA85F557F8AD
:10E40000253008FA05F5984724EA0504DAE7BDE85F
:10E41000F08100BF0060035044F701000061035029
:10E420004FF48002F8B51A4B3620C3F88421F6F772
:10E430009BFEB8B10127174E174B34681B68240C9C
:10E4400024041C437CB940F2FF13144D3360362082
:10E45000C5F80445D5F80435F6F772FE4FF0FF33E2
:10E46000C5F80833F8BD94FAA4F5B5FA85F5284641
:10E470000F2DC6BFA5F11000C0B240F08000030709
:10E4800001D4FFF7E1FE07FA05F524EA0504D9E710
:10E4900000E100E0306800202C680020006003509C
:10E4A00008B5FFF7BDFF084BD3F80423C3F80823D2
:10E4B0000022C3F80025D3F80035044B1A7001225E
:10E4C000034B1A7008BD00BF006003502375002085
:10E4D0002675002010B50446FFF7B6FE012304F0B0
:10E4E0000F008340DB430C4A14F0800F15BFD2F8B5
:10E4F0001015D2F814150B400B4015BFC2F810359B
:10E50000C2F81435054B064B1A5C01239340024AAE
:10E51000C2F8083310BD00BF006003501F1D020089
:10E52000161D020010F0800F70B5244904464FF00C
:10E53000010500F00F0312D0214AD25C05FA02F265
:10E54000C1F80423D1F81025DA40D00706D4D1F859
:10E55000102505FA03F31343C1F8103570BD194AAD
:10E56000D25C05FA02F2C1F80423D1F81425DA408E
:10E57000D207F3D4D1F8146505FA03F23243C1F897
:10E580001425002BEAD00307E8D44FF02003EFF363
:10E59000118683F31288BFF36F8FFFF72BFE20469F
:10E5A0000BF0A5FC084A05FA00F0136823EA000303
:10E5B000136086F31188BFF36F8FCFE700600350BD
:10E5C0001F1D0200161D02002C680020030610B556
:10E5D000044605D4FFF77CFD10B12046FFF70AFE84
:10E5E000014BC3F8184510BD006003500722024BD1
:10E5F000C3F80423704700BF007003500722024B8A
:10E60000C3F80823704700BF00700350072208B505
:10E61000044B3720C3F80823F6F792FD0022024B83
:10E620001A6008BD007003503868002010B5044619
:10E63000FFF7ECFF2268074B37201A600022064BD9
:10E64000C3F80021C3F80821C3F80421BDE8104035
:10E65000F6F768BD386800200070035010B5114C03
:10E66000D4F800312BB100200F4BC4F800011B6817
:10E670009847D4F8043133B10023C4F804310A4B6D
:10E6800001201B689847074BD3F8082142B10022AC
:10E69000C3F80821044B0220BDE810401B6818474E
:10E6A00010BD00BF00700350386800202DE9F04114
:10E6B0000E4617460C4D55F8184FAC4203D16FF07B
:10E6C0001200BDE8F081314654F8440CA4F144082E
:10E6D000F2F740FA30B9C7F800804046BDE8F04193
:10E6E0000BF04CBD2468E8E73C68002010B5D0E989
:10E6F00009124A60416A00F124031160C0E909333C
:10E700004368044603B19847054B1A78062A05D991
:10E710005B681BB10720226802499847002010BDA2
:10E720003C680020321D02002DE9F04107460D46ED
:10E730000B4E56F8084FB44202D16FF001000AE0C8
:10E74000394654F8240CA4F12408F2F703FA20B94E
:10E750001DB1C5F80080BDE8F0812468EBE700BF7B
:10E760003C68002010B5044600B30068F0B103789F
:10E77000E3B10021FFF7D8FFD8B104F11C03C4E9CD
:10E7800007330D4B04F12402D96803F10800DA6065
:10E79000A16260620A601A78062A05D95B681BB11B
:10E7A0000720226805499847002010BD6FF015002A
:10E7B000FBE76FF01000F8E73C680020341D020012
:10E7C00010B5036893B11B7883B18368012B0DD812
:10E7D000084B00F144014360074BDA6903F1180468
:10E7E000826444640020D961116010BD6FF015008F
:10E7F000FBE700BFB40200203C6800200E4B10B5C0
:10E8000004462022002118460CF07FFE2268426058
:10E810000246217902F8081BC0E9022200F1100229
:10E82000C0E9042200F11802C0E906222046BDE832
:10E83000104000F00FB800BF3C68002008B500F0A1
:10E8400011F8BDE808402022002101480CF05DBE0F
:10E850003C68002008B50248FFF784FF002008BD8F
:10E86000B40200200148FFF741BF00BFB4020020FE
:10E870000EB4431E062B33B588BF0020094B05ACF0
:10E8800054F8045B53F82010074807F052FE214665
:10E890002846019407F04BFE02B0BDE8304003B0BB
:10E8A000704700BFA8F70100652302002DE9F04F73
:10E8B0009A46836A06469342174687B041D300259D
:10E8C0004FF0180BBD4203D1002007B0BDE8F08F18
:10E8D0000BFB05F8D6F82C90B26909EB0804231D50
:10E8E0000593CAB9606961680368B4F80CC0C91AB5
:10E8F000A3680CF1030E5C1E04EB0C145B4204EBEA
:10E900004E041C4004EBCC0384680633A14228BFAC
:10E910004FF0FF310BF0FFFB59F8083030460293FF
:10E92000336AA9B21B6A0193109B53F825300093F8
:10E930005AF82520059B0BF068FC0028C5D101354D
:10E94000C0E70148C1E700BF40F4FFFF10B504462F
:10E9500090B1828C43899A4209D0084B1A78032AD5
:10E9600005D95B681BB142680549042098472046D9
:10E97000BDE810400CF064BD10BD00BF3C68002035
:10E98000DF1D020030B544898C4212D9036A013C74
:10E990005D882C4003EBC40359609A60BFF35B8F22
:10E9A000026A538801335380C38C0133C38400202F
:10E9B00030BD0148FCE700BF41F4FFFF70B4039E87
:10E9C000144658B1006A48B143B1013406D0002E54
:10E9D00004DB846F14B1A44670BC6047014870BC6E
:10E9E000704700BF2DF8FFFF70B4039E144660B15E
:10E9F000006A50B14BB1013407D0002E05DBD0F8CE
:10EA0000884014B1A44670BC6047014870BC704790
:10EA10002DF8FFFF70B50C46114605461E460C4BFF
:10EA20002022002908BF194620460CF023FE049B33
:10EA30006662A362059B2562E362069B23636A68A4
:10EA400004F13403C4E90D526B60A26B136070BD16
:10EA50003B2202002DE9FF47DDF834900D46924637
:10EA60001F46064600286CD000296AD0B9F1000F75
:10EA700067D001F1580840460BF030FD781C40D1BA
:10EA8000AC6C05F1480314F001040BD000240134F0
:10EA9000802C54D0620953F8222004F01F01CA4090
:10EAA000D107F4D40121600953F8202004F58067D0
:10EAB00004F01F04A1400A4343F820200E9B524655
:10EAC000CDE901930C9B3146009328463B46FFF766
:10EAD000A1FF404600F070FF347874B195F8904083
:10EAE0005CB1B36A01332ED1002130460BF025FD15
:10EAF000044610B130460BF0F7FC204604B0BDE8E8
:10EB0000F087B7F5806FD9D3A7F580637F2B05F128
:10EB100048010FD8580951F8204003F01F0324FA88
:10EB200003F2D2070BD4012202FA03F3234341F884
:10EB30002030C3E7054C404600F03EFFDDE7044CC3
:10EB4000F9E7024CD9E70024D7E700BF2DF8FFFF13
:10EB500029F8FFFF2DE9FF478A46904603A90D9A41
:10EB6000054699460BF0F8FE0446D8B10C9E039B6F
:10EB7000D5F8AC009E42A8BF1E4601688768611A9E
:10EB800033464A46B94228BF4FF0FF310BF089FAAD
:10EB9000234642465146284600960BF07DFE04B0BF
:10EBA000BDE8F0870048FAE72EF8FFFF38B50446C5
:10EBB000E0B100F1580528460BF04EFDD4F8A03026
:10EBC0009B6953B9D4F89440103C002C00DC084CED
:10EBD00028460BF03FFD204638BD012BF7D1D4F875
:10EBE000A8000BF063FCA0F11004EEE7014CF2E783
:10EBF0002EF8FFFF2DF8FFFF2DE9F0478AB00D46F4
:10EC0000DDE9129790461E46044620B9814F3846EA
:10EC10000AB0BDE8F0870029F8D0002BF6D0942286
:10EC200000210CF072FC012204F1580011460CF096
:10EC300020F9794BC4F8A050C4F870806C62A367C7
:10EC4000764BE367764BC4F88030764BC4F884305B
:10EC5000754BC4F88830754BC4F88C30D4F8A030AC
:10EC6000D3F81880B8F1000F6ED1002FCED097E8FE
:10EC7000070004F1940383E80700D4F8A000036AB6
:10EC80009B6898470023286100F001006B6184F8BD
:10EC90009000B8F1000F6DD13B7A002B68D009F1DC
:10ECA0000C03C4F8B030B9F1000FAFD0D9F8082088
:10ECB000002A00F0AD809B68002B00F0A9805C4B1F
:10ECC00004935C4B05935C4B06935C4B0793EB6A98
:10ECD0001B68C4F8A430EB6A9B69C4F8A83004F13F
:10ECE000B403C4E92D3306ABC4F8AC600093022230
:10ECF0000021D4F8A00004ABFFF7D8FD0746002898
:10ED000085D1D4F8A8000BF06CFBEB6A1B689E62FF
:10ED1000EB6A9B699E62B8F1000F61D1C246D4F8DC
:10ED200098300993D4F8A4305B89534534D894F8CB
:10ED30009030C4E90044002B59D1D4F8A00004213C
:10ED4000036A5B68984762E7B8F1010F95D1D4F880
:10ED5000A000036A1B689847420606D5D4F8A000B5
:10ED60000021036A5B689847F1E74307EFD584E722
:10ED70004B4696E7B8F1010FB1D12E4B04932C4BC3
:10ED800005932E4B06932C4B0793EB6A9B69C4F8B3
:10ED9000A430EB6A1B68A0E74846D4F898100BF043
:10EDA000CCFD0546C8B131680890411AB068002210
:10EDB000814228BF4FF0FF31D4F8983030460BF035
:10EDC000AAF9009501230022D4F8A40008A90BF0A9
:10EDD00049FA18B90AF1010AA4E71948074616E7E3
:10EDE00094F89030C4E90044002B3FF410AF0023A6
:10EDF0000293144B204601933523134A009304F1E8
:10EE00000801FFF707FEB8F1000F7FF400AF94E7A9
:10EE10000B4FFCE62DF8FFFF55EB000045A6010067
:10EE200059A8010059A9010099A8010065A601008F
:10EE3000011E0200071E0200A5A7010053A6010043
:10EE40002EF8FFFFA7A601000D1E0200F0B5054633
:10EE50000E46174687B0074A03AC07CA84E8070086
:10EE60000C9A3146009228463A460194FFF7C4FEB8
:10EE700007B0F0BDD0F301000322114B11491A6114
:10EE80005A61114A9961DA614FF480621A62002274
:10EE90009A625A62DA6219660C49596610219966BB
:10EEA0001A67DA665A670A4A1268C3F80720094ADD
:10EEB0001068928818609A8020229A71704700BF6B
:10EEC0005C680020101E02003775002027750020A6
:10EED000191E02001D1E02002DE9F84F4FF0180BFD
:10EEE000204F14460BFB0072936A556A0646AB42EC
:10EEF000884631D8D2F820A0AAEB050909F1FF32E3
:10EF0000944211D8182306FB03333B445868224629
:10EF1000414628440CF0BFFA2C441823012003FB7F
:10EF200006735C62BDE8F88F13449C4218D800FB5E
:10EF30000BBBBB44DBF804004A4628442C440CF0CD
:10EF4000AAFAB4EB0A04E8D02246DBF8040008EB86
:10EF500009010CF0A0FAE0E7013B5B1BA342D1D210
:10EF60000020DFE75C680020F8B5182700FB077574
:10EF7000124B0E461D4407FB0033DB6A1446012B7F
:10EF80000AD0022B14D023B928460BF07EFD844210
:10EF900008D900242046F8BD28460BF076FD8442AF
:10EFA00028BF04462246314628460BF077FDF1E79C
:10EFB0002846BDE8F8400BF08EBD00BF5C6800201D
:10EFC0001822034B02FB00339A6A586A801A704772
:10EFD0005C6800204FF0FF324FF0FF33014800F033
:10EFE00003BC00BF54050020014800F077BC00BFFF
:10EFF000540500204FF42051014800F035B900BFFE
:10F000003779002001680E4A0346914215D1C16943
:10F01000A2F11022A2F1EF1291420ED18268012AD0
:10F020000BD8C26812B101698A4206D0586928B16A
:10F030009B691B1A5842584170470120704700BF16
:10F0400055AA00FF70B50D4B9E68A6B13046FFF77C
:10F05000D9FF044678B9F3686BB935690DB9204614
:10F0600070BD2846FFF7CEFF28B9EB68B34202D146
:10F070002E462D69F2E70124F1E700BF0469002064
:10F08000F8B5384D2B68EE68D3B1AB68C3B1002832
:10F0900060D000295ED001FB00F4B4FBF0F08842A0
:10F0A00058D1211D56D8A2070CD024F003020432F7
:10F0B000334603E0586890424ED29B69002BF9D149
:10F0C0001846F8BD2246F3E7801A232803F12006EC
:10F0D0001CD801229A60D3E90512A9B18A619A6904
:10F0E0000AB1596951610022C3E905222B69DB0786
:10F0F00003D5FFF7A7FF002831D122460021304673
:10F100000CF003FA0346DBE7EA60E8E702F1200CC3
:10F1100003EB0C012038C1E90107CB601869124FDD
:10F12000086143F80C70A7F11027A7F1EF17CF6122
:10F1300000B1C160586948619F698F6140B18161C8
:10F14000886900B1416101201961C3E90120CAE762
:10F15000E960F5E70023B3E79F68002FB4D00120F2
:10F1600001F0E4FB0469002055AA00FF70B50546D4
:10F17000002840D03B4E3368002B3CD0B268002AB8
:10F1800039D0834203D872681344984202D30120D5
:10F1900001F0CCFBA0F120042046FFF733FF00284C
:10F1A000F5D155F8183C012BF1D155F8143C45F830
:10F1B000180C0BB39A68FAB955F81C2C02F120010F
:10F1C0005A680A445A6055E905321A6155F8145CC8
:10F1D0002B6903B1DD602022002120460CF095F957
:10F1E000286908B183684BB333699B0703D5FFF7E0
:10F1F00029FF0028CBD170BD55F8100C00282AD06B
:10F20000836843BB426863681344203363600369C7
:10F210002361D4E905239AB9CBB943696361826953
:10F22000A261B3B19C61A36903B15C61236903B1BD
:10F23000DC60202200210CF068F9D5E72C46E1E7DC
:10F240009361A369002BE8D062695A61E5E7F36036
:10F25000F7E7F460E7E7F36845F8083C03B15C6161
:10F26000F460C1E70469002038B50C46142200217F
:10F27000054613480CF049F91249134804F04CF9BB
:10F28000232C1CD915F003031FBF043CE418C3F161
:10F290000403ED182246002128460CF036F9084BED
:10F2A0000A49C3E90054203C9D606C609A68116073
:10F2B0009A68A1F11021A1F1EF11D161DA6038BD96
:10F2C000046900206DF1000081F0000055AA00FFE4
:10F2D000014B986864307047186900202DE9F041AF
:10F2E000064686B00F464FF02003EFF3118883F3F4
:10F2F0001288BFF36F8F01F021F80024042E96BF0F
:10F30000214B224B53F826300546CDE90434204BDF
:10F310000122CDE90143204623461E49039600946D
:10F320000BF01AFC6FB1FB69C3F308034BB11A4B26
:10F330000122CDE9014320462346164900940BF0F3
:10F340000BFC2DB128460BF0E5FC08B1037803B99E
:10F350001248134B012202930023CDE90350CDE95B
:10F36000003318460B490BF0F7FB39463046FAF7E5
:10F37000D9FD88F31188BFF36F8F284606B0BDE82A
:10F38000F041F6F795BB00BFCCF70100241E020048
:10F390003A1E02003CF30100621E0200321E02000F
:10F3A000831E0200104B70B553F82040013053F813
:10F3B0002060A64200D870BDD4E900358DB1284642
:10F3C000984738B10028B8BF4042FF28A8BFFF20A7
:10F3D000EB681870EA68537843F0010353700834FF
:10F3E000E7E79847FBE700BFE0F70100012208B517
:10F3F0000A4B03201A70FFF7D5FF0CF02CF807F02A
:10F4000049F80420FFF7CEFF00F076F9F2F792FCFE
:10F41000034A137B23F00103137308BD37A10020B7
:10F42000A019002008B50348034A0021121A0BF066
:10F43000A3FB08BDE007002040A10020C82370B551
:10F44000134E012203FB0066002386B0CDE904239E
:10F450000F220193CDE902321C234FF4A0720D4D0F
:10F460000D4903FB0055044602FB00110B4B3046CF
:10F47000009500F0DBF8737B2C7523F004037373A5
:10F48000074B013403EBC423EE606B6006B070BD24
:10F49000D818002018690020C0DB0020B1F7000058
:10F4A000C0D3002080B50020B8B0FFF77BFF2F4B02
:10F4B00003F5006282F3088883F30A880024E023BE
:10F4C0002B4D2C4E85F82230EC772C766C76AC7672
:10F4D00085F820406B6A284F43F4E0236B6285F87F
:10F4E0002340F6F743FAF5F75DFD4FF0FF33AB62CB
:10F4F000EB62F6F779FCF6F7F1FAF3F725FD40F247
:10F50000011306AD2846ADF82430CDE9204401F0C2
:10F51000B7F9B5600BF014FB0120FFF743FF0220A1
:10F52000164DFFF73FFF00F04BFE154B356205937C
:10F53000012314494FF42062CDE9034328463B469A
:10F54000CDE90144009400F071F806466A7B284634
:10F5500022F004026A730BF0ADFD2046FFF76EFF48
:10F560003A4631462846F5F7E9FE00BFC0D30020F1
:10F5700000ED00E018690020EDF30000A019002064
:10F58000E51E020000DD002038B5064C064DAC42F9
:10F5900001D3002038BD2046D4E901120BF0F0FA67
:10F5A0001834F4E7B0040020C8040020002038B567
:10F5B000054C064DAC4200D338BD20460BF053FB42
:10F5C0000028F9DB2034F5E750040020B0040020C7
:10F5D00073B50C464FF02005EFF3118185F31288C7
:10F5E000BFF36F8F85695DB125602B688361C36947
:10F5F0000133C361002081F31188BFF36F8F11E0E5
:10F6000052EA030603D16FF00B002560F3E7CDE962
:10F6100000230246083000F0DDFC18B9024B9B685D
:10F620005B69236002B070BD186900202DE9F043CA
:10F63000984685B000F15803C0E91633109B0026A8
:10F64000037304230F460446437307320F9B22F0D3
:10F65000070583732A46C0E906668660C67301EB18
:10F6600005093846AA210BF050FF0E9BC4E91A7514
:10F67000266702930D9B4A4601930C9B39460093E3
:10F6800020464346F5F73AFE044B66659B6803B196
:10F690005B6F4846636705B0BDE8F08318690020DA
:10F6A000F0B5002587B00595109DDDE9127604952B
:10F6B0000F9D044603950E9D02950D9D01950C9D91
:10F6C0000095FFF7B3FFB6F1FF3F08BFB7F1FF3F6B
:10F6D00005D056EA070305D1204600F0F1FC20468C
:10F6E00007B0F0BD3A463346024904F1180000F075
:10F6F000FDFEF4E73DB101002DE9F043294C2A4D10
:10F7000087B02646AE4204F12C040FD300F028FD4A
:10F710004FF4004640F2E737224CDFF89090AC42BD
:10F7200020D307B0BDE8F04300F02EBD54F8043CF0
:10F73000059354F80C3C049354F8103C039354F88C
:10F74000143C029354F8183C019354F81C3C009369
:10F7500054E9092354E90B01FFF768FF54F82C3CE6
:10F760005E65CEE7636A5A1C0DD00021384623EA55
:10F77000E373C3FB060151EAC333D4F8008004D11C
:10F78000404600F09DFC2C34C9E74FF47A72002308
:10F79000F0F7E2FC02460B4608F11800494600F07B
:10F7A000A5FEF0E7A8F10100D4F101003DB1010090
:10F7B00008B50B4C0B4D4FF02002EFF3118382F391
:10F7C0001288BFF36F8F0BF067FD2B78E06113B9E0
:10F7D000F5F7EEFBEFE7F3F707FF0028EBD1F7E7CC
:10F7E0001869002037A100202DE9F341044617468F
:10F7F0001E464FF02003EFF3118883F31288BFF306
:10F800006F8FC368334A7BB180689168884219D092
:10F8100057EA060318D188F31188BFF36F8F6FF092
:10F820000F0002B0BDE8F081916891F90E1001332C
:10F83000E36093682161A36088F31188BFF36F8F41
:10F840000020EEE72169F2E791F90E1090F90E30F1
:10F850006FF07E029942A8BF19469142B8BF114687
:10F860008B422EDD0BF061FA054622464146CDE97A
:10F870000076194800F0AEFB0028E1D04FF02003DD
:10F88000EFF3118683F31288BFF36F8FA068D0B1B6
:10F89000236821699C420AD04BB193F90E309942FA
:10F8A000A8BF19466FF07E039942B8BF19460BF006
:10F8B0003CFA40B13146084800F0F0FB6FF00A0016
:10F8C000AFE70025D1E7002DF4D186F31188BFF30F
:10F8D0006F8FF3E71869002038A1002038B58368DE
:10F8E00004466BB3194A926893422CD1C368012B2A
:10F8F00003D9013BC360002038BD4FF02003EFF374
:10F90000118583F31288BFF36F8F016980680BF054
:10F910000CFA20460BF02DFCA06058B190F90E2097
:10F9200022610022C2670BF0C5FB2946084800F09F
:10F93000B5FBE0E7E06085F31188BFF36F8FDAE78E
:10F940006FF01500D8E74FF0FF30D5E718690020B9
:10F9500038A1002037B54FF02001EFF3118581F376
:10F960001288BFF36F8F04689CB12368426823F04C
:10F9700003039442036008BF4360012120460BF05B
:10F980004AFA044685F31188BFF36F8F204603B00F
:10F9900030BD52EA0301F5D0CDE90023294600F13C
:10F9A0000C02083000F016FB0028EFD1014B9B68D9
:10F9B0005C69EBE71869002038B504464FF0200376
:10F9C000EFF3118583F31288BFF36F8F0BF0D1FB38
:10F9D00048B10022C2670BF06DFB2946BDE83840F4
:10F9E000074800F05BBBD4E902329A4218BF0133EA
:10F9F0000221A36004F110000BF001FDEDE700BF50
:10FA000039A1002013B54FF02004EFF3118184F3E6
:10FA10001288BFF36F8F846844B1013C846081F326
:10FA20001188BFF36F8F002002B010BD52EA0304AB
:10FA300006D181F31188BFF36F8F6FF00F00F3E7EA
:10FA4000CDE900230246024800F0C4FAECE700BF0B
:10FA500039A1002070B504464FF02003EFF3118563
:10FA600083F31288BFF36F8F6FF00A0620460BF006
:10FA700080FB18B1C6670BF01DFBF7E7A060022101
:10FA800004F110000BF0BBFC2946BDE870400148B2
:10FA900000F004BB39A10020F8B5C36804469A07FA
:10FAA0000F46C3F340062CD45B071AD40B680BB97E
:10FAB00083680B60E368DD0742BFA36802263B60F2
:10FAC0003D6858BF0126002D3AD01F4B9B68AB42C2
:10FAD0000AD0D5F8E030D807C3F3800214D46FF011
:10FAE000120600233B6025E00BF00BF9D5F8E0305F
:10FAF0000028F0D1D907C3F3C002F0D552B15B079B
:10FB000008D46FF00F06ECE7002AFAD1C3F3C00364
:10FB1000002BF6D100232360D5F8CC3063B9C5E9BA
:10FB2000324428460BF0CFF9E36843F00403E36066
:10FB30003B68A3603046F8BD1C60C5F8CC40F0E7D8
:10FB40006FF01506CDE700BF18690020F0B5044638
:10FB5000002089B0C4E932000E9D04F1D000C4E950
:10FB6000340004F1D800C4E936001DB32879002818
:10FB700040F2011008BF0120C4F8E00000204FF05F
:10FB8000FF364FF0FF37CDE90330CDE90100CDE975
:10FB900006672046084B0094FFF782FD25B12968CF
:10FBA00011B120460BF0B3F8204609B0BDE8F04093
:10FBB0000BF0B2B80120DFE7D11B000030B50A46D8
:10FBC000044685B04FF02003EFF3118583F31288CC
:10FBD000BFF36F8FD0F8E03013F0060F1DD1B1B135
:10FBE00043F00C03C4F8E03020460BF06CF900231E
:10FBF0004FF0FF3202934FF0FF332946CDE9002347
:10FC00000C4804F1D80200F0FFFB05B030BDD0F87D
:10FC1000C80048B143F00403E4E743F00401C0F82E
:10FC2000E010002AE0D0DBE785F31188BFF36F8F87
:10FC3000EBE700BF3AA1002037B5019008464FF02E
:10FC40002001EFF3118481F31288BFF36F8FC16835
:10FC500011F00E0F16D153EA020508D101A9FFF7E2
:10FC60001BFF84F31188BFF36F8F03B030BD41F0E9
:10FC70000801C160019910308161034900F036FC30
:10FC80000120EEE70020ECE73BAF0100F7B50C46A2
:10FC900016461D4601904FF02003EFF3118783F3C2
:10FCA0001288BFF36F8F08460BF0FEF855EA060383
:10FCB00009D1204601A9FFF7EFFE87F31188BFF3B2
:10FCC0006F8F03B0F0BDE36804F1100043F0080348
:10FCD000E360019B3246A36202492B4600F006FC1A
:10FCE0000120EAE73BAF010001460148FFF7CEBF24
:10FCF000881A0020C3897F2B12D80A4B1B6863B176
:10FD0000094B90F90E201B689A4209DB437BDB0606
:10FD100006D1064BC31A18BF012303F00100704738
:10FD20000023FAE75869002054690020D818002001
:10FD30000122044BC01A044BC0105843034B1A5401
:10FD4000704700BF681A0020ABAAAAAA3BA10020F6
:10FD500070B50E4B0E4C1E7D054606EB460304EBBC
:10FD6000C30420460BF082FA00220A4B28469A551B
:10FD7000FFF7C0FF48B1084B2046BDE870401A6845
:10FD80000649013AD31700F0B1BB70BD18690020D5
:10FD9000681A00203BA100205869002031FD0000B6
:10FDA00038B5234D6B6A05F1240293422C6902D1C8
:10FDB0004CBBEC6803E02CBB002BFAD01C46AB68B4
:10FDC00058B95A7BD20608D1A26932B9DA897F2A9A
:10FDD00003D994F90E200F3212DA9C4202D0204649
:10FDE000FFF7B6FF94F90E300F331CDAAB6893F9C6
:10FDF0000E200F3203DBDA897F2A00D92B612346DC
:10FE00002B6238BD2BB9637BDB06D8D000232B6176
:10FE1000CFE793F90E200F32D0DB627BD106CED034
:10FE200000222A61CAE7034B9C42E8D00023E5E7A1
:10FE300018690020D818002070B590F90D200146EF
:10FE4000002A437B04DA03F07F0343730BF0F8F8D6
:10FE5000154A4B7B104663F07F034B7350F8243FE9
:10FE6000946A834208BF002323B9C1E900042160DA
:10FE700091620CE091F90E5093F90E60B5420ED0EC
:10FE8000AE420CDD5868C1E90030016059609068ED
:10FE9000BDE87040431A58425841FFF781BF9C4269
:10FEA000E3D01B68E0E700BF1869002070B490F948
:10FEB0000D30427B002B29DBD30627D183692BBB76
:10FEC000134962F07F0242730A4652F8244F94426B
:10FED00018BF23468C6A23B9C0E9002420608862D9
:10FEE0000CE090F90E5093F90E60B5420AD0AE4284
:10FEF00008DD5A68C0E9003210605860002070BC0C
:10FF0000FFF74EBFA342E7D01B68E4E770BC704721
:10FF10001869002008B590F90D200146002A437B9E
:10FF200004DA03F07F0343730BF08AF8044B9868FC
:10FF3000431A58425841BDE80840FFF731BF00BF9F
:10FF40001869002070B515461C4606460BF08AF865
:10FF5000B4F1FF3F08BFB5F1FF3F08D02A46234662
:10FF600006F118000249BDE8704000F0BFBA70BD4C
:10FF70003DB1010038B54FF02003EFF3118583F355
:10FF80001288BFF36F8F104B104A9C681068A04214
:10FF900006D1FFF7DDFE85F31188BFF36F8F38BD03
:10FFA00000211B7D11600A4AD35C002BF3D0204650
:10FFB000FFF7A0FE0028EED0637BDB0602D12046CF
:10FFC000FFF73AFF2046E4E7186900205069002057
:10FFD0003BA1002070B50C480C4D86680C462E6085
:10FFE0001146DDE904234FF02006EFF3118586F377
:10FFF0001288BFF36F8F8068FFF7A4FF2046BDE82B
:020000040001F9
:100000007040F5F707B900BF18690020506900205B
:10001000F8B504464FF02003EFF3118683F31288FE
:10002000BFF36F8F437B49B2DA0619D18569BDB939
:1000300003F07F0343730BF003F8437B164A63F02E
:100040007F0343731346817353F8240F984218BFFC
:100050000546906A5DB9C4E900300460946211E01D
:100060000020A17386F31188BFF36F8FF8BD95F957
:100070000E70B9420BD08F4209DD6B68C4E90053A2
:100080001C606C600120FFF78BFE0120EAE7A842AC
:10009000E1D02D68DEE700BF1869002049B9EFF311
:1000A000058030B9054B1A6A9B689A4201D0F5F772
:1000B000B1B881F31188BFF36F8F704718690020C2
:1000C00010B54FF02002EFF3118482F31288BFF3D2
:1000D0006F8F427B510704D484F31188BFF36F8F75
:1000E00010BD22F004024273FFF7E0FE2146BDE896
:1000F00010400148FFF7D2BF3CA1002070B5044674
:1001000018300BF0B3F84FF02003EFF3118683F3B0
:100110001288BFF36F8F94F90D20637B002A05DAF4
:1001200003F07F03204663730AF08AFF0B4D637B65
:10013000A86843F010036373031B58425841FFF74C
:100140002FFE86F31188BFF36F8FAB68A34203D1F4
:10015000BDE870400BF04DB870BD00BF18690020BD
:100160004FF02003EFF3118183F31288BFF36F8FF9
:10017000044B9A68D37B013BD37381F31188BFF39F
:100180006F8F70471869002010B54FF02003EFF310
:10019000118483F31288BFF36F8F084B00209A6895
:1001A000D37B0133D373FFF7FBFD84F31188BFF3D7
:1001B0006F8FBDE810400BF01CB800BF186900201D
:1001C000024B03F12402C3E9092270471869002099
:1001D000F8B54FF02003EFF3118583F31288BFF3D6
:1001E0006F8F19498868437B03F07F0343730AF0DC
:1001F00027FF08468B685A7B62F07F025A7350F8DB
:10020000242F8C6A824208BF002222B9C3E900046D
:1002100023608B620CE093F90E6092F90E70BE427F
:100220000ED0B7420CDD5168C3E900210B6053606A
:100230000120FFF7B5FD2846BDE8F840F4F7EABF16
:10024000A242E3D01268E0E71869002050EA0103F7
:100250002DE9F04105460E4603D1FFF7B9FF002016
:100260002CE0831C71F1FF332ADB0BF025F82C18EE
:100270004FF02003EFF3118883F31288BFF36F8FE1
:10028000114F124BB8681860FFF744FEB868104968
:100290002A463346183000F029F9BA684046537BA5
:1002A00043F010035373F4F7B5FF0BF005F8201A71
:1002B00063EB0303012873F10003D0DBBDE8F08199
:1002C0006FF00104241AD3E7186900205069002058
:1002D0003DB10100B1F1FF3F08BFB0F1FF3F08B5EC
:1002E00006D1084B9868FFF709FF4FF0FF3008BDB3
:1002F000FFF7ACFF4FF47A7380FB0303C00B40EAB7
:100300004340F4E71869002038B500214FF4004558
:10031000084C0023C0FB0541074A2046EFF71CFFAD
:10032000C117FFF793FF044B80FB0303C00B40EAA8
:10033000434038BD3F420F0040420F00014B9868D8
:10034000704700BF186900202DE9F04104464FF0C6
:100350002003EFF3118683F31288BFF36F8F037BC3
:10036000D9070BD586F31188BFF36F8F404080F318
:1003700011884FF0040002DFBDE8F081437B1A07CB
:1003800004D586F31188BFF36F8FF5E723F02002C1
:1003900042F00801D20920D14173A36813B120466D
:1003A0000AF056FE04F118000AF060FF4FF0000852
:1003B00004F15807A56DBD4200D0B5B90120FFF783
:1003C000EFFC104B9B68A342DBD1EFF30583002BBE
:1003D000D7D13046F4F71EFFD3E703F05F0343F0B5
:1003E000080343730AF02CFED7E728460AF030FED4
:1003F00005F118000AF03AFF2846C5F87C80FFF79F
:1004000055FDD7E718690020D3B5DDE90667089CDC
:10041000CDE90067FFF7DEFD1CB1034B9B685B690C
:10042000236002B0D0BD00BF1869002008B506489F
:10043000064A0749121A0AF0A1FBBDE80840054A1E
:10044000054906480AF09ABB00000020DC0700209E
:10045000F826020000000000F8260200000000203C
:10046000034B1B680BB9F9F729BD0020704700BF8B
:100470005C69002010B50E4B1C689C4204D1FFF74C
:10048000EFFF6FF0004010BDFFF7EAFF002CF8D03F
:10049000D4E904321B1A62EBE072B3F1004F72F13F
:1004A0000001EEDA002AACBF18460020EBE700BFDF
:1004B000E002002030B570B10B4B5B6898420AD067
:1004C000036843B1D3E90421D0E90445121941EB93
:1004D0000501C3E90421D0E9003213605A6000230A
:1004E000C0E9003330BD00BFE0020020B3F1FF3FA0
:1004F00008BFB2F1FF3FF8B504461D4616465CD072
:1005000081604FF02003EFF3118783F31288BFF36C
:100510006F8F013275F1FF3324DA6FF001032C493C
:10052000D1E900209B1A4FF0FF3262EB00009E1BC6
:1005300060EB0500012E70F1000301DA01260020B6
:10054000C4E90460234ED6F800C07568B44508BFFE
:100550004FF0000CBCF1000F0DD1C4E900652C6018
:1005600074601CE0FFF77CFF013645F1000536188A
:1005700045EBE070E4E7DCE90420D4E90431934280
:1005800071EB000E1ADAD21ADCF8043060EB0100CD
:10059000CCE90420C4E900C31C60CCF804403368F3
:1005A000B34206D09C4204D1FFF764FF0021F9F763
:1005B00053FC87F31188BFF36F8FF8BD9B1A61EB73
:1005C0000001AC45C4E90431C7D0DCF800C0C1E784
:1005D000801A0020E00200202DE9F84F4FF02003A0
:1005E000EFF3118783F31288BFF36F8FDFF8B890B2
:1005F0002B4E4FF0000A3060D9F800004FF0000B8E
:10060000484508BF0020274C3D46D4E9001E33680A
:1006100088B3D0E904874FEAE37C43457CEB0702CB
:1006200006DAB8EB030267EB0C07C0E9042722E007
:1006300018EB01014EEBE873C0E904ABC4E9001309
:10064000FFF738FF85F31188BFF36F8F83689847F2
:100650004FF02003EFF3118583F31288BFF36F8F00
:100660003368D9F80000A3EB080348452F463360F0
:10067000CAD1D4E9001E59184EEBE373C4E9001344
:1006800000243460FFF7F6FE2146F9F7E5FB85F319
:100690001188BFF36F8FBDE8F84FFFF76BBC00BF49
:1006A0005C690020801A0020E002002010B54FF0A5
:1006B0002003EFF3118483F31288BFF36F8FFFF7EA
:1006C000CFFE0346054AD2E90001181841EBE37159
:1006D00084F31188BFF36F8F10BD00BF801A002014
:1006E000F8B504464FF02003EFF3118783F3128827
:1006F000BFF36F8F026822B187F31188BFF36F8F4A
:10070000F8BDD0E90A36581C46F10001022871F103
:10071000000127D3012B76F10001BCBF012316464F
:100720005D1E46F1FF360AF0CBFD013041F10001BC
:10073000401946EB0101012871F100013ADB0AF092
:10074000BFFD013041F100016FF00102401946EB9D
:1007500001034FF0FF31121A61EB030320461849E1
:10076000FFF7C4FE236B01332363236A73B187F35E
:100770001188BFF36F8F2046236A98474FF02003FC
:10078000EFF3118783F31288BFF36F8F54F8185F6C
:10079000A542B1D0002DAFD028460AF09BFC002323
:1007A000EB6787F31188BFF36F8F2846BDE8F840E9
:1007B0000AF080BC6FF001024FF0FF33CEE700BFBC
:1007C000E1060100B3F1FF3F08BFB2F1FF3F2DE9A1
:1007D000F047DDE9088905461C4617461E461BD032
:1007E000531C74F1FF3308DB012A74F10003BCBF12
:1007F00001220024571E44F1FF3628460AF036FD38
:100800000023C5E90A892B633A4633462846BDE8EA
:10081000F0470249FFF76ABEBDE8F087E106010034
:1008200038B503464FF02002EFF3118582F31288AA
:10083000BFF36F8FC160012181600068834206D1E0
:1008400085F31188BFF36F8F0024204638BDD0E9AF
:10085000003213605A600023C0E900330AF075FDCE
:10086000294604460148FFF719FCEEE73DA10020A8
:100870000A46014601480AF0D0BD00BFB00400207E
:10088000014B4367704700BFB004002038B50446F1
:100890000D460AF036FA20B9064B9B685B6F0BB920
:1008A00038BD054B2A4621461846BDE838400AF0B7
:1008B000B4BD00BF18690020B00400201FB500249B
:1008C000084B4FF48C62029302AB009306494FF041
:1008D000FF3306488DF80C40FFF738F9204604B086
:1008E00010BD00BFED1E020000F70020881A002096
:1008F0001FB514461A46094B05461B68D86854B9FB
:10090000074B1C4600910749CDE901342B4600F006
:1009100021F80AF0CEFE044BF4E700BFE802002005
:100920003B220200031F0200F61E020008B5074B1F
:10093000044613B10021AFF30080054B1868836AA9
:1009400003B198472046F5F7A7FA00BF0000000062
:10095000F8F701000EB403B503AB0146054853F8A0
:10096000042B0068019300F0B3F802B05DF804EBCB
:1009700003B07047E8020020024B0146186800F0FF
:100980004DB800BFE802002038B50546002941D027
:1009900051F8043C0C1F002BB8BFE41800F084FD94
:1009A0001D4A136833B9636014602846BDE83840B7
:1009B00000F080BDA34208D9206821188B4201BFF6
:1009C00019685B6809182160EDE71A465B680BB18E
:1009D000A342FAD911685018A0420BD120680144F3
:1009E000501811608342E0D118685B680844536076
:1009F0001060DAE702D90C232B60D6E720682118B3
:100A00008B4202BF19685B680918636008BF2160E8
:100A10005460CAE738BD00BF64690020F8B5CD1C3A
:100A2000064625F0030508350C2D38BF0C25002D92
:100A300001DBA94203D90C2333600020F8BD00F08C
:100A400033FD21490A6814469CB9204F3B6823B9FD
:100A50002146304600F096FA38602946304600F0CC
:100A600091FA431C23D10C233046336000F022FD61
:100A7000E3E723685B1B17D40B2B03D923601C44CB
:100A8000256004E06368A2420CBF0B6053603046EF
:100A900000F010FD04F10B00231D20F00700C21A26
:100AA0001CBF1B1AA350C9E722466468CCE7C41CCC
:100AB00024F00304A042E3D0211A304600F062FA89
:100AC0000130DDD1CFE700BF6469002060690020FC
:100AD0002DE9F04F0D469DB014469846064618B1D4
:100AE00083690BB900F022FC874B9D421BD17568CE
:100AF0006B6ED90705D4AB899A0502D4A86D06F0B0
:100B0000BFFEAB891B0701D52B69EBB929463046DF
:100B100000F022FBC0B16B6EDC070ED54FF0FF304A
:100B20001DB0BDE8F08F794B9D4201D1B568DFE77C
:100B3000774B9D4208BFF568DAE7AB899805EDD49D
:100B4000A86D06F0A3FEE9E70023CDF80C804FF076
:100B50000109DFF8C081099320238DF82930302363
:100B60008DF82A3023469A4613F8012B0AB1252A1C
:100B7000F9D1BAEB040B0BD05B462246294630462E
:100B80000AF0E2FC013000F0A680099A5A4409926A
:100B90009AF80030002B00F09E8000234FF0FF32C7
:100BA0000AF1010A049307938DF853301A93CDE9A3
:100BB000052354460522574814F8011B0AF04DFC42
:100BC000049BD0B9D90644BF20228DF853201A07C0
:100BD00044BF2B228DF853209AF800202A2A14D0E3
:100BE000079A544600204FF00A0C214611F8013BA9
:100BF000303B092B4AD970B914E0A0EB0800A2469B
:100C000009FA00F018430490D3E7039A111D126803
:100C1000002A039101DB079204E0524243F00203F1
:100C20000792049323782E2B0AD163782A2B32D192
:100C3000039B02341A1D1B6843EAE3730392059376
:100C4000DFF8E0A00322217850460AF006FC38B114
:100C5000A0EB0A004022049B01348240134304931A
:100C600014F8011B06222C488DF828100AF0F5FB19
:100C700000283FD0294B1BBB039B073323F00703FE
:100C800008330393099B3B4409936BE70CFB023247
:100C90000C460120A9E7002301344FF00A0C194645
:100CA0000593204610F8012B303A092A03D9002B6E
:100CB000C6D00591C4E70CFB012104460123F0E7EF
:100CC00003AB2A4604A930460093154BAFF30080CE
:100CD0000746781CD6D16B6ED90705D4AB899A0527
:100CE00002D4A86D06F0D2FDAB895B063FF516AFC6
:100CF000099815E703AB2A4604A930460093084B30
:100D000000F012F8E4E700BF3CF801001CF8010015
:100D1000FCF70100332002003D200200000000002B
:100D200049B50100392002002DE9FF470F7E9146A9
:100D300080460C46782F9A460C9D01F1430207D855
:100D4000622F0AD8002F00F0E080582F00F0BB80FF
:100D500004F1420684F842703AE0A7F16303152BD0
:100D6000F6D801A151F823F0C10D0100D50D010005
:100D7000510D0100510D0100510D0100510D0100F7
:100D8000D50D0100510D0100510D0100510D010063
:100D9000510D0100F10E0100650E0100A70E0100CA
:100DA000510D0100510D0100130F0100510D010003
:100DB000650E0100510D0100510D0100AF0E010043
:100DC0002B6804F142061A1D1B682A6084F8423021
:100DD0000123ABE0236829681F0601F104002860A5
:100DE00001D50D6803E05E06FBD5B1F90050002D7A
:100DF00061687ADA2D200029A16084F843002DDA99
:100E00006D425E480A231646B5FBF3F103FB11570A
:100E1000C75D06F8017D2F460D46BB42F4D9082B6D
:100E20000BD12368DF0708D5236961689942DEBFCB
:100E3000302306F8013C06F1FF36921B22614B4637
:100E400003AA21464046CDF800A00AF08FFB0130EE
:100E500071D14FF0FF3004B0BDE8F08723F00403F8
:100E60002360CDE72B682068191D2960050601D590
:100E70001D6802E04106FBD51D886F2F3F4814BF57
:100E80000A230823002184F843106668002EA66018
:100E9000B9DB216821F004012160002DB3D1002EBF
:100EA000B1D11646BBE7236843F0200323607827BF
:100EB000334884F84570296823680E1D2E601E068D
:100EC00003D50D6804E02D48F3E75D06F9D50D88DC
:100ED000D90744BF43F0200323600DB11023D1E7AD
:100EE000236823F020032360F8E724480A23CCE793
:100EF0002B682668181D6169286035061B6801D5B6
:100F0000196002E07006FBD51980002316462361A4
:100F100095E72B6800211A1D2A601E68626830461A
:100F20000AF09BFA08B1801B6060636823610023AC
:100F300084F8433083E72369324649464046D04728
:100F4000013086D023689B0714D4E068039B984245
:100F5000B8BF18467FE70123324649464046D0478E
:100F600001303FF476AF0135E36803995B1AAB4279
:100F7000F1DCEAE7002504F11906F5E75F06020057
:100F80004420020038B50023054D044608462B6076
:100F9000F4F78AFF431C02D12B6803B1236038BDEC
:100FA00068690020242B2DE9F0478646904601D839
:100FB000012B06D106F06CFC162303600020BDE86F
:100FC000F0870D4635482A4615F8014B065D16F0A8
:100FD0000806F8D12D2C24D12C780126951C2BBB8A
:100FE000302C30D00A2306F1004C00220CF1FF3CDB
:100FF0001046BCFBF3F903FB19CAA4F13007092F13
:1010000028D83C46A34234DD571C07D081452DD358
:1010100001D1A2452ADB00FB0340012215F8014B58
:10102000EBE72B2C04BF2C78951CD8E7102BDAD1DA
:10103000302CD8D12A7802F0DF02582AD3D16C782C
:1010400010230235CFE72B7803F0DF03582BF6D0BF
:101050000823C8E7A4F14107192F01D8373CD1E78D
:10106000A4F16107192F04D8573CCBE74FF0FF32AA
:10107000D4E7531C08D122236046CEF80030B8F1E3
:10108000000F9CD0691E06E006B14042B8F1000F87
:1010900095D0002AF6D1C8F8001090E7331F02005F
:1010A00013460A46014602480068FFF77BBF00BFAF
:1010B000E8020020F8B50E461446054618B18369CB
:1010C0000BB900F033F9214B9C4210D16C68A36935
:1010D000A360A3891A0701D5236993B9214628463D
:1010E00000F03AF868B14FF0FF373846F8BD184BBA
:1010F0009C4201D1AC68EAE7164B9C4208BFEC6801
:10110000E5E72369F6B220683746C01A636983426F
:1011100005DC2146284600F08BF80028E3D1A368BF
:101120000130013BA36023685A1C22601E70636972
:10113000834204D0A389DB07D7D50A2ED5D1214617
:10114000284600F075F80028CFD0CCE73CF8010025
:101150001CF80100FCF70100314B70B51D68064614
:101160000C4625B1AB6913B9284600F0DFF82D4BCA
:101170009C420ED16C68B4F90C301A072CD4DD06F1
:1011800011D40922326043F040034FF0FF30A381B5
:101190003DE0254B9C4201D1AC68ECE7234B9C42DF
:1011A00008BFEC68E7E7580712D5616B41B104F15D
:1011B0004403994202D03046FFF7E6FB0023636305
:1011C000A38923F02403A3810023636023692360A0
:1011D000A38943F00803A38123694BB9A38903F4CE
:1011E0002073B3F5007F03D02146304600F01CF990
:1011F000B4F90C3013F001020AD00022A260626937
:101200005242A261226942B913F08000BBD170BD85
:10121000990758BF6269A260F4E70020F7E700BFB2
:10122000E80200203CF801001CF80100FCF7010076
:1012300038B50B6905460C4613B90025284638BD5C
:1012400018B183690BB900F071F8144B9C421BD1A3
:101250006C68B4F90C30002BEFD0626ED00704D468
:10126000990502D4A06D06F00BFB284621460AF032
:1012700027FA636E0546DA07E0D4A3899B05DDD41F
:10128000A06D06F003FBD9E7054B9C4201D1AC6889
:10129000DFE7044B9C4208BFEC68DAE73CF801004A
:1012A0001CF80100FCF70100002310B50446836020
:1012B000818119464366C28108228361C0E90033F7
:1012C000C0E904335C300AF020F9054B2462636204
:1012D000044BA362044BE362044B236310BD00BFC5
:1012E00019B901003BB9010073B9010097B90100B8
:1012F00001490AF07EBA00BF31120100014806F030
:10130000BFBA00BFDC040020014806F0BFBA00BF2E
:10131000DC040020014806F0B3BA00BFF00400204E
:10132000014806F0B3BA00BFF004002010B504462F
:10133000FFF7F0FFA3691BB1BDE81040FFF7F0BF56
:10134000C4E9123323652046124B134A1B68A2627C
:10135000A34204BF0123A36100F020F8606020468F
:1013600000F01CF8A060204600F018F800220421CC
:10137000E0606068FFF798FF01220921A068FFF78D
:1013800093FF02221221E068FFF78EFF0123A36181
:10139000D2E700BFF8F70100F1120100F8B50746E7
:1013A000FFF7ACFF1E4B1E68B36913B93046FFF759
:1013B000BDFF4836D6E90134013B03D533680BB392
:1013C0003668F7E7B4F90C50D5B9164B04F158005C
:1013D0006566E36006F04AFAFFF796FF08222946A1
:1013E00004F15C002560A561C4E90155C4E9045518
:1013F0000AF08BF8C4E90D55C4E912552046F8BD32
:101400006834D9E7042138460AF0DDF90446306033
:101410000028D5D1FFF778FF0C233B60EEE700BF33
:10142000F8F701000100FFFF8B89F7B59D0706461D
:101430000C4607D504F14703236023610123636150
:1014400003B0F0BD01AB6A460AF0F2F9009F054611
:1014500030463946FFF7E2FA48B9B4F90C309A053C
:10146000EED423F0030343F00203A381E2E70D4B24
:10147000B362A389206043F08003A381019BC4E988
:1014800004075BB1B4F90E10304600F067F828B1DC
:10149000A38923F0030343F00103A381A3891D4320
:1014A000A581CDE7F1120100014806F0E9B900BFBE
:1014B000C8040020014806F0E9B900BFC8040020B4
:1014C000024B014618680AF0FDB900BFE80200208F
:1014D00038B50023064D0446084611462B6006F039
:1014E000BCF9431C02D12B6803B1236038BD00BF97
:1014F0006869002038B50446064D084611460022AA
:101500002A601A4606F09BF9431C02D12B6803B1EE
:10151000236038BD6869002038B50023054D0446B6
:1015200008462B6006F08FF9431C02D12B6803B1EB
:10153000236038BD6869002038B50023064D044695
:10154000084611462B6006F08CF9431C02D12B682B
:1015500003B1236038BD00BF6869002038B500239F
:10156000054D044608462B6006F072F9431C02D173
:101570002B6803B1236038BD6869002038B5044684
:10158000064D0846114600222A601A4606F05EF90A
:10159000431C02D12B6803B1236038BD6869002069
:1015A00038B50446064D0846114600222A601A4600
:1015B00006F041F9431C02D12B6803B1236038BD0A
:1015C0006869002038B50446154600F08DF804F629
:1015D0004213C4F83C394FF4006304F58A50C4F850
:1015E0003859A4F8403904F63C1104F58B55043001
:1015F0000DF001FB043504F58A50234629460E4AB6
:101600000C300DF02BFB4FF40071002204F58053D9
:10161000A3F8681109490635C3E9DC12A3F8602173
:1016200083F86C23201D22460549C3F864510CF051
:101630000AFE204638BD00BF33BB0100A5BA010039
:10164000C7B9010008B50A4601460348FFF7BAFFCB
:10165000BDE8084000F0C4B8701B00202DE9F0413F
:101660000C46A0B016461F460AF0B1FA2346802168
:101670001A4A684604F0D0FD6846EFF775FA6946E5
:101680000246002000F062FA6D460024DFF8548024
:10169000BC4215D1A4B204EB4404C4F18001104A49
:1016A0000DEB040004F0B8FD6846EFF75DFA0DF1AC
:1016B0000101421E002000F049FA20B0BDE8F0818F
:1016C000292CE8D0A4EB84012846335D42468031C2
:1016D00004F0A2FD01340335DAE700BF5520020013
:1016E0006F2002006920020070B5064604460025FE
:1016F00046F8041B4FF4006200F1D10130460CF0B3
:1017000095FD266504F1540304F17402C3E9005504
:1017100008339342FAD1C4E91E55A4F8745004F179
:1017200080000DF007F8C8230421284A84F8C81067
:10173000C4E928234FF6FF732549A4F8A8300968A7
:10174000244BC4F8CC10FF210022C4E92B35002320
:10175000A4F8181904F51361C4E92E23C4E9302351
:1017600084F89850C4F89C50C4F8B45084F8D05011
:1017700084F8D158A4F8D258C4F81059C4F81459B0
:10178000C4F81C59C4F82059C4F82459C4F828597D
:1017900084F82C59C1E900230F4B224630460F49EB
:1017A0001C600CF053FD3C22002104F6D40009F02B
:1017B000ACFE7722002104F1B80000F061FA04F1D8
:1017C000AC0000F009FC204670BD00BF00F8FF0728
:1017D00084FE01007D1901006C690020E9BD010053
:1017E000014B1868704700BF6C690020013804285D
:1017F0009ABF024B185C0020704700BF72200200A5
:10180000F8B501F00F0611F00F0117461A4606D180
:10181000022F02D1B83000F033FA00200CE090F82B
:10182000D35890F8D238EC1A0E2C06DDB8300E22C0
:10183000002100F025FA0320F8BD90F8D1488C4231
:1018400031D12C460E2C32D81A4B04F50D7407F00A
:10185000030746F0100100EB840403EAC21341EAD7
:10186000471119436368013503F000431943616070
:1018700080F8D358D1E70F3CE4B20E2CFBD804F526
:101880000D7400EB840494F804C01CF0100F08D011
:101890000CF00F0E8E4504D16FF3041C84F804C0C5
:1018A000CFE70133DBB29D42CBD91C46E5E70F3CC5
:1018B000E4B2C7E780FFFF7F2DE9F84FD0E92E3271
:1018C0001343044604D1012384F82C39BDE8F88F72
:1018D000B8300BF088FA002580464FF00109264FFA
:1018E000EBB24345EFD2D4E92E30C5F12001A5F18A
:1018F0002002EB4000FA01F10B4320FA02F21343FD
:1019000013F0010FC5F1200AA5F1200602D10C3712
:101910000135E5E73A682ABBD7F804B0BBF1770F89
:1019200006D1206807F0BCFE082898BF00F1700BB4
:101930005A46802120460AF093F90028C3D1D4E901
:101940002E3209FA06F629FA0AFA46EA0A0609FACE
:1019500005F123EA010322EA0602C4E92E32134309
:10196000D5D1B0E794F82C39002BE8D001238021A1
:1019700020460AF08FF9E0E7B0FB0100014B186840
:10198000FFF79ABF6C690020022337B5B0F88820B2
:101990008DF80730B0F8863004469A421BD1206893
:1019A0000BF02CFA0023FF228021A4F818292046EE
:1019B000702284F8123984F81739C4F81C39C4F835
:1019C0002039C4F82439C4F828390AF049F9054601
:1019D000284603B030BD0DF1070180300CF0C2FE87
:1019E0009DF807300546022BD9D020680BF004FA89
:1019F0000022014B1A60EBE76C690020002337B529
:101A000005460DF1070180308DF807300CF0AAFE75
:101A1000044608BB9DF80730F3B1022B1FD128689C
:101A20000BF0F1F9C0B195F91839013319D1D5F896
:101A3000A030C3B15A1E1A4015D15B08114602F1FD
:101A40000102FAD185F81819084BB5F8A4202868C6
:101A5000C9B20BF0EBF90446204603B030BD0C24AC
:101A6000FAE70D24F8E70724F6E700BFE91B0100B9
:101A700073B504460E4680300DF107010CF072FE7E
:101A8000054690BB9DF80730022B1FD003D9DA1E04
:101A9000012A88BF032384F8C83000230C2284F86D
:101AA000D0303146012320460AF0F4F894F8C830CB
:101AB000042B17D060B9201D0CF0CEFC0123C4F814
:101AC000CC0084F89830284602B070BD0123E2E7CC
:101AD0000A4B1B68C4F8CC30012384F8983084F892
:101AE000D060F0E70028EED0F9E70AF026F831469A
:101AF000024620460AF0B4F80546E4E784FE0100F9
:101B000010B5044600680BF0A1F9B8B10A280DD849
:101B10004FF4FA6303FB00F101F55C2101F5346138
:101B200004F15000BDE810400CF027BF192807D879
:101B300041F28833034903FB0011F1E70249EFE763
:101B40000021EDE7B0DB2300CC3F0D0010B41346BD
:101B5000064A0446106828B10A4621465DF8044B3F
:101B60000AF03BB80D205DF8044B70476C6900200B
:101B700010B504460B462A2202490AF002FE20460E
:101B800010BD00BFB8F9010010B504460B4617227E
:101B900002490AF0F6FD204610BD00BFA4F801007E
:101BA00010B504460B46032202490AF0EAFD20461E
:101BB00010BD00BF80F8010010B504460B4603229B
:101BC00002490AF0DEFD204610BD00BF5CF80100AE
:101BD000014B18680AF086BE6C6900200148006855
:101BE0000AF099BE6C690020014B18680AF0FABE31
:101BF0006C690020002313B504460DF10701803005
:101C00008DF807300CF0BEFD014630B99DF8073065
:101C100020682BB90BF0F4F80146084602B010BD5D
:101C20000049F7E7D11B010038B5044600680D46AE
:101C30000BF0E9F8A0B120680BF0F0F80146D0B144
:101C400020460AF0BFFF034658B90C4920680BF044
:101C5000E7F8034628B905F00F0584F8175938BD91
:101C60000D23184609F069FF294602462046BDE8C3
:101C7000384009F0F5BF0323F3E700BFDD1B010087
:101C8000002330B5174C25688D4224D165689542F4
:101C900021D1C3F12004D0E90225A3F1200105FAE6
:101CA00004F4DA40224325FA01F10A4312F0010F4D
:101CB000C3F12004A3F120020CD1012121FA04F484
:101CC00001FA02F222439940D0E900430C43134346
:101CD000C0E9004330BD0133DBB2202B04F10C041A
:101CE000D1D1F7E7B0FB01002DE9F04700244FF018
:101CF000010C26461D4D95F808E0BEF1000F22D0DC
:101D00002B688B421FD1D0E902A9A4F12003C4F1B2
:101D100020062CFA06F60CFA03F333430CFA04F708
:101D20006FEA0708DE43BAB14AEA070749EA030344
:101D3000C0E90273D0E9007307EA08073340C0E93D
:101D4000007331B976460134202C05F10C05D2D14F
:101D50004EB10020BDE8F08708EA0A0306EA09064A
:101D6000C0E90236EDE70720F4E700BFB0FB010051
:101D7000002230B50F4B1C7A9CB11C688C4210D1EC
:101D8000C2F12004D0E90235A2F1200123FA02F0C9
:101D900005FA04F4204325FA01F1084300F001009C
:101DA00030BD0132D2B2202A03F10C03E3D100206E
:101DB000F6E700BFB0FB0100004870477720020043
:101DC0000148F8F709BE00BFE82E002008B5836976
:101DD00023B10348F8F706FE002008BD0D20FCE7FC
:101DE000E82E0020836913B10248F8F7A1BB0D204B
:101DF000704700BFE82E002008B5836923B103486F
:101E0000F8F738FE002008BD0D20FCE7E82E002082
:101E1000836913B10248F8F741BE0D20704700BF37
:101E2000E82E002007B5836953B1684601220BF004
:101E300069FD69460348F8F74DFE03B05DF804FB01
:101E40000D20FAE7E82E0020836913B10248F8F765
:101E50005BBE0D20704700BFE82E002007B58369E8
:101E600053B1684601220BF04DFD69460348F8F76F
:101E700065FE03B05DF804FB0D20FAE7E82E0020B4
:101E800008B5836923B10348F8F772FE002008BD46
:101E90000D20FCE7E82E002008B5836923B1034834
:101EA000F8F77AFE002008BD0D20FCE7E82E0020A0
:101EB00010B5064C94F8AD302BB920460AF0F0FF6F
:101EC000012384F8AD30014810BD00BFE82E00208A
:101ED000F0B50C460546ABB0164604A9962202A8FA
:101EE0001F460BF05AF8134B13491A5D02A80BF06A
:101EF00079F80E2128460BF045F8104B0E220344CA
:101F000000930F492B4602A80E4D0BF06BF83A4692
:101F1000314602A80BF048F829460B4A02A80BF0FC
:101F200061F82A461021204604ABF9F74FF92BB08F
:101F3000F0BD00BFB9200200AA200200BF200200AD
:101F4000B0200200652302003B22020037B5094D94
:101F500004462B8843B904210DEB0100F8F7C6F8BD
:101F6000019905480AF0EAFF20462B8801332B80AF
:101F700003B030BD447400207069002001480AF0AD
:101F8000E7BF00BF70690020014B53F82000704785
:101F900030FD0100F8B505460C46064F8E18B442D8
:101FA00001D12846F8BD3946284614F8012B0BF01C
:101FB00019F8F4E7C9100200036823B90160054865
:101FC000496005F0DCBC5B684B60036859600160E8
:101FD000704700BFE82E00204368014613B902484D
:101FE000FFF7EABF704700BFEC2E002070B5056810
:101FF0000C4625B9BDE870404B68084818478B6807
:1020000098476A680146831A002BB8BF121A2368E2
:10201000A8BF0022BDE8704000481847E82E002005
:1020200010B504460AF0E6FE30B104F10800034999
:10203000BDE810400BF059B810BD00BF44FD0100D1
:102040004160024A014602480BF020B838FD010009
:10205000F42E00200146024A02480AF0F1BF00BFF8
:1020600038FD0100F42E002010B504460AF0C2FE2F
:1020700030B104F10C000349BDE810400BF035B855
:1020800010BD00BF38FD010003460846114613B1DC
:10209000014A04F0C1B87047D520020073B5012988
:1020A00014461D46069E07D1136831462846194A34
:1020B00004F0B2F8002402E0022908D007242046E8
:1020C00032462946FFF7E0FF204602B070BD1249B4
:1020D0001068EEF73FFD0028F0D1606801A90BF011
:1020E0003DF804460028EAD1019BF21E9A4228BF1F
:1020F0001A460A21944205D1084A311B281904F0D6
:102100008BF8D7E7B4FBF1F301FB134330332B55C6
:102110000134EFE7A6220200EA2002003922020081
:102120002DE9F347DDF82880814615461F460C4609
:1021300081B9F8F7AFFE2A4A2A4B4146002818BF5A
:1021400013463846284A04F067F80026304602B0A5
:10215000BDE8F08725491068EEF7FCFC28B9013C82
:1021600014F0FF0405F10405E3D000234FF00B0A3F
:102170001F4E3B70BAF1010A08D13B462A46214660
:10218000CDF800801B48F8F771FE1BE03168286825
:10219000EEF7E0FC10BBB36876685A1009EB6300F9
:1021A000DB0748BF59F8023004F1FF3148BF9E59A0
:1021B000012C08BF00223B46C9B218BF2A1DCDF82A
:1021C0000080B04723280646C0D1012CBED041462E
:1021D00038462B68084A04F01FF8B7E70C36C9E701
:1021E000C6110200F1040200F1200200ED200200FD
:1021F00050FD0100E82E002029170200F0B50C4622
:102200001E460023E5B007464FF480712046154670
:102210008DF80F300AF0B6FEFF281DD8214624A8FD
:102220000CF040FD384604AB0DF10F0224A90AF072
:10223000E7FF032804460FD0072814D0C8B9287038
:102240002B4638469DF80F10009604AAFFF768FF4A
:102250000446204665B0F0BD31462846064A03F0E4
:10226000DBFF0324F5E7054A3146284603F0D4FF97
:10227000EFE7034AF8E700BF0A2102002C21020021
:10228000612102002DE9F7430229884617461D46C1
:102290000A9E1BD140491068EEF75CFC00283ED135
:1022A000786801A90AF05AFF044678BB01980DF13D
:1022B00002010AF0BDFF044640BB314628469DF8A6
:1022C0000230364A03F0A8FF00241FE003291AD188
:1022D00033491068EEF73EFC08BB786801A90AF0A4
:1022E0003DFF044690B9B8680DF10201DDF80480A5
:1022F0000AF077FF044648B940469DF802100AF0FC
:1023000095FF044602E0012909D8072420463246F9
:102310002946FFF7B9FE204603B0BDE8F083214906
:102320003868EEF717FC0028EFD1786801A90AF0A9
:1023300015FF04460028E9D1B8F1020FDDF804903A
:1023400014D148460DF103010AF076FF0446002837
:10235000DCD19DF803302BB9134A3146284603F0EF
:102360005BFFB1E7012BAFD1104AF6E7B8F1030FDD
:10237000AAD10F49B868EEF7EDFB38B10D49B8683E
:10238000EEF7E8FB00289FD1012100E021464846F6
:102390000AF050FFB5E700BF82210200862102004B
:1023A000E71202008B210200902102009521020019
:1023B000E71E0200801802000A4608B510230348F1
:1023C00022F8103F0AF03CFF08BD00BFE82E0020B5
:1023D0002DE9F04190B00746884614461D46169EEA
:1023E000F8F758FD002847D0B8F1000F1FD1694613
:1023F0003846FFF7E1FF044680B9212207A905A866
:102400000AF0CBFD6946BDF8102005A8FFF7C2FD14
:1024100031462846194A07AB03F0FEFE20463246F5
:102420002946FFF731FE204610B0BDE8F08114497F
:102430002068EEF78FFB28B9012112480AF002FF4D
:102440000446EBE710492068EEF784FB01460028BC
:10245000F3D0102320686A460DEB0301ADF810306D
:102460000BF0A5FC04460028D8D16946BDF8102021
:1024700004480AF0E3FEE3E70D24CFE7A6220200BA
:102480009B210200E82E0020A221020070B50E461A
:1024900014461D46F8F7FEFCD8B13EB90724204685
:1024A0002946049AFFF7F0FD204670BD0A492068CE
:1024B000EEF750FB28B901210848F8F7F1FC044673
:1024C000EDE707492068EEF745FB01460028E5D116
:1024D000F2E70D24E3E700BFAA210200E82E002066
:1024E000B021020070B50E4614461D46F8F7D2FC26
:1024F000D8B13EB9072420462946049AFFF7C4FD07
:10250000204670BD0A492068EEF724FB28B9012156
:1025100008480AF099FE0446EDE707492068EEF7FF
:1025200019FB01460028E5D1F2E70D24E3E700BFDF
:10253000AA210200E82E0020B021020007B51020D9
:102540001346908202F114000190101D0090023396
:1025500002480AF07BFE03B05DF804FBE82E002081
:102560002DE9F04F9FB083460E4690461C46289DAD
:10257000F8F790FC0746002800F0C680002E40F0D7
:102580008E8029462046614A03F046FE002847DD3A
:10259000854245DD0B21B14604442D1A1B298DF8D7
:1025A0001B1009D9002630462A462146FFF76CFD4C
:1025B00030461FB0BDE8F08F34D1B9F1000F3AD0EA
:1025C0004FF01708BDF91C10BDF93420BDF93630A5
:1025D000914233D0BDF934300DF1540A0493BDF962
:1025E00036302122514613A805939DF81B900AF01E
:1025F000D4FCBDF848200EA913A8FFF7CBFC059B1F
:1026000009F1FF390293049B2946CDE90093204646
:1026100033463F4ACDF80CA003F0FEFD002826DC2F
:102620000326C0E7584607AAFFF788FF8046B9F19E
:10263000000FC7D110B34FF0000913E0BDF91E2001
:102640009A42C7D1BDF83030BDF848209A42C1D176
:102650000EA908A808F00FFF0028BBD1B8F1000FA1
:10266000B8D1B9469DF81B100131C9B296E7854231
:10267000D6DD04442D1AB8F1000FDCD10DF1340C75
:102680000DF11C0EBEE80F00ACE80F009EE8030041
:102690004CF8040B9DF81B60ACF80010E1E7012E2C
:1026A00001D007267FE7D8F800000DF11B010BF0E1
:1026B0006DFB064600287FF476AF9DF81B10A1F154
:1026C0000B030F2BEDD8584607AAFFF737FF064636
:1026D00000287FF468AF15AF3946BDF91C80BDF9FD
:1026E0001E90212213A80AF058FCBDF8302008A93A
:1026F00013A8FFF74FFC434629462046CDE9009733
:10270000044A03F089FD4EE70D264CE7B52102008F
:102710003C2202006122020070B504460D4600F121
:10272000100649B10A480B4A0B490AF0F9FB30463A
:1027300000F026FA40B170BD0548084A06490AF083
:10274000EFFB304600F030FA00206560F3E700BF91
:1027500068230200E3220200E8220200F4220200C1
:102760002DE9F041064615460C4691B18F88284662
:1027700000F008FE3A460346084909480AF0D0FB33
:10278000736843B13DB92A462146BDE8F04105488A
:1027900018470F46EBE7BDE8F08100BFFA220200C0
:1027A00068230200E82E00202DE9F0410446184677
:1027B000B1F804800D4617461E4600F0E3FD424680
:1027C0000346094909480AF0ABFBD4F80880B8F180
:1027D000000F06D033463A4629460548C047002335
:1027E000A360BDE8F08100BF1A2302006823020045
:1027F000E82E002010B5436804462BB1C3681BB116
:10280000024898470023E36010BD00BFE82E002077
:1028100070B518460C46A4B08BB100F0B3FD054668
:102820002146667E02A800F023F804ABCDE90063E0
:102830002A469DF8A030034903480AF063FB24B000
:1028400070BD00BF3B23020068230200430708D08D
:1028500000F01803083BDBB2102B04D8034AD05C0D
:102860007047FF2070470520704700BFDD2302003E
:1028700070B580220D4698B000F1080104460AF0B8
:102880008CFB00238DF818308DF824302B68AA8833
:102890009B7820462B490AF0A5FB2B681A7802F09A
:1028A0000702032A4BD8DFE802F0022E3032264915
:1028B00020460AF097FB04A928460AF010FE07A953
:1028C00028460AF0B3FD04A90AA800F04DF807A9AC
:1028D00011A800F049F82B681878C0F3C000FFF782
:1028E00053FB2B6806461878C0F34010FFF74CFBEB
:1028F0001649CDE9006013AB20460CAA0AF072FB22
:10290000204618B070BD1249D2E71249D0E72846D8
:102910000DF10F010AF03FFF10B1FF238DF80F30CA
:102920009DF80F20042A06D0072A06D00A4920461F
:102930000AF058FBBFE70949BAE70949B8E709496E
:10294000F5E700BF7023020089230200B9230200CB
:1029500090230200B1250200B1230200952302005A
:10296000A2230200FE12020038B50D46112200F12A
:10297000080104460AF011FB2B7A022B06D108222B
:1029800029462046FFF706FB204638BD23B92046DE
:1029900004490AF027FBF7E720462A8802490AF093
:1029A00021FBF1E7EE230200FF23020070B51D4E6C
:1029B000044630460D46F7F7E7FF20703046F7F73C
:1029C000B7FF29460025606104F118000BF031F9CA
:1029D00029461022C4E9075504F1240008F095FDAA
:1029E0002946102204F1340008F08FFD29461022F8
:1029F00004F1440008F089FD23460B4A204643F8C1
:102A00005C2F63662346094A43F87C2FC4F8843060
:102A1000FF2384F8783084F879300AF0A0FF20464C
:102A200070BD00BFE82E00204D2F01001D310100B8
:102A300010B50C460448F7F72BFD2246BDE81040C0
:102A4000024903480AF06CBAE82E0020F323020082
:102A50002025020010B504468180054800F0E0FB07
:102A6000A28804490448BDE810400AF059BA00BFE2
:102A7000F92E0020062402002025020010B50A6865
:102A80008AB0C0F806204A68841DC0F80A200122D6
:102A900001A80AF037FF01A9064800F0BBFB214658
:102AA00003A80AF020FF0449044805AA0AF038FAEE
:102AB0000AB010BDF92E00202024020020250200BB
:102AC00070B50E4601210446B14000200AF04EFACE
:102AD0004FF4A07303FB00F5A37BDB0714D56369F8
:102AE0000C489979F7F796FE294604F15C000AF044
:102AF0001AFB6378062B0BD133462A46BDE870409B
:102B0000054906480AF00CBA0248F7F711FDEBE751
:102B100070BD00BFE82E00203424020020250200F2
:102B2000837B9B0702D40248F7F706BF7F207047DC
:102B3000E82E002003789B075FBF044B9869B0FA2A
:102B400080F0400948BF0020704700BFE82E0020F9
:102B500038B50C4641780546A14209D0054A0648D9
:102B600052F8243052F8212004490AF0D9F96C7047
:102B700038BD00BFC8FD0100202502005724020017
:102B800010B5437804465BB90648F7F7BDFC40B979
:102B90000448F7F7CDFC20B901212046FFF7D8FF04
:102BA000002010BDE82E002038B505467C30FFF728
:102BB00051FA05F15C00FFF74DFA0848F7F7B8FC49
:102BC000044640B90548F7F7A9FC044618B9014680
:102BD0002846FFF7BDFF204638BD00BFE82E002085
:102BE00038B5837B05469B070B480CD5F7F7A0FC4F
:102BF000044658B100F0C6FB0849024608480AF0EE
:102C000073F9204638BDF7F705FEF1E702212846A3
:102C1000FFF79EFFF5E700BFE82E00206C240200BE
:102C20002025020010B54378044603F0FB03032B74
:102C300024D10378DB0604D4436911489979F7F766
:102C4000E9FD04212046FFF783FFE3691BB1012161
:102C5000226A6069984761690A4800F0E7FA0D281E
:102C60000CD1626913694BB1002313616269054895
:102C700053616169BDE8104000F0D8BA10BD00BFD3
:102C8000E82E0020F92E002070B543780446154642
:102C900063B3033B042B29D9837B9B0704D57F2196
:102CA0000AF0C0FE002070BD037813F0020607D0C2
:102CB0001048F7F7B1FE05212046FFF749FFF1E77D
:102CC000FFF738FFA0B10B48F7F7A4FD0521204618
:102CD000FFF73EFF7F23E373F7F76AF905443146B8
:102CE000256104F15C000AF01EFADBE70D20DAE74B
:102CF0000C20D8E7E82E002038B5436904461B694C
:102D00008578EBB10721FFF723FF20460AF084FE08
:102D100088B1144806F0E1FC6369D3E904218B18FB
:102D2000C3F1A803C34206D504F15C00A839BDE88D
:102D300038400AF0F5B92046BDE83840FFF772BFC9
:102D40000321FFF705FF20460AF059FE0028F2D0C4
:102D5000E91CC9B205292046BDE8384028BF052135
:102D6000FFF7AEBEE82E00202DE9FF4708290546F3
:102D7000DDE90C78894692461C4612D180F858202D
:102D800000F124060FCB86E80F0005F1340697E822
:102D90000F0086E80F0005F1440698E80F0086E86A
:102DA0000F0028460AF025FE40B9CDE901802346F0
:102DB0005246494603480097F7F730FF04B0BDE894
:102DC000F08700BFE82E00202DE9F7431E46044699
:102DD0005C300D469046FFF73DF90E2E1BD005D80E
:102DE000CEB10B2E06D003B0BDE8F0830F2EFAD182
:102DF000002711E0294620460AF0F1FE0023A370C7
:102E000020460AF003FEE37878B36F7E9F4294BFBA
:102E1000002701272AE00127EB7E5B0705D539460D
:102E2000AA7904F118000AF005FFB4F868301BB164
:102E30002D4806F052FC6067294620460AF0CFFE76
:102E40007FB920460AF0DBFD58B1A3782A7E9A426A
:102E500007D90133A370204603B0BDE8F043FFF764
:102E60004BBF0023A370002ECAD100270197E3783F
:102E700004F118090093424633462946484600F0BB
:102E800059F9E7B1E3780E2E03F10103E370EB7E0D
:102E900043F00203EB76DED106212046FFF758FE11
:102EA000204694F85910FFF70BFE94F8593001337F
:102EB000DBB2052B28BF052384F8593093E70221A4
:102EC0002046FFF745FEA97EAB798B4202D006482B
:102ED000F7F7A0FC334642462946484603B0BDE812
:102EE000F04300F035B900BFE82E002010B543785C
:102EF0000446033B042B21D8DFE803F003071C182A
:102F00000300BDE81040FFF78DBE0D490D480AF0E3
:102F100007F863690C489979F7F77CFC20466169EA
:102F20000E23BDE810400022FFF74EBFBDE8104061
:102F3000FFF7E2BEBDE810400AF081BD10BD00BF42
:102F40008D24020020250200E82E00200148FFF712
:102F5000CDBF00BF0C2F002010B504463AB1426D22
:102F60008A4238BF41650AF044FD50B110BD616529
:102F70000AF03FFD0028F9D1BDE810400348F7F7FB
:102F800099BE0248BDE81040F7F7A8BEE82E002021
:102F90002DE9F843A023DFF87C800446B0F86850A0
:102FA000404616465D430F4606F097FB636F6D087B
:102FB000A0EB03094046F7F7E7FE94F87830144A8F
:102FC0000344A3FB09014FEAE37C09FB0C11002336
:102FD000EDF7C2F894F87930814603EB830340465D
:102FE0005C0006F07CFB03B203EB830304EB4304B9
:102FF00004EB090000F59F531033AB4294BF3B60D4
:103000003D60854294BF35603060BDE8F88300BF05
:1030100040420F00E82E002073B50446694601AA1D
:10302000B0F86860FFF7B4FF94F86A30216FDA09EE
:1030300004F17C0017D06FF3C71384F86A30009B4B
:10304000C91AFEF7FDFF6378082B5CD12F48F7F70C
:103050006FFAF6F7F5FF02462D492E4802B0BDE89B
:10306000704009F05DBFA0235E4394F90030002B4F
:1030700025DA009D31442167491BA5F59C55083D83
:10308000FEF7DEFF0095216F2048F7F769FE94F9FF
:103090000030002B637820DA13F0FD0F33D0009B53
:1030A0000198226F94F86A10D21A03441748921BB1
:1030B00001F07F0102B0BDE87040F7F7CDBB019B86
:1030C0001944FEF7BDFF94F86A3043F0800384F89A
:1030D0006A30236F33442367D5E7082B13D194F864
:1030E0006A100A4801F07F01F7F794FBF6F7A8FF92
:1030F000DDE9001302460B440648074902B0BDE86B
:10310000704009F00DBF02B070BD00BFE82E002076
:10311000A124020020250200AF2402000148FFF78D
:103120007BBF00BF0C2F00200148FFF719BB00BF79
:10313000FC2E002010B49DF804009DF80840CDE955
:10314000010402485DF8044BFFF762BBFC2E00202F
:103150000148FFF729BB00BFFC2E00200148FFF704
:1031600049BB00BFFC2E0020002370B5194690B06B
:103170004FF6FE722648F7F7C5FD00212448F7F701
:1031800079FC2348F7F7F4FC2148F7F705FD2048C0
:10319000F7F7B2F928B11E48F7F7CAF91C48F7F754
:1031A000BDF900240CAD4FF6FF711948F7F770F91F
:1031B00029461748CDE90C44F7F77CF94FF6FE7124
:1031C0001348F7F787F9102221460DEB020008AEED
:1031D00008F09BF921461022304608F096F9214666
:1031E0001022284608F091F92246214604ABCDE989
:1031F000015407480096F7F711FD21460448F7F7F8
:1032000059FD2146024810B0BDE87040F7F7EABB0F
:10321000E82E00200148F7F74DB900BFE82E002046
:103220000148F7F757B900BFE82E00200148F7F72B
:1032300059BB00BFE82E00200048704700F8FF0788
:103240002DE9F84F00240D4616468346A146DFF8C7
:10325000908002F1FF3A5F461BF8010B18B900237A
:1032600005EB840536E05C2825D19BF80020A2F10F
:103270000903DBB2172B0CD828FA03F3DA070AD5B7
:103280003846EDF771FC59460246384608F023F9F6
:1032900001E05C2AF4D01BF8013C002BDBD01CB110
:1032A0001BF8023C002BD6D1544517D0631C45F8BF
:1032B0002470DCB2CFE70938C3B2172BEBD828FA59
:1032C00003F3DB0748BF0BF8019CE4E70134E4B2E9
:1032D00045F8043BB442F9D3BDE8F88F0720BEE7B8
:1032E000130080002DE9F3470E460446D8B1037859
:1032F000302B1AD1437803F0DF03582B15D1012767
:10330000023400224FF0993915464FF00A08DFF8D1
:1033100070A020785FB10DF107010AF0C0FC58BB26
:10332000B5F1805F12D3072026E00027E9E73038A7
:10333000C0B20928F7D891457AEB05038DF807004C
:10334000F1D3A2FB082308FB053303E02B0143EA7A
:10335000127312019DF807100020891853F1000321
:1033600028BF01200A461D460028DCD114F8010FB1
:103370000028CED1C6E9001302B0BDE8F08700BF37
:103380009999991925289ABF024B53F820000248B1
:10339000704700BFECFD01002725020001480AF03C
:1033A00081BB00BF0C2F002001480AF015BB00BFF5
:1033B0000C2F00200148FFF707BD00BF0C2F002095
:1033C00001480AF02FBB00BF0C2F002001480AF073
:1033D00069BB00BF0C2F0020134602480022FFF7F4
:1033E000F3BC00BF0C2F002038B57E2905460C46E3
:1033F00000680AD87C2903D801F0FD03112B06D1FF
:103400008388012B08D8032005E0F829F7E7214637
:103410000BF0E4FB40B138BD7D210BF0DFFB2868E9
:1034200084F020010BF0DAFBAA88054B5440E4B28B
:1034300033F81430002083EA1223AB80EBE700BF9F
:103440004E000200F8B504460D468E18AE4200D17B
:10345000F8BD237815F8011B012B0BD0022B3CD0B3
:10346000002BF3D17E29F1D1012323704FF6FF7396
:103470002361EBE77D2915D07E2916D06068878807
:10348000002F40D0228A234F82EA0103DBB237F8B3
:10349000133083EA122323820BF0A0FB638A0133EB
:1034A0006382D3E702232370D0E7638A002BDDD049
:1034B000012B10D04FF2B803228A9A420BD100217F
:1034C00063681A68023A1A609A8802329A80D4E9CC
:1034D00002309847CAE70621F9E76068878897B104
:1034E000228A81F0200182EA01030A4FDBB237F819
:1034F000133083EA122323820BF070FB638A0133BB
:1035000063820123CFE70321A368E068984727700F
:103510009CE700BF4E000200024B1860024B0020E7
:1035200019607047500300204C03002010B50C4C6C
:10353000236813B10B4B1B682BB900F05DFE30B94B
:103540000122084B1A6001232360002010BD0138BE
:10355000072801D9044810BD044B53F8200010BDC2
:103560007869002074690020FE8FFFFF88FE01004B
:10357000BFF34F8F0549064BCA6802F4E06213435C
:10358000CB60BFF34F8F00BFFDE700BF00ED00E051
:103590000400FA0530B44FF0FE3200250B4B0C4C02
:1035A0000C494968C3F80024C3F80424C3F808246C
:1035B000C3F80C24C3F81024C3F81424C3F8182447
:1035C000C3F81C24C4F8005530BC08470050845090
:1035D0000040845054030020024BD0E90012C3E99C
:1035E0000012704754030020144B2DE9F0430028CB
:1035F00014BF04461C46124F236883B0BB4219D047
:1036000016460D4620464FF4E07104F1040900F01F
:10361000EBF804F58E78484600F0CEFC404600F00A
:10362000F1FA2B464A4640460649009600F000FB58
:1036300008B92760002003B0BDE8F0837C69002052
:10364000A5BCC95A3D40010070B50D4C1D4600286F
:1036500014BF064626460B4B306882B098420DD107
:1036600006F58E70002633460096144600F030FBB7
:10367000002818BF34462C6002B070BD0248FBE73A
:103680007C690020A5BCC95AE88FFFFF10B504462D
:1036900050B1636813F0685F05D0064A934202D0C8
:1036A00000236260236010BD034B04485B689847A9
:1036B000EFE700BF2C5F5CA954030020A8FE0100C7
:1036C000C8B143680D4A934213D013F0685F0ED01F
:1036D000012350E8002F194640E8001C9CF0000F21
:1036E000F7D1012AF5D0BFF35F8F0020704704485F
:1036F0007047044870476FF4E04070472C5F5CA946
:10370000E98FFFFFEA8FFFFF034680B14268094956
:103710008A420AD012F0685F05D0BFF35F8F0022A3
:1037200010461A60704704487047044870476FF4A9
:10373000E04070472C5F5CA9E98FFFFFEA8FFFFF35
:1037400010B5044620B10023034A2360626010BD17
:103750000248FFF71FFFF6E73A00003AD0FE0100EB
:103760002DE9F041174C4768066867608768C068B4
:10377000A760E06026600868134B144D1860486825
:10378000D5F818215860886812F0685F9860C8689A
:103790000969D860196112D000230D4A05F58A70B5
:1037A000C5F81431C5F8B831C5F81821C5F8BC21E1
:1037B000B047236805F5DC70BDE8F0411847BDE867
:1037C000F08100BF700300205C0300207C690020B2
:1037D0002C5F5CA938B131B10022014403460130AD
:1037E00081421A70FAD1704738B131B100220144D8
:1037F0000346013088421A70FAD170472DE9F04F24
:10380000B2F5C07FBDB000F2DA800C46DFF8B491AB
:10381000154600214FF4D07282460DF17C084846CF
:1038200007F073FE404601F05BF930232146002487
:1038300089F8173009F118066BBA2A46A9F8123030
:103840003046A9F8104007F026FE80222346725524
:103850000DF12B0101F8013F0133202BFAD14FF478
:10386000807240460BA901F051F98346002840F0D0
:10387000A38005F1190313AD2F4607AE0293CDF8CF
:103880000CA00196049510220021019807F03DFE3E
:10389000DFF834A1DDF808B005970A9B5AF8044C0C
:1038A000089F099A07995AF8100C5AF80C6C5AF8A4
:1038B000085C5C40019B7E40554081EA00071A4647
:1038C00001214046CDE90776CDE9095401F040F9E0
:1038D000BBF1100F94BFABEB0B0BABF1100B0AF16C
:1038E000100A002847D1BBF1000FD6D1059F102246
:1038F0003846019907F0CFFD99F8033010370133AE
:10390000474589F80330BED1049D4FF480722946A3
:103910004046DDF80CA0019E01F0F8F8834678BB24
:1039200054460AF130071BAB1A460121404601F00C
:103930000FF9834620BB102220461BA9144407F030
:10394000AAFDA742EFD1404601F0DAF84FF4D0715A
:103950001C48FFF749FF28463021FFF745FF0BA819
:103960002021FFF741FF30461021FFF73DFF584669
:103970003DB0BDE8F08F8346DDF80CA0019E049DAC
:10398000404601F0BDF84FF4D0710E48FFF72CFF10
:1039900028463021FFF728FF20210BA8FFF724FF3E
:1039A00010213046FFF720FF30215046FFF71CFF63
:1039B00058463DB0BDE8F08F13AD07AEE0E76FF0BD
:1039C000370BF5E74C6B00205C6B00202DE9F041D4
:1039D0008CB004460D463022002168466F4607F041
:1039E00094FD04F12006E27B0132D2B2E273002A98
:1039F0004DD1A27B0132D2B2A273002A47D1637BA0
:103A00000133DBB26373002B41D1237B0133DBB283
:103A10002373002B3BD1E37A0133DBB2E372002B3B
:103A200035D1A37A0133DBB2A372002B2FD1637A95
:103A30000133DBB2637253BB237A0133DBB22372EF
:103A40002BBBE3790133DBB2E37103BBA379013311
:103A5000DBB2A371DBB963790133DBB26371B3B954
:103A600023790133DBB223718BB9E3780133DBB205
:103A7000E37063B9A3780133DBB2A3703BB9637819
:103A80000133DBB2637013B92378013323703B46F3
:103A900022460121304601F05BF88046002841D1E2
:103AA00010370CAB9F429ED1029AAB6803995340EA
:103AB00002933046EE68D5F820804E400396049974
:103AC0002E69D5F828C04E4004966E6905990B9F63
:103AD0004E4005960699AE69009B4E400696EE69EB
:103AE00007994FF480724E400796089ED5F824E05F
:103AF00088EA0608099E8EEA060E0A9E8CEA0601EE
:103B0000EE6A7E402F687B4000936B68019D6B409E
:103B10000193CDE9088ECDE90A16694600F0F6FF5B
:103B2000804638B168463021FFF75EFE40460CB053
:103B3000BDE8F0811022204608A907F0ACFCF1E7AF
:103B40002DE9F8431D468369B3F5C07F52D8164668
:103B5000C3F5C072AA424DD3C5F5C072D31AB342A1
:103B600048D30446DFF898904FF4C0720F46484699
:103B7000002107F0CAFC4946D4F89430A269D4F871
:103B800098009847002838D1D4F818803DB1D4E97E
:103B900025302A4609EB0801984770BBA84407B1B5
:103BA000C6B9174942460846FFF728FE054638B110
:103BB0004FF4C0711248FFF717FE2846BDE8F8839E
:103BC00020460F49FFF702FF05460028F0D10123E8
:103BD0002361EDE73946324609EB080007F05BFC4C
:103BE0000749B04442460846FFF708FE054600284C
:103BF000DED1E5E76FF03705DFE76FF03305DCE78F
:103C0000EC6C002010B5A4220021044607F07DFCD6
:103C10004FF0FF314FF6F072044B2161E26104F185
:103C20009C001B68BDE81040184700BFC00300207F
:103C30002DE9F047054688B00F46164600212022A0
:103C40006846984607F061FC1F4B05F19C09484601
:103C50001B689847044618B1204608B0BDE8F087B5
:103C600005F1200A504600F03BFFAA69C5E9257618
:103C7000F2B920232E69AB61002E22DB6946504643
:103C80004FF4807200F042FF044630B9334641469B
:103C90002846109AFFF754FF04460C4B48461B6811
:103CA0009847002818BF0446204608B0BDE8F087B2
:103CB0002E69002EE2DA2F2A96BF013226465608D8
:103CC000DCE71026DAE700BFBC030020B8030020C1
:103CD0002DE9F04FB2F5806F91B01A9F00F2E380AA
:103CE000B7F5807F00F2DC80044615460E46302290
:103CF000002104A8984607F008FC6C4B04F19C09CD
:103D000048461B6898478346002840F09280226905
:103D1000E3699A4200F391806369002B40F08D8043
:103D2000002F40F0A980DFF888A16F46002D00F039
:103D300098806F4604F120080EE0102DAB4628BF96
:103D40004FF0100B304639465A4607F0A4FBB5EB4E
:103D50000B055E4400F08580E37B0133DBB2E37347
:103D6000002B4DD1A37B0133DBB2A373002B47D1D2
:103D7000637B0133DBB26373002B41D1237B0133BF
:103D8000DBB22373002B3BD1E37A0133DBB2E37266
:103D9000002B35D1A37A0133DBB2A372002B2FD1D4
:103DA000637A0133DBB2637253BB237A0133DBB234
:103DB00023722BBBE3790133DBB2E37103BBA3793D
:103DC0000133DBB2A371DBB963790133DBB2637119
:103DD000B3B923790133DBB223718BB9E3780133B3
:103DE000DBB2E37063B9A3780133DBB2A3703BB9F4
:103DF00063780133DBB2637013B923780133237026
:103E00003B4622460121404600F0A2FE83460028A0
:103E100093D0DAF80030484698470346302104A88A
:103E2000002B18BF9B46FFF7DFFC10213846FFF739
:103E3000DBFC584611B0BDE8F08F3A4641460023FE
:103E40002046FFF77DFEDFF868A000283FF46DAF45
:103E50004846DAF800309847834600283FF465AFBB
:103E6000E7E7204604A9FFF7B1FD83460028D0D13B
:103E7000236901332361CCE73A46414604A8FFF7A2
:103E8000BDFC834618B16F46DFF824A0C1E7204689
:103E900004A9FFF79BFD834600283FF444AFF2E7F7
:103EA0006FF0370BC5E76FF0350BC2E7BC0300209E
:103EB000B80300202DE9F043202B1D460646884616
:103EC00091468BB026D8DBB202AF8DF80480B046A5
:103ED00058F8041B8DF8053021B9404600F07AFEF1
:103EE000044640B9012302224046336001A900F094
:103EF00085FE044638B138462021FFF775FC204680
:103F00000BB0BDE8F0832A464946404600F076FEF5
:103F10000446F0E702AF1946104600233A4600F087
:103F2000F3FF04460028E6D12023B9461D46CCE71E
:103F30002DE9F041D0F8F830A6B0002BD8BF02AE82
:103F400031DD05460027D0F80C4102AEA4F101088E
:103F50009022D5F8FC403146D0F8000101AB019722
:103F6000B8FA88F8A0474FEA5818044620B9019BD0
:103F700053B9B8F1000F16D030469021FFF734FC4A
:103F8000204626B0BDE8F081014632462846FFF7BC
:103F900091FF58B9D5F80431019A1344C5F804319A
:103FA000B8F1000FE8D16FF03C04E5E70446204685
:103FB00026B0BDE8F08100BF70B50025044614228C
:103FC00004F588762946C0F8F850FC3007F09DFAD1
:103FD00008222946304607F098FA144B30461B68F1
:103FE0009847204640F8045B00F0DAFD104B30465D
:103FF0001B689847C8B9D4F8F830AB420FDC03EB24
:10400000830204EB82022021C2F800010120C2E9F0
:10401000421008490133C2F8FC10C4F8F830064BCE
:104020003046BDE870401B68184770BDC0030020D3
:10403000BC030020DD490100B80300202DE9F04752
:10404000202A88B07AD83F4B00F5887904461B684F
:1040500048461746884698470546F8B940F2011683
:10406000D4F8F830002B65D02046FFF761FF0546F5
:1040700038B9D4F8F830002B14DC013EF2D16FF0DF
:104080003B056E4620213046FFF7AEFB2E4B4846DF
:104090001B689847002818BF6FF01D05284608B018
:1040A000BDE8F087D4E94132934203D3D4F80C2120
:1040B000012A02D0013ED7D1E1E71F2BFAD96E4683
:1040C00001462022304604F1040A07F01EFA314668
:1040D000504600F0BDFD05460028D3D1504600F003
:1040E00073FD504600F05CFD2946504600F072FD1D
:1040F00005460028C6D150462022314600F07EFDFC
:1041000005460028BED1034632462021304600F045
:10411000FBFE05460028B5D1D4F8F8303A46002B0E
:10412000C8BF002340463146C8BFC4F8043107F079
:10413000B2F9A7E76FF03F056E46A3E76FF03B05C6
:10414000ACE700BFBC030020B8030020002130B55D
:104150008DB0282202A8019107F0D7F902A800F03B
:10416000FBFE044610B120460DB030BD1B4D4FF094
:10417000FF31286800F036F960BB194BD3F8340ED4
:1041800010F0010017D100F05DF9F8B9154A02A945
:1041900001A800F015FC0446012000F053F988B98D
:1041A000286800F027F90028DDD00F48FFF7F2F962
:1041B00020460DB030BD2868052400F01BF900280A
:1041C000D1D0F2E70948FFF7E5F9E9E70848FFF73A
:1041D000E1F9DBE70748FFF7DDF9CEE7A4030020AC
:1041E000006084506C6E00204CFF01002CFF010029
:1041F0000CFF0100F4FE010030B583B000F036F88A
:1042000078B900F055F890B9144BC3F80C0AFFF7D1
:104210009DFF0446F8B9124D2B6863B1204603B0E8
:1042200030BD032400F072F8204603B030BD0424F2
:10423000204603B030BD02460146FFF7D5F950B91C
:104240006822084901ABFFF7FFF920B92046064B69
:104250002B6003B030BD0524E0E700BF0050845060
:104260008C700020907000205AEA5A5A0020704743
:10427000430504D54FF0FF32034BC3F80821024B2E
:10428000C3F8080A704700BF00508450014BC3F8C0
:10429000040A70470050845008B100F073B84FF41E
:1042A0007500704708B100F04FB84FF475007047C3
:1042B00010B5114800F082F800B110BD0F4800F0B1
:1042C0007DF80028F9D10E4C204600F077F8002840
:1042D000F3D10C4B0C481C6000F070F8014600282C
:1042E000EBD100F02DF8044608B1204610BD00F0D7
:1042F0008BF82046FAE700BFB4030020B00300208B
:10430000AC030020A4030020A803002008B508483F
:1043100000F05EF8074800F05BF8074800F058F836
:10432000064800F055F8BDE8084000F00BB800BFA3
:10433000B4030020B0030020AC030020A803002039
:1043400000207047704700BF10B402460C4C01E0DB
:10435000134207D1D4F8003A13F48070F8D001204A
:1043600042F4807229B1064BD3F804410C60C3F8C3
:104370000841034BC3F8082A5DF8044B704700BF9F
:10438000005084500246084901E01A4207D1D1F892
:10439000003A13F48070F8D0012042F48072024B8E
:1043A000C3F8082A704700BF0050845007F093B844
:1043B00007F0ABB80A46002107F0A7B808B5034BD1
:1043C00002681B6810689847002008BD7003002031
:1043D00008B5034B02685B6810689847002008BD69
:1043E00070030020024B02689B681068184700BFEA
:1043F0007003002008B5034B0268DB68106898471B
:10440000002008BD7003002070B5094C094D2069DB
:10441000AB68984718B1084B08485B68984700217B
:10442000074AEB6811602069BDE87040184700BF7B
:104430005C030020700300205403002064FF01008F
:10444000F8700020F8B51A4D1A4E0446B268286973
:104450009047E8B9184F3B684CB1A3B1012B19D074
:10446000013B3B602869F36898470020F8BD43B9D9
:104470000121124AC2F800151149D1F81029002A69
:10448000FBD101333B60F368286998470020F8BDF1
:104490000C48F8BD0A4AD2F81039002BFBD1074A64
:1044A0006FF07E40C2F80035FFF7F0FE3B68D7E7BB
:1044B0005C03002070030020F8700020004084504E
:1044C00000508450E98FFFFF014B1B68184700BF65
:1044D00070030020014B9B68184700BF7003002049
:1044E000014BDB68184700BF700300202DE9F04145
:1044F000002873D00C46002970D01D46002B6DD0CB
:1045000007461AB1012200232A6003602B68002BA2
:104510005FD02946204600F0D9FD804600285AD1B8
:104520002146286800F0B8FD8046002853D128684D
:10453000082867D0042867D0A0F10200B0FA80F004
:1045400040090121314EC6F8C411C6F84011C6F821
:10455000C411636AC6F83031D6F830219342F6D1DF
:104560000023C6F82C314FF0FF33C6F808316FF046
:104570001B03C6F80031C6F80C01D6F8040A40F453
:104580008060FFF783FE0A23C6F83831069B012BB3
:1045900029D023691E4AA2FB03231B09626A4046F5
:1045A00002FB03F303EB4303184ADB039B09C2F846
:1045B000D8310123C2F82C313B682A6823F07F43AD
:1045C00043EA02633B602A6843EA02233B60BDE89A
:1045D000F081DFF840804046BDE8F081DFF83880A8
:1045E0004046BDE8F0814FF47F03D3F80C2C013234
:1045F00006D0D3F80C3C064AA2FB03231B09CDE7E7
:104600001623CBE703209CE702209AE70050845052
:10461000ABAAAAAA310CF100350CF10058B34B1E1D
:10462000B3F5047F27D230B54FF0000ECD007446AD
:1046300071464B0901F01F0C50F82330BCF11F0FDD
:1046400023FA0CF306D003F0010319B901211C462B
:104650008E46EEE79C4201F1010106D01C464FF068
:10466000010EA942E5D1002030BD0EF1010E9645A4
:10467000F7D1024830BD0148704700BF360CF10049
:10468000C0B32DE9F0434C1EB4F5047F1DD2E3B155
:10469000DAB100252E46A8462C46CF0003F1FF399B
:1046A0004FEA541C04F01F0E50F82C10BEF11F0FDF
:1046B00021FA0EFC0CD00CF0010C4CB90126E0469E
:1046C00034463546ECE7964216D90C48BDE8F083EF
:1046D000AB420BD0C44508BF0136A945F3D0013524
:1046E0000134BC42DCD10020BDE8F0830125E04666
:1046F0002E46F5E7014870471D46F1E7370CF100FB
:104700002DE9F04F8FB08246DDE919460D46002EA7
:104710006ED1096904911C60002318990B60002A6E
:1047200000F02881994B6A6AD3F83811D3F83031F8
:104730009A4269D10A2967D19AF80330069304F1A5
:10474000080305930423049A0393914B8F4CA3FB16
:10475000023B4FEA9B0B0BEB4B0BA2EB4B0B189B5B
:10476000049E1E60002E00F0E580002700F0BEFCD5
:104770000797BAF1000F00F0D0804FF00109DDF883
:104780001480002D00F0C980069B002B3ED02846E7
:1047900006A900F09BFC00283AD07E4B984220D01E
:1047A000069B082B00F0E08000225B000693294660
:1047B00006AB50460092FFF799FE774B984200F007
:1047C000CF8070B9DAF80020130A03F47F03134393
:1047D00023F07F43CAF80030039B013B0393BED113
:1047E0000020039000F082FC03980FB0BDE8F08F2A
:1047F0004FF47F01D1F80C0C01300CBF4FF4047161
:10480000D1F80C1C049186E76448EAE76248C4E7E3
:104810002946069800F040FC0028BED1069B082BD4
:1048200000F0A480042B00F0A380A3F10203B3FAEC
:1048300083F35B09C4F8C491C4F84091C4F8C491EF
:104840006A6AC4F83021D4F830118A42F6D10022C5
:10485000C4F82C214FF0FF32C4F808216FF01B027E
:10486000C4F80021C4F80C31D4F8040A40F4806084
:10487000FFF70CFD0A23C4F838312B69444AA2FB28
:104880000313696A1B0901FB03F303EB4303DB0317
:104890009B09C4F8D831C4F82C910698DAF8003096
:1048A00023F07F41030243EA00630B43CAF8003060
:1048B00007A800F0E1FB079B354A03F01A03034306
:1048C0007FF46EAFA2FB0632D4F81431B7EB920F2F
:1048D0000893D4F818310993D4F81C310A93D4F80A
:1048E00020310B93D4F824310C93D4F828310D9354
:1048F00002D1BBF1000F12D14046182208A9183E80
:10490000FFF754FD08F1180801379EB100F0EEFBE7
:1049100000230793002D7FF437AF21483DE7404641
:104920005A4608A9A6EB0B06FFF740FDD84401370D
:10493000002EEBD1049F059E6A6939463046FFF789
:104940006DFEAA6940B94FF4806339463046FFF7DF
:1049500097FE00283FF444AF0023189A13601CE729
:104960002B6A002B3FF43DAF0E483AE7032361E783
:1049700002235FE7012229465046009606ABFFF767
:10498000B5FD00283FF4DBAE2BE700BF005084509C
:10499000ABAAAAAA020CF100310CF100300CF10014
:1049A000350CF100320CF10030B4DDE90234029430
:1049B0000024049DCDE9035430BCFFF7A1BE00BF25
:1049C00030B51546012487B005AB00930022CDE930
:1049D000015404ABFFF794FE07B030BDF0B587B0CB
:1049E000002967D01E46002B64D01446002A61D0EF
:1049F000324F0D4638684FF0FF31FFF7F3FC0028C7
:104A00003DD12F4BD3F8340E10F0010015D04FF0EC
:104A1000FF354FF408712B48FEF7DCFE04212A48CD
:104A2000FEF7D8FE29482821FEF7D4FE3868FFF7A4
:104A3000E1FC40BB284607B0F0BDFFF703FD0028AE
:104A400034D1224800F088FA70B91E4A0346029217
:104A500005AA019204AA039000921C4902461A4832
:104A6000FFF7A2FF0346A0B14FF0FF350120FFF78B
:104A7000E9FC0028CDD01648FEF78CFDC9E71548A3
:104A8000FEF788FDBDE71448FEF784FD284607B011
:104A9000F0BD28461D46059B22469C4228BF1A466B
:104AA000049932600831FFF781FCDFE70B48FEF71D
:104AB00071FDC6E74FF0FF35BCE700BFA40300203F
:104AC0000060845028710020FC70002000710020DC
:104AD0002CFF0100F4FE010084FF01000CFF010027
:104AE00010B5044630B1002201236265A265E3657A
:104AF000236610BD0148FEF74DFDF4E79CFF010061
:104B000018B174220021FFF753BC7047C8B1D9B166
:104B100008B50023C02A836380F83C300FD0B2F57B
:104B2000807F04D0802A03D06FF01F0008BD0223CD
:104B30000363D2081030FFF739FC002008BD0123C1
:104B4000F6E76FF0210070476FF01F00704700BF5D
:104B500070B5044686B0F8B11046EAB1E3B1012958
:104B60001AD8A26B16D0012A16D1102500210DEB00
:104B70000506019602AA61632946009500F0C8FA6D
:104B800050B92B463246204602A900F073FD18B9F1
:104B900006B070BD002AE8D06FF02100F8E700BF32
:104BA00010B5044628B12046BDE81040F421FFF7B7
:104BB00001BC0448FEF7EEFC2046BDE81040F4219D
:104BC000FFF7F8BBB0FF010010B1F421FEF702BE01
:104BD000704700BF08B521B1012908D06FF0360039
:104BE00008BD012100F058F80028F7D108BD0221C6
:104BF00000F052F80028F9D0F0E700BF30B50546C4
:104C00008818B0F5801F0B461446A1B001D8802A41
:104C10000CD9B3F5801F17D922461946284600F053
:104C20007DF8044684B9204621B030BD6846FFF7C0
:104C3000BDFB22466946284600F070F880210446F4
:104C40006846FFF7B7FBEDE76FF03604EBE700BF10
:104C500070B5E8B10E46D9B1044600F031F805460A
:104C6000B0B92368012B0BD0022B01D0284670BDB0
:104C70001C22304604F10801FFF798FB284670BD5E
:104C80002022304604F10801FFF790FB284670BD52
:104C90006FF03605EAE700BF78B138B50D46F02170
:104CA0000446FFF787FB402320462560E36500F0BC
:104CB00061FA003818BF012038BD0120704700BFDD
:104CC000F0B5056EA5B0044604AEE5B90023012792
:104CD000019330466760294602AA009300F018FA53
:104CE00010B1012025B0F0BD2A46204602A900F0EF
:104CF00069FA0028F5D1204600F06CFB0028F0D1BD
:104D0000206625B0F0BD802D2A46304628BF80227F
:104D100004F16401FFF74AFB256ED7E7002800F095
:104D2000AE802DE9F04F1446A5B0002A3DD00F46C5
:104D3000002949D0B2F5803F0546006E20D34FF6DA
:104D4000FF7805F1640AEB6D1A1AB2FBF3F103FB6D
:104D50001122002A65D18342B9464FF6FF7672D000
:104D6000B6FBF3FB03FB0BFBBBF1000F30D1002EB6
:104D700045D1A4F57F44FF3CB4F5803F4744E2D2DF
:104D8000EA6D161AB6FBF2F302FB1366A64228BFC1
:104D90002646002E75D1824200F08D80B4FBF2F6DB
:104DA00002FB06F62EB9002C79D1002025B0BDE813
:104DB000F08F002331463846CDE9003302AA00F0D7
:104DC000A7F9002800F09580012025B0BDE8F08FFC
:104DD000002359464846CDE9003302AA00F098F96D
:104DE0000028F1D15A46284602A900F0EBF9002824
:104DF000EAD1A6EB0B06286ED944002EB9D01930A3
:104E00004946324605EB8000FFF7D0FAA4F57F440F
:104E1000286EFF3C3044B4F5803F4744286692D268
:104E2000AEE7424528BF4246164639465044FFF792
:104E3000BDFA286EEB6D3044834207EB0609286605
:104E4000A8EB06068CD1802B28BF802351461A463A
:104E500004A8FFF7ABFA0023E96D02AACDE90033FD
:104E600004A800F055F90028AED12846EA6D02A941
:104E700000F0A8F90028A7D1EB6D286670E70120A3
:104E8000704705F16403394632461844FFF78EFA3D
:104E9000286EEA6D3044A41B374428667BE72B6EEE
:104EA0002246193305EB83003946FFF77FFA2B6E54
:104EB00023442B6679E7802A28BF802205F164010C
:104EC00004A8FFF773FA0023E96D04A8CDE90033C5
:104ED00002AA00F01DF900287FF476AF2846EA6D9B
:104EE00002A900F06FF900287FF46EAFEA6D286622
:104EF00054E73246284602A900F064F900287FF4FE
:104F000063AF3744A41B4EE7F8B51C46054611486D
:104F100016460F46FFF744FE21460E48FFF75AFE9D
:104F2000044620B10B48FFF74FFE2046F8BD3A4635
:104F300029460848FFF762FE04460028F2D13146B0
:104F40000448FFF785FE04460248FFF73DFE204671
:104F5000F8BD00BF487300201C2370B582B001A9C2
:104F60000546019300F032F8044638B9019B1C2B2A
:104F700007D0144C1C212846FFF71CFA204602B02B
:104F800070BDD5E90112131E18BF0123003918BFE7
:104F90000121012628689B00EA6843EA41030028B2
:104FA00018BF43F00103EE612AB9C5E90834002BAC
:104FB000E4D1054CDEE7204643F00803C5E9083498
:104FC00002B070BD370CF0000E0CF000034618B1B3
:104FD00011B10A681C2A01D0012070474FF47F02EA
:104FE000D2F8101C01310CBF40F2DC51D2F8101C79
:104FF0004FF47F020160D2F8141C01310CBF40F263
:10500000DC51D2F8141C4FF47F024160D2F8181C16
:1050100001310CBF40F63401D2F8181C4FF47F0266
:105020008160D2F81C1C01310CBF40F63401D2F86B
:105030001C1C4FF47F02C160D2F8001C01310CBF70
:105040009021D2F8001C4FF47F020161D2F8041CB9
:1050500001310CBF5121D2F8041C4FF47F02416191
:10506000D2F8081C002001310CBF40F23732D2F8D0
:10507000082C9A61704700BF014608B54FF4806064
:10508000FFF710F90022034BC3F8C821C3F82C2105
:1050900008BD00BF005084500138072805D8DFE85C
:1050A00000F0100E040A0404040607487047CB6899
:1050B00000204B6270478B6800204B6270474B6842
:1050C000F6E70B68F4E700BF310CF1000B6802E073
:1050D000082B0B6006D8026A13424FEA4303F7D04D
:1050E0000020704700487047310CF100002310B5D4
:1050F000064C4FF48060C4F82C31C4F8C431FFF77B
:10510000B7F84FF0FF33C4F8083110BD0050845099
:105110002DE9F041002482B015461E4601220DF112
:1051200007030746DDF824808DF8074001F030F8CA
:10513000D0B99DF8073004462F602B71B8F1000FED
:105140000ED04EB10246089930460DF1070301F02A
:105150001FF848B99DF80730C8F8006088F8043097
:10516000204602B0BDE8F0814FF47504204602B03D
:10517000BDE8F081D8B108B50368012B04D0022B3B
:105180000FD043B10B4808BD20220B490830FFF770
:105190000DF9002008BD142208490830FFF706F970
:1051A000F7E7202206490830FFF700F9F1E74FF44E
:1051B000730070470100F300C0FF0100000002000F
:1051C000E0FF01002DE9F047002900F0EB800446E4
:1051D000002800F0EB80036888469146002B00F021
:1051E000B580013B012B00F2C9804FF0FF317148BF
:1051F0004FF0020AFFF7F6F8002840F0B1800020D7
:10520000FFF720F90746002840F0B4806A4DD5F832
:105210001069002EFBD14FF0FF30FFF729F8D5F8C9
:10522000040A20F40060FFF731F801230722C5F8D3
:105230001838C5F82038C5F80029C5F8C437C5F8AE
:10524000A466A36CC5F8CC37E36CC5F8D037C5F8B5
:10525000C0A723685BB1013B012B18D8636AC5F86E
:105260005C36236AC5F85836E369C5F85436A26936
:10527000514BC3F850266269C3F84C262269C3F823
:105280004826E268C3F84426A268C3F84026B9F16C
:10529000000F56D063684FF40060012B04BF464AEC
:1052A000C2F8843698F80430D8F80010424A5B00FF
:1052B00003F00203C2F80C3BC2F8281CC2F82C9C75
:1052C000FEF7EAFF0746236863B1013B012B19D8BB
:1052D000394BD3F85C266262D3F858262262D3F8A1
:1052E0005436E361344BD3F85026A261D3F84C26F0
:1052F0006261D3F848262261D3F84426E260D3F8ED
:105300004036A360002201212B4BD3F8CC07A064C8
:10531000D3F8D007E064C3F8C417C3F88426C3F8F1
:10532000C827C3F81828C3F82028AFBB0120FFF70F
:1053300089F868BB1F48FFF75DF818BB3846BDE821
:10534000F08704221C4BC3F8C827BCE74FF0FF319D
:1053500018484FF0010AFFF745F800283FF44FAF17
:105360001648FEF717F90020FFF76CF807460028EB
:105370003FF44CAF1248FEF70DF947E7114F38469E
:10538000BDE8F0871048FEF705F93846BDE8F0871C
:105390000E48FEF7FFF8CDE7102104F10800FFF7F3
:1053A00009F8C3E70A4F3846BDE8F0874FF47307A2
:1053B000C4E700BFB403002000508450F4FE010095
:1053C0000CFF01000100F3004CFF01002CFF010065
:1053D0000300F300A0B3034670B4D0E90240D3E960
:1053E000041226BA05BA0CBA10BAC3E90440D3E9CC
:1053F0000612986A09BAC3E9026512BA996100BA3D
:10540000D3E9084125BA0CBAC3E90725D3E90B1241
:10541000C3E9094009BAD86B12BAD962D3E90D4180
:1054200025BAC3E90C250CBA00BAD3E9101209BA9F
:1054300012BAC3E90E40196400205A6470BC704768
:105440004FF47300704700BF70B500284DD0436B18
:105450000446032B3CDD063B012B3BD8A36B012B01
:105460003BD8E36D012B3DD8236E012B41D8224E52
:10547000D6F81059002DFBD14FF0FF30FEF7F8FEA3
:10548000D6F8040A20F40060FEF700FF0123C6F8F6
:105490000039C6F8BC54636B23F00402032A18BF1A
:1054A000A16B226B0CBF294601F00101022A17D81B
:1054B0009B0003F01C0343EA02330F4A0B43C2F87C
:1054C000C034636B072B06D10123C2F87C3402E0A1
:1054D000002BC3DA094D284670BD094D284670BD22
:1054E000084DF8E7084D284670BD4FF47105284671
:1054F00070BD064DEFE700BF005084500100F10081
:105500000200F1000600F1000300F1000400F100C8
:1055100000287DD038B590F83C300446002B55D09B
:10552000022B23D03C483D4D2A683D4B1268C3F8FE
:1055300000242A685268C3F804242A689268C3F8D1
:1055400008242A68D268C3F80C242A681269C3F8B0
:1055500010242A685269C3F814242A689269C3F88F
:1055600018242A68D269C3F81C2438BD016B006C6A
:1055700000F032FB294D0028D6D12A68284B12684A
:10558000C3F800242A685268C3F804242A68926881
:10559000C3F808242A68D268C3F80C242A68126960
:1055A000C3F810242A685269C3F814242A6892693F
:1055B000C3F818242A68D269C3F81C24216B206C14
:1055C00000F020FB0028AFD1002038BD0269144B49
:1055D000C3F800244269C3F804248269C3F808248C
:1055E000C269C3F80C24026B013A012AECD8026AA2
:1055F000C3F81024426AC3F81424026B022AE3D1D0
:10560000826AC3F81824C26A0020C3F81C24DCE7AD
:105610004FF47100704700BF0900F100A0030020A3
:1056200000508450114A124B11680968C3F80014E5
:1056300011684968C3F8041411688968C3F808142C
:105640001168C968C3F80C1411680969C3F810140B
:1056500011684969C3F8141411688969C3F81814EA
:105660001268D269C3F81C24704700BFA003002051
:10567000005084502DE9F04F85B0002958D01746CE
:10568000002A55D00446002800F0DC809846C36DFF
:105690000E46002B42D1B8F5805F44D294F83C30DE
:1056A000042B00F0C7804FF0000A4FF0FF31B548DF
:1056B000FEF798FE002840F0B9800020FEF7C2FEF9
:1056C000002840F0AF804FF00109DFF8BCB220465F
:1056D000CBF81098CBF82098FFF7B6FE054620B916
:1056E0002046FFF715FF054638B3BAF1000F40F02A
:1056F00085800022A44B0120C3F81028C3F820287D
:10570000FEF7A0FE002840F089809E48FEF772FE5A
:1057100000287CD1284605B0BDE8F08F012BBDD113
:10572000B8F5803FBAD3994D284605B0BDE8F08F53
:10573000974D284605B0BDE8F08F636B072B00F24C
:10574000CA8009FA03F919F08A0F40F0D38019F0E2
:10575000440F40F0C28019F0010F00F0BC80337993
:105760003A795B0002F0010203F002031343864A18
:1057700031683868C2F80C3B636B23F00403032BD9
:105780000AD0236E012B0BBFC2F8280DC2F8300DD2
:10579000C2F82C8DC2F8348DE36D4FF40060012BFC
:1057A000794B0BBFC3F8281CC3F8301CC3F82C8CF2
:1057B000C3F8348CFEF770FD0546002895D1626B66
:1057C000072A15D80123934013F08A0F40F09F80D9
:1057D00013F0440F0CD06C4BD3F860242260D3F844
:1057E00064246260D3F86824A260D3F86C34E36068
:1057F0000123A365BAF1000F3FF47BAF04232021FE
:1058000004F1100084F83C30FEF7D4FD71E76148E4
:10581000FDF7C0FE284605B0BDE8F08F5E48FDF7F5
:10582000B9FE72E75D48FDF7B5FE4CE75C48FDF751
:10583000B1FE42E7216B206C00F0B8F928B14FF0BF
:10584000010A32E74FF4710564E7DFF85C914E4DD1
:10585000D9F800301B68C5F80034D9F800305B680F
:10586000C5F80434D9F800309B68C5F80834D9F875
:105870000030DB68C5F80C34D9F800301B69C5F876
:105880001034D9F800305B69C5F81434D9F8003009
:105890009B69C5F81834D9F80030DB69C5F81C34A9
:1058A000216B0229CBD8236D4FEAC10A0193E36C27
:1058B0000AF1100A04F1100B0093CDF80CA0CDF8FA
:1058C00008B0206CD4E9112300F072FB68BB002300
:1058D00084F83C30B3E7334D07E72368CBF86034F6
:1058E0006368CBF86434A368CBF86834E368CBF81A
:1058F0006C3434E72368CBF840346368CBF8443425
:10590000A368CBF84834E368CBF84C3427E71E4B48
:10591000D3F840242260D3F844246260D3F84824AA
:10592000A260D3F84C34E36062E7D9F80030514606
:105930001B685846C5F80034D9F800305B68C5F8D4
:105940000434D9F800309B68C5F80834D9F8003021
:10595000DB68C5F80C34D9F800301B69C5F8103481
:10596000D9F800305B69C5F81434D9F800309B6968
:10597000C5F81834D9F80030DB69C5F81C34FEF7D7
:1059800019FDA4E7B4030020005084500500F10085
:105990000B00F1004CFF01002CFF01000CFF010087
:1059A000F4FE01000100F100A00300202DE9F04702
:1059B00001B3FAB10446002854D01D46436B0E468D
:1059C000072B1BD05DB9032B10D1836D73B94566CE
:1059D0008566C5660567102500F164030B602B46DC
:1059E00031462046BDE8F047FFF744BE2F46384613
:1059F000BDE8F087644F3846BDE8F087C36DA3BBB0
:105A0000B5F5805F36D20DB9A36D9BBB4FF0FF316A
:105A10005E48FEF7E7FC00284CD10020FEF712FD9F
:105A2000002843D14FF00108DFF864912046C9F8FF
:105A30001088C9F82088FFF707FD0746E0B100226B
:105A4000534B0120C3F81028C3F82028FEF7FAFCB6
:105A500040BB4E48FEF7CEFC0028C8D04D48FDF7AD
:105A600099FDC4E74FF47107C1E7012BCBD1B5F520
:105A7000803FC8D3484FBAE72046FFF749FD0746A5
:105A80000028DCD1636B072B0AD808FA03F818F05A
:105A90008A0F13D118F0440F5AD118F0010F19D101
:105AA0003E4FCCE73E48FDF775FDD2E73D48FDF798
:105AB00071FDB7E73C48FDF76DFDAEE72368C9F817
:105AC00040346368C9F84434A368C9F84834E368CB
:105AD000C9F84C3401212E4AC2F87C14C2F8BC54D7
:105AE000337930688B4003F00203C2F80C3BE5B910
:105AF000A36D0BB9C2F82415626B072A9FD8012346
:105B0000934013F08A0F30D113F0440F97D0204BFD
:105B1000D3F860242260D3F864246260D3F8682448
:105B2000A260D3F86C34E36089E7E36D012B0BBF0F
:105B3000C2F8280CC2F8300CC2F82C5CC2F8345CF5
:105B40004FF40060FEF7A8FB0028D5D0074676E7A3
:105B50002368C9F860346368C9F86434A368C9F875
:105B60006834E368C9F86C34B4E7094BD3F84024CF
:105B70002260D3F844246260D3F84824A260D3F8AA
:105B80004C34E3605BE700BF0B00F100B40300207E
:105B9000005084504CFF01000500F1000100F100AD
:105BA0002CFF01000CFF0100F4FE01007F2809D842
:105BB00051B10139022909D805497F280CBF08468F
:105BC00000207047024870470846704701487047F8
:105BD0000100F7000300F7007F2809D851B101390F
:105BE000022909D805497F280CBF084600207047C4
:105BF0000248704708467047014870470100F700A7
:105C00000300F700F0B401298EB009D0022900F09A
:105C1000DE80002900F0AF80AB480EB0F0BC7047CA
:105C20000026AA4AAA4BC400C3F80015C2F80861AE
:105C3000D2F80871451C0697069FC2F80061D2F899
:105C4000007104F57F030697069FC2F80461D2F83D
:105C5000046103F504430696069EC2F800551B68CE
:105C6000BFF34F8F0793079D9A4B9D4240F0AB8047
:105C7000116005E09DF80530DBB99DF80630C3B929
:105C8000D2F80031003B18BF01238DF80430D2F860
:105C90000831003B18BF01238DF80530D2F80431DC
:105CA000003B18BF01238DF806309DF80430002B0F
:105CB000E0D09DF80530002B40F071819DF8063052
:105CC00003F0FF02002B52D10121804B804DC3F81D
:105CD0000025C5F80015C3F80821D3F80851023093
:105CE0000895089DC3F80021D3F800510895089D38
:105CF000C3F80421D3F804210892774A089D22446E
:105D0000C3F800051268BFF34F8F09920998734AD0
:105D1000904258D1196005E09DF80820DAB99DF845
:105D20000920C2B9D3F80021003A18BF01228DF82A
:105D30000720D3F80821003A18BF01228DF8082067
:105D4000D3F80421003A18BF01228DF809209DF8EC
:105D50000720002AE0D09DF80830002B40F01F817A
:105D60009DF8093003F0FF02002B00F011815C4820
:105D70000EB0F0BC70470124544A554DC300C5F81D
:105D80000045C2F80811D2F8085120440495049D3A
:105D9000C2F80011D2F8005103F57F030495049D69
:105DA000C2F80411D2F8041103F5044304910499D4
:105DB000C2F800051B68BFF34F8F05930599454B4B
:105DC000994200F0BA8047480EB0F0BC70470025F9
:105DD00001263E4A3E4FC100C7F80065C2F808518F
:105DE000D2F8087184190A970A9FC2F80051D2F8B4
:105DF000007101F57F030A970A9FC2F80451D2F897
:105E0000045103F504430A950A9DC2F800451B6836
:105E1000BFF34F8F0B930B9C2E4B9C42D3D116603C
:105E200005E09DF80B30DBB99DF80C30C3B9D2F812
:105E30000031003B18BF01238DF80A30D2F8083139
:105E4000003B18BF01238DF80B30D2F80431003B22
:105E500018BF01238DF80C309DF80A30002BE0D0DC
:105E60009DF80B30002B40F09A809DF80C3003F029
:105E7000FF02002B7FF47BAF0124144B144DC3F8B9
:105E80000025C5F80045C3F80821D3F808510230B1
:105E90000C950C9DC3F80021D3F800510C950C9D76
:105EA000C3F80421D3F804210C920B4A0C9D0A4438
:105EB000C3F800051268BFF34F8F0D920D99074A82
:105EC000914280D11C6015E00C00F100009003505D
:105ED00000408450005484500884FF0010548450C3
:105EE0000200F7000600F7009DF80E20DAB99DF8D1
:105EF0000F20C2B9D3F80021003A18BF01228DF853
:105F00000D20D3F80821003A18BF01228DF80E2089
:105F1000D3F80421003A18BF01228DF80F209DF814
:105F20000D20002AE0D09DF80E30002B37D19DF8CF
:105F30000F3003F0FF025BB319E7146005E09DF832
:105F40000230DBB99DF80330C3B9D2F80031003B11
:105F500018BF01238DF80130D2F80831003B18BF7B
:105F600001238DF80230D2F80431003B18BF012321
:105F70008DF803309DF80130002BE0D09DF8023001
:105F80006BB99DF8033003F0FF02002B7FF4EFAEF6
:105F90000020054BC3F800250EB0F0BC7047034845
:105FA0000EB0F0BC704700BF009003500100F70036
:105FB0002DE9F0470024CCB082468946164621469A
:105FC00074220EA81F46579DDDF8588105F09DFAF2
:105FD000802221462CA82B9405F097FA8423B5F54E
:105FE0007F6FCDE90A440D940C94059364D8FFF7B4
:105FF00019FB05AB30462BAE01933946DDE954233E
:106000000295009600F064F8002850D10223072280
:106010008DF813309DF813301B928DF874300022E8
:106020000123012410211C900EA8CDE92423CDF8D2
:106030006890CDF878A02694FEF7BCF910220DF1F7
:1060400020090092304605990AABCDF8049006AAC3
:10605000FFF75EF8074688B11EE0102D2E4628BFD8
:1060600010260EA93246FEF7A1F910210EA8FEF760
:10607000A1F90134AD1B3744E4B222D0059B4A4656
:1060800006A90EA88DF8AC40FFF790FC034608EB7C
:106090000700002BE1D01F460EA874220021FEF756
:1060A00087F9FFF7BFFA38464CB0BDE8F087064FD6
:1060B00038464CB0BDE8F087044F38464CB0BDE8D8
:1060C000F0872F46E8E700BF0E00F1000F00F10057
:1060D0002DE9F041002482B00A9D0194B5F57F6F4F
:1060E00040D8ED00B5F5807F1E4634BF032304235E
:1060F00001F1FF3CBCF13F0F0C46009332D888B34E
:10610000174666BB089A6AB3099A116851B3A21977
:106110001344994226D3089B01462246581CFEF799
:1061200045F9089B04F102081C440023637026BB58
:10613000089BFF2D009503EB080017D92B029BB29B
:1061400043EA1523022201A90193FEF72FF908F172
:1061500002030020099A136002B0BDE8F0810AB181
:10616000402ECFD9094802B0BDE8F081012269462E
:10617000FEF71CF908F10103EBE7089B324603EB3D
:1061800008003946FEF712F9B044D1E70600008056
:1061900000201870704700BFD8B1D1B1C02A0346A3
:1061A00015D0B2F5807F04D0802A0ED06FF01F008A
:1061B00070470E2010B500241860D20803F10800C3
:1061C0005C60EAF737FB204610BD0A20F2E70C209E
:1061D000F0E76FF020007047034610461A4610B5EE
:1061E0005C6852F8083B063B02EB84029B00EAF72E
:1061F000CDF9002010BD00BF034610461A4610B569
:106200005C6852F8083B063B02EB84029B00E9F70E
:10621000BDFF002010BD00BF0CB4184B30B50C1EE4
:106220009DB01D6808DA8B234FF0FF302B601DB046
:10623000BDE8304002B070474FF402730290069000
:1062400002A9ADF8143014BF04F1FF332346209A9D
:106250002846049307934FF6FF73ADF8163021AB31
:10626000019300F01BF8431CBCBF8B232B60002C58
:10627000DDD0029B00221A70D9E700BFE80200209F
:1062800007B5009313460A4601460348006808F024
:1062900011FD03B05DF804FBE80200202DE9F04F8A
:1062A00098468B899DB007461B060D46144610D5AF
:1062B0000B6973B94021FAF7B1FB2860286130B946
:1062C0000C233B604FF0FF301DB0BDE8F08F402342
:1062D0006B610023CDF80C804FF00109DFF8A0813D
:1062E000099320238DF8293030238DF82A30234656
:1062F0009A4613F8012B0AB1252AF9D1BAEB040BFF
:106300000BD05B4622462946384608F0FEFC013099
:1063100000F0A780099A5A4409929AF80030002B9D
:1063200000F09F8000234FF0FF320AF1010A04932E
:1063300007938DF853301A93CDE90523544605226F
:106340004F4814F8011B05F088F8049AD8B9D00614
:1063500044BF20238DF85330110744BF2B238DF801
:1063600053309AF800302A2B15D0079A5446002053
:106370004FF00A0C214611F8013B303B092B4BD959
:10638000B0B1079214E0A0EB0803A24609FA03F3A8
:1063900013430493D2E7039B191D1B68002B039141
:1063A000BBBF5B4242F0020207930793B8BF04925F
:1063B00023782E2B0AD163782A2B32D1039B023407
:1063C0001A1D1B6843EAE37303920593DFF8C0A02C
:1063D00003222178504605F040F838B1A0EB0A00BE
:1063E0004022049B013482401343049314F8011BA0
:1063F000062224488DF8281005F02FF8002836D002
:10640000214B1BBB039B073323F007030833039384
:10641000099B334409936AE70CFB02320C460120C6
:10642000A8E7002301344FF00A0C194605932046D3
:1064300010F8012B303A092A03D9002BC6D0059158
:10644000C4E70CFB012104460123F0E703AB2A4615
:1064500004A9384600930D4BAFF30080421C06465A
:10646000D6D1AB895B063FF52DAF09982CE703AB7E
:106470002A4604A938460093044BFAF755FCEDE789
:10648000332002003D200200000000000BED01005F
:106490003920020008B5EBF76FFCBDE80840EBF7C8
:1064A0005DBC2DE9F04706460D46174698462BB3CE
:1064B0004FF0000A98F8004093F80190DB78A400B0
:1064C00004EB430498F802301C444444CA4509D301
:1064D00039463046AC46D8F8042008F10803BDE838
:1064E000F047604714F8013B0AF1010A204648F8DA
:1064F0002340EAF739FB01300444E7E76FF0150069
:10650000BDE8F0870020704730B58A680C68551CDC
:1065100014B14B68934201DC8D6030BD013B934266
:1065200008BF00228D600CBFE254A054F5E700F0D4
:1065300022BF0FB407B504A951F8040B019100F074
:106540001AFF03B05DF804EB04B070470CB407B554
:1065500004AB53F8042B0193EBF7F6FD03B05DF8A1
:1065600004EB02B07047044608B5084611461A46C7
:10657000A047F9F7E3FEEFF79BFA836800EBC10150
:10658000B3F5004F2CBF51F8220031F812007047CC
:1065900000EBC1018068B0F5004F2CBF41F82230FC
:1065A00021F812307047012208B5FFF7E6FFD0400E
:1065B00008BD836800EBC101B3F5004F08D34B68F9
:1065C0001AB143F001034B60704723F00103FAE76F
:1065D0004B881AB143F001034B80704723F001034D
:1065E000FAE753000122FFF7D3BF8368B3F5004FEA
:1065F00034BF04230823C91A081AC0087047B0F52D
:10660000004F34BF04230823481C0833A0EBD300F9
:10661000B0FA80F0C0F11F0070472DE9F041174635
:1066200003220E460446FFF7A8FF8642054607F1FF
:1066300004080AD10122E368BA4023EA0203E360B6
:10664000002344F82830BDE8F0813146022220467C
:10665000FFF793FF06462B4601460322204644F8E7
:106660002850FFF795FF334629462046BDE8F04104
:106670000222FFF78DBF70B50D4686680446FFF70E
:1066800092FFB6F5004F014601D3012809D03046EC
:10669000FFF7B5FF294602462046BDE87040FFF7E8
:1066A000BCBF70BD2DE9F04705468068FFF7A7FF26
:1066B00005EB800ADAF8109088460646B9F1000F1B
:1066C0001BD00327DAF8104028462146FFF76BFF5E
:1066D000404507D3324621462846FFF79EFF204615
:1066E000BDE8F087032221462846FFF746FF013F19
:1066F000CAF8100001D08145E4D14FF0FF34EB68B7
:106700000136B4401C40EAD094FAA4F2B2FA82F204
:10671000131D55F82340DEE72DE9F04114460E46DF
:106720000546FFF740FFA4EB0608371B0744424627
:1067300031462846FFF755FF3A4621462846FFF7DF
:1067400050FF4346002221462846FFF721FF2146FD
:106750002846FFF728FF3B46211800222846BDE8BF
:10676000F041FFF715BF2DE9F041164604460F46EC
:10677000FFF719FF314605462046FFF714FF054491
:106780002A4639462046FFF72CFF31462046FFF7C0
:106790000AFF2B46311800222046BDE8F041FFF7E2
:1067A000F7BE2DE9F0410D4686680446FFF7FBFE73
:1067B000B6F5004F014601D3012832D03046FFF72D
:1067C0001EFF04EB80010E6996B90122E368824046
:1067D0001343E36002220D612B4629462046FFF752
:1067E000D7FE032229462046BDE8F041FFF7D0BE80
:1067F000022231462046FFF7C0FE074603462946DF
:106800002046FFF7C5FE0322334629462046FFF700
:10681000BFFE39462B462046FFF7BAFE022231461C
:10682000E1E7BDE8F081F8B50C460546FFF7BBFE91
:106830002618012231462846FFF79FFEC3070CD4D5
:1068400031462846FFF717FF21462846FFF7ABFEE3
:10685000214622182846FFF786FF002221462846B7
:10686000FFF78BFE271A012239462846FFF785FEDF
:1068700010EA020613D139462846FFF7FCFE2146EE
:1068800032462846FFF779FE2246211A2846FFF7AE
:106890006AFF214632462846FFF76FFE241A21463A
:1068A0002846BDE8F840FFF77CBF38B571B10568F0
:1068B00000222846FFF799FE044601462846FFF7C6
:1068C00078FE2146BDE83840FFF7ADBF38BD70B552
:1068D000066809B9002070BDB368B3EBD10FF9D9D0
:1068E000B3F5004F34BF04230823CC1D1C44E40837
:1068F00021463046FFF7D6FE05460028EAD001467D
:106900003046FFF750FEA04209D92C4429463046B4
:106910002246FFF701FF21463046FFF742FF30468F
:1069200001222946FFF745FEB368B3F5004F34BF97
:106930000423082303EBC5031844CCE72DE9F843EF
:1069400006681446B26801F1FF39B2F5004F34BF52
:106950000423082319EA01090F460BD049423940A4
:106960008B424F4628BF0B46894654B9002528461E
:10697000BDE8F8839942F8D82146BDE8F843FFF70F
:10698000A6BFB2EBD40FF1D9B2F5004F34BF042249
:106990000822E11D3944C91A11443046C908FFF7DD
:1069A00081FE80460028E1D0B36809EBC005B3F54D
:1069B000004F34BF042308231D4435447B1E1D446F
:1069C0007F423D40A5EB090529463046FFF70DFE05
:1069D0002C44073424F00704A41B804507464FEAE3
:1069E000E40408D2024641463046FFF795FE414690
:1069F0003046FFF7D6FE39463046FFF7D4FD38441F
:106A0000844208D2394630462246FFF785FE2146A9
:106A10003046FFF7C6FE012239463046FFF7C9FD72
:106A2000A5E7B2F5802F2CBF082304232DE9F04100
:106A30000026D21A8C18CD1D25F0070524F0070476
:106A4000641BE408056021462046AC60EE60FFF759
:106A5000D6FD421D9200013002F107074FEAD70729
:106A60003146A2F1100205F11000B8BF324604F021
:106A70004CFD3A4631462846FFF7B3FD33463246D1
:106A800031462846FFF784FDA4EB07082846314627
:106A90000122FFF78EFD42463946FFF7A2FD3B4635
:106AA000324639462846FFF773FD21462846FFF750
:106AB00098FD4346324621462846FFF769FD2146A8
:106AC00028460122FFF775FD3946BDE8F041FFF782
:106AD00068BE002203680BB9184670478B4210D17C
:106AE0000B6842B942680360914200D143600023C1
:106AF00001200B60704713604368994208BF4260F1
:106B0000F5E71A461B68E6E7838B13F0070305D108
:106B10000368002B0CBF002003207047022B05D117
:106B2000C08BB0FA80F0400980007047012B05D17E
:106B30000368002B0CBF0020052070470020704721
:106B400010B50C4600B111B96FF0150010BD081D4D
:106B500000F0D7F80028F9D1A368032BF6D9F3E7A2
:106B60002DE9F0410D4607461946281D90461E4660
:106B700000F0DBF8044638B1334642462946384631
:106B8000A446BDE8F0416047BDE8F08110B44FF085
:106B90002004EFF3118284F31288BFF36F8F8161B9
:106BA0005DF8044B0121EBF7E5BA38B50C46054614
:106BB00058B151B10B6843B14B6833B12022002169
:106BC00004F0A3FC00202C6138BD6FF01500FBE73A
:106BD00070B505460E46FFF7B3FF041E15DB4FF0F8
:106BE0002003EFF3118283F31288BFF36F8F4FF608
:106BF000FF71EB8BAC8B8B4204F0070407D182F35F
:106C00001188BFF36F8F6FF00A04204670BD022C0D
:106C10000CD10133EB8382F31188BFF36F8F002314
:106C2000224631462846FFF79BFFEEE7062C14D894
:106C3000DFE804F004131313041A04000023336084
:106C40006B683BB9C5E90066ACB902212846EBF791
:106C500091FADAE71E606E60F6E782F31188BFF3FF
:106C60006F8F6FF00404D0E782F31188BFF36F8F4A
:106C70006FF08504C9E782F31188BFF36F8FC4E713
:106C800010B54FF02003EFF3118283F31288BFF3A6
:106C90006F8F848B04F00704022C0AD0012C0CBFE8
:106CA0006FF004006FF0850082F31188BFF36F8FDF
:106CB00008E0C38B013B9BB2C38323B92146EBF7AA
:106CC00059FA204610BD2046EEE738B5B0B1A9B15B
:106CD0004FF02002EFF3118582F31288BFF36F8F1C
:106CE000848BFFF7F6FE30B104F0070085F31188BE
:106CF000BFF36F8F38BD6FF07700F7E76FF01500C7
:106D0000F8E7034640B1426802F00302022A06D0C7
:106D1000032A04D0012A05D06FF0150070471A68C5
:106D2000002AF9D000209860704710B542680346E9
:106D300002F00302022A4FF00004816007D0032A08
:106D400002D05C60002001E018685C6010BD18682B
:106D50005C600028F6D0F9F763FDF3E7D0E9002185
:106D600030B54FF03333A2FB0324D51843EB0405B1
:106D7000A1FB0313521844EB0304521944F100021F
:106D8000891843F10003C0E9001330BD10B50A684B
:106D90000346002A0FDD013A0A6044680A201A6897
:106DA000A2FB001200FB0422100F22F07042C3E984
:106DB0000012303010BD3020FCE72DE9F0410746CD
:106DC000884615461E461446B44205D30EB1601BD4
:106DD00008E02378002BFAD0414614F8010BB8479D
:106DE0000028F1DABDE8F0819446F0B50446C369A5
:106DF000C66845684069AF1B281A1A1ABB429CBF77
:106E0000FF1AF618624528BF6246D81B904228BF79
:106E100010462368AD1B2B440B606368034463601A
:106E2000F0BDD0E90123D21A8A420CD31944C368B9
:106E3000C269C0E90111C91A8A4201D9002070470C
:106E40001344C360FAE76FF0150070472DE9F34172
:106E500080460E46154600272A4601A94046FFF700
:106E6000C3FF044602463146019804F014FB2D1B73
:106E70002744264401D0002CEED139464046FFF786
:106E8000D0FF384602B0BDE8F081F0B50446944624
:106E900086690569A368C069AF1B5A1BB8429CBFCD
:106EA00036183F1A624528BF6246C01B904228BF71
:106EB00010462368AD1B2B440B60236903442361F8
:106EC000F0BDD0E90423D21A8A420CD31944C0E998
:106ED0000411D0E90632C91A8A4201D9002070474C
:106EE00013448361FAE76FF0150070472DE9F34111
:106EF00080460D46164600273246404601A9FFF758
:106F0000C4FF04462DB102460199284604F0C3FA95
:106F10002544361B274401D0002CEDD1394640468C
:106F2000FFF7CFFF384602B0BDE8F081704700237D
:106F300083F31188BFF36F8F70477FB50BAB059359
:106F400003930A9B0122029300231846CDE90033E4
:106F5000ECF77EF807B05DF804FB0369D3F8B003E3
:106F600070476FF085007047084608B5114618B1A4
:106F700003F004FB002008BD6FF00100FBE70846AA
:106F800008B5114618B103F0F1FA002008BD6FF002
:106F90000100FBE713B504460846216901F56B7152
:106FA000D1E8AF1F022909D15BB168B10093134644
:106FB000D0E90912F7F718FD02B010BD6FF00F000D
:106FC000FAE76FF04C00F7E76FF00100F4E72DE906
:106FD000F8431C46DDE90853164698460F460069FB
:106FE00039B34AB344B36A1C43F10003022A73F174
:106FF000000324D2226842B1D0F8B0339A4204D9B7
:107000006FF00B002360BDE8F88305EA080909F179
:1070100001035A425A412146384603F0B8FA88B96A
:10702000B8F1FF3F08BFB5F1FF3FF0D06FF0680047
:10703000E9E76FF00100E6E76FF01500E3E76FF0B6
:107040008500E0E730600020DDE703F0E4BA38B502
:107050000D46044600F140012846E9F77BFD30B1BA
:10706000284604F1B001E9F775FD20B9012070232D
:1070700003FB004038BD0020FCE702F52C7102F54F
:10708000307003F0A6BFD0F8F830A0F52C70003BAC
:1070900018BF012300EB8300D0F89C0203F018BA5C
:1070A000CB6833B1C86883681B6813B100220969D3
:1070B00018477047F8F712BCD0E8EF3FC0E8E21F6E
:1070C000002AF9D1704710B5436804691B68C4F8F9
:1070D000A83304F5D87003F030FE002104F56B707E
:1070E000FFF7EAFF084610BD2DE9F34117460D46AC
:1070F00079B30B786BB3D0F8B040A4F5CE781434E4
:107100004FF0FF324FF0FF332046F8F76DFB2A4671
:10711000404601A9EBF7EEFB019E2EB9204602B0D6
:10712000BDE8F041FFF7C6BF58B12046FFF7C2FFE8
:107130003B462A463146404602B0BDE8F041EBF7F7
:10714000B7BB2022294606F1400004F093FA3766C7
:10715000E4E702B0BDE8F0812DE9F84306464FF0C0
:1071600001090569D0F8048005F56B77D7E8EF3F92
:10717000022B03D1C7E8E29F002AF7D141D195F84D
:107180004030002B40D195F8B030002B3CD1284640
:10719000D5F8A81300F06EF8044680BB7168366914
:1071A000486983681B6943B3224689699847044646
:1071B00028BB06F5307649463046F8F7FFFC3046E6
:1071C00005F5E476EEF774FC3046D8F8001000F0D0
:1071D0008EF8044698B90146E822304604F095F945
:1071E00021464FF4E272284604F08FF921463846D2
:1071F000FFF762FF2046BDE8F8836FF057040221D5
:10720000F5E76FF07704F5E76FF00F04F2E710B5DC
:107210000846029B114652B993F864202AB901220C
:10722000184683F86420EBF755FC002010BD9A6ED9
:107230005468002CF9D0DA6EA047F6E710B50C467A
:10724000036903F56B73D3E8AF3F022B0AD161B139
:10725000084603F0E0F970220021204604F055F9B9
:10726000002010BD6FF00F00FBE76FF00100F8E7A2
:1072700003F0D1B938B50D46044660B1E03003F0F3
:10728000F6FB0DB1002038BDC4F89C51C4F8A051E4
:10729000C4F8A451F6E76FF01500F4E70268D2F8DD
:1072A000E03013B1D2F8DC1018477047704783699B
:1072B00013B9D0F88830197070470120704783697E
:1072C000012B04D1D0F888301878C0B27047042060
:1072D000704738B5C4003434204604F0B8F8054689
:1072E00018B12246002104F010F9284638BD38B5FF
:1072F00004463022002104F008F91822002104F18C
:10730000BC0004F002F91822002104F1A40004F0EA
:10731000FCF8D4F8D800F7F719FBD4F8D400F7F745
:1073200015FB002304F13400C4F8A03002F050FE35
:10733000F7F784FAE36E04F140050BB1284698474D
:1073400038220021284604F0E0F8002038BD002053
:10735000704702F092B90346D3E8EF0F421CC3E82E
:10736000E12F0029F8D17047002108B50846EBF756
:107370006DFD002008BD1FB50023CDE902011A46AE
:1073800019461846CDE90033EBF762FE05B05DF80B
:1073900004FB70470020704770B50E46154619462D
:1073A0000446120D18B9BDE87040EBF7FFBD2BB1D4
:1073B0001030C5F34A23184404F06DF8C4E90056B0
:1073C0002046BDE87040EBF705BE07B5D1E90032B5
:1073D0008DF80700012152680DF107009847002041
:1073E00003B05DF804FB0A2838B504460D4602D107
:1073F0000D20FFF7EAFF29462046FFF7E6FF0020B1
:1074000038BDF8B506460D4614461F4621462846A7
:107410003A46B047241A0544F8D1F8BD13B5002404
:107420000094E9F7A9FB02B010BD10B5426804460C
:10743000D2E9002381680068FFF7E3FF0022636858
:107440001A6010BD7FB50BAB059303930A9B0293A3
:1074500000231846CDE90033EBF7FAFD07B05DF8DD
:1074600004FB7FB50BAB059303930A9B01220293A8
:1074700000231846CDE90033EBF7EAFD07B05DF8CD
:1074800004FB006838B150F8043C04385B688B4258
:1074900001D04068F6E77047006848B150F8043CF6
:1074A00004385B685B689B788B4201D04068F4E7E6
:1074B000704730B5006888B150F8043C04385B6808
:1074C0001A6A1D7F0023043ADCB2A54201D8406845
:1074D000F1E7013312F833408C42F5D130BD7FB56E
:1074E0000BAB059303930A9B0122029300231846DA
:1074F000CDE90033EBF7ACFD07B05DF804FB08B550
:10750000ECF7A2FF28B1406810F1100F14BF002063
:10751000012008BD4B1CDBB28170817680F82530DC
:10752000C37600F8061C704750E90231D0F89C0081
:1075300018470022036983F84A207047036993F8CB
:107540004A0008B193F8480070470022036983F8A5
:107550004B207047036993F849007047036993F81B
:10756000482012B193F84A202AB993F8490018B17B
:1075700093F84B0070470120704701207047036962
:10758000C3E9001270470229036908D004290BD00F
:1075900001290ED1D3F8943000201360704793F87E
:1075A0009B30C3F34003F7E793F89B3003F00103EC
:1075B000F2E76FF0850070470020704710B503694F
:1075C000D3F894200A6093F898206AB1012A0CBF7E
:1075D000022203224A7193F89920501E032805D8ED
:1075E000DFE800F0050505050122F3E700220A7136
:1075F00093F89A30062B09D0072B09D0052B0CBF26
:107600000023032300208B71C87110BD0123F9E70B
:107610000223F7E77FB50BAB059303930A9B029315
:1076200000231846CDE90033EBF712FD07B05DF8F3
:1076300004FB08B5402903693FD013D8102932D084
:1076400006D801291ED0082920D06FF0120008BDED
:107650002029FAD193F89C1001F0FB0152B341F0BC
:10766000040127E0B1F5807F30D0B1F5007F36D03E
:107670008029EAD193F89C1001F0EF01D2B141F0DA
:10768000100117E0C3F894200020E0E793F89C1065
:1076900001F0FE010AB141F0010183F89C100121C3
:1076A000EDF746FBF0E793F89C1001F0FD010AB1FD
:1076B00041F0020183F89C10F2E793F89C1001F06E
:1076C000F701002AF6D041F00801F3E793F89C1087
:1076D00001F0DF01002AEDD041F02001EAE793F844
:1076E0009C1001F0BF01002AE4D041F04001E1E725
:1076F00070B504690546D4F88C00FFF7F7FBD4F8A1
:107700008C3006461A699968914204BF002284F8B9
:10771000492094F8A0209AB15A685969DB69521A35
:107720009B1A3F2B0CD994F89E3033B16B682246DC
:107730001B6A0021187BEDF7E9F9002384F8A030DB
:10774000304670BD012208B5FFF7D2FF013818BFDF
:107750004FF0FF3008BD002008B5EAF77BFE7FB58B
:107760000BAB059303930A9B012202930023184657
:10777000CDE90033EBF76CFC07B05DF804FB014684
:107780000068EDF73BBC00210120EDF737BC08B5E0
:10779000EDF70EFDBDE80840EDF712BE836E83F3F2
:1077A0000B8870477FB50BAB059303930A9B0122AF
:1077B000029300231846CDE90033EBF749FC07B0EC
:1077C0005DF804FB40E800F313F4803FD8B208BF33
:1077D0006FF0150070477FB50BAB059303930A9BC1
:1077E0000122029300231846CDE90033EBF730FC69
:1077F00007B05DF804FB30B50C684B6885B00A89AA
:107800004D890094013B24F01F04234402F01F0221
:1078100042EA451223F01F0369468DF808200393BE
:10782000EEF792F905B030BD002070474FF0FF3001
:1078300070470020704708461146EEF701BB084626
:107840001146EEF711BB4FF0FF3070470020704734
:107850000228CCBF00200120704700207047002084
:1078600070474FF4005300204B60704710B504463A
:107870001420F9F781F82060BDE8104003F05DBAEC
:107880004FF0FF324FF0FF33F7F7AEBFF8F726B8EF
:10789000F7F71EBD7047816A49680968EEF770BB4B
:1078A000034618465B68002BFBD17047426810B551
:1078B0002AB10B461C465B68002BFBD1626041601D
:1078C00010BD8388026819448180D0187047034630
:1078D00000689A88521A01449A80196070470368B8
:1078E0008268C0889B1AC01A80B270470320704714
:1078F0000020704710B50C46F3F73CFC00280CBF85
:107900002046002010BD73B503680C469E683046C3
:1079100000F063F8A042054615D1304600F069F842
:107920000022282369462846CDE9002301F06EF89D
:1079300010B9012002B070BD8079A0F12C0358422B
:1079400058410130F6E72046F2F78AFD003818BFAB
:1079500001204000EEE738B50C4600258B6843B99E
:107960002046F2F789FD10B1204600F0D0FD2846F0
:1079700038BD1A8A5B681544F1E7F7F7AFBF08B561
:10798000EEF7D2FB30B1BDE8084000F59C715030F5
:1079900003F01FBB08BD0020FFF7F1BF4FF0FF321F
:1079A0004FF0FF333830F7F71FBF38B5A0F59C759F
:1079B00004462846FFF7F2FF286805F067FA40B949
:1079C000286801F077FEA4F58070BDE83840FFF725
:1079D000D4BF286805F04FFAEEE742890389934245
:1079E00001D1037B1BB1043250F8220070471846C6
:1079F0007047438902899A4201D1027B3AB101332F
:107A00009BB20A2B08BF00234381002303737047F6
:107A1000026803464AB9406848B99A6842B9D868CA
:107A200000F17F435842584170470020704710468C
:107A3000704738B590F8503004466FF3C30380F8B0
:107A4000503083680D466BB189B194F850302046B0
:107A500043F0080384F8503000F0A9FD94F84F304B
:107A60007F2B0DD92046BDE8384000F050BD0146BF
:107A7000806900F087FA0128E7D00028F2D138BDEC
:107A8000A368DB681B7803F0F003602BEAD129467A
:107A90002046EFF741FAF0E708B500F0D9FFEEF71E
:107AA000ABFFEFF733FA01F074F9EFF7D1F9EEF726
:107AB00029FFEFF7CDF8EEF787FF002008BD01F1B1
:107AC000100351F8042B994240F8042BF9D1704768
:107AD00030B5044685B0002859D08368002B56D0B5
:107AE0008369002B56D000F048FD204600F05FFD72
:107AF00094F84F305B09022B40D1A368DD68EEF7A4
:107B000077FF183501461022284603F0B4FC18B957
:107B10006FF07C0005B030BDA368DD6818352846DD
:107B2000FFF776FF0146B8B1A5686846E9680831F5
:107B3000FFF7C5FFE86800F118010830FFF7BFFF45
:107B4000A3686946D8681830FFF7B9FF01212046BD
:107B5000FFF76FFF0020DDE72846EEF7CFFC002897
:107B6000E2D1A368D868037EFF2B02D1437E012BAC
:107B7000ECD00830FFF74CFF0028C9D12146A0699E
:107B800000F015FA0228E5D16FF00400C2E76FF0AB
:107B90003C00BFE76FF01500BCE7816809B9FFF74B
:107BA00048BF4968FAE738B505460C4641B338B3D3
:107BB0008B6843B3DA6832B31B8A23B303680C3390
:107BC000D3E8AF3FDB0721D591F84F30084643F0AB
:107BD000010381F84F3000F0EAFCA5612B6894F8AE
:107BE00064005B7D84F841302B685B7D84F849300C
:107BF000EFF726F82146C0B2EFF718F8002038BD9D
:107C00006FF01500FBE76FF03C00F8E76FF07200D3
:107C1000F5E7002203680BB9184670478B4210D174
:107C20000B6842B942680360914200D1436000236F
:107C300001200B60704713604368994208BF42609F
:107C4000F5E71A461B68E6E710B1006800B1406826
:107C5000704710B430B1C46C24B1234642685DF85B
:107C6000044B18475DF8044B704710B50346FFF707
:107C7000EBFF28B1C2681AB1BDE8104018461047A2
:107C8000002010BD802AF8B507460E46144617D8C6
:107C9000D5082A4603F0EFFB90B9644214F00704BC
:107CA00010D07B5D725DC4F108015A40FF238B4008
:107CB00083F0FF03A3401A420CBF01200020F8BD4F
:107CC0000020FCE70120FAE7102208B503F0D3FBFF
:107CD000B0FA80F0400908BD08B503F0F1FA4FF49E
:107CE0007A72A0FB020302FB0133C00B40EA43405F
:107CF00008BD01234A0901F01F018B40DB4300EB63
:107D00008200D0E8EF2F1A40C0E8E12F0029F8D117
:107D1000704730B103680C33D3E8AF0F084100F06F
:107D20000100704701230C308B40D0E8EF2F1A433D
:107D3000C0E8E12F0029F8D1704710B50368002191
:107D400004469A7EFFF7E5FF88B9022123689976F9
:107D50002068837E8B422FD1062A2DD10C3008213A
:107D6000FFF7C7FF2046BDE81040FFF77EBF09219F
:107D70002046FFF7CEFF0028E7D00A212046FFF774
:107D8000C8FF2168C0F10603DBB28B762068817ED4
:107D9000994211D10629DFD1062A0DD00821FFF71B
:107DA000C1FF2046FFF761FF030705D42046BDE869
:107DB00010400721FFF7ADBF10BD012310B503FA36
:107DC00001F10C30D0E8EF3F43EA0102C0E8E42FB4
:107DD000002CF7D1194214BF0120002010BD2DE95D
:107DE000F041054688464FF0FF304FF0FF311E4608
:107DF0001746EEF7EDF908212846FFF78AFF0446FB
:107E000058B92B68C3F810802B681F752B685E75F6
:107E1000EEF7E6F92046BDE8F0814FF0FF34F7E7D2
:107E20002DE9F84F044689464FF0FF304FF0FF31FF
:107E3000EEF7CEF9666816B300274FF0180B06F17F
:107E4000F4080BFB076393F8045103F5807AEB0702
:107E50000ED549464046FFF737FF044640B16FF361
:107E600000058AF80450EEF7BBF92046BDE8F88F0C
:107E70000137082F08F11808E3D10024F3E734464E
:107E8000F1E72DE9F04707460E4690469946002552
:107E90004FF0280A0C1D0AFB056393F826309B0758
:107EA00011D534F8043C022B0DD194F82030012B6D
:107EB00009D14A4621464046FFF7E4FE18B1214663
:107EC0003846EEF759FB0135062D04F12804E2D1BE
:107ED000BDE8F08710B504464FF0FF314FF0FF309A
:107EE000EEF776F964680CB194F80C42EEF778F985
:107EF000204610BD70B504460D464FF0FF304FF0E0
:107F0000FF31EEF765F96468ECB10022282148F2F0
:107F1000FE00231D01FB024696F82660B6070CD52D
:107F20006E1C03D093F92160AE4206D133F8046C85
:107F3000022E02D11E88864209D00132062A03F1A0
:107F40002803E7D10024EEF74BF9204670BD1C460C
:107F5000F9E738B504464FF0FF314FF0FF30EEF748
:107F600037F9D4F80042EEF73BF96508EDF7CAFFA0
:107F700004EB4404C5EB5404B0FBF4F303FB14001E
:107F8000284438BD10B50346FFF75EFEBDE810403B
:107F900002681846104710B50C4691F8640000F0CE
:107FA00066FD2146A069BDE81040EEF765BC70B5DE
:107FB00005464E694FF0FF300C464FF0FF31EEF7AB
:107FC00007F909212846FFF7A4FE20B90EBB636C10
:107FD0002BBB022419E004212846FFF79AFE002853
:107FE000F4D101212846FFF794FE48B9E36B3BB971
:107FF000A3691A681269E2631B681B7D84F840302C
:1080000021462846FFF7C7FF0024EEF7E9F820468F
:1080100070BD6FF072013046FFF71BFED7E76FF0BF
:108020007202284604F14401EEF704FCD1E7012076
:1080300070470120704738B505464FF0FF314FF0CB
:10804000FF30EEF7C5F800212846FFF762FEB0B911
:108050002846FFF7F9FD044630B1846824B10121B8
:108060002846A047041E06DB28680021FFF75AFEB9
:108070002846FFF762FEEEF7B3F8204638BD6FF0F2
:108080007704F8E738B50546426011B9C0E9021136
:1080900038BD4FF47A73A1FB03416FF00042002317
:1080A0002046E8F759F8C0EBC073E31A08BF6FF039
:1080B0000043E86009BF00F1FF30AB60AB60E860EF
:1080C000E6E770B5C5680346446835B16FF0004611
:1080D000701A2044002806DD70BD83681C44601AB5
:1080E00020EAE070F8E76A1E01F10040DA60013032
:1080F0009A685960211A001B82429FBF9219023D63
:108100005218DD608CBF89189A60DA6888BF996060
:108110000AB99868E0E76FF00040DDE72DE9F0412B
:1081200011F001064BD1334640BA80B28C0708D516
:10813000012A06D931F8024B023A2418204643F1AD
:1081400000030D4694464FF0000EBCF10F0F05F1F1
:10815000100540D86FF00F05140905FB04221746DF
:108160004FEA041C01EB0414032F4AD86FF00305F7
:10817000940805FB04242A406244012C01EB02050B
:1081800006D98A5A023C1218104643F10003023500
:10819000012C07D12A78E90748BF120212181046AD
:1081A00043F10003020C42EA0342190C52EA134362
:1081B00080B22ED10EB940BA80B2BDE8F081002362
:1081C000002ABED011F8014B013A2402241820469F
:1081D00043F10003AAE755E90447E41955F8087C80
:1081E0004EEB0E08E41955F8047C48F10008E41938
:1081F00048F1000724182046ACF1100C43EB0703AC
:10820000A3E754F8045B043F2D18284643F100030C
:10821000AAE7801841F10003C4E72DE9F04790F880
:108220004F3005465B09022B74D100228368002B76
:1082300045D1D5E90387B5F852302846CC1A95F8D0
:108240004E30E41A144400F0B2F995F84F3095F826
:108250004E1003F0010643F0010385F84F30A4B23D
:108260002039284600F009FA202229692046FFF724
:1082700055FFB5F8521004462031284600F0FDF9AC
:10828000EA6862B12B6953B1B2F81090D2689B1AB8
:10829000A9EB0309D5F80CA0BAF1000F13D1002CFB
:1082A00035D064BAA4B2E04395F84F30C5E90387EE
:1082B00066F3000385F84F3080B2BDE8F087188A76
:1082C0005B680244B3E720464A462969FFF726FF68
:1082D000DAF804300446EB60002BE0D01A8A002A5A
:1082E000DDD0DA6819F0010F2A610DD01178013262
:1082F0000C44A4B22A61A142B3F8109084BF0134A7
:10830000A4B209F1FF39C5E7B3F81090C2E74FF600
:10831000FF74C8E70020D0E738B504460D46C368AF
:108320005868E06030B14DB10C30FFF7D8FAE3681F
:108330000028F5D0E3681BB9236138BD008AF6E751
:10834000DB68F9E738B50446C0680D4688B171B1FD
:108350000C30FFF7C4FAD4E90323D2689B1A834296
:1083600007D129462046BDE83840FFF7D5BF008A2F
:10837000F1E738BDF8B5044694F84F301646DA07F1
:108380000F46C06815D4A6B10C30FFF7A8FA054611
:10839000D4E90303C2689B1A3B44AB4211D194F861
:1083A0004F30DB0708D431462046BDE8F840FFF7E0
:1083B000B3BF0026058AEBE70C30FFF790FAA8421E
:1083C000F1D923693B442361F8BD0346002003B97A
:1083D00070471A8A5B681044F9E72DE9F8430546AF
:1083E0000F46164699469DF82080EB68002B6DD00D
:1083F0000EB930466EE095F84F30284613F0010F65
:108400000CBF41460021FFF79DFFEB68002B5FD0BA
:10841000B8F1000F1BD095F84F20D20717D403F105
:108420000C00FFF75CFA0446D5E90330DB68C31A99
:10843000E41A4DD0B44228BF3446B9F1000F21D11F
:1084400027B322463968286903F05FF834E01C8AB4
:108450002869DB68C31AE41A3AD0B44228BF34460C
:10846000B9F1000F26D02246B8F1000F0BD101461A
:10847000384603F010F8424621462846FFF77AFFB7
:10848000274421E02246394603F005F895F84F309D
:10849000DB0704D4E86821460C30FFF712FA01220A
:1084A00021462846FFF766FFB9F1000F0CD0002FD8
:1084B000E6D109E0002FC4D1B8F1000FE6D1424661
:1084C00021462846FFF756FF361B8EE7002E90D038
:1084D0006FF06800BDE8F8832DE9F04106460F46CD
:1084E00015461C4602F00DFC08B100252C46802FD5
:1084F00006D82A4623463046BDE8F041FFF7CBB9FF
:108500000020BDE8F08108B1EDF7D0BD704707B598
:108510000190E8B1019B3833D3E8AF3FC3B1019A72
:10852000591E3832D2E8EF0F984204D1C2E8EC1F4E
:10853000BCF1000FF6D1EDD1012B09DC019B98684D
:1085400008B1FFF7E0FF019B01A9586802F0B0FBFA
:1085500003B05DF804FB70B5044630B100268568B1
:1085600025B9A068FFF731FF301A70BD05F10C0086
:10857000FFF7B5F96D680644F2E7F8B50446806880
:108580000027054600B9F8BD038A46683BB9A368D1
:10859000834207D1A6604760EDF788FD284605466F
:1085A0003046EFE76B68834208BF6E60F3E783688D
:1085B000C36003B1DB680361704710B50C46EEF78A
:1085C00029FA48B184613CB123685B7D80F8413071
:1085D00023685B7D80F8493010BD10B582680C4679
:1085E00022B98160BDE81040FFF7E1BF1046FFF7F8
:1085F00057F92146BDE81040FFF758B92DE9F74F6C
:108600000646DDE90E548B462846214690469A469A
:1086100002F05CFE2A460746894630462346594604
:10862000FFF7CBFF064618B390F84F306AF34713B5
:1086300080F84F3055EA04030ED0B4F1FF3F08BF75
:10864000B5F1FF3F08D0F8F731F83D1A69EB0104A6
:10865000002CBCBF00252C4641463046CDE90054D5
:108660009DF83020EEF70AFA18B13046FFF74FFFB9
:108670000026304603B0BDE8F08F012307B5009314
:1086800000230A461946FFF7A8FE03B05DF804FB75
:10869000F8B513680E4617469BB190B1846884B153
:1086A0000025E268218A93420CD35018834209D8EE
:1086B0009B1A59193046FFF77AFFFFF7DEFF33693F
:1086C0003B60F8BD64680D44ADB2002CE9D1F8E719
:1086D000F8B590F84F3091F84F205B0963F34712DB
:1086E00081F84F20436905464B6190F84E300C46A7
:1086F00081F84E3090F8582091F8583062F3050315
:1087000081F8583090F8583091F858209B0963F35D
:10871000871281F85820D0E90823C1E90823836A29
:1087200091F850208B6290F8643081F8643090F8B2
:108730005030C3F3400363F3410281F8502090F8B6
:108740005030D2B2C3F3C00363F3C30281F85020A8
:10875000B0F84C30A1F84C308368BBB18E68AEB134
:10876000C36B01F13C02CB63036C01F144070B6462
:10877000436C4B64836C8B6483689E4206D0FFF726
:1087800087FF3A4621462846FFF782FF95F84F308B
:108790005B09022B13D195F8513084F85130B5F8AC
:1087A0005230A4F8523095F8563084F85630B5F867
:1087B0005430A4F8543095F8573084F85730EB6DA6
:1087C000E3652B6E2366F8BD1FB50123039100936B
:1087D00003A90023FFF701FE05B05DF804FB0023A9
:1087E00007B500930123FFF7F8FD03B05DF804FB24
:1087F000F8B506460F461446F368002B46D0FB68D2
:10880000002B43D00CB9204625E001213046FFF76C
:1088100099FD38460021FFF795FDF068C8B1FA6868
:10882000BAB1158A3B69D2680C309B1AED1AFFF772
:1088300056F80346D6E90320D268AC42A0EB020208
:10884000A3EB020301D29C4206D39D4228BF1D46E2
:108850001DB96FF06800F8BD25462A46396902F057
:108860001AFE96F84F30DB0704D4F06829460C3026
:10887000FFF727F8012229463046FFF77BFD00224B
:1088800029463846FFF776FD641BB5E7002CBAD0C1
:10889000DFE783682BB9002914BF6FF015000020B3
:1088A00070471A8A8A422ABF1982891A00215B6896
:1088B000F0E710B5C26803467AB1006938B199682B
:1088C00000238A4204D1D268801A034498B210BDB2
:1088D0000C8A496823449BB2F3E71046F7E72DE979
:1088E000F04385B004460D4691469846FFF7E1FFF8
:1088F0000746A068FFF769FD002394F84F60A1695F
:108900000246CDE9029828460093FFF777FE06F06D
:1089100001060546F0B1D4E9039894F84F3020469B
:1089200043F0010384F84F30FFF741FEA068FFF7E2
:108930004CFD214602462846FFF75AFF78B12846EB
:10894000FFF7E5FD94F84F30C4E9039866F30003A0
:1089500084F84F300025284605B0BDE8F08395F82F
:108960004F30204643F00103294685F84F30FFF78A
:10897000AFFE2846FFF71BFE17B13946FFF77DFE15
:1089800095F84F3066F3000385F84F3094F84F3078
:10899000C4E9039866F3000384F84F30DBE74168CD
:1089A000FFF79DBF10B590F84F100446C94301F082
:1089B0000101FFF7C7FCE3685BB1206940B194F89F
:1089C0004F20D2074CBF1A8A5A8ADB68C01A101A85
:1089D00010BD1846FCE773B50369044699420E467C
:1089E00015460AD1FFF7DEFFA84206D329462046E6
:1089F00002B0BDE87040FFF740BE01232A46314671
:108A000020460093FFF7E9FC02B070BDF8B50446BC
:108A10004E680D46FFF7C6FF864203D823692B60D8
:108A2000286810E094F84F302968DB07F8D549B181
:108A3000D4E9037620466A68FFF7D1FEC4E90376DD
:108A40000028EDD00020F8BDD1E90012FFF7C3BF28
:108A5000704710B504464FF0FF324FF0FF33204609
:108A6000F6F778FF0028F6D0FFF797F8F3E7002035
:108A7000704770470268034642B9406840B99A6837
:108A80003AB9D868B0FA80F04009704700207047C2
:108A90001046704710B5148890F84F00B4EB501F83
:108AA00013D1022C13D109686BB10831141D204673
:108AB000FFF7E0FF30B91022204602F0DCFCB0FAEC
:108AC00080F0400910BD1831F0E70020FAE70120DE
:108AD000F8E773B50423002669460546CDE900632F
:108AE000FFF794FF044680B18670C670A869FFF74F
:108AF0009EFA20B13A212846FFF78FFB6080694635
:108B00002846FFF7A1FF02B070BD6FF06800FAE7DA
:108B1000F7B5042300250F46694604461646CDE9FD
:108B20000053FFF773FF48B1077046708570C5703A
:108B300069462046FFF788FF03B0F0BD6FF068007C
:108B4000FAE7F7B5B0F852308A88C3F57F43FC33B3
:108B500052BA13449FB21BB2032B05460E4602DCE9
:108B6000022003B0F0BD4FF400420023CDE9002302
:108B700039463A2302228069EEF734F80446002889
:108B8000EED0337E06F11801FF2B03D1A869EDF773
:108B900001FE014600236364E36395F8582094F8CE
:108BA0005830204662F3050384F8583095F8583061
:108BB00094F858209B0963F3871284F8582006F133
:108BC000080200F058F80246E0B981212046FFF77C
:108BD0009FFFB8B93A4629462046FFF709FE0646E8
:108BE00080B92046FFF7E3FC3A21204600F08BF8DD
:108BF0002046FEF76DFF002804DB2846FFF787FCC0
:108C00003046AEE72046FFF782FCA9E7026803463C
:108C10004AB9406848B99A6842B9D86800F17F43B8
:108C200058425841704700207047104670474A88A4
:108C300043889A4214D18A8883889A4210D1CA887C
:108C4000C3889A420CD14B684268934208D182682B
:108C5000934205D1C368C868C31A58425841704747
:108C60000020704701F1100351F8042B994240F89D
:108C7000042BF9D170472DE9F34128234FF0000868
:108C80000E46694605461746CDE90083FFF7BEFE4E
:108C90000446A8B395F8582080F8028002F03F03FC
:108CA0009B0043EA92121B0943F060031201037018
:108CB000427080F8038080F8048080F8058080F896
:108CC000068095F85130C3711BB9A869FFF702F906
:108CD000E071394604F11800FFF7C4FF314604F192
:108CE0000800FFF7BFFF282385F84E3000236946B0
:108CF0002846A5F85230FFF7A7FE02B0BDE8F08184
:108D00006FF06800F9E773B528230025CDE900531B
:108D100090F84F300E4643F00103694680F84F301B
:108D20000446FFF773FE18B96FF0680002B070BD1B
:108D30002B46A268CAB9283BC3F3072242EA0323A1
:108D4000838094F857306946FF2B08BF3346837100
:108D50002046FFF779FE94F85730FF2B09D1112EEA
:108D60000FD1204600F018F8E0E7118A52680B4452
:108D7000E0E72046B4F85210FFF77FFC0028EED061
:108D8000D2E73A2E03D12046FFF7A3FECEE700201C
:108D9000CCE700F000B87047082330B585B00DEB84
:108DA00003010446CDF808D00393FFF72FFE0546D4
:108DB00010B30023A268DAB994F84E20B4F8521028
:108DC0000A449B1A5BBAAB80A069FFF730F948B13F
:108DD00011212046FFF721FA4FF6FF73002818BF34
:108DE0000346EB80204602A9FFF72EFE05B030BDFA
:108DF000118A52680B44DEE76FF06800F6E770B541
:108E000004460E46FFF702FE054610B90025284627
:108E100070BD31462046FFF717FE03460028F5D106
:108E2000AA88A16852BA92B2B1B994F84E10B4F8B7
:108E3000520001445B1A9A42E8D1A069FFF7F9F8A1
:108E40000028E4D0EB88002BE0D011212046FFF76A
:108E5000E4F90028DBD0D9E7088A49680344E3E74E
:108E600010B503690446C0E905330023C360837F5E
:108E700013B1407A01F08CF8012323770023637744
:108E8000E377A37710BD7FB50BAB059303930A9BE4
:108E9000029300231846CDE90033EAF7D9F807B06A
:108EA0005DF804FBF6F7A0BCF6F718BD38B504462C
:108EB000EEF7E0F9054660B1037A6BB12046002475
:108EC000F5F708FB2846AC77FFF7CAFF20462C725F
:108ED00038BD6FF01500FBE76FF07700F8E770B56D
:108EE00004460E461546EEF7C7FF30B906B925B160
:108EF0002046BDE87040EFF71DB870BD0C22036935
:108F0000C9B201FB0233D3F8880000F007007047B4
:108F10004FF02003EFF3118283F31288BFF36F8FBA
:108F2000036803F0C00343F00203036082F3118877
:108F3000BFF36F8F704770B5C9B203694FF020045B
:108F4000EFF3118584F31288BFF36F8F0C2606FBB5
:108F50000134D4F8884014F0C00408D0A24206D0EE
:108F600085F31188BFF36F8F4FF0FF3070BD012282
:108F700071430B44C3F8882085F31188BFF36F8FCA
:108F800043680B445B6898470020EFE78022FFF7B7
:108F9000D2BFF8B5069F0469C9B24FF02005EFF3C0
:108FA000118685F31288BFF36F8F0C2569430C443B
:108FB000D4F8885005F0070CBCF1010F0CD1C4F8AF
:108FC000887086F31188BFF36F8FC4E9202343684C
:108FD0005B5898470020F8BD05F0C005AF4286F306
:108FE0001188BFF36F8F0CBF6FF077004FF0FF3029
:108FF000F1E713B580240094FFF7CBFF02B010BD5A
:109000000069CBB200EB431000211047032000F0B1
:10901000B1BE022000F0AEBE002000F0ABBE0320C7
:1090200000F007BF022000F004BF002000F001BFE5
:109030001046F6F7C1BCF7B50F4616464FF48065EB
:109040000024A64203D816D0162003B0F0BD331B6F
:10905000B3F5806F38BF1D4600202A4601AB391991
:10906000FAF7F2FA20B9019BAB4201D12C44E8E7B0
:109070006FF01500E9E70020E7E7002208B5114688
:109080001046FAF7B1FA002818BF6FF0150008BDB6
:1090900018B901F13000F6F78FBC70477FB50BAB04
:1090A000059303930A9B029300231846CDE90033EE
:1090B000E9F7CEFF07B05DF804FB10B504464FF0AA
:1090C000FF334FF0FF321830F6F79CFC94F8603015
:1090D00023B94FF050230122C3F8B82510BD4FF03B
:1090E000FF324FF0FF33F6F78DBC90F8603023B9B4
:1090F0004FF050230222C3F8B8251830F6F75CBCB5
:109100001FB5002291420CBF0623042301A9CDE91B
:10911000012203928DF80430EFF770F9002818BF90
:109120006FF0040005B05DF804FB7FB5FF238DF8F8
:1091300003300DF10303002201930123CDE9023234
:10914000052303A98DF80C3001AB04920593EFF7CA
:1091500055F90028A8BF9DF8030007B05DF804FB8F
:1091600038B505460C4600F066FE002D07DBA84228
:1091700005D9401B84428CBF0020012038BD00204F
:10918000FCE77FB50BAB059303930A9B0122029387
:1091900000231846CDE90033E9F75AFF07B05DF820
:1091A00004FB082913B528BF08214FF47F020C46A1
:1091B000D2F80432D2F808221BBA12BA00920A4638
:1091C0006946019302F067F9204602B010BD1420F1
:1091D0007047F3F77BBA10B50446F3F777FA231A12
:1091E000002B04DBA04200D90131204610BDA04273
:1091F00098BF01F1FF31F8E708B548B2F3F71AFA62
:10920000002008BD08B5A1F10B030F2B04D8C8B28C
:10921000F3F774F8002008BD6FF01500FBE77FB589
:109220000BAB059303930A9B029300231846CDE9E9
:109230000033E9F70DFF07B05DF804FB37B50368AD
:109240004FF47F021B6805461C69F4232371CE236B
:1092500063713623A371D2F80432D2F80822211D9B
:10926000CDE90023C4F80720E37208220123FEF7AA
:10927000B6FD2846256003B0BDE83040ECF75EBF80
:1092800007B5C9B132B91868F2F7DCFE002003B0A7
:109290005DF804FB012A06D11B8801A8ADF8043053
:1092A000F2F7B2FEF2E7022A06D11B8801A8ADF858
:1092B0000430F2F78BFEE9E76FF08500E7E77047CF
:1092C00010B50469F3F75AF810B96FF00F0010BD2C
:1092D0004FF0FF334FF0FF3204F29C50F6F792FB51
:1092E00094F8B435002BF0D00020F0E7704710B5AB
:1092F00000690F299FBF00EB810440F821202364FF
:10930000002088BF6FF0150010BD002070471020AE
:1093100070477FB50BAB059303930A9B0222029320
:1093200000231846CDE90033E9F792FE07B05DF857
:1093300004FB30B543681360057A446804EBC50448
:10934000A34202D36FF0010030BD5C798C4201D0A2
:109350000833F0E70020F7E70B460269D2E9010184
:1093600083E803000020704743681B68D3F880043B
:10937000C3F88004704710B544682368C3F84415E7
:10938000C3F848250022C3F82021D3F82011C3F8E0
:109390005821D3F858216268D20608D508214268BE
:1093A0001268C2F800154FF48002C3F804230122AA
:1093B0009A6010BD436802691B68D3F8100150B170
:1093C0000020926912780A70C3F81001D3F81021B6
:1093D00001221A6070474FF0FF307047002A10B525
:1093E000044610DD43681B68D3F8100150B100201B
:1093F0002269C3F81001D3F8100101209269127894
:109400000A70186010BD0020FCE7436801691A6803
:109410004FF02000EFF3118380F31288BFF36F8FBA
:109420000020C96888734FF48001C2F8041383F3E5
:109430001188BFF36F8F704701220369DB689A734D
:1094400070470369DB689A7B02F0FF0162B94268EA
:109450001268D2F8580140B1D2F8040310F4800029
:1094600003D00120196170470020704743681B68D2
:10947000D3F81001003818BF01207047102243684C
:109480001B68C3F804237047102243681B68C3F8A5
:10949000082370474FF4007243681B68C3F8042325
:1094A00070474FF4007243681B68C3F80823704785
:1094B00038B5436804461D68D5F804335B0205D40B
:1094C000D5F8040310F0100006D138BDFFF7B9FF3E
:1094D0000028F5D00120F8E72046FFF7C7FF003845
:1094E00018BF0120F1E7012070470369D8680160C7
:1094F000DB685A60704702680346D2F8580140B9E9
:109500005B689B0706D4D2F82001003818BF012001
:10951000704701207047F8B506690546F3689C89D5
:1095200010339442A8BF14460122D3E8EF0F00285D
:1095300003D1C3E8E72F002FF7D10CBF1346002358
:109540001FD1F3682246986801F0A5FF4FF0200371
:10955000EFF3118783F31288BFF36F8F6868FFF70B
:10956000CAFFF36838B90446186187F31188BFF35E
:109570006F8F2046F8BD224628469968FFF7FBFE0C
:10958000F3E71C46F5E710B442681368D3F80413F8
:10959000C90518D5D3F82011A9B14FF02004EFF375
:1095A000118184F31288BFF36F8FD3F8204134B157
:1095B0000024C3F82041D3F820410124DC6081F36A
:1095C0001188BFF36F8F5268D2061AD54FF0200270
:1095D000EFF3118182F31288BFF36F8FD3F8582114
:1095E00012B10022C3F800250269D2680AB11269DB
:1095F0001AB94FF48002C3F8082381F31188BFF32E
:109600006F8F0269D4686CB1D3F8581169B1002129
:109610002161D468A47B44B14FF48000C3F80803EF
:10962000D36899735DF8044B7047D3F8241121B1C6
:109630000021C3F82411D3F82431D2681368002B19
:10964000F0D051685DF8044B18477047002200F1D4
:1096500050039B009BB203F1502303F580331A6043
:109660001B68704730B110308000C0B200F150204C
:1096700000F580307047F0F7E7BA08B5F0F7C2FAA6
:1096800008BDF9F753BF08B5EBF78EFBEBF774FC99
:10969000BDE80840F9F74ABF002008B5E8F7DAFE50
:1096A00000207047704708B5F0F780FEBDE808401D
:1096B000F0F7DABC10B50446F0F752FF2046F0F799
:1096C00057FC2046BDE81040F1F79ABC0C207047CB
:1096D0000C2070476FF063007047F1F783BA0C20DD
:1096E000704770477047704783681B6A03B118471B
:1096F00070477FB50BAB059303930A9B029300233E
:109700001846CDE90033E9F7A3FC07B05DF804FB88
:109710008368DB6C0BB10122184770474FF02002C1
:10972000EFF3118382F31288BFF36F8F03607047EA
:1097300080F31188BFF36F8F704700F0E3B97FB5F6
:109740000BAB059303930A9B012202930023184657
:10975000CDE90033E9F77CFC07B05DF804FB00239A
:10976000F0B5054618468842C0EBC0070CD0052866
:109770000AD02E5C013006F07F04BC40234334063F
:10978000F1D402B11360F0BD4FF0FF30FBE77F284A
:109790000BD9B0F5804F0AD3B0F5001F09D3B0F153
:1097A000805F2CBF052004207047012070470220F5
:1097B000704703207047034610B51046FFF7E7FFD8
:1097C000814207DB441E1C44A342D1B203D101F005
:1097D0007F01197010BD61F07F0103F8011BD209F0
:1097E000F2E7002110B54278431C282A04D0292A28
:1097F0000DD01846C9B91CE01846044610F8012FD0
:109800000131282AF9D0292A0FD1034620460446DF
:109810000139002918460BD00BDD13F8012F282A37
:10982000EAD0292A0446F3D01846002ADBD100E00A
:10983000A01C10BD0CB41FB506AC54F8043B0A467E
:1098400003A90091014600200394F1F787FE04B0BC
:10985000BDE8104002B070470CB407B504AB53F834
:10986000042B019301ABF2F7BBF803B05DF804EBF6
:1098700002B0704707B5019301ABF2F7B1F803B03E
:109880005DF804FB002373B50193D0E90065002364
:109890009D4201D1002012E003EBC314344494F83C
:1098A000802092B901A8FFF739FF94F8803043B9BE
:1098B0000123019884F88030FFF73AFF204602B078
:1098C00070BD0198FFF734FFE1E70133E0E773B5BE
:1098D0001C46042316460546E200009300F06FF88C
:1098E000314604EBC41205F1140002B0BDE870402B
:1098F000F2F746BA07B5019101A900F0C7F803B025
:109900005DF804FB37B5019101A9054600F09AF80E
:10991000044620B1019905F11400F2F753FA2046EC
:1099200003B030BD002307B592000093042300F07C
:1099300046F803B05DF804FB13B51446019100220C
:1099400001A900F048F808B1019B236002B010BDE6
:1099500013B514460191002201A900F097F808B14F
:10996000019B236002B010BD07B5019101A900F071
:1099700069F803B05DF804FB2DE9F8430F46D0E920
:10998000038300240568D0F8089008EB0306A1457E
:1099900002D12046BDE8F88342463946284601F008
:1099A0006AFD0028F5D001343544F0E70B46114636
:1099B00002691AB1C068184401F06DBD704710B556
:1099C000029C01601919B2FBF1F2C0E903340023D3
:1099D0004260836010BDF7B504460F46002501A81C
:1099E00016460195FFF79AFE39462046FFF7C4FF59
:1099F000A368834210D9D4E903131944236832467B
:109A000000FB01312046FFF7D1FF01250198FFF748
:109A10008FFE284603B0F0BD62689342F6D2D4E9C7
:109A200003212068114403FB01033946184601F065
:109A300032FD324601462046FFF7B8FFA3680133E6
:109A4000A360E2E773B504460E46002501A8019520
:109A5000FFF764FE31462046FFF78EFFA168814282
:109A60000ED901398142A16009D92368D4E90324C0
:109A7000224402FB013102FB003001F00CFD012504
:109A80000198FFF755FE284602B070BDF7B50446B1
:109A90000F46002501A816460195FFF73FFE3946FF
:109AA0002046FFF769FFA36883420CD956B12269AB
:109AB00042B1E1688B1800FB03112368304619445A
:109AC00001F0E9FC01250198FFF732FE284603B0BA
:109AD000F0BD0FB400B5CDB04EAB53F8042B4FF42E
:109AE000947102A80193FFF7C5FE011E07DB02A8CF
:109AF000F1F706FC4DB05DF804EB04B070476FF071
:109B00000100F7E707B5F2F7D5F9002803DA01906D
:109B100001A8FFF7EBFB03B05DF804FB38B5054681
:109B20004FF4FA70F1F776FC044658B12A46D0F8A3
:109B30001015F2F7EBFE00EAE0752046F1F7B6FCEF
:109B4000284638BD6FF00405FAE738B505464FF4EE
:109B5000FA70F1F75FFC044658B12A46D0F81015A8
:109B6000F2F7C6FE00EAE0752046F1F79FFC2846B2
:109B700038BD6FF00405FAE7012337B54FF4FA70EA
:109B80000193F1F747FC054690B1D0F8101501AAF2
:109B9000F2F7A0FE041E05DB019B002B14BF6FF043
:109BA000030400242846F1F781FC204603B030BDB1
:109BB0006FF00404F9E7F2F759B9FF2300EB401006
:109BC000B0FBF3F04B3840B270475201801A61F19C
:109BD000000170470346062B0846114601D1F2F7F3
:109BE000BFBE6FF002007047004701F06BBB73B55A
:109BF000032800F2A780DFE800F0021927354FF0B4
:109C000050230222C3F808230022C3F80421D3F80A
:109C100004210122DA60002401238DF80730032893
:109C200000F29080DFE800F02C69789A4FF0502322
:109C300001220021C3F80823C3F80011D3F8001152
:109C40000DF107045A60E7E74FF050234FF400721C
:109C5000C3F808230022C3F82421D3F824210122C9
:109C60005A62D8E74FF050234FF48072C3F80823AC
:109C70000022C3F82021D3F820210122DA61CAE7AB
:109C800042F210754FF050266CB3D6F8183403F03A
:109C900003032370D6F81834D90353D59DF8070071
:109CA00001284FD1FFF7A1FF013DEDD14AE09DF81A
:109CB0000700012846D1FFF798FF013D52D141E04E
:109CC0009DF8070001283DD1FFF78FFF013D39D0F6
:109CD000C4B1D6F80C3403F001032370D6F80C3469
:109CE000DB032FD5ECE7D6F81834DA032AD50120A8
:109CF000FFF77BFF013DF6D124E042F210754FF0F3
:109D00005026E5E7D6F80C34D8031BD50120FFF721
:109D10006CFF013DF6D115E042F210754FF0502670
:109D200094B1D6F85C3403F001032370D6F85C34A8
:109D3000D90307D59DF80700012803D1FFF755FF88
:109D4000013DEDD102B070BDD6F85C34DA03F9D52F
:109D50000120FFF74AFF013DF6D1F3E742F210750B
:109D60004FF05026D6F85434DB03EBD5002C9ED1AF
:109D70000120A0E708B5032819D8DFE800F0023277
:109D80003E4C4FF05022D2F81834D2F81814C903C0
:109D90000ED4D2F81434DB0713D5D2F81C3403F0F8
:109DA0000303013B012B09D80223C2F8043308BD89
:109DB00003F00303022B05D0012B02D00020FFF794
:109DC00016FF01234FF05022C2F818350023C2F8C5
:109DD0000431D2F804310223C2F804330123936022
:109DE000E5E74FF050230022C3F80021D3F800210B
:109DF0000122C3F804231A60D9E74FF05023002250
:109E0000C3F82421D3F824214FF40072C3F80423AB
:109E100001221A62CBE74FF050230022C3F8202121
:109E2000D3F820214FF48072C3F8042301229A61F1
:109E3000BDE7FFF7DCBE4FF4801070474FF4805051
:109E400070474FF48070704708B5F3F7CFF9BDE85D
:109E50000840F3F779B80021F3F7A8BA0223F3F723
:109E6000FDB90323F3F7FAB900210220F3F7B0BCE0
:109E700030B54C689C4209D20025456009680160F4
:109E800093420CD1201E18BF012030BD43600D68E5
:109E9000E41A056008684C6018440860F0E7002088
:109EA000F3E74B689A4228BF1A460B68C0E90032B4
:109EB00048680B68801A48601344003818BF0120B6
:109EC0000B6070474B689A4228BF1A466AB10B680C
:109ED000C0E900324B68101EA3EB02034B600B6815
:109EE00018BF012013440B6070471346F0E7C343CB
:109EF00000F00F00C3F3C01300EB0310704770476E
:109F00008720F3F793BD8620F3F790BD8520F3F704
:109F10008DBD8420F3F78ABD8320F3F787BD8220AF
:109F2000F3F784BD8120F3F781BDF3F79BBD08B53E
:109F3000F3F7B4FC818108BD08B5F3F7AFFC4FF02F
:109F40002002EFF3118382F31288BFF36F8F8268D0
:109F50000A6002682AB9807B83F31188BFF36F8F90
:109F600008BD0420F8E70720F4F776B80620F4F7D8
:109F700073B80520F4F770B80420F4F76DB8032027
:109F8000F4F76AB80220F4F767B80120F4F764B870
:109F9000F4F75AB937B50C46154690B1037883B13A
:109FA00079B10B786BB162B101A9F4F7BDFB50B97F
:109FB000019883684BB12A46214603B0BDE8304082
:109FC00018476FF0150003B030BD6FF01200FAE7CC
:109FD00001464068C36803B1184770472DE9F04354
:109FE00089B0109E0446894690460021202268468A
:109FF0001F46129D01F089FA1F2E97BF01234FF0D3
:10A00000FF33B34003F1FF332361119BC4E9009890
:10A01000C4E902766361183445B10FCD0FC495E8E9
:10A020000F0084E80F0009B0BDE8F0836D46F4E747
:10A0300073B50468661C31D08568A9422ED26418B5
:10A040002CD05E18AE4288BF6B1A056A35B10093FA
:10A050000523A8470346184602B070BDBFF35B8FC7
:10A060001946A41A101919B140EA0205AD070AD120
:10A0700003290DDC013811448A42ECD010F8014F5D
:10A0800002F8014BF8E70078013902F8010BE9E723
:10A0900050F8044B043942F8044BE9E76FF0210310
:10A0A000D9E773B50468651C32D08568A9422FD200
:10A0B00064182DD05E18AE4288BF6B1A456ACDB1C8
:10A0C00000930523A84702B070BD12F8015B013967
:10A0D00005701546A01819B140EA0206B607F4D17A
:10A0E00003290ADC013D014488420CD1BFF35B8F98
:10A0F0001846E8E71946A41AEBE755F8042B04398B
:10A1000040F8042BECE715F8012F00F8012BEBE7E2
:10A110006FF02100D7E773B51C46036815465A1C3B
:10A1200029D08268914226D25B1824D066189642C4
:10A13000866A88BF541A36B105232A460094B04770
:10A14000204602B070BD184622464AB9294601F0A1
:10A15000DCF9BFF35B8FF3E700F8015B013AF4E74A
:10A160008307F9D14FF001336B43032AEEDD40F84A
:10A17000043B043AF9E76FF02100E2E70020704762
:10A1800010B4046B02460B468CB9C1681F2998BFF6
:10A1900023FA01F4416871B1806883420BD21069DF
:10A1A000184051F8243018445DF8044B704723469A
:10A1B0005DF8044B18474FF0FF30F5E770B5436B7F
:10A1C00005460E46E3B90469621C09BF43680C40AA
:10A1D0001C680C1B21462846FFF7D2FF864207D099
:10A1E0002B6901331C44AB689C42F3D34FF0FF341E
:10A1F0002868431C07D0AB68A34204D9204470BD33
:10A2000098470446F4E70020F9E730B5059CC4E917
:10A210000002039A21811989E260049A6181A18474
:10A220002261D3E9002502EB0113C4E905128A1C5F
:10A23000E36103EB42036A1C13446D422B4023622B
:10A24000836953B90139A2698B4202EB031206DB21
:10A25000002393736FF07F03D373002030BD01336D
:10A26000D381F0E72DE9F04FB0F82CA00446554615
:10A27000002685B002EB030891460E9A00EBCA0354
:10A280001FFA88FB5A63A3F838B008F1FF328369DC
:10A290000F1D0192B0451ADCA38CA585A3EB0B031F
:10A2A000A384E36961895A8801390A4003EB4203B8
:10A2B000A3F804A0BFF35B8F0020E2695388013349
:10A2C0005380E38C0133E38405B0BDE8F08FA06ACE
:10A2D0002A0157F8041C03EB051502930368039247
:10A2E000C91A83680837994228BF4FF0FF31FFF73A
:10A2F00047FFDDE90232985000226A6057F8082CC7
:10A30000AA60019A9642ACBF00220122B145D8BF93
:10A3100042F00202AA810136ED89BBE7F0B550B3E5
:10A32000056AC48D6B88A34230D0631CC385438902
:10A33000BFF35B8F013B1C4005EBC4056B689EB20D
:10A3400009B1AD680D60D0F818C09BB20CEB0311D9
:10A3500000EBC3031D8F878C2F44013D87841D872D
:10A360008D896F070ED5858DCD8100218685586B2F
:10A37000596302B11480F0BD1D8FC989013D0CEBFA
:10A3800001111D878D89ED07F6D4ECE70020F2E777
:10A39000836903EB01139868704770B5BFF35B8F57
:10A3A0000D46C1691646038E4A8804469A4216D065
:10A3B0005A1C02864289013A134001EB43018A8804
:10A3C0002A8093B282691B01D158806AFFF7F6FE9A
:10A3D0002A88A36903EB02139B68336070BD0020D9
:10A3E000FCE710B5026893691269920017D543B96A
:10A3F000C38DC26941694489013B1B1B02EB4102C9
:10A40000938003689B69012B08D1038E026A41691E
:10A410004089013B1B1A02EBC102938010BD23B996
:10A42000C269138843F00103138003689B69012B01
:10A4300001BF026A138843F001031380EEE710B5F1
:10A44000BFF35B8F036804461A699B6912F0005FD3
:10A450001AD07BB9C369026A5B884169013B02EB90
:10A46000C10292889B1AE28C9BB29A4214D80023B4
:10A47000E38410BD012BFAD1036AC2695B8841698C
:10A48000013B02EB4102ECE763B9036A1B88DB4343
:10A4900003F00103002BEAD02369002BE7D020460C
:10A4A0009847E4E7012BE2D1C369EFE7C369028E65
:10A4B000598891420AD0418901390A4003EB42038D
:10A4C0009A88836903EB02139868704700207047ED
:10A4D000BFF35B8FC36803B1184770474FF0FF327B
:10A4E0004FF0FF33F5F78EBA70B50446056A05F1F3
:10A4F00058063046FFF7F2FF636AA3F580637F2BAF
:10A500000BD801225909483503F01F039A4055F82A
:10A51000213023EA020345F82130D4E90D124A60C4
:10A52000616B04F134031160C4E90D33002323622D
:10A530003046BDE87040F5F73FBA30B58DB0456A9A
:10A5400004460B912022014602A80A9501F092F8D8
:10A55000282301222946CDE900322046352202ABCC
:10A56000F4F72CFA00EAE0700DB030BD28B1006AB3
:10A5700018B111B1C36F03B11847704730B1006A09
:10A5800020B119B1D0F8803003B11847704730B10D
:10A59000006A20B119B1D0F8843003B11847002007
:10A5A00070472DE9F84306468846174699460468E1
:10A5B000A64201D1002520E07A1CA4F1340502D086
:10A5C0006B6ABB4219D0B8F1000F22D0202241465D
:10A5D000284601F03DF8E0B9B9F1FF3F02D0AB6A7F
:10A5E0004B450AD07B1C0BD02468B442E2D054F80F
:10A5F000103CA4F134059F42E8D12846BDE8F88319
:10A60000AB6A0133F9D02468B442D3D0A4F1340545
:10A61000D9E72468CCE710B5044690B1036A83B14A
:10A6200002784AB193F8903033B1436AB3F5806F42
:10A6300002D30121FFF781FF2046BDE81040FFF75C
:10A6400053BF10BD51F8083C43F0004341F8083CAB
:10A6500070477047F5F7B0B94FF0FF324FF0FF3356
:10A66000F5F7D0B9F8B50C46054651F8086C00F17D
:10A6700058073846B6B2FFF7EFFF24F8086CD5F854
:10A68000B820A4F1100344F80C2C05F1B40244F8EE
:10A69000102CC5F8B83054F80C2C38461360FFF76E
:10A6A000D9FF0020F8BD2DE9F041056A282A0F46A0
:10A6B000D5F8AC0088B026D101688468791AA14227
:10A6C00028BF4FF0FF3120236A46FFF7B1FC05F1A8
:10A6D0005806D7F820803046FFF7BEFF43464FF0BC
:10A6E000FF3269462846FFF75CFF7B6A0446DB07BA
:10A6F00019D560B93046FFF7ADFF6B6F1BB142460D
:10A70000694628469847002008B0BDE8F0814FF020
:10A71000FF3383623046FFF79DFF236B002BECD0A5
:10A7200020469847E9E720B93046FFF793FF2B6FA3
:10A73000E4E7C0F828803046FFF78CFFE3E730B449
:10A74000D0F8A0501346AD6925B930BCD0F8A400AC
:10A75000FFF7E4BD012D06D130BC0A46D0F8A400B5
:10A760001946FFF71ABE002030BC70477FB50C4673
:10A770001946D0F8A0309D695DB90094CDE9024238
:10A7800001232A46D0F8A40002A9FFF76BFD04B00C
:10A7900070BD012DFBD1D0F8A40004B0BDE870401D
:10A7A000F4F7F0B82DE9FF4103685F6A07F1580636
:10A7B0003046FFF751FF38460DF10A0203A9FFF7B3
:10A7C000BEFF04463046FFF745FF002C41D0BDF8E0
:10A7D0000A303046A360FFF73FFF4FF0FF33002100
:10A7E00038466268FFF7DDFE05463046FFF732FF68
:10A7F0007DB1AB6AE96B013308BF2368284608BF07
:10A80000AB622368A2890091D5F82C8004F1100175
:10A81000C0473046FFF720FFA368002B06DB214628
:10A820003846BDF80A30039AFFF7A0FF38460DF10D
:10A830000A0203A9FFF783FF044618B13046FFF769
:10A8400009FFC4E7D7F8A400FFF7F9FD3046FFF78A
:10A8500001FF04B0BDE8F081F8B5044651F8086C7A
:10A8600000F158073846B6B20D46FFF7F5FE3146FF
:10A87000D4F8A400FFF78CFD33460246A5F1100181
:10A880002046FFF773FFD4F8A400FFF7D8FD384641
:10A89000BDE8F840FFF7DEBE2DE9F043A3F1100656
:10A8A00053F8085C002389B00693ADF81E300446C7
:10A8B0001023CDE90412DDF84090D0F8AC00ADF8DB
:10A8C0001C9001688768711A0DEB0302B94228BF1A
:10A8D0004FF0FF3104F15808FFF7E3FB4046FFF764
:10A8E000BBFED4F8A030ADB29B69CBB9D4F89420AC
:10A8F000D4F8A030D4F8A8009B69C3B9CDE90262AE
:10A900000096012202A9FFF7ADFCD4F8A800FFF7DA
:10A9100096FD4046FFF79EFE484609B0BDE8F0832D
:10A920002946D4F8A800FFF733FD0246E0E7012BE3
:10A93000EBD12946F4F726F8E7E710B548B149B15D
:10A9400043688B4206D382680468D21A5B1A43605C
:10A95000A01810BD0020FCE72DE9F3470546D0F80C
:10A96000A0000E46036A17461B689847430703D4A6
:10A97000002002B0BDE8F08743F69823002F18BFEF
:10A980001F4605F1580805F1B40A4046FFF764FE7A
:10A99000D5F8B440D5F8A0305445D3F8189025D058
:10A9A00024B3D4E90023536022681A60C4E9004448
:10A9B000B9F1000F0ED1D5F8943033604046FFF75F
:10A9C00049FEBDF8063004F11000A3603368103B67
:10A9D0003360CEE7B9F1010FF0D12189D5F8A80095
:10A9E000ADF80610FFF7D4FC3060E7E7B9F1000FCF
:10A9F0002AD13146D5F8A8000DF10602FFF78EFCEA
:10AA000004460028DAD1D5F8A8309B8C53B94046CB
:10AA1000FFF720FE002FABD021200021F5F75AFCD4
:10AA2000013FB2E7D5F89410D5F8B000FFF785FFE5
:10AA30000446D5F89430ADF8069033604046FFF7F1
:10AA400009FE002CE6D0BCE7B9F1010FDFD1324698
:10AA5000D5F8A8000DF10601FFF79FFC0446EDE7CD
:10AA600020B119B112B1C0E901220160704710B5DF
:10AA7000044618B910BD3438FFF7CDFD2068844274
:10AA8000F9D10023C4E92933F4E70369C26893428A
:10AA90009CBF81685B18013B981A70472DE9F84309
:10AAA0000446D0E902806768A8EB0006964200EBF6
:10AAB00002058946384404D900F0EDFCE560BDE8A4
:10AAC000F8833246A5EB080500F0E5FC2A466068ED
:10AAD00009EB0601F0E72DE9F843064689461746DB
:10AAE0004FF00008C5683369B4689D4228BF1B1940
:10AAF000641BBC4228BF3C46013B5B1B9C4228BFF9
:10AB00001C46706849462844224600F0C4FCB368DD
:10AB10002544AB4208BF00253F1BA044A144F5607B
:10AB2000E1D14046BDE8F883F4F7A6B908B5FFF7D0
:10AB3000FBFF002008BD08B5F4F75CFA002008BD53
:10AB4000704740B1C368587810F001001EBF1878F4
:10AB5000B0FA80F0400970477FB50BAB05930393C3
:10AB60000A9B0122029300231846CDE90033E8F73F
:10AB70006FFA07B05DF804FB00F0C7BC00F08BBCB7
:10AB800010B400F10C04C0E903445DF8044BFBF77A
:10AB900048BF2DE9F04F85B0DDE90EA40746884691
:10ABA00050462146914600F091FBB4F1FF3F08BFAB
:10ABB000BAF1FF3F05460E4604BF4FF0FF356FF078
:10ABC000004607F1140A4FF02003EFF3118483F3DA
:10ABD0001288BFF36F8F07F10C0B4A464146384687
:10ABE000FBF7ACFE0390F5F761FD039B3BB184F3EB
:10ABF0001188BFF36F8F184605B0BDE8F08F281A93
:10AC000066EB0101012871F10002F0DBCDE90001E2
:10AC10005A4621465046F5F7DDF94FF02003EFF391
:10AC2000118483F31288BFF36F8FD6E738B50446DB
:10AC30004FF02003EFF3118583F31288BFF36F8F7A
:10AC4000FBF733FE04F10C0000F0DDFA30B12946C9
:10AC500004F11400BDE83840F5F720BA85F31188F7
:10AC6000BFF36F8F38BDD0E90432134313F00303F1
:10AC70000CD18361C168994201D800207047816975
:10AC800001331160016982610A44F3E76FF0150036
:10AC9000704710B5C0E9033200234161C3610372FC
:10ACA0000446FFF7E0FF0028A8BFC4E9004410BD38
:10ACB000F8B504460D464FF02003EFF3118683F3F9
:10ACC0001288BFF36F8F876977B900F052FA58B1D5
:10ACD0002A68C767426100F0EDF9314604F10800C7
:10ACE000BDE8F840F5F7DAB92B68A2691A602B685D
:10ACF000A361E369013BE36186F31188BFF36F8FC2
:10AD0000F8BDEFF30580003818BF012070476FF0E1
:10AD10005700704700207047F5F7D2B908B5E8F73B
:10AD20002BFCBDE80840FEF790BC90F90E308B423A
:10AD300001D0F5F76DB90020704703460020C3E944
:10AD40000033C3E9020070472DE9F84399460446F1
:10AD50000D4690469DF8203000F108074FF0200284
:10AD6000EFF3118682F31288BFF36F8F03B145684A
:10AD700004F10C0000F0FDF958B10023C0F8148074
:10AD8000C36700F097F938463146F5F787F9002098
:10AD90000CE0B9F1000F1BD00821F5F777FD38B9A9
:10ADA00086F31188BFF36F8F6FF00B00BDE8F88357
:10ADB0000122C0F804800260016801F003015DB95E
:10ADC00022680A430260626820606AB960600BE032
:10ADD0004046C8F80090EFE72A68032A10D80160BF
:10ADE000616839B9C4E90000042104F1140000F0DD
:10ADF00006FBC8E70A6802F0030202430A60E5E7BF
:10AE000022F003020A4302602A6802F0030240EAC9
:10AE100002032B60E8E710B5044630B102689307DF
:10AE200003D0446809B100F00BFB204610BD00239D
:10AE3000C0E90033037200F10C03C0E9033300F1F1
:10AE40001403C0E905337047012307B500930023BD
:10AE50000A461946FFF778FF03B05DF804FB0023AC
:10AE600007B50A4600931946FFF76EFF03B05DF879
:10AE700004FB5AB18A4209D300F11003C0E902125F
:10AE8000C0E90000C0E90433002070476FF01500EE
:10AE90007047012302688B4022EA0303036022FA11
:10AEA00001F000F00100704710B5032104460C309A
:10AEB000FFF7EFFF30B104F1100000F0D7F9B0FA5E
:10AEC00080F0400910BD20B10022D030114600F0C2
:10AED000AAB9704770B5C3680446C3F340069B0720
:10AEE00016D4856802210C30FFF7D3FF80B1D5F866
:10AEF000C8206AB194421DD122689EB9D5F8CC30E1
:10AF0000C5F8C8209C4201D1C5F8CC20002323609D
:10AF1000E36813F00F001EBF43F00203E36040F04C
:10AF2000020070BD3260D5F8CC20944208BFC5F84D
:10AF3000CC60EBE716461268DBE773B504464FF0CA
:10AF40002003EFF3118583F31288BFF36F8F002383
:10AF5000A0F11006032104380193FFF79AFF28B1EE
:10AF6000A369304601A90193F4F796FD85F3118892
:10AF7000BFF36F8F02B070BD38B504460D46102286
:10AF8000002100F0C2FA656038BD4FF02002EFF3F7
:10AF9000118382F31288BFF36F8FC06800F00F0037
:10AFA00083F31188BFF36F8F704713B50190084684
:10AFB0004FF02003EFF3118483F31288BFF36F8FF8
:10AFC00001A9F4F769FD84F31188BFF36F8F02B014
:10AFD00010BD10B5FFF7E9FF041E09DD4FF0200397
:10AFE000EFF3118083F31288BFF36F8F00F0F5F851
:10AFF000204610BD08B5E822002100F086FA08BD01
:10B0000038B530220D460021044600F07EFA4FF498
:10B0100080736560E36038BD38B504464FF02003A7
:10B02000EFF3118583F31288BFF36F8FFFF73CFFB7
:10B030002046FFF74FFF85F31188BFF36F8F38BDB0
:10B04000D0E9003213605A600023C0E90033704732
:10B0500008B5FFF7F5FF437B23F00203437300239A
:10B06000836008BD38B504460D46F4F753FF637B93
:10B0700043F002036373E5B1A5602B689D4209D1DB
:10B080006B68C4E900531C606C6012E06A6893420C
:10B09000F6D01B68002BF3D094F90E2093F90E1014
:10B0A0008A42F3D09142F1DD5A68C4E9003214605B
:10B0B0005C6038BD10B54FF02003EFF3118483F3CB
:10B0C0001288BFF36F8FF4F7F1FE84F31188BFF39A
:10B0D0006F8F10BD08B54FF02002EFF3118182F39E
:10B0E0001288BFF36F8F83680BB1FFF7B1FF81F355
:10B0F0001188BFF36F8F08BD38B504464FF02003A9
:10B10000EFF3118583F31288BFF36F8F437B13F046
:10B11000280F0BD183680BB1FFF79AFF637B51B9FE
:10B1200003F0FB0320466373F4F7C0FE85F3118838
:10B13000BFF36F8F38BD03F0EB03F3E7012118383D
:10B14000FFF7DABF08B503464FF02002EFF3118195
:10B1500082F31288BFF36F8F0068834207D008B173
:10B16000FFF776FF81F31188BFF36F8F08BD0020D2
:10B17000F8E738B54FF02003EFF3118583F3128819
:10B18000BFF36F8F0468A0420DD034B12046FFF7A3
:10B190005FFF04F1180000F069F885F31188BFF330
:10B1A0006F8F204638BD0024F7E7014610B54FF0F9
:10B1B0002003EFF3118483F31288BFF36F8F83684A
:10B1C0000BB1FFF745FF84F31188BFF36F8FBDE824
:10B1D000104001F1180000F049B8034620B9EFF320
:10B1E00005820AB9EAF716B883F31188BFF36F8FA7
:10B1F00070474FF02003EFF3118083F31288BFF301
:10B200006F8FFFF7EABF38B5054600202C68A542CE
:10B2100000D004B938BD2046FFF7C7FF2046FFF72E
:10B2200049FF0120F2E738B54FF02003EFF3118515
:10B2300083F31288BFF36F8F0468A04212D09CB1D1
:10B24000E16762612046FFF703FF04F1180000F098
:10B250000DF82046F4F72AFE012085F31188BFF38C
:10B260006F8F38BD0020F8E72046F6E710B54FF0A5
:10B270002002EFF3118482F31288BFF36F8F03680B
:10B280003BB1F5F717F9002084F31188BFF36F8FF6
:10B2900010BD6FF01500F7E710B54FF02003EFF386
:10B2A000118483F31288BFF36F8FF5F7E3F884F30B
:10B2B0001188BFF36F8F10BD08B5F5F7F7F908BD1A
:10B2C000F5F7F4B908B1E7F75DB97047B1F1FF3FA1
:10B2D00008BFB0F1FF3F38B50C46054614D008430F
:10B2E00003D1BDE83840F5F7E1B96FF001004FF048
:10B2F000FF33401B63EB0101002904DAF5F7D6F9AF
:10B30000401941EB040138BD4FF0FF300146FAE728
:10B3100010B50446FFF7AAFFB0B9636A0BB1204627
:10B32000984704F11800FFF70DFF68B1FFF7C2FE60
:10B330004FF02003EFF3118083F31288BFF36F8F78
:10B34000BDE81040FFF749BF10BD2DE9F843846800
:10B3500005460E4644B16378012B2ED114F8533CB8
:10B3600013F002030AD123700020EB68A860C3F336
:10B370008632164366F39433EB603EE054E90E23C5
:10B38000B3F1FF3F08BF12F1020F32D0A4F1600801
:10B390004046FFF70AFF082E0CBF6FF0030300239F
:10B3A000E36114F8533CDB0609D154F8487C37B903
:10B3B0004046FFF77FFE2770D6E7022B01D000231F
:10B3C000D1E72378002BCFD054F8047C002FF2D0A3
:10B3D0004FF00008A4F1140904F11400FFF746FF30
:10B3E00049463846C4F82C80FFF7DFFD84F800801A
:10B3F000BAE700236FF00A002370BDE8F883034624
:10B400000068834208D0D0E9003213605A600023FC
:10B41000C0E90033FFF799BF70470432D3B5044643
:10B4200008D20026002741F00401CDE90067FFF7AC
:10B43000B0FB10B9002002B0D0BD40F8044BFAE7D1
:10B4400020B1011F50F8040CFFF7F0BB7047014614
:10B450000420F5F70DBA70477047C9B2034602449D
:10B4600010B59342184601D1002003E0047801335F
:10B470008C42F6D110BD0139024410B5904201D181
:10B48000002005E0037811F8014FA34201D0181BFA
:10B4900010BD0130F2E70A44431E914200D17047CB
:10B4A00010B511F8014B914203F8014FF9D110BDCD
:10B4B0009A4208B501D9EAF70BFD814204D88B18EE
:10B4C0009842F8D3814202D183189942F3D3BDE860
:10B4D0000840FFF7E0BF884210B501EB020402D933
:10B4E0008442234607D8431EA14208D011F8012BFD
:10B4F00003F8012FF8E7024401468A4200D110BD4B
:10B5000013F8014D02F8014DF7E702440346934258
:10B5100000D1704703F8011BF9E79368013B002B4A
:10B52000936010B408DA9469A34201DB0A2903D1BD
:10B530005DF8044BF5F7BEBD1368581C1060084653
:10B5400019705DF8044B7047F8B506460F4614466F
:10B55000D518AC4201D1002007E03A4614F8011B8F
:10B560003046FFF7DAFF431CF3D1F8BD2DE9F04771
:10B57000164698468A6807460B690C46DDF8209007
:10B580009342B8BF1346336091F843200AB10133A8
:10B5900033602368990642BF3368023333602568FD
:10B5A00015F0060506D104F1190AE36832689B1A02
:10B5B000AB422BDC94F843302268003B18BF0123D8
:10B5C000920630D404F1430241463846C847013060
:10B5D00023D023681A3454F80A2C03F00603042BF2
:10B5E0000ABF54F80E5C002533684FF0000608BF10
:10B5F000ED1A54F8123C08BF25EAE5759342C4BF22
:10B600009B1AED18B5421AD1002008E001235246DA
:10B6100041463846C847013003D14FF0FF30BDE8FE
:10B62000F0870135C1E7E1185A1C3020023322446B
:10B6300081F8430094F8451082F84310C2E70123D3
:10B64000224641463846C8470130E6D00136D9E7A0
:10B6500010B56AB10139841810F8012B11F8013FB7
:10B660009A4203D1A04201D0002AF5D1D01A10BDD0
:10B670001046FCE70139034610B532B111F8014F0D
:10B68000013A03F8014B002CF7D11A4400219342F0
:10B6900000D110BD03F8011BF9E70246014410B5C3
:10B6A0008A42134603D01C780132002CF8D1181AB4
:10B6B00010BD062008B5F5F703FF0120EAF7ECFB03
:10B6C000B1F90C202DE9F041170705460C4656D478
:10B6D0004B68002B02DC0B6C002B3DDDE66A002E74
:10B6E0003AD0002312F480522F68216A2B6025D0B3
:10B6F000626DA389580705D56368D21A636B0BB1D5
:10B70000236CD21A216A0023E66A2846B047411CFE
:10B7100024D00023636023692360A389DA0400D561
:10B720006065616B2F60B9B104F14403994202D0A6
:10B730002846F5F729F9002363630DE00123284625
:10B74000B047461C0246D4D12B68002BD1D01D2B0C
:10B7500001D0162B2AD12F6000202EE02A68B4F9E0
:10B760000C3042B11D2A01D0162A21D1002363607A
:10B7700023692360D5E7626022692260CEE70F6902
:10B78000002FE9D093070E680F600CBF4B690023B0
:10B79000A6EB07088B60B8F1000FDDDD43463A46A3
:10B7A000216A2846A66AB047002808DCB4F90C30A4
:10B7B00043F040034FF0FF30A381BDE8F081074420
:10B7C000A8EB0008E7E770B568234D1E0E465D4301
:10B7D00005F17401F5F722F9044640B1002105F1A5
:10B7E0006802C0E900160C30A060FFF78EFE20460C
:10B7F00070BD2DE9F8430646884600F1480400274D
:10B80000D4E90195B9F1010905D52468002CF7D1D7
:10B810003846BDE8F883AB89012B07D9B5F90E305E
:10B82000013303D029463046C04707436835E9E76E
:10B8300070B50C46B1F90E1096B0154600291E469B
:10B840000CDAA389002113F0800F14BF40234FF4BA
:10B850008063002031602B6016B070BD6A46F5F73A
:10B860006BFE0028EDDB019901F47041A1F5005356
:10B87000594259414FF48063EBE7F8B50746154646
:10B880000C4621B91146BDE8F840F5F7C7B822B912
:10B89000F5F77AF800242046F8BD00F080F8A842B9
:10B8A000F9D229463846F5F7B9F806460028F1D00E
:10B8B00021462A46FFF7EFFD214638463446F5F784
:10B8C00063F8E8E71F2938B505460C4604D9162366
:10B8D00003604FF0FF3038BD426C12B152F8213096
:10B8E0004BB9284600F016F8224601462846BDE826
:10B8F0003840F5F7EDBD012B0AD0591C03D11623B2
:10B9000003600120E7E70021204642F82410984711
:10B910000020E0E7FBF7A3BF10B50C46B1F90E100D
:10B92000F5F73EFE0028ABBF636DA3891B1823F417
:10B930008053ACBF6365A38110BD2DE9F0411F4664
:10B940008B8905460C46DB05164605D502230022E9
:10B95000B1F90E10F5F712FEA3893246B4F90E10B4
:10B96000284623F48053A3813B46BDE8F041F5F718
:10B97000C1BD10B50C46B1F90E10F5F7FFFD431C23
:10B98000A38915BF606523F4805343F48053A381DA
:10B9900018BFA38110BDB1F90E10F5F7BDBD51F868
:10B9A000043C181F002BBCBF0B58C0187047D0F8C0
:10B9B0003C2900F642139A4204D100F59B50103006
:10B9C000F6F70ABB7047FFF7F2BF2DE9F0410446D6
:10B9D000061D00F58055304602F040FD95F86031B7
:10B9E00010B1022B3AD00FE0012B4CD0022B35D0F6
:10B9F000002BF0D1204600F0D6F808B1FDF752FE3A
:10BA0000204600F0DAF848B1D4F83C1904F64210A8
:10BA1000091A89B2002940D1BDE8F08104F58A50A5
:10BA2000043003F0ECF80028EED1304602F05CFD63
:10BA3000012385F86031304602F06BFDF0B194F8D7
:10BA40009870304602F03BFE2FB194F8983013B94D
:10BA5000012385F86C33022385F8603104F58A50A0
:10BA6000043003F0D5F80028CED195F86C3385F872
:10BA70006001002BAFD085F86C03ACE7304602F0D4
:10BA800051FD85F8610104F58A5095F86111043083
:10BA9000F7F7AAFC0028CED0B6E7D4F83839BDE8CD
:10BAA000F041184708B5F5F79BFEBDE80840FFF7E1
:10BAB0008CBF00F64213C0F83C394FF40063A0F885
:10BAC000403900F59B501030F6F786BA08B5F5F707
:10BAD00087FE18B1BDE80840FFF7EBBF08BD38B5D9
:10BAE00004460D46F5F77CFE40B100F58A502A4623
:10BAF0002146BDE838400C30F7F7A4BC38BD38B556
:10BB000000F58054D4F8643100F58B550A355B1B81
:10BB10009BB251B91A46294600F090FC4FF40073CD
:10BB2000C4F86451A4F8683138BD2A46F5F796FD8B
:10BB3000F4E7FFF7E4BF02F086BD1C282ED8DFE84B
:10BB400000F00F3011132D1517192D2D2D2D1B1D44
:10BB50001F212D2D2D272D2D2D25232D2D292B007A
:10BB6000002070470E2070470B2070470C20704754
:10BB70000920704703207047022070470420704757
:10BB8000112070471220704713207047142070470F
:10BB900016207047172070471820704700F5804026
:10BBA00070470120704790F8C830042B1ABF90F8F6
:10BBB000980080F001000020704790F8C830012BF9
:10BBC00006BF90F8980080F0010000207047D0F880
:10BBD0001C390133C0F81C3970472DE9F8439946E8
:10BBE00090F814390D1E0446164608BF702513B18F
:10BBF0000D20BDE8F88300F1B80729463846F6F76E
:10BC0000B7F80028F4D194F8D22894F8D3389A429F
:10BC10000AD00B2200213846F6F732F804F1AC00C6
:10BC2000F6F7DAF90320E4E704F150082B46062280
:10BC30008021404602F0A2FF58B93146206D1FFA1C
:10BC400089F202F011FD20B9404602F07AFF002887
:10BC5000CFD00328CDD1DCE713460222F5F7D0BDC3
:10BC600038B511F0300F00F1500408BFC0F89C2027
:10BC7000154600230622204602F080FF48B92946D7
:10BC8000204602F0C7FE20B92046BDE8384002F049
:10BC900058BF38BD2DE9F74304460D4668461146A6
:10BCA00091461E46F5F764FFDDE900782FB918F0DC
:10BCB000010F02D1E6B932461BE004F150064B46B3
:10BCC00006222946304602F059FFC8B918F0010F84
:10BCD0004FEA680318BFE35804EB680018BFDF5948
:10BCE000B84768B9304603B0BDE8F04302F029BF59
:10BCF0000D222946204603B0BDE8F043FFF7B0BF50
:10BD000003B0BDE8F08370B50446002694F8D2581D
:10BD100094F8D338AB4201D100202DE005F50D7524
:10BD200004EB85021379D90616D404EB85052B792B
:10BD30006FF304132B7194F8D2380133DBB20F2B5D
:10BD400084F8D238E2D194F8D33884F8D2680E2B34
:10BD50001AD884F8D338D9E703F00F01526803F0FA
:10BD60006003402B41F08001C2F3D71205D1204679
:10BD7000FFF776FF0028D8D070BDB3FA83F32046D2
:10BD80005B09FFF787FFF5E70F3BDBB2DFE710B595
:10BD900090F89830044633B1D0F8CC308B4204BFD1
:10BDA000002380F898302046FFF7ADFFD8B994F80B
:10BDB000D01099B101230C222046FFF76BFF90B9F8
:10BDC00094F8C83084F8D000042B07D0201D02F06E
:10BDD00043FB0123C4F8CC0084F898302046BDE82A
:10BDE0001040F5F769BD10BDFFF7D1BFF8B500F100
:10BDF000500504462846069EBDF81C7002F0BEFEA3
:10BE000050B93A463146206D02F02EFC20B9284642
:10BE1000BDE8F84002F095BEF8BD2DE9F04F042BC7
:10BE200004460D46174687B009D0052B3BD00D229E
:10BE300029462046FFF710FF07B0BDE8F08F4FF00E
:10BE40000709114604A8F5F7ABFEDDE9048606F004
:10BE5000010BB8F1000F02D1BBF1000FE7D004F1E4
:10BE6000800A504602F066FD0DF10A0203A9504611
:10BE700002F041FD504602F064FD002304EB660031
:10BE800084F814397310BBF1000F02D0E35853F853
:10BE90000880C0470123064684F8143960B1FFF7D3
:10BEA0004CFE0246C4E7114604A8F5F785FEDDE91D
:10BEB00004864FF00809CAE7BDF80A304A460193E4
:10BEC000039B2946009320463B46FFF78FFF00283F
:10BED000B2D03246ACE708B50022FFF7BDFE08BD80
:10BEE000002330B5C3B004460D46803001A901934C
:10BEF00002F0E2FC40B1FFF720FE29460246204650
:10BF0000FFF7AEFE43B030BD4FF480730199206857
:10BF100002AA00F06AFF0028F4D150344FF46F53A6
:10BF200006222946204602F029FE0028EAD12046B2
:10BF300002A902F0AAFD0028E4D1204602F001FE89
:10BF4000E0E710B50446006800F05DFF0146206D93
:10BF5000BDE8104002F077BB10B50446006800F061
:10BF600075FF0146206DBDE81040FFF7E4BD0023DA
:10BF700037B5054601A98030019302F076FC0446EE
:10BF800088B99DF80410286800F062FF044650B993
:10BF9000286800F038FF30B195F812391BB12868D5
:10BFA00000F039FF0446204603B030BD10B504460A
:10BFB0000068F5F705FF410001F0FE01206DBDE8C6
:10BFC0001040FFF7B8BD002313B504460DF107017B
:10BFD00080308DF8073002F0C5FB58B99DF8073066
:10BFE00023B1013B012B07D9072003E0014620685C
:10BFF000F5F7ECFE02B010BD0121F8E710B50446DC
:10C0000054F8500B00F027FF01462046BDE81040D1
:10C0100002F0A4BC13B504460DF10601803002F015
:10C02000D0FB20B9BDF80610206800F016FF02B062
:10C0300010BD10B50446006800F012FF082201464A
:10C04000206DBDE8104002F00FBB13B50822044676
:10C0500001A9803002F020FC18B90199206800F095
:10C0600001FF02B010BD10B5044654F8500B00F0AB
:10C07000FCFE01462046BDE8104002F06FBC90F87F
:10C080001219006D02F0DFBA002337B505460DF135
:10C09000070180308DF8073002F074FB044670B958
:10C0A000286800F0B0FE30B19DF8073028684BB129
:10C0B00000F0B1FE04469DF8073085F8123920469D
:10C0C00003B030BDF5F78EFEF4E710B50446006806
:10C0D000EEF75AFE0146206DBDE81040FFF72BBD7C
:10C0E00010B504460068FDF7FAFA0146206DBDE878
:10C0F0001040FFF720BDF8B505460E460024012785
:10C1000007FA04F3334204D10134202CF8D1002083
:10C11000F8BD286DE1B2FFF70EFD0028F4D0F7E777
:10C12000F7B5002304460D46012700F180062B6079
:10C13000B4F88620B4F888309A4202D1002003B0C7
:10C14000F0BD30460DF1070102F00CFB0028F6D1DE
:10C150009DF807301F2B04D82A6807FA03F313430E
:10C16000E5E70720EBE7D0F8A010FFF7C4BF0023F6
:10C1700013B501A904460193FFF7D2FF10B9019B43
:10C18000C4F8A03002B010BDB0F8A410503002F0D6
:10C19000E5BB00F1A401803002F013BB10B50446EA
:10C1A000006800F030FE014628B194F918190131F9
:10C1B00018BF01214900206DBDE81040FFF7BBBC4E
:10C1C00013B5044601A9803002F04FFB28B90122C3
:10C1D000019904F1B800F5F787FD02B010BD13B561
:10C1E000044601A9803002F040FB28B902460199BB
:10C1F00004F1B800F5F778FD02B010BDD0F89C103E
:10C20000503002F007BC10B500F150040421204664
:10C2100002F000FC28B92046BDE81040032102F0DE
:10C22000F9BB10BD0321503002F0F4BB00215030A7
:10C2300002F0F0BB10B500F150040521204602F0D9
:10C24000E9FBF8B90C21204602F0E4FBD0B9182133
:10C25000204602F0DFFBA8B92221204602F0DAFBDB
:10C2600080B940F20121204602F0D4FB50B94021B0
:10C27000204602F0CFFB28B92046BDE810404121FE
:10C2800002F0C8BB10BD10B50446F5F795FD014698
:10C2900004F15000BDE8104002F0F7BB0121006D31
:10C2A000FFF749BC0021006DFFF745BC0421006D7C
:10C2B000FFF741BC0C20704713B50446694600687F
:10C2C00000F0D5FD08226946206D02F0CDF902B0DC
:10C2D00010BD0221503002F06FBC90F8C810006D04
:10C2E000FFF729BC712A10B51C460CD0B2F56F5F60
:10C2F00006D00C2A0AD1F5F7BBFB2070012010BD37
:10C30000FFF7EEFDF9E7F5F78FFCF6E70020F6E71B
:10C31000F0B5002785B004460D4602A81146164622
:10C320008DF80770F5F730FCDDE9023000F001020E
:10C3300073B96AB93246294620460DF10703FFF763
:10C34000D1FFF8B90D2229462046FFF785FC17E0FA
:10C35000411084F8147904EB60000AB16258D35894
:10C36000984701228DF8070084F8142918B1FFF7C7
:10C37000E4FB0246E7E7334629462046F5F740FA54
:10C380008DF807009DF8070005B0F0BD002373B5D8
:10C3900004460D46803001A91646019302F065FA65
:10C3A000024640B1FFF7C9FB294602462046FFF787
:10C3B00053FC024604E0032E15D004D8022E0CD004
:10C3C000104602B070BD331F012BF9D83346294601
:10C3D0002046019AFFF721FDEBE729462046019B05
:10C3E000F5F70EFAE5E729462046019AFFF790FF98
:10C3F000DFE737B504460D46803001A902F035FA73
:10C4000080B9019A012A0FD008D9931E032B10D9A5
:10C41000052229462046FFF71FFC03E02946204657
:10C42000FFF759FD03B030BD29462046F5F7ACFAB9
:10C43000F8E729462046FFF7A9FFF3E7012373B584
:10C44000002600F18005044680F8143928468DF84E
:10C45000076002F07CF90423284684F8C83084F889
:10C4600098600DF1070102F07DF990B99DF9073050
:10C470009DF80710B3420CDAD4F8203911F0300FD0
:10C4800003F10103C4F8203908D006222046FFF743
:10C49000E7FB002384F8143902B070BD2046FFF793
:10C4A000A8FF38B1FFF749FB9DF807100246204668
:10C4B000FFF7D2FB94F8D32894F8D2389A4202D0EE
:10C4C0002046FFF720FC9DF8073094F8D12803F0B0
:10C4D0000F0332B19A421EBFD4F824290132C4F8A6
:10C4E00024290F2B0CBF0123013384F8D138D0E766
:10C4F00010B504460068EEF71FFAC1B2206DBDE822
:10C500001040FFF718BB10B504460068FDF7E2F8CD
:10C51000C1B2206DBDE81040FFF70DBB13B5044656
:10C520000DF107010068FDF7D1F830B99DF807104B
:10C53000206DFFF700FB02B010BDFFF7FEFA0146C9
:10C5400004F1500002F038FBF5E7002313B5044670
:10C550000DF1070180308DF8073002F026F920B97F
:10C560009DF907102068FDF7B3F802B010BD13B5B0
:10C5700004460DF107010068EEF724FB30B99DF881
:10C580000710206DFFF7D7FA02B010BDFFF7D5FAFC
:10C59000014604F1500002F00FFBF5E7002313B54C
:10C5A00004460DF1070180308DF8073002F0FDF8E8
:10C5B00020B99DF907102068EEF70EFB02B010BD00
:10C5C00013B504460DF10701006801F060FB30B9B6
:10C5D0009DF80710206DFFF7AEFA02B010BDFFF70F
:10C5E000ACFA014604F1500002F0E6FAF5E7002348
:10C5F00013B504460DF1070180308DF8073002F0C5
:10C60000D4F820B99DF90710206801F042FB02B070
:10C6100010BD37B500F1800504460DF1060128462E
:10C6200002F0A0F860B928460DF1070102F0BDF84C
:10C6300030B99DF907209DF806102068EEF7F4FB4D
:10C6400003B030BD13B504460DF1060154F8500B8C
:10C6500001F023FB30B92046BDF8061002F07EF948
:10C6600002B010BDFFF769FA0146204602F0A4FAB5
:10C67000F6E713B504460DF10601803002F0A1F88B
:10C6800020B9BDF80610206801F005FB02B010BD0E
:10C690000021006D01F0D7BFFEE710B5044600F0A1
:10C6A000E8FBF5F7A3F80146206DBDE81040FFF761
:10C6B00042BA37B5002300220446CDE90023EDF746
:10C6C00077FC6946054604F1800002F0A8F860B9DD
:10C6D000DDE90032AB4272F1000108D35B1B62F16D
:10C6E0000002C4F83039C4F8342903B030BD072043
:10C6F000FBE700F51363D3E90023503002F058B98B
:10C7000010B504460068F6F797FD01462046BDE8DF
:10C710001040FFF7F0BC10B50446006801F0B3FA12
:10C7200001462046BDE81040FFF7E5BC002337B5C1
:10C730000C4680300DF1070115468DF8073002F0E8
:10C7400011F8D0B99DF80730DA0704D5BDB12278C9
:10C7500042F001022270990742BF227842F00202A1
:10C7600022705A0742BF227842F0040222701B074F
:10C7700003D5237843F00803237003B030BD0720AE
:10C78000FBE7F0B504460C260020013A90420DD399
:10C7900070430A180958994215BF0023D2E90101D4
:10C7A000C4E90033C4E900012046F0BD85186D08D6
:10C7B00006FB05F7CF599F422CBF2A46681CE5E7C8
:10C7C00001F041BF0921503002F024B9042150305A
:10C7D00002F020B9F8B5064617460C4600F15005A0
:10C7E00000296CD0002A71D18A882846096802F095
:10C7F0003CF9002861D194F91510306DC9B2FFF7EA
:10C80000DFFF002859D18021306DFFF7D9FF0028C4
:10C8100053D1002C5FD0E37D03F001019B074FEA69
:10C82000011101D541F02001284602F097F80028B7
:10C8300043D1284602F041F9014600283DD104B118
:10C84000A179306DFFF7BCFF0146B0BB04B1A17DFB
:10C85000306DFFF7B5FF80BB002C3ED0D4E902233A
:10C86000284602F0A5F840BB284602F045F920BB57
:10C87000284602F022F900BB3946284602F0CAF8E1
:10C88000D8B9284602F038F9B8B9284602F015F9A7
:10C89000014690B904B1217D306DFFF791FF60B979
:10C8A000F4B12169284602F068F830B9284602F050
:10C8B00023F9003818BF012000E00120F8BD284608
:10C8C00002F04CF80028F8D1214696E700212846CE
:10C8D00002F044F88DE72146A6E700220023BFE7D7
:10C8E0002146DFE7F8B500F1500704460D4616462D
:10C8F000712306228021384602F040F950B93246B1
:10C9000029462046FFF766FF20B93846BDE8F840C3
:10C9100002F017B9F8BD2DE9F3470D4690F8171945
:10C92000044616461F4600293BD041F080017AB3E9
:10C93000136893F800A0CAF3001A002395F81B901F
:10C9400004F150080622404684F8173909F001091D
:10C9500002F014F928BB3846FFF7EFF801464046CD
:10C9600002F058F8E8B95146206D01F06CFEC0B9EC
:10C970004946206D01F067FE98B95FB12B681B78BE
:10C980001B0711D4404602B0BDE8F04702F0D9B809
:10C990009246D2E73A4631462046FFF71BFF002871
:10C9A000ECD002B0BDE8F087B9F1000FEAD028461C
:10C9B0000DF1030100F063FE0028F2D1284601A921
:10C9C00000F037FE0028ECD19DF80310206DFFF732
:10C9D000F7FE0028E5D14046019901F0CEFF00287E
:10C9E000D0D0DEE7F8B5FF23054690F9187980F836
:10C9F0001839044655F8500B0E4600F00CFA39234E
:10CA000006228021284602F0B9F8F0B9206DF9B26B
:10CA1000FFF7D6FEC8B9206DF1B2FFF7D1FEA0B97D
:10CA2000284602F08EF880B980213023062228465D
:10CA300002F0A4F8014640B9206DFFF7C1FE20B90D
:10CA40002846BDE8F84002F07CB8F8BD10B50446B1
:10CA500054F8500B00F0E7F901462046BDE81040BD
:10CA600001F0D8BF90F81919006D01F0ECBD10B5B8
:10CA7000044654F8500B00F0E7F902460B462046F6
:10CA8000BDE8104001F094BF10B500F6191104463E
:10CA9000803001F077FE30B994F819192068BDE8AC
:10CAA0001040F5F7A9B910BD73B504460068F5F755
:10CAB000E7F90546B8B904F18006B4F88830B4F84F
:10CAC00086209B1A9BB2012B0DD930460DF1060131
:10CAD00001F077FE30B9BDF806102068F5F798F937
:10CAE0000028EAD00546284602B070BD73B504465A
:10CAF0000068F5F7D1F90546B0B904F18006B4F83D
:10CB00008830B4F886209B1A9BB2072B0CD90822D8
:10CB1000304601A901F0C0FE28B901992068F5F757
:10CB200081F90028EBD00546284602B070BD13B548
:10CB300004460DF10601803001F043FE20B9BDF836
:10CB400006102068F5F780F902B010BD13B5082271
:10CB5000044601A9803001F09FFE18B901992068B0
:10CB6000F5F77CF902B010BD13B504460DF10601CE
:10CB7000803001F026FE20B9BDF806102068F5F7D8
:10CB800047F902B010BD002313B50822044601A9DD
:10CB90008030019301F080FE18B901992068F5F703
:10CBA00041F902B010BD13B504460DF10601803005
:10CBB00001F007FE20B9BDF80610206800F028F942
:10CBC00002B010BD7FB500F180050C4628460DF17E
:10CBD0000A0203A901F09AFE064600286CD1BDF8AE
:10CBE0000A207F2A6BD82646A28056F8060B0399A6
:10CBF000FEF751FC3146284601F0B4FD06460028F8
:10CC00005AD1A3792146A376E37EC4E9040023F038
:10CC1000170343F00403E37640F60473284621F833
:10CC2000183F01F09FFD002846D1284604F1190164
:10CC300001F098FD00283FD128460DF1060101F0D2
:10CC4000A1FDC8BBE37E9DF80620284662F382035F
:10CC5000E37602A901F096FD70BBE37E9DF8082003
:10CC6000284662F30003E3760DF1070101F08AFD27
:10CC700010BBE37E9DF80720284662F34103E3766C
:10CC80000DF1090101F07EFDB0B9E37E9DF80920A8
:10CC9000284662F30413E37604F1100101F0A5FDC8
:10CCA00050B9284604F1140101F09FFD20B928462F
:10CCB00004F11A0101F056FD304604B070BD06269D
:10CCC000FAE730B500F1800487B0054602A9204696
:10CCD00001F048FD20B99DF80830082B02D007204C
:10CCE00007B030BD20460DF1090101F03BFD0028E1
:10CCF000F6D120460DF10A0203A901F007FE002833
:10CD0000EED1BDF80A30102BE9D120460DF10A0210
:10CD100004A901F0FBFD0028E2D1BDF80A30102B78
:10CD2000DDD120460DF10A0205A901F0EFFD002832
:10CD3000D6D1BDF80A30102BD1D1059B9DF8092022
:10CD40000193049B9DF8081000932868039B00F052
:10CD500070F8C5E7002337B500F18005044601A946
:10CD600028468DF8033001F040FDA0B9B4F88620C4
:10CD7000B4F888309A4207D19DF8033020680199B1
:10CD80005BB900F059F806E028460DF1030101F007
:10CD9000F9FC0028F0D003B030BD00F051F8FAE7FC
:10CDA000002337B500F1800504460DF10201284645
:10CDB0008DF8003001F005FD98B90822284601A938
:10CDC00001F06AFD68B9012269462046FFF7AEFC12
:10CDD00038B9019BBDF802209DF800102068EDF7DE
:10CDE000DDFF03B030BD20207047AC30F5F706BA48
:10CDF000F5F75EB80120704700F069B800F069B837
:10CE00001430F5F789BC8069003818BF01207047DD
:10CE1000143000F05BBA143000F062BA806B7047D7
:10CE2000143000F065BA243000F0D2BD143000F0A8
:10CE30006CBA143000F076BA0022143000F0ABBAAD
:10CE40000122143000F0A7BAEDF7CCBE007D704788
:10CE5000143000F02ABAC08A7047143000F018BAB3
:10CE60002A307047143000F027BA008D7047E9F778
:10CE700051B90520704710B50446FFF7BBFF20B13C
:10CE8000201DBDE8104000F0BCB810BD10B5044630
:10CE9000FFF7B0FF18B16068003818BF012010BD5F
:10CEA00038B500250446C0E90155C5601030F5F7D6
:10CEB0004DF8214604F1140000F0D7F9214604F1A1
:10CEC000AC0000F048F984F8AD50204638BDFCF7BE
:10CED000E3BB10B504461130F6F746F904F114002F
:10CEE000BDE8104000F0B4B90EB403B503AB53F87D
:10CEF000042B02210193F4F7EBFF02B05DF804EB81
:10CF000003B070470EB403B503AB53F8042B0421F0
:10CF10000193F4F7DDFF02B05DF804EB03B0704756
:10CF20000EB403B503AB53F8042B05210193F4F7BA
:10CF3000CFFF02B05DF804EB03B0704731B16FF082
:10CF40000043994208BF0121016070470121FBE7BE
:10CF500048F24E3301460268A2FB032313EB520052
:10CF600044BF20F00043581C0860704738B50546A0
:10CF70000C46F5F703F8611BB0FBF1F303FB11005E
:10CF8000284438BD002310B5421E98B2814203D90F
:10CF90000133D45C002CF8D110BD10B50024016021
:10CFA0008480C2800C7010BD70B504460E46E588C2
:10CFB000134682880068AA4234BFA91A002110448F
:10CFC0003246F9F75DF9A388E288184480B29042AE
:10CFD00028BF2368A08022BF9B18002203F8012CE1
:10CFE000204670BD0EB417B5044605AA52F8041BBE
:10CFF0000192FFF7D9FF204603B0BDE8104003B00F
:10D00000704770B500250468056074B1606884429B
:10D0100005D1656020462368BDE870401847436825
:10D020006360036845609847F0E770BD43684968EE
:10D03000981A8A1A92EA000F58BF581AC00F704700
:10D0400038B50C461146A2680346944206D00568DE
:10D05000AC420BD10260F4F7C9FFA46038BD944222
:10D060000DD011469268002AF9D1F6E72A46002130
:10D07000F9E78B68002BF0D09B688B60EDE7002907
:10D08000F7D1002DE9D0AA681A60E6E72DE9F0474C
:10D09000936805460C461646984732468146214617
:10D0A0002846FFF7CDFFD5F800A04FF000085746FF
:10D0B0002FB14A4639462046FFF7B8FF58B1B8F1BC
:10D0C000000F0BD1C4F808A02C6031462846BDE8FB
:10D0D000F047F4F78BBFB846BF68E9E7D8F80830E7
:10D0E000A360C8F80840BDE8F08770B5066804463C
:10D0F0000D467EB18B6898477368C01A002809DB1B
:10D1000020462A463146FFF79BFF30463368BDE88C
:10D110007040184729462046BDE87040F4F766BFC6
:10D120001144F4F78DBF38B50D460446ECF788FF7F
:10D130002A4601462046BDE83840FFF7F1BF08B552
:10D140000120EDF79FFE002008BD08B50020EDF797
:10D1500099FE002008BD7047FCF7C5BA13B5002240
:10D160000C4601A9F3F79CFF019B2060187800286A
:10D1700018BF062002B010BD012937B51D4608D0E2
:10D18000072420462946069AF4F77EFF204603B07E
:10D1900030BD106801A9FFF7E1FF04460028F0D177
:10D1A0000198A0F10B030F2BEAD8C0B2FCF799FA53
:10D1B000E7E7012937B51D4611D1106801A9FFF72E
:10D1C000CDFF044618B99DF90400FCF78BFA204600
:10D1D0002946069AF4F758FF204603B030BD0724CD
:10D1E000F5E713B50C4601A9FFF7B8FF30B9019B6D
:10D1F000012B8EBF062003F00103237002B010BD87
:10D2000070B5A2B00846164601A921221D46F6F7C0
:10D2100017F8044638B901A800F0DDFD2946307042
:10D2200001A800F0CDFD204622B070BD0C20704753
:10D230000C2070470C2070470C2070470C20704762
:10D240000C2070470C2070470C2070470C20704752
:10D250000023C0E9023343600B2303704FF6FF73D2
:10D26000103020F80E3C00F07ABB0B2310B5037091
:10D270004FF6FF73438000230446C0E90133C360C7
:10D280001030F5F793FB2046FFF7E2FF204610BD74
:10D2900038B5436804460D462BB11030F5F7C8FB8E
:10D2A0000020658038BD0D20FCE7436813B1017094
:10D2B000002070470D20704708B5436823B1103037
:10D2C000F5F7DCFB002008BD0D20FCE708B543683E
:10D2D00023B11030F5F7BEFB002008BD0D20FCE7A0
:10D2E00043681BB110F8101BF5F77ABC0D2070478E
:10D2F00038B5436804460D462BB1103000F04DFCA4
:10D3000000B9A56038BD0D20FCE738B51D4643685F
:10D3100004462BB11030F5F7B7FC00B9E56038BD15
:10D320000D20FCE72DE9F04304468FB00D4616466C
:10D330000021102202A806AF99460DF12808FEF739
:10D34000E4F8102200213846FEF7DFF81022002111
:10D350004046FEF7DAF86368DBB10022494602A8CE
:10D3600000F0EBFA00223846169900F0E6FA0022A7
:10D370004046179900F0E1FA04F1100032462946C0
:10D38000CDE9007802ABF5F7EFFC00200FB0BDE867
:10D39000F0830D20FAE708B5436823B11030F5F7A4
:10D3A000DBFD002008BD0D20FCE7036818887047EE
:10D3B00000F44052B2F5005F034620D148F240022B
:10D3C00020F44E5020F03F0090421ED00CD8B0F513
:10D3D000446F1AD005D8C8B1B0F5046018BF012059
:10D3E0007047B0F50040F9E703F44C43B3F5404F04
:10D3F0000BD04CF64043C01A18BF0120704710F400
:10D40000406F14BF0120002070470020704708B50E
:10D41000FFF7CBFFBDE80840FFF7CABF08B5FFF72D
:10D42000F6FF00280CBF0320052008BD38B50C46C8
:10D430000546FFF7F3FFFF2801461BD02846FFF7FC
:10D44000B4FF00F44060B0F5006F06D0B0F5406F57
:10D4500008D000230020237238BD2B685B5A23803C
:10D460000123F7E72B6801221944204600F04AFA0D
:10D470000223EFE70620EFE7B0F5804F0ED300F46C
:10D480004053B3F5005F04D080F04000C0F380103B
:10D49000704700F44C43B3F54C4FF5D10020704772
:10D4A00008B5FFF782FF0146FFF782FF01F44063F2
:10D4B000002814BF05220322B3F5006F0AD0B3F58C
:10D4C000406F0AD00846FFF7D7FF08B10232D2B248
:10D4D000104608BD0232D2B2F4E70832FBE738B595
:10D4E00005460C46FFF7DCFF01462846FFF75DFFC7
:10D4F000FF2908D000F44043B3F5004F05D0B3F541
:10D50000404F09D02BB1062005E02B685B5A2380E1
:10D5100001230020237238BD2B68012219442046C4
:10D5200000F0F0F90223F4E7102805D0A0F1180369
:10D5300058425841C000704704207047012300F052
:10D540000700834013F0220F09D113F0880F08D190
:10D5500013F0440F14BF01200020C00070470420C6
:10D5600070471020704708B50146FFF721FF01F40E
:10D570004063002814BF05220322B3F5006F06D0D4
:10D58000B3F5406F17D023B1FF22104608BD023219
:10D59000D2B20846FFF770FF08B10232D2B201F4EE
:10D5A0004041B1F5004F08D0B1F5404F08D00029F7
:10D5B00018BFFF22E9E70832EAE70232D2B2E4E715
:10D5C0000832FBE708B58388042B05D9FFF7EDFE89
:10D5D000BDE80840FFF7C7BFFF2008BD8288022AC8
:10D5E00005D903681B781B0701D5FFF7EBBFFF20A8
:10D5F000704738B505460C46FFF7F0FFFF2817BF08
:10D600002B6806201B5C00201CBF03F0070323705F
:10D6100038BD38B505460C46FFF7E0FFFF2817BFB9
:10D620002B6806201B5C00201CBF03F0180323702E
:10D6300038BD38B505460C46FFF7D0FFFF281FBFA1
:10D64000431C2A68DBB2D3581ABF0020236006208F
:10D6500038BD38B50C460546FFF7C0FF2A68431CA5
:10D66000D9B2545452FA83F3220A5A70220C240E6F
:10D670009A70DC70EB7E43F00103EB7638BD70B539
:10D6800006460D46FFF7AAFFFF2804460BD0326876
:10D69000105C224400F01800FFF746FF024400200F
:10D6A00053792B7070BD0620FCE770B506460D4619
:10D6B000FFF794FF32680446105C224400F0180023
:10D6C000FFF732FF0244557170BD10B50446FFF7F5
:10D6D00085FFFF2806D02368185CFFF72FFF023074
:10D6E000C0B210BD0220FCE710B50446FFF76AFF88
:10D6F000FF28014610D023681A7812070CD5A48899
:10D70000A0420BDA185CF5F7A1F8FF2808D0014415
:10D71000C9B28C42B8BFFF21084610BDFF21FBE70C
:10D720000146F9E7F8B50646FFF7DEFFFF28044695
:10D730002DD03046FFF739FE830505461CD530460F
:10D74000FFF7C3FF3768B188A21C93B210FA82F2C8
:10D750008A4207EB04061CDC3A5D02F07F021344A8
:10D760009CB210FA83F3994213DB3288C2F3C712DA
:10D770007F2A01D09942E7DC05F44053B3F5005FFE
:10D7800005D005F00705032D01D10134A4B2E0B2A4
:10D79000F8BDFF24FBE738B504460D46FFF7C2FF8E
:10D7A000FF2802460FD02046FFF7FFFD00F440504F
:10D7B000B0F5005F4FF00000216818BF02F1FF32A2
:10D7C0008B5C2B7038BD0620FCE710B50446FFF7D4
:10D7D000A9FFFF2816BF23680020C01810BD10B590
:10D7E0000446FFF7F2FF2368C01AC0B210BD70B53F
:10D7F00005468688FFF7F3FF04462846FFF765FFD6
:10D800000444301B80B270BD38B504460568FFF78C
:10D810005CFFA388181A284438BD2DE9F041002385
:10D820000446E2B008A803930D4600F079FC236893
:10D830001B781B0751D520460DF10B01FFF7D9FED0
:10D8400000284AD1204603A9FFF7F3FE0646002828
:10D8500043D10DF1100843469DF80B20284603994B
:10D8600000F04CFCA16808A800F0BFFA2046FFF7C2
:10D870002CFF05462046FFF7B2FF07462046FFF77C
:10D88000B6FF0D23023D02463946CDE9008308A8C4
:10D89000EBB200F0B6FA2046FFF7A1FF256802467A
:10D8A000294608A800F051FB2046FFF78EFF0546E9
:10D8B0002046FFF79CFF2A460346294608A8009603
:10D8C00000F07FFB2046FFF79FFF014608A800F00D
:10D8D000FCFBE37E43F01003E37608A800F030FC85
:10D8E00062B0BDE8F08138B504460D46112200F162
:10D8F0000801FFF752FB082229462046F4F74AFBAD
:10D90000204638BD10B40C4622B1012A07D05DF87C
:10D91000044B704708225DF8044BFDF7BCBD01F1D4
:10D920000802013812F8013DA24200F8013FF9D186
:10D93000EDE710220021FDF7E8BD0B46024630B5A9
:10D9400001F11005144618685968083303C4AB4246
:10D950002246F7D130BD102308608B80704738B560
:10D9600000254FF6FE73044629460822457045807F
:10D9700083800630FDF7C9FDE38904F1240003F03C
:10D98000FC0343F4FE4343F00103E38184F8595060
:10D990002561FFF7CEFF04F13400FFF7CAFF04F161
:10D9A0004400FFF7C6FF04F15C00656584F8585039
:10D9B000F4F750FBC4E91C55A4F86C50A4F8685067
:10D9C00084F86A5004F17C00BDE83840F4F742BBAB
:10D9D000007840F0ED0070470378DA0708D40B6850
:10D9E0001B789B0604D54FF47A515C30FFF79BBB44
:10D9F0007047007880F02000C0F340107047037833
:10DA000013F00C0F0CBF012000207047007880F04D
:10DA10000400C0F380007047007880F04000C0F33D
:10DA20008010704738B504460D460221F5F790F88E
:10DA3000294604F11800BDE83840F5F78FBB10B552
:10DA40000446F5F76DF87F2806D094F90F307F2B48
:10DA500001D0834200DAE073ECF7AAFA2369C01A16
:10DA6000002808DA216E04F15C004FF4FA32BDE8B8
:10DA70001040FFF755BB204694F90F10BDE8104049
:10DA8000FFF7D0BF38B590F85830044693420D46A2
:10DA900007D1183000F0CFF8636D9D4224BF0135E7
:10DAA000656538BD70B5C36905460C46164643B377
:10DAB00059B1F2B9026A3146204698472846FFF725
:10DAC00098FF68B1B5F868304BBBAB7B9B072CD493
:10DAD0003246214605F11800BDE87040F5F724BB39
:10DAE000E37D9B07EED52846227D2169FFF7CAFF1B
:10DAF0000FE0FFF77EFF0028E7D1E37D9807E4D52C
:10DB0000F1E7FFF776FF38B90029DED0E37D99070A
:10DB1000E9D4002ED6D0D8E70029FAD1D5E7E37DA5
:10DB20009A0744BFA3686B67CFE770BD37B504465B
:10DB3000406903681B781D072DD5C37ED9062AD4FA
:10DB40000DF10701FFF765FD28BB6069C37EDA07A9
:10DB500003D494F85810FFF7A8FD2046FFF749FFBB
:10DB6000C8B19DF80730082B15D1636904F1340260
:10DB70009A606069C37EDB0709D4656D2946FFF7AB
:10DB800068FD2946204694F85820FFF77BFF60691E
:10DB9000A11DFFF742FE03B030BD70B543780446C7
:10DBA000052B1AD0837BC3F340059B070CD5416935
:10DBB00000220B6818301B7813F0200318BF0E23C7
:10DBC000F5F7C6FA002070BDFFF7B0FF204665806C
:10DBD00084F85950F5F790F8F4E70D20F3E737B5DE
:10DBE00005460C46FFF705FF08BB0B681B781A07B4
:10DBF0001DD5CB7EDB071AD520460DF10201FFF7BC
:10DC000008FDA0B99DF80230082B10D1204601A9CB
:10DC1000FFF70FFD58B920460DF10301FFF72FFD67
:10DC200028B928469DF803200199FFF72BFF03B080
:10DC300030BD70477047704790F8AD3013B1123067
:10DC4000F5F7ACBB704790F8AD3013B11230F5F773
:10DC5000ABBB704710B490F8AD4024B15DF8044BF5
:10DC60001230F5F7A7BB5DF8044B704790F8AD3064
:10DC700013B11230F5F7A4BB70471230F5F7A6BB0D
:10DC80001230F5F7A9BB08B5F5F7D6FA08BD0C2098
:10DC900070470C2070470C2070470C207047A0F193
:10DCA0004103052B04D83738C0B2087000207047F4
:10DCB000A0F16103052B01D85738F5E73038C0B221
:10DCC0000928F2D9072070472DE9F7430646006876
:10DCD0000D461746984618B9072003B0BDE8F083F3
:10DCE000E2F742FF421C04465208B8F1000F07D089
:10DCF000B8F1010F3DD0002A3FD100202A80ECE787
:10DD00002B889342E8D104F00104002AF5D0002CBE
:10DD100039D1D6F800900DF1070199F80000FFF70E
:10DD2000BEFF0028D9D109F1010333609DF8073007
:10DD30001B01DBB23B70D6F800900DF1070199F89A
:10DD40000000FFF7ACFF0028C7D109F101033360E1
:10DD50003B789DF8071001340B43A24207F8013BC2
:10DD6000CBD0B8F1020FD4D12B88A342D1D124203B
:10DD7000B3E72B889342C6D2AEE72B88002BF6D0B0
:10DD800000F00104C3E700242346D3E713B50C4693
:10DD90006946F5F7A7FA40B9009B019AB3F5807F71
:10DDA00072F100022CBF0720237002B010BD07B52E
:10DDB0000123019001A8FFF787FF03B05DF804FB82
:10DDC000002310B5DCB250F82420013302B910BD95
:10DDD00041F82420F6E70023DAB250F822101A4660
:10DDE00001330029F8D1D0B270471FB50446084668
:10DDF00001A9FFF7B0FD204601A900F09DF904B08C
:10DE000010BD2DE9F84F044698460E4617461346B6
:10DE10000020DDF82890421C002B6BD19DF82CA02F
:10DE2000C0B2022838BF0220BAF10D0F28BF4FF050
:10DE30000D0ACAF10F039842B8BFD8B2C0F10F0360
:10DE40009A45C8BF5FFA83FA331E18BF0123A8F1B1
:10DE50000202013852109B01C5B243EAC2032B43B0
:10DE60005246494684F8203104F22110FDF713FB95
:10DE70003A460F2304F598719A453ED304F5907203
:10DE80001146204600F05AF9002E5CD0B6F57F4FBF
:10DE900094F8202194F82131C6F30720F1B232D250
:10DEA0004FF0020B42404B4084F8202184F821318E
:10DEB0005246494684F8305104F23110FDF7EBFA2E
:10DEC0000AF231100021CAF10F022044FDF71DFBB8
:10DED0000023C4E95537C4F85C31102384F864A1E9
:10DEE000C4F85061A4F860B1A4F8623184F8658187
:10DEF000BDE8F88F10461B0A8DE7013B01F8012DA4
:10DF0000DBB2120AB8E7D24383F0FE0384F8213172
:10DF100094F822314FF0060B83EA166384F822311D
:10DF200094F8233184F8202183EA164384F82331BE
:10DF300094F82431584094F8253184F8240159404C
:10DF400084F82511B4E7B346B2E72DE9F843044657
:10DF500015460E464FF000088F1800F59079B7422D
:10DF600016D1D4F854311D44D4F85031C4F854516A
:10DF70009D420BD1B4F860312BB104F5907211467B
:10DF8000204600F0DBF80023A4F86031BDE8F883F8
:10DF9000B4F86031102B06D14A464946204600F0BD
:10DFA000CDF8A4F86081B4F860315A1CA4F860215F
:10DFB000234416F8010B93F82021504083F82001E8
:10DFC000CDE72DE9F74F1F466FF4987A04460D46CA
:10DFD00091469DF8303001EB07080193AAEB000A47
:10DFE00000F5987BA8451ED1D4F85C311F44D4F8C5
:10DFF0005831C4F85C719F4264D3B4F860312BB1DE
:10E0000004F590721146204600F098F8002194F82B
:10E01000642102F231102044C2F10F0203B0BDE8C6
:10E02000F04FFDF772BAB4F86221102A16D104F548
:10E03000A070024694F864610AEB00018E4206DA91
:10E0400010F8011D0131C9B201700029F4D0594600
:10E05000204600F073F80022A4F86221B4F862218F
:10E06000019B511C89B222441BBB2E78A4F862117B
:10E0700092F84021724089F80020B4F86021102AFB
:10E0800008D104F590721146204600F057F800229E
:10E09000A4F86021B4F860210135511CA4F8601186
:10E0A000224492F8201109F101094E4082F82061C2
:10E0B00098E799F80060A4F8621192F84021564060
:10E0C0002E70DAE703B0BDE8F08F38B500F5A07226
:10E0D00004460D4600F5987100F030F8002304F274
:10E0E0001F1294F86511994200DC38BD12F8011F27
:10E0F00092F820004140E9540133F2E770B50D4633
:10E100001C461646014608221846FDF7C4F92B0E98
:10E1100023722B0C63722B0AA372E572267370BDF7
:10E1200000F1080310B503604FF48C73044683803C
:10E1300000F00CF8204610BD00F017B800F02FB822
:10E1400010B5044600F03FF8204610BD08B540B1B8
:10E150008388B3F58C7F06D3006800F08AFD002029
:10E1600008BD0720FCE70120FAE713B5044668461E
:10E1700000F038F87CB1A388B3F58C7F0DD3BDF8DF
:10E18000042000992068D200F8F706F8003818BF7C
:10E19000012002B010BD0720FBE70120F9E708B518
:10E1A000134660B18288B2F58C7F0AD30A460068B4
:10E1B000012100F069FD003818BF012008BD0720CB
:10E1C000FCE70120FAE708B540B18388B3F58C7FFE
:10E1D00006D3006800F052FD002008BD0720FCE7D0
:10E1E0000120FAE70A6802608A8882807047036823
:10E1F00010B55A1E114603628B4211D841620221AA
:10E20000017700210163A1F58031C0E90A33C0E93B
:10E210000D13934207D8C0E90F23C0E9113310BD95
:10E2200004892144E8E701890A44F2E70160028198
:10E230001144002208B5C0E90322C0E9052241606B
:10E24000FFF7D5FF08BDC0E903127047C0E905120A
:10E25000704710B50446084613B1012B07D010BD16
:10E26000636810449842FAD32289801AFAE7236837
:10E27000881A8342F3D922891044FAE723B1012B8B
:10E280000CD0002188B270478A4237BF4368511AC8
:10E290005B1A01683CBF521AD118F3E78A4289BF62
:10E2A0004368891A9B1A026884BF891AC918E9E76A
:10E2B00010B51446120A0A700122FFF7CAFF047053
:10E2C00010BD134610B50122FFF7C3FF0C78037889
:10E2D0002402E01880B210BD2DE9F041876A90F861
:10E2E0001C800E4643463946C26A0446FFF7C6FF05
:10E2F0000128054613D9424639462046FFF7E1FF7B
:10E30000023DC5F30D052E4340EA06024346204672
:10E3100092B2FFF7CDFFE36AA362BDE8F081E76246
:10E32000FBE72DE9F04790F81CA00446BAF1020F74
:10E330000E4617461D4625D0836AD1F804909945AC
:10E3400022D153464946C26AFFF798FF3668804695
:10E350005346324649462046FFF790FF2844404541
:10E3600012DC3D44AF4202D10020BDE8F08717F82F
:10E37000013B3146337001222046237FFFF769FFBE
:10E380000646EFE70D20F0E70720EEE72DE9F0471E
:10E39000057F0446022D0E461DD0836AD1F8048005
:10E3A000984518D1D0F82C902B464A464146FFF7A5
:10E3B00065FF366807462B46324641462046FFF742
:10E3C0005DFF874207D92B464A4631462046BDE8C5
:10E3D000F047FFF753BF0020BDE8F0872DE9F0417B
:10E3E00090F81C800446B8F1020F0D4616D0836ADF
:10E3F0004F689F4214D143463946C26AFFF73EFF39
:10E400002D68064643462A4639462046FFF736FF22
:10E41000864205D90020E562BDE8F0810D20FBE7CA
:10E420000720F9E738B5037F0446022B12D00021FC
:10E43000FFF752FF227FA06A04EB8203196A21636F
:10E440001862E56815B123462069A8470223002019
:10E45000237738BD0D20FCE7006B7047C26B436A21
:10E460009A4205D1836B006A1B1A58425841704783
:10E470000020704790F8353033B9C36B426A9B1A5D
:10E4800018BF012380F8343070472DE9F04104466D
:10E4900090F8345000EB8506376A616CB94221640C
:10E4A0001FD02A462046FFF70CFF030402D5B36BAA
:10E4B000994216D1C0F30D00821C2B462046FFF76F
:10E4C000C8FE2B468046606402222046FFF7C1FE4C
:10E4D0008045A064E1D00123002084F83530BDE8F8
:10E4E000F08103231720F8E708B50146FFF7B6FFD0
:10E4F00068B90846FFF7BEFF91F834300E3351F883
:10E500002330C1E91033BDE80840FFF7BEBF172034
:10E5100008BD90F8350003281ABFB0FA80F0400912
:10E520000120704738B590F835200446012A0ED1F5
:10E53000816C90F83430FFF78CFE636C0D78984254
:10E54000A06402D12046FFF7A0FF284638BD002571
:10E55000FBE7416AD0E90E2399420CD1017F0129E2
:10E5600009D0531E0268934202D34362C3637047CB
:10E5700001890B44F7E7016A914207D1027F2AB172
:10E5800042680133934202D2036283637047018978
:10E590005B1AF7E7037F022B06D0083350F82330CD
:10E5A000C0E90A3302230377FFF7D3BF70B5047FB6
:10E5B0000E4623460122C16A0546FFF74AFEB4FA19
:10E5C00084F35B09083355F82330834203D00E707F
:10E5D000E862002070BD2846FFF7DCFF0320F9E762
:10E5E00070B5D0E90A239A4205461AD1037F00216B
:10E5F000083350F82360B31A5E425E41FFF7D6FF3E
:10E60000F603044658B901462846FFF7CFFF0446F3
:10E6100028B9324628462B7FA96AFFF749FE2046D3
:10E6200070BD0024FBE738B5037F0446022B0D467E
:10E6300007D0FFF7D5FF18B9E36A2B60A36A6B60B8
:10E6400038BD0D20FCE738B5037F0446022B0D468C
:10E6500008D0FFF7C5FF30B929462046BDE838404D
:10E66000FFF7A4BF0D2038BDF8B5037F0746022B86
:10E670000D46164611D0FFF7B3FF044610B92E44DD
:10E68000B54201D12046F8BD384615F8011BFFF709
:10E690008DFF0028F4D00446F4E70D24F2E738B5E6
:10E6A0000D460446FFF776FF0DB1012D00D1257709
:10E6B000237F083354F82330C4E90A3338BD2DE9E9
:10E6C000F0410446FFF7CAFE90BB2046FFF7D2FE9A
:10E6D00094F8345004EB8507BE6BD7F820803146A0
:10E6E000884507D02A462046FFF7EBFD030410D5E6
:10E6F000B1420ED0B9632046FFF72BFF002384F808
:10E7000035304FF6FF736769E3865FB90020BDE8D7
:10E71000F081C0F30D00821C2B462046FFF799FDC7
:10E720000146DDE723462A463146A069B847EDE7B2
:10E730001720ECE70022C0E90022C0E9022270475E
:10E7400000228388C28003818272838170470029FE
:10E75000016014BF1146002110B58180FFF7F0FF62
:10E76000818110BD10B5C38802895C1C944297BF9B
:10E7700002680620D35C0B709FBFC3880133C3803F
:10E78000002010BD13B50C460DF10701FFF7EAFF9D
:10E7900028B99DF8073023B1012B04D1237002B0B2
:10E7A00010BD0346FAE70620F9E713B50C460DF154
:10E7B0000701FFF7D7FF10B99DF80730237002B0AB
:10E7C00010BD10B5C38802899C1C94420BD8026806
:10E7D000D4186478D35C43EA04230B80C3880233E3
:10E7E000C380002010BD0620FCE770B5C4880389F3
:10E7F000221D9A4211D805682A19937856782C5D03
:10E800001B04D27843EA0623234343EA02630B60E6
:10E81000C3880433C380002070BD0620FCE770B5B8
:10E82000C288038902F108049C421CD80568AC1810
:10E83000A3786678AA5C1B0443EA06231343E278B4
:10E84000657943EA0263227942EA0522A579E479EF
:10E8500042EA054242EA0462C1E90032C388083351
:10E86000C380002070BD0620FCE737B50446C3888E
:10E870000D4601890068C91A184401AAFAF76FFF0A
:10E880000028C9BFE3880620C018E080C2BF00206E
:10E89000019B2B6003B030BD30B5C4880389A51837
:10E8A0009D42D7BF036806201B190B60DFBFC388DA
:10E8B000D218C280002030BD38B5C28803890D4609
:10E8C000511C9942044601D9062038BD00689B1AA4
:10E8D00099B21044FEF756FBE28823899B1A9BB23B
:10E8E0009842F1D2236813442B60E3880133184423
:10E8F000E0800020E9E710B4C48803891B1B9BB2A9
:10E9000013805DF8044B1A46FFF7C6BFF7B50E46F5
:10E910000DF1060105461446FFF753FF40B9BDF857
:10E92000067031463A462846FFF7B6FF00B9278001
:10E9300003B0F0BDC38883810389C381837AC37226
:10E940007047838982889A4281BFC380C3890381CB
:10E95000C37A86BF837200200D20704738B5044605
:10E960000D460068C9B2FFF76EFE28B92068290A73
:10E97000BDE83840FFF767BE38BD38B504460D46E0
:10E980000068C9B2FFF75FFE88B92068C5F30721A8
:10E99000FFF759FE58B92068C5F30741FFF753FE4A
:10E9A00028B92068290EBDE83840FFF74CBE38BDB5
:10E9B00070B5D1B20446006816461D46FFF743FE07
:10E9C00038BB2068C6F30721FFF73DFE08BB20686F
:10E9D000C6F30741FFF737FED8B92068310EFFF7BD
:10E9E00032FEB0B92068E9B2FFF72DFE88B9206881
:10E9F000C5F30721FFF727FE58B92068C5F3074183
:10EA0000FFF721FE28B92068290EBDE87040FFF706
:10EA10001ABE70BD13B50A46044606216846FAF7C9
:10EA2000CAFE694682B22068FFF71EFE02B010BD22
:10EA300070B50D4611F00F0118BF002304460EBF3C
:10EA400080F82410012180F8243000681646FFF772
:10EA500026FE29462068FFF7F6FD28B931462046F4
:10EA6000BDE87040FFF7D6BF70BD70B50E461146C9
:10EA700005461446FFF772FF30B922463146286832
:10EA8000BDE87040FFF7F0BD70BD38B504460846DC
:10EA90000D46E2F769F84FF6FF73984228BF184613
:10EAA000294682B22068FFF7DFFD014620B92068C1
:10EAB000BDE83840FFF7C7BD38BD10B590F8241049
:10EAC0000446032916D800EBC10104310068FFF7A2
:10EAD000AAFD70B901462068FFF7B5FD48B90146A7
:10EAE0002068FFF7B0FD20B994F82430013384F892
:10EAF000243010BD0D20FCE773B590F824100446B7
:10EB000011B90D2002B070BD082504260139C9B223
:10EB100080F8241015FB016101440068FFF736FC02
:10EB20000128EED994F82430023815FB0361ADF8C2
:10EB30000400022320680DEB06022144FFF7F1FBDD
:10EB4000E0E710B5044694F8243023B92068BDE806
:10EB50001040FFF767BC2046FFF7CEFF0028F2D039
:10EB600010BD10B500F1280104460068FFF75BFDF9
:10EB700018B994F8243084F8253010BD38B504460F
:10EB80001D46FFF755FF48B92046FFF7EAFF28B9B1
:10EB900029462046BDE83840FFF73CBF38BD10B5D8
:10EBA00000F1280104460068FFF718FC18B994F832
:10EBB000253084F8243010BD38B504460D46FFF7E3
:10EBC000EEFF50B901462046FFF724FF28B9294639
:10EBD0002046BDE83840FFF71DBF38BD838843B1EC
:10EBE00003685A1C026019708388013B83800020EF
:10EBF000704703207047002201608280704708B58B
:10EC00004FF6FF737E2183800068FFF7E7FF08BDA2
:10EC1000F7B504466D460368A68893E8030085E8C7
:10EC20000300F14320468FB2C9B2F4F7DDFB03467F
:10EC300058B92046390AF4F7D7FB034628B97E2194
:10EC40002068FFF7CBFF034628B122680098A98807
:10EC500010609180A680184603B0F0BD30B5002545
:10EC6000C0E90112C0E90335057030BD00207047CE
:10EC700070474FF48C720021FCF747BC18B14FF479
:10EC80008C71F4F7B1BD704710B40C46012C1146DD
:10EC90001A4603D15DF8044BF7F79EBA5DF8044BB2
:10ECA000F7F7AABA034611F8012B03F8012B002A43
:10ECB000F9D1704730B514469BB005461A46002C72
:10ECC00005DA8B2303604FF0FF301BB030BD4FF4EB
:10ECD0000273009104916946ADF80C3014BF04F141
:10ECE000FF332346029305934FF6FF73ADF80E30C2
:10ECF0001E9BF7F7D3FA431CBCBF8B232B60002C61
:10ED0000E3D0009B00221A70DFE72DE9F0471F4691
:10ED10008E6882460C46BE4290460B682DD8B1F9EB
:10ED20000C2012F4906F26D06569096905EB450542
:10ED3000A3EB01097B1C05EBD5754B446D109D427F
:10ED400038BF1D46530527D52946F1F767FE06460D
:10ED500060B34A462169FCF79EFBA38923F49063C4
:10ED600043F08003A38126614E446561A5EB09054C
:10ED700026603E46A560BE4200D93E463246414628
:10ED80002068FCF7A8FBA36800209B1BA3602368F6
:10ED900033442360BDE8F0872A46FCF76EFD064643
:10EDA0000028E0D121695046F1F7EEFD0C234FF029
:10EDB000FF30CAF80030A38943F04003A381E9E79C
:10EDC000F81AFE7F01000000B524000000000000DA
:10EDD000A52800000000000095800000A8EE0100BA
:10EDE0002DAB01000000000089F5000000000000CC
:10EDF000ADF50000000000004183000000000000AD
:10EE000083960100000000007B900100C0EE01002D
:10EE1000E94C0000D8EE010071990000F0EE01000D
:10EE20005D9D00000000000069730100000000000B
:10EE3000754D00000000000029780100000000006E
:10EE40008796010000000000BD08010000000000DE
:10EE5000C770010008EF0100ED5E00000000000037
:10EE6000C574000000000000658B000020EF010069
:10EE70003994000038EF010037AB010000000000BA
:10EE80008D86000050EF0100A991000068EF01009D
:10EE9000E9250000000000002540000000000000FF
:10EEA000997A010000000000F4110200C0F5010091
:10EEB000F0F50100C80300204043002008F20100E3
:10EEC0002E120200000000000CF60100CA03002010
:10EED0000000000002F2010076090200B8070020DD
:10EEE000ACF40100C603002000000020FCF101008A
:10EEF000AA160200BCF60100F0F60100D4030020BF
:10EF00001C020020F6F1010024040200B4000020DD
:10EF1000F8F30100C4030020E0070020EEF1010037
:10EF2000471402000000000088F60100CE03002014
:10EF300000000000E8F10100721602001402002037
:10EF4000A8F60100D20300202C440020E0F10100CB
:10EF5000D71302001CF601006CF60100CC03002060
:10EF600074010020DAF101007B150200A4F6010013
:10EF7000D8010020D003002038100020D4F1010077
:10EF80000000000087770100000000008777010083
:10EF90000000000087770100000000008777010073
:10EFA0000000000087770100499E0100E99B0100F5
:10EFB0000000000087770100000000008777010053
:10EFC000F0EE010087950100000000008777010046
:10EFD0000000000087770100000000008777010033
:10EFE0000000000087770100000000008777010023
:10EFF0000000000087770100000000008777010013
:10F000000000000087770100000000008777010002
:10F0100000000000877701000000000087770100F2
:10F02000000000008777010000000000C91A0000FE
:10F0300000000000877701000000000087770100D2
:10F0400000000000877701000000000087770100C2
:10F0500000000000877701000000000087770100B2
:10F0600000000000877701000000000087770100A2
:10F070000000000087770100000000008777010092
:10F080000000000087770100000000008777010082
:10F090000000000087770100000000008777010072
:10F0A0000000000087770100000000008777010062
:10F0B0000000000087770100000000008777010052
:10F0C0000000000087770100000000008777010042
:10F0D000B1D00000E99B010035D80000E99B010098
:10F0E0000000000087770100000000008777010022
:10F0F0000000000087770100000000008777010012
:10F100000000000087770100000000008777010001
:10F1100000000000877701000000000087770100F1
:10F1200000000000877701000000000087770100E1
:10F13000A5E30000E99B01005DE60000E99B0100FA
:10F1400000000000877701000000000087770100C1
:10F1500000000000877701000000000087770100B1
:10F1600000000000877701000000000087770100A1
:10F170000000000087770100000000008777010091
:10F180000000000087770100000000008777010081
:10F190000000000087770100000000008777010071
:10F1A000000000008777010010180020C0CF002069
:10F1B0000004000005B20000000000000000000094
:10F1C00000000000F0FFFFFF000000000000000052
:10F1D000B418020000800080FF7F00800080FF7F65
:10F1E000008000800500FF7F00800080FF7F070017
:10F1F00000800080FF7F00800080FF7F0080008013
:10F20000FF7F00800080FF7F00800080FF7F000084
:10F21000000000000000000000000000FD1C0200D3
:10F2200000000000081D020000000000281D020070
:10F23000000000001703020003000000201202007B
:10F24000030000000403020003000000D5160200C2
:10F25000030000005E140200030000008C030200A3
:10F2600003000000861502000300000018040200DD
:10F27000030000003B040200030000003F04020002
:10F28000030000007D16020003000000400E020093
:10F2900003000000FC0E020003000000040F020047
:10F2A00003000000A90F020000000000250F02006B
:10F2B000000000008A0F020000000000B20F0200F0
:10F2C000000000002E0F020000000000C50F020029
:10F2D00000000000130F020000000000BD0F02003C
:10F2E000000000001518020004000000E1160200F2
:10F2F00003000000F61602000000000018170200CC
:10F3000000000000FB17020000000000EB170200E5
:10F3100003000000920F020000000000A20F020094
:10F3200000000000CE0F020000000000610F02008C
:10F3300000000000E30E020003000000EA1E0200CD
:10F3400003000000BB04020003000000E4130200FD
:10F35000030000000618020003000000570302002B
:10F3600003000000E018020003000000DF1A0200A2
:10F37000030000008303020003000000B416020033
:10F38000030000008309020003000000750702006B
:10F39000030000005406020003000000EB1102000D
:10F3A00003000000FF0702000300000080F40100DA
:10F3B000C02F0020AB04020001000000FFFFFFFF90
:10F3C00071E80000060000001A0F020001000000B2
:10F3D00000020000000200000000000000C2010066
:10F3E0000000080000000000000000000000000015
:10F3F0000338FDD8704700001D2900005971010035
:10F40000052B0000512B00003D7201005B6F0100D5
:10F41000CF6F0100636F0100956F01007F6F0100E6
:10F42000696F0100BF720100AF720100BB72010081
:10F43000AD720100000000000000000000000000AC
:10F44000000000009D720100C533000000000000B4
:10F450000000000000000000000000008B0402001B
:10F460009304020000000000000000000000000003
:10F470009B0402009F040200A3040200A7040200F0
:10F480008934000000000000753400005D34000085
:10F49000000000006934000000000000AD340000EE
:10F4A000C82F00204B7400200100000045770100A8
:10F4B0002949000000000000B9750100BD75010078
:10F4C000D1490000F17601002D480000337501009C
:10F4D0003D7501000D4800004B7501000000000063
:10F4E0005575010000000000000000005D7501007E
:10F4F0007B7501007F75010033760100877501007F
:10F500000000000057770100580100205001002042
:10F51000480100200000000040010020E54E0000EE
:10F52000B54D0000094E00007D4E00000000002097
:10F5300000000000060001000200000040F501008C
:10F5400000000000D40E020002000000E0FF0F00E7
:10F5500000000020DC0E020021000000E0FF062079
:10F56000515F0000000000009578010000000000DD
:10F5700000000000000000000000000060F5010035
:10F5800084F501008000000060FB002060F50100B0
:10F5900094F501008000000020050120000000001B
:10F5A000000000000000000000000001997300004E
:10F5B00000000000598000003180000000000000C1
:10F5C0006181000001820000FF110200199001001A
:10F5D0002B900100051202001390010025900100FC
:10F5E0000B1202000D9001001F9001001512020085
:10F5F000C58100008D8F0100F38F01000000000025
:10F60000FD8E0100000000000000000037900100A6
:10F610000000000004000000FF00000000000000E7
:10F6200000000000000004030000000000050001CD
:10F630000100000000008000C228170040F6010011
:10F6400000B002504CF601000100000054F6010029
:10F650000600000011061D000D061F000E0620000A
:10F660000F0621001006220012061E009D890000D0
:10F67000658800003D850000D9830000C983000033
:10F680000008000000100000198B0000318C000001
:10F690008D8B0000118B0000018B00000400000026
:10F6A000FF000000BF920100E9940000EF9201000A
:10F6B0000B9301000F930100B195000000800050F2
:10F6C0000200000000000000CCF6010000800050A5
:10F6D000D8F6010001000000E0F60100040000007F
:10F6E00014000000130002009601010095010300C0
:10F6F000B5930100799A000069930100F597000025
:10F700005993010017950100DD9301000B9401004E
:10F7100039940100439401007D9401008994010013
:10F72000439401006D94010095940100A39401009D
:10F73000B1940100E7940100EB9401000000000087
:10F7400000000000B9D80000FF9E01002B9F0100BF
:10F75000259F01001F9F0100199F0100139F0100B9
:10F760000D9F0100079F0100019F01001DDB0000AC
:10F7700081DB000071E100008B9F0100859F01008B
:10F780007F9F0100799F0100739F01006D9F010021
:10F79000679F010039DB0000D1D90000E5D80000E7
:10F7A0003DE3000015E00000471D02005A1D020065
:10F7B0006D1D0200801D0200931D0200A61D0200A7
:10F7C000B91D0200CC1D0200F5FFFFFF9B1E0200C9
:10F7D000A91E0200BD1E0200CC1E0200D81E02009F
:10F7E000C8ED0100C8ED010020EE010028EE010087
:10F7F000A8EE0100A8EE0100EC02002000000000CD
:10F8000000000000000000000000000000000000F8
:10F8100000000000000000000000000000000000E8
:10F8200000000000000000000000000000000000D8
:10F8300000000000000000000000000000000000C8
:10F8400000000000000000000000000000000000B8
:10F850000000000000000000000000000810000090
:10F86000DFC1010000000000041300002FCB0100E5
:10F8700000000000051300004DCB01000000000057
:10F8800008100000C1C101000000000004130000C6
:10F8900069CB0100000000000513000087CB0100C8
:10F8A0000000000007000000B5C2010000000000D9
:10F8B00020000000F51B01000000000021000000F6
:10F8C0006FBF010000000000240000004BC50100D4
:10F8D00000000000250000009DC5010000000000A0
:10F8E0002A000000EFC50100000000002B0000000E
:10F8F00013C60100000000002C00000073C60100C8
:10F900000000000030000000FD19010000000000B0
:10F91000310000006FC10100000000003200000053
:10F9200093C1010000000000340000004BC0010042
:10F930000000000035000000A7CB0100000000001F
:10F940003600000015C00100000000003700000074
:10F9500089C001000000000038000000C7BF01009E
:10F960000000000000080000C3CC010000000000FF
:10F970000108000055CD0100000000000308000050
:10F98000A1CD0100000000000313000089CA01009E
:10F990000000000004130000A9CA010000000000DC
:10F9A00005130000EDCA0100000000000340000044
:10F9B000B3C601000000000000000000FDC101000E
:10F9C000000000000100000007C20100000000006C
:10F9D0000200000087C201000000000003000000D8
:10F9E00025C2010000000000040000002DC201003B
:10F9F000000000000500000035C20100000000000A
:10FA0000060000009DC20100000000000700000089
:10FA1000ADC201000000000008000000B9C20100F2
:10FA20000000000009000000D3C201000000000037
:10FA30000C000000DBC20100000000000D0000000F
:10FA4000A5C20100000000002000000043BF01002B
:10FA5000000000002100000059BF0100000000006C
:10FA60002200000001C70100000000002300000088
:10FA7000011B010000000000240000001DC5010062
:10FA800000000000250000006FC50100000000001C
:10FA900026000000F1C40100000000002700000063
:10FAA00007C50100000000002900000017C7010081
:10FAB000000000002A000000C1C501000000000095
:10FAC0002C00000045C601000000000030000000CE
:10FAD0009DC10100000000003100000067C101006D
:10FAE000000000003200000089C101000000000099
:10FAF0003400000033C001000000000035000000A9
:10FB000067C001000000000036000000FDBF0100DA
:10FB100000000000370000007FC00100000000006E
:10FB200038000000ADBF010000000000B000000080
:10FB3000C5C7010000000000B1000000CDC70100F2
:10FB400000000000020800006FCA01000000000071
:10FB500004080000CBC00100000000000508000000
:10FB6000E1C00100000000000B1200004DCA0100BE
:10FB7000000000000313000065CA0100000000003F
:10FB80000040000091C6010000000000014000009C
:10FB90009BC60100000000000240000099C6010061
:10FBA0000000000003400000F3C601000000000058
:10FBB000000000007700000000000000700000005E
:10FBC00000000000010000006000000000000000D4
:10FBD00001000000610000000000000001000000C2
:10FBE000630000000000000001000000430000006E
:10FBF00000000000010000004800000000000000BC
:10FC000001000000470000000000000001000000AB
:10FC10000D1500000000000001000000520000006F
:10FC200000000000010000005A0000000000000079
:10FC3000010000005B000000000000000100000067
:10FC40004200000000000000010000004900000028
:10FC50000000000001000000000000000B00000098
:10FC600001000000000000000E0000000100000084
:10FC70000112000000000000010000000000000070
:10FC800068000000000000003000000000000000DC
:10FC900000000000660000000000000001000000FD
:10FCA00021000000000000000100000036000000FC
:10FCB00000000000010000004400000000000000FF
:10FCC00001000000450000000000000001000000ED
:10FCD0004600000000000000010000004B00000092
:10FCE00000000000010000002200000000000000F1
:10FCF00001000000000000006A0000000000000099
:10FD0000000000006900000000000000000000008A
:10FD10006C00000000000000000000006D0000000A
:10FD2000000000000D1900000000000001000000AC
:10FD3000CE200200D120020095A0000035A00000D6
:10FD400041A00000D59F000029A00000B19F000045
:10FD50003A16020079D1010000000000AB22020037
:10FD60008D24010000000000AE2202009D20010051
:10FD700000000000B3220200852201000000000004
:10FD8000B8220200B3D1010000000000BE22020030
:10FD90006125010000000000CC220200D1230100F7
:10FDA00000000000AA2102003FD101000000000075
:10FDB000B02102004BD1010000000000DC22020053
:10FDC000E524010000000000CC240200D52402003C
:10FDD000DB240200E32402000D250200EF240200D0
:10FDE000FA2402000A250200162502003825020026
:10FDF0003B25020042250200472502004E25020055
:10FE0000562502005B250200612502006D250200D7
:10FE100076250200832502008D250200932502002D
:10FE2000A2250200AF250200B5250200CA25020066
:10FE3000D3250200DA250200EA250200FA25020095
:10FE40001A2602000F2602002A260200332602008C
:10FE50003B2602004B2602006626020071260200A5
:10FE6000812602008C2602009E260200A5260200A2
:10FE7000B8260200C8260200D6260200E5260200A7
:10FE8000ED26020000000000FF8FFFFFFF8FFFFF45
:10FE9000FE8FFFFFFE8FFFFFFD8FFFFFFC8FFFFF39
:10FEA000FC8FFFFFFB8FFFFF6D757465785F6672D7
:10FEB00065652063616C6C65642077697468204EA9
:10FEC000554C4C20706172616D6574657200000064
:10FED00043616E277420696E697469616C697A6523
:10FEE000206D757465782C20776173204E554C4CCD
:10FEF0000D0A00004661696C20746F2061637175A2
:10FF0000697265206D757465780A00004661696CD8
:10FF100020746F20696E63726561736520504D2097
:10FF2000636F756E7465720A000000004661696C4B
:10FF300020746F20646563726561736520504D2085
:10FF4000636F756E7465720A000000004661696C2B
:10FF500020746F2072656C65617365206D757465C2
:10FF6000780A0000436F756C64206E6F74206C6FAC
:10FF7000636B20706F7765722073617665206D7595
:10FF8000746578004661696C20746F20756E6C6FC3
:10FF9000636B206D757465780A00000063747820C7
:10FFA00063616E6E6F74206265204E554C4C00008C
:10FFB0000A637478206973204E554C4C0A00000087
:10FFC00067E6096A85AE67BB72F36E3C3AF54FA5EA
:10FFD0007F520E518C68059BABD9831F19CDE05B16
:10FFE000D89E05C107D57C3617DD703039590EF71C
:10FFF000310BC0FF11155868A78FF964A44FFABEE2
:020000040002F8
:100000000123456789ABCDEFFEDCBA9876543210F8
:10001000F0E1D2C30000F0FFF0FFF0FFEAFF74FF51
:10002000F0FFF0FFF0FFF0FFEAFF3001340138018C
:100030003C014001440148014C01500108010C0100
:100040001001140118011C01200124012C010000E1
:10005000891112239B322446AD573665BF74488CF4
:10006000C19D5AAFD3BE6CCAE5DB7EE9F7F88110BB
:10007000080193331A22A5562C47B7753E64C99CD4
:10008000408DDBBF52AEEDDA64CBFFF976E802219A
:100090008B30100299132667AF763444BD554AADB4
:1000A000C3BC588ED19F6EEBE7FA7CC8F5D983317B
:1000B0000A2091121803A7772E66B5543C45CBBD94
:1000C00042ACD99E508FEFFB66EAFDD874C904425A
:1000D0008D5316619F702004A9153227BB364CCE74
:1000E000C5DF5EEDD7FC6888E1997AABF3BA85523B
:1000F0000C4397711E60A1142805B3373A26CDDE54
:1001000044CFDFFD56ECE9986089FBBB72AA066319
:100110008F7214409D512225AB343006B9174EEF33
:10012000C7FE5CCCD5DD6AA9E3B8788AF19B8773FA
:100130000E6295501C41A3352A24B1163807CFFF13
:1001400046EEDDDC54CDEBB962A8F99A708B0884D9
:1001500081951AA793B62CC2A5D33EE1B7F040080B
:10016000C919522BDB3A644EED5F766DFF7C8994A2
:1001700000859BB712A6ADD224C3BFF136E0C118EB
:100180004809D33B5A2AE55E6C4FF77D7E6C0AA581
:1001900083B4188691972EE3A7F23CC0B5D14229CB
:1001A000CB38500AD91B666FEF7E744CFD5D8BB562
:1001B00002A499961087AFF326E2BDD034C1C339AB
:1001C0004A28D11A580BE77F6E6EF55C7C4D0CC641
:1001D00085D71EE597F42880A1913AA3B3B2444A8B
:1001E000CD5B5669DF78600CE91D722FFB3E8DD622
:1001F00004C79FF516E4A9902081BBB332A2C55A6B
:100200004C4BD7795E68E11C680DF33F7A2E0EE700
:1002100087F61CC495D52AA1A3B03882B193466B4A
:10022000CF7A5448DD59622DEB3C700EF91F8FF7E1
:1002300006E69DD414C5ABB122A0B9923083C77B2A
:100240004E6AD5585C49E33D6A2CF11E780F0A0DC1
:100250000A0D3D3D3D3D3D3D3D3D3D3D3D3D3D3D31
:100260003D3D3D3D3D3D3D3D3D3D3D3D3D3D3D3DBE
:100270003D3D3D3D3D3D3D3D3D3D3D3D3D3D3D3DAE
:100280003D3D3D3D3D3D3D3D3D3D3D0A0D4F706594
:100290006E54687265616420436F70726F6365733A
:1002A000736F72206170706C69636174696F6E2026
:1002B0006973206E6F772072756E6E696E67206F3E
:1002C0006E204E43532E0A0D3D3D3D3D3D3D3D3D8F
:1002D0003D3D3D3D3D3D3D3D3D3D3D3D3D3D3D3D4E
:1002E0003D3D3D3D3D3D3D3D3D3D3D3D3D3D3D3D3E
:1002F0003D3D3D3D3D3D3D3D3D3D3D3D3D3D3D3D2E
:100300003D0A0D00636F70726F636573736F725F88
:1003100073616D706C650063627072696E74665FA4
:100320007061636B61676500286E696C29004661C6
:10033000696C656420746F207265626F6F743A2017
:100340007370696E6E696E6720656E646C65737339
:100350006C792E2E2E0A00736F63004661696C65FE
:10036000642073796E6368726F6E697A6564205277
:10037000544320736574757020286572723A202585
:1003800064290073796E635F7274630066735F6ED5
:10039000767300496E76616C696420696E7374616E
:1003A0006E636500496E76616C6964206261636B9F
:1003B000656E6420636F6E66696775726174696FDC
:1003C0006E00496E76616C696420696E7374616E4B
:1003D00063652C20656E64706F696E74206F722087
:1003E000636F6E66696775726174696F6E00496EDE
:1003F00076616C696420656E64706F696E74004527
:100400006E64706F696E74206E6F742072656769B8
:100410007374657265640A006970635F73657276F0
:100420006963650069706330007372616D302E73AB
:10043000686D0067656E65726963006C6F67006C5C
:100440006F675F6D676D74001B5B306D00257320F7
:10045000005B2530386C755D20005B253032753AC5
:10046000253032753A253032752E253033752C25DE
:100470003033755D20003C25733E200025732F002E
:100480002530327820007C002563001B5B313B3334
:10049000316D001B5B313B33336D00657272007749
:1004A000726E00696E6600646267006C6F675F62FF
:1004B00061636B656E645F72747400706D00456E8D
:1004C00064706F696E7420307825303278206973DB
:1004D00020696E76616C696400456E64706F696E48
:1004E000742030782530327820616C7265616479CF
:1004F0002064697361626C6564004661696C65645F
:1005000020746F2064697361626C6520656E64702D
:100510006F696E742030782530327800536574200E
:1005200068616C7420657020307825303278004323
:100530006C6561722068616C74206570203078256C
:1005400030327800456E64706F696E7420307825A3
:1005500030327820616C726561647920636F6E66F9
:10056000696775726564004661696C656420746FC3
:1005700020636F6E66696775726520656E64706F63
:10058000696E742030782530327800456E64706F63
:10059000696E742030782530327820616C72656124
:1005A000647920656E61626C6564004661696C65A2
:1005B0006420746F20656E61626C6520656E647086
:1005C0006F696E7420307825303278004661696C2E
:1005D000656420746F20777269746520656E64703D
:1005E0006F696E742062756666657220307825309A
:1005F0003278005265717565737420627566666540
:100600007220746F6F20736D616C6C004661696C51
:10061000656420746F20636F6E666967757265200C
:100620005553422064657669636520737461636B1A
:100630000055534220646576696365207375707058
:100640006F727420616C726561647920656E61629D
:100650006C6564007573625F64657669636500301C
:100660003132333435363738394142434445460018
:100670005468657265206973206E6F207573625FC0
:100680006366675F6461746120666F722025700025
:10069000556E696E697469616C697A6564207573F9
:1006A000625F6366675F6461746120706F696E7416
:1006B00065722C20636F7272757074656420646556
:1006C000766963652064657363726970746F723FE5
:1006D000004661696C656420746F2076616C6964A2
:1006E00061746520656E64706F696E747300746800
:1006F00065206E657720534E206465736372697060
:10070000746F7220646F65736E27742068617665FC
:10071000207468652073616D65206C656E67746810
:1007200020617320434F4E4649475F5553425F4413
:1007300045564943455F534E00496E636F6D706C7B
:1007400065746520646576696365206465736372AA
:100750006970746F72004661696C656420746F2003
:1007600066697875702055534220646573637269B9
:1007700070746F72007573625F6465736372697021
:10078000746F72005472616E736665722065727266
:100790006F722025642C20657020307825303278E7
:1007A0000052582064617461206C6F73742C206E49
:1007B0006F207472616E73666572004E6F20747282
:1007C000616E7366657220736C6F74206176616907
:1007D0006C61626C650041207472616E7366657253
:1007E00020697320616C7265616479206F6E676F38
:1007F000696E672C2065702030782530327800755E
:1008000073625F7472616E73666572005553422045
:10081000646576696365206E6F74207265616479C2
:100820002C2064726F7020646174610052696E677D
:10083000206275666665722066756C6C2C20647229
:1008400061696E20627566666572004661696C65F5
:100850006420746F20647261696E206275666665DB
:100860007200446576696365206E6F7420636F6EF5
:1008700066696775726564206F7220737573706541
:100880006E6465642C2064726F7020256420627928
:100890007465730052696E672062756666657220C2
:1008A00066756C6C2C2064726F7020257A642062EF
:1008B0007974657300446576696365206461746169
:1008C000206E6F7420666F756E6420666F7220658F
:1008D0006E64706F696E7420257500446576696377
:1008E000652064617461206E6F7420666F756E643C
:1008F00020666F7220696E7465726661636520257B
:1009000075004465766963652064617461206E6F6B
:100910007420666F756E6420666F72206366672050
:1009200025700044657669636520636F6E6669674C
:1009300075726564004465766963652064697363F4
:100940006F6E6E65637465640044657669636520E7
:1009500073757370656E646564004465766963657C
:1009600020726573756D65640066726F6D207375B6
:100970007370656E64006364635F61636D5F75616E
:100980007274007573625F6364635F61636D0075A9
:100990007362776F726B71006D757465785F696EE5
:1009A00069742063616C6C65642077697468204E9B
:1009B000554C4C20706172616D6574657200436FB7
:1009C000756C64206E6F7420616C6C6F636174650C
:1009D000206D75746578206265666F726520696E3A
:1009E000697469616C697A696E670072302F613170
:1009F0003A2020307825303878202072312F61322B
:100A00003A2020307825303878202072322F613318
:100A10003A20203078253038780072332F61343A0C
:100A20002020307825303878207231322F69703AA2
:100A30002020307825303878207231342F6C723A8B
:100A400020203078253038780020787073723A2072
:100A50002030782530387800735B2532645D3A2089
:100A6000203078253038782020735B2532645D3A59
:100A700020203078253038782020735B2532645D63
:100A80003A20203078253038782020735B25326476
:100A90005D3A2020307825303878006670736372B4
:100AA0003A2020307825303878004661756C7469BA
:100AB0006E6720696E737472756374696F6E2061FE
:100AC00064647265737320287231352F7063293A1C
:100AD00020307825303878002A2A2A2A2A204D50BA
:100AE00055204641554C54202A2A2A2A2A002020E3
:100AF000537461636B696E67206572726F72202830
:100B0000636F6E746578742061726561206D6967CA
:100B10006874206265206E6F742076616C69642948
:100B2000002020556E737461636B696E6720657277
:100B3000726F7200202044617461204163636573A9
:100B4000732056696F6C6174696F6E0020204D4D83
:100B500046415220416464726573733A20307825AF
:100B600078002020496E737472756374696F6E200B
:100B70004163636573732056696F6C6174696F6E4E
:100B8000002020466C6F6174696E672D706F696E0E
:100B900074206C617A792073746174652070726559
:100BA000736572766174696F6E206572726F720020
:100BB0002A2A2A2A2A20425553204641554C54209D
:100BC0002A2A2A2A2A002020537461636B696E67DF
:100BD000206572726F7200202050726563697365C0
:100BE000206461746120627573206572726F720097
:100BF00020204246415220416464726573733A205A
:100C000030782578002020496D70726563697365BE
:100C1000206461746120627573206572726F720066
:100C20002020496E737472756374696F6E206275EB
:100C300073206572726F72002A2A2A2A2A2055535D
:100C4000414745204641554C54202A2A2A2A2A0049
:100C500020204469766973696F6E206279207A6515
:100C6000726F002020556E616C69676E6564206D3F
:100C7000656D6F7279206163636573730020205323
:100C80007461636B206F766572666C6F7720286382
:100C90006F6E746578742061726561206E6F742068
:100CA00076616C6964290020204E6F20636F70723A
:100CB0006F636573736F7220696E7374727563749A
:100CC000696F6E73002020496C6C6567616C206CE5
:100CD0006F6164206F66204558435F5245545552FA
:100CE0004E20696E746F205043002020496C6C6563
:100CF00067616C20757365206F6620746865204598
:100D0000505352002020417474656D707420746FCC
:100D1000206578656375746520756E646566696EB7
:100D2000656420696E737472756374696F6E0052C6
:100D30006573657276656420457863657074696F64
:100D40006E20280053707572696F757320696E7418
:100D500065727275707420284952512000535053A7
:100D6000454C20696E20746872656164206D6F6403
:100D70006520646F6573206E6F7420696E646963AB
:100D800061746520505350002A2A2A2A2A2048419B
:100D90005244204641554C54202A2A2A2A2A00200F
:100DA00020427573206661756C74206F6E207665C5
:100DB00063746F72207461626C6520726561640097
:100DC00020204465627567206576656E740020207A
:100DD0004661756C7420657363616C6174696F6ED4
:100DE00020287365652062656C6F77290041524346
:100DF000485F4558434550542077697468207265B0
:100E000061736F6E2025780A002A2A2A2A2A204434
:100E100065627567206D6F6E69746F7220657863A7
:100E2000657074696F6E202A2A2A2A2A002A2A2AC3
:100E30002A2A20257320256429202A2A2A2A2A00E2
:100E40006D7075004661696C656420746F20616C1B
:100E50006C6F63617465206E6577204D505520720C
:100E60006567696F6E2025750A0050617274697438
:100E7000696F6E2025753A2073616E6974792063FD
:100E80006865636B206661696C65642E00496E76E7
:100E9000616C696420756E6465726C79696E672037
:100EA000726567696F6E20696E64657820257500CC
:100EB000657869740A002A20627566666572206F1B
:100EC000766572666C6F77206465746563746564BB
:100ED000202A0A00464C4153485F30005352414D8E
:100EE0005F30006E726635333430646B5F6E7266ED
:100EF000353334305F637075617070006E65745F98
:100F0000627566006E65745F6275665F73696D70A9
:100F10006C65006E65745F6C325F6F70656E7468CF
:100F200072656164006E65745F636F7265006E6503
:100F3000745F69660041465F554E5350454300411A
:100F4000465F494E45540041465F494E4554360080
:100F500041465F5041434B45540041465F43414E3B
:100F6000006E65745F7574696C7300434F4E4E4537
:100F70004354494E4700434F4E4E45435445440069
:100F80004C495354454E494E47006E65745F637437
:100F900078006E65745F706B7400000000000000E4
:100FA00000006E65745F7463006E65745F636F6EDE
:100FB0006E006E65745F69636D707636006E657481
:100FC0005F6E6272006E65745F69707636006E6582
:100FD000745F7564700055534244206576656E7485
:100FE00020616C6C6F636174696F6E206661696CFF
:100FF0006564210055534244206576656E74206D0A
:10100000656D6F727920636F7272757074656400BC
:10101000556E6B6E6F776E2055534220706F7765FB
:1010200072206576656E7420256400556E65787053
:101030006563746564206576656E7420286E7266DB
:10104000785F75736264293A2025642C20657020CE
:1010500030782530327800757362645F776F726B19
:1010600071005F65705F7374617475735F67657439
:10107000206661696C65642120436F64653A2025B0
:1010800064006E6F742061747461636865642C2001
:10109000455020307825303278206576656E742092
:1010A00064726F70706564006E52462055534244FE
:1010B000207472616E73666572206572726F722041
:1010C000284F5554293A203078253032780046612F
:1010D000696C656420746F20616C6C6F6320657649
:1010E000740055534244206576656E7420717565B1
:1010F00075652066756C6C2100556E6B6E6F776E32
:101100002055534244206576656E743A2025686404
:1011100000696E76616C696420656E64706F696EDB
:101120007420636F6E66696775726174696F6E00B3
:10113000696E76616C696420656E64706F696E7447
:1011400020696E6465782F616464726573730069E9
:101150006E76616C696420656E64706F696E742070
:1011600074797065004550206D6178207061636B03
:1011700065742073697A65206D75737420626520CB
:101180006120706F776572206F6620320053544182
:101190004C4C20756E737570706F72746564206F3F
:1011A0006E2049534F20656E64706F696E74004500
:1011B0006E64706F696E74203078253032782069E3
:1011C00073206E6F7420656E61626C6564006E5290
:1011D00046205553424420777269746520657272C7
:1011E0006F723A20256400010002037573625F6E1E
:1011F00072667800636C6F636B4035303030006826
:1012000066636C6B006C66636C6B006866636C6B2A
:101210003139326D006866636C6B617564696F00AB
:10122000636C6F636B5F636F6E74726F6C0063727D
:101230007970746F40353038343430303000636941
:101240006E7374722025303278207472616E73660A
:10125000657220746F6F206C6F6E673A20257A7507
:10126000006572617365206572726F723A20616405
:101270006472657373206F722073697A6520657874
:101280006365656473206578706563746564207652
:10129000616C7565732E416464723A203078256CF8
:1012A000782073697A6520257A7500756E7375707C
:1012B000706F72746564206174203078256C7820BA
:1012C00073697A6520257A7500657261736520659A
:1012D00072726F72206174203078256C7820736987
:1012E0007A6520257A750073657400636C65617298
:1012F0000052445352206661696C65643A2025644B
:10130000005145202573206661696C65643A20258B
:1013100064004A45444543206964205B25303278A7
:10132000202530327820253032785D206578706550
:101330006374205B253032782025303278202530C8
:1013400032785D007772697465206572726F723AE7
:101350002061646472657373206F722073697A65AB
:10136000206578636565647320657870656374656E
:10137000642076616C7565732E416464723A203026
:1013800078256C782073697A6520257A75007265F6
:101390006164206572726F723A2061646472657371
:1013A00073206F722073697A652065786365656460
:1013B000732065787065637465642076616C75650B
:1013C000732E416464723A203078256C78207369FA
:1013D0007A6520257A75006D78323572363433356A
:1013E00066403000717370695F6E6F7200696E766F
:1013F000616C696420616464726573733A2030784B
:101400002530386C783A257A7500756E616C69679D
:101410006E656420616464726573733A2030782568
:1014200030386C783A257A75006E6F7420776F7259
:10143000642D616C69676E65643A203078253038B8
:101440006C783A257A7500666C6173682D636F6EEF
:1014500074726F6C6C657240333930303000666C7A
:101460006173685F6E7266005061636B65742064BF
:10147000726F70706564206279204E4554207374D9
:1014800061636B004661696C656420746F20656EF2
:101490007465722072656365697665207374617422
:1014A00065005472616E736974696F6E20746F2089
:1014B000726164696F20736C6565702063616E6E24
:1014C0006F742062652068616E646C65642E0054E0
:1014D00058206D6F6465202564206E6F74207375CD
:1014E00070706F727465640043616E6E6F74207308
:1014F000656E64206672616D65004E6F2066726570
:1015000065207061636B657420617661696C6162EE
:101510006C652E004661696C656420746F2077727B
:1015200069746520746F2061207061636B65742E2F
:101530000041434B207061636B6574206E6F7420B3
:1015400068616E646C6564202D2072656C656173E2
:10155000696E672E006E7266355F7278006E524655
:10156000352038303231353420726164696F20693A
:101570006E697469616C697A65640069656565386E
:101580003032313534006965656538303231353493
:101590005F6E7266350074785F6D61736B20746F77
:1015A0006F2062696720286F72204950435F434F64
:1015B0004E465F4E554D20746F6F20736D616C6C9D
:1015C000290072785F6D61736B20746F6F206269A0
:1015D0006720286F72204950435F434F4E465F4E4D
:1015E000554D20746F6F20736D616C6C29005365CD
:1015F0006E64696E672064617461206E6F7420731D
:101600007570706F72746564005258206576656EEF
:1016100074206F6E20696C6C6567616C2063686113
:101620006E6E656C005258206576656E74206F6E24
:101630002064697361626C6564206368616E6E65C5
:101640006C00456E61626C696E67206368616E6EE6
:10165000656C20776974686F7574206120726567A6
:10166000697374657265642063616C6C6261636B3D
:101670000A006D626F78403261303030006D626F09
:10168000785F6E7266785F697063004661696C6549
:101690006420746F20616C6C6F63617465205050BE
:1016A00049204368616E6E656C00756172744038E4
:1016B00030303000756172745F6E7266785F75618C
:1016C00072746500526573657474696E672073790E
:1016D0007374656D00666174616C5F6572726F72C0
:1016E000006E65745F6F70656E7468726561645FCB
:1016F000616C61726D006E65745F6F74506C6174C3
:101700005F656E74726F7079006F745F7261646987
:101710006F5F776F726B71006E65745F6F74506C82
:1017200061745F726164696F0064696167206665F6
:1017300061747572652027257327206973206E6F89
:101740007420737570706F727465640D0A0052585E
:101750002072696E67206275666665722066756CB8
:101760006C2E005541525420646576696365206E85
:101770006F74207265616479004661696C656420EC
:10178000746F20656E61626C65205553420057612D
:101790006974696E6720666F7220686F7374207455
:1017A0006F20626520726561647920746F20636FB9
:1017B0006D6D756E6963617465004661696C656421
:1017C00020746F20676574204461746120546572D1
:1017D0006D696E616C205265616479206C696E651B
:1017E0002073746174653A202564006E65745F6FC0
:1017F00074506C61745F75617274006E65745F6FB4
:1018000074506C61745F73657474696E6773000102
:1018100001020303046E65745F6F70656E74687215
:10182000656164004661696C656420746F206F7047
:10183000656E2049504320696E7374616E63653A2A
:10184000202564004661696C656420746F207265B0
:101850006769737465722049504320656E64706FC8
:10186000696E743A2025640049504320656E6470A7
:101870006F696E742062696E642074696D6564209E
:101880006F7574004E6F207370696E656C206275A1
:101890006666657220617661696C61626C65207450
:1018A0006F2073656E642061206E657720706163C0
:1018B0006B6574007370696E656C5F7061636B65F6
:1018C000745F73656E645F746872656164006E72E4
:1018D000665F3830323135345F7370696E656C0025
:1018E0007370696E656C5F6970635F6261636B657D
:1018F0006E64004E6F20726573706F6E7365207733
:10190000697468696E2074696D656F7574202575DA
:1019100000574553545F544F504449522F7A6570D5
:101920006879722F6D6F64756C65732F68616C5F79
:101930006E6F726469632F6E72665F383032313554
:10194000342F73657269616C697A6174696F6E2F87
:10195000706C6174666F726D2F6E72665F383032B4
:101960003135345F7370696E656C5F726573706F6B
:101970006E73655F6E6F7469666965722E63006170
:101980007761697465645F70726F706572747920D5
:101990003D3D20415741495445445F50524F5045C9
:1019A0005254595F4E4F4E4500756E6C6F636B5FBE
:1019B000726574203D3D203000705F6E6F74696603
:1019C000795F627566665F66726565203D3D2026BB
:1019D0006E6F746966795F62756666006E6F7469B2
:1019E00066795F627566662E66726565006461740D
:1019F000615F6C656E203C3D2073697A656F662877
:101A00006E6F746966795F627566662E627566666A
:101A10002E6461746129006E72665F383032313530
:101A2000345F7370696E656C5F726573706F6E732F
:101A3000655F6E6F7469666965725F70726F7065FD
:101A40007274795F6E6F74696679006E72665F3862
:101A500030323135345F7370696E656C5F726573F7
:101A6000706F6E73655F6E6F7469666965725F66CD
:101A7000726565006E72665F3830323135345F737F
:101A800070696E656C5F726573706F6E73655F6EA3
:101A90006F7469666965725F70726F706572747970
:101AA0005F6177616974006E72665F38303231351C
:101AB000345F7370696E656C5F726573706F6E739F
:101AC000655F6E6F7469666965725F6C6F636B5F8B
:101AD0006265666F72655F726571756573740073B8
:101AE00070696E656C5F6970635F6261636B656E80
:101AF000645F7273705F6E74660028636170616307
:101B0000697479203D3D20305529207C7C2028288F
:101B1000636170616369747920213D20305529200B
:101B200026262028705F6D656D6F727920213D201B
:101B30004E554C4C292900574553545F544F50443F
:101B400049522F6E7266786C69622F6E72665F38CA
:101B500030323135342F73657269616C697A617422
:101B6000696F6E2F7372632F6E72665F3830323119
:101B700035345F6275666665725F616C6C6F636158
:101B8000746F722E6300696478203C20627566660B
:101B900065725F706F6F6C5F6C656E006275666614
:101BA00065725F66726565006E72665F38303231ED
:101BB00035345F6275666665725F616C6C6F636118
:101BC000746F725F696E697400726573756C74000E
:101BD000574553545F544F504449522F6E726678A4
:101BE0006C69622F6E72665F3830323135342F7314
:101BF000657269616C697A6174696F6E2F73726363
:101C00002F6E72665F3830323135345F62756666CA
:101C100065725F6D67725F6473742E63006E7266C7
:101C20005F3830323135345F6275666665725F6D7C
:101C300067725F6473745F61646400436944004366
:101C4000696900436969584C434C004369694C0019
:101C50004369694400436969620043696943004319
:101C60006969646443004369696443004369696264
:101C700062626374284C442900436969626262624B
:101C80006374284C44290043696962626243626359
:101C90005874284C44290043696963004369697496
:101CA00028442974284344294C4C620043696974D0
:101CB0002843442900436969530043696958000077
:101CC0000001000000000001000000000000742876
:101CD0004C44296343580074284C4429626243638E
:101CE000435874284C44290074284C4429436262A8
:101CF000000000000101010000010000004E5246FA
:101D0000585F434C4F434B004E5246585F4450502F
:101D10004900010000000C0D0E0F101112131402E7
:101D2000030405060708090B4E5246585F555342F7
:101D30004400756E72656769737465726564202509
:101D400073206275730A006D6574616C3A20656D6D
:101D5000657267656E63793A20006D6574616C3AEF
:101D600020616C6572743A2020202020006D65741B
:101D7000616C3A20637269746963616C3A20200077
:101D80006D6574616C3A206572726F723A20202022
:101D90002020006D6574616C3A207761726E696E07
:101DA000673A202020006D6574616C3A206E6F7474
:101DB0006963653A20202020006D6574616C3A20CB
:101DC000696E666F3A202020202020006D657461C6
:101DD0006C3A2064656275673A2020202020002537
:101DE000733A2066726565696E67206E6F6E2D6549
:101DF0006D707479207669727471756575650D0AF8
:101E00000072785F76710074785F7671004E5300CF
:101E10005465726D696E616C0052545400534547AD
:101E200047455200556E6B6E6F776E206572726F0C
:101E30007200756E6B6E6F776E003E3E3E205A45A7
:101E40005048595220464154414C204552524F521D
:101E50002025643A202573206F6E2043505520259D
:101E600064004661756C7420647572696E672069E0
:101E70006E746572727570742068616E646C696EE0
:101E8000670A0043757272656E74207468726561CA
:101E9000643A202570202825732900435055206579
:101EA0007863657074696F6E00556E68616E646CFE
:101EB000656420696E746572727570740053746124
:101EC000636B206F766572666C6F77004B65726E20
:101ED000656C206F6F7073004B65726E656C20705F
:101EE000616E6963006D61696E006F730073797371
:101EF000776F726B71002C2066756E6374696F6EFC
:101F00003A2000617373657274696F6E20222573C5
:101F100022206661696C65643A2066696C652022DE
:101F20002573222C206C696E65202564257325732A
:101F30000A000020202020202020202028282828D7
:101F40002820202020202020202020202020202089
:101F500020202088101010101010101010101010D9
:101F600010101004040404040404040404101010E9
:101F70001010101041414141414101010101010195
:101F80000101010101010101010101010101101023
:101F90001010101042424242424202020202020269
:101FA00002020202020202020202020202021010F5
:101FB00010102000000000000000000000000000E1
:101FC0000000000000000000000000000000000011
:101FD0000000000000000000000000000000000001
:101FE00000000000000000000000000000000000F1
:101FF00000000000000000000000000000000000E1
:1020000000000000000000000000000000000000D0
:1020100000000000000000000000000000000000C0
:1020200000000000000000000000000000000000B0
:10203000000000232D302B2000686C4C0065666783
:1020400045464700303132333435363738396162EE
:1020500063646566004672616D696E6720657272C1
:102060006F722025643A205B002025303258005DD5
:102070000A0002040506074F50454E544852454198
:10208000442F6439616265333037313B205A6570C3
:102090006879723B20417567202038203230323613
:1020A0002030353A30353A3230005B25635D200010
:1020B000252E2A7325733A20002D43574E49442D6F
:1020C0002D2D2D2D2D2D2D2D2D2D2D2D2D006E6FEA
:1020D00000796573006661696C65640D0A737461EB
:1020E000747573202523780D0A002D6E00726370BD
:1020F00000646961676E6F7374696373206D6F64E8
:10210000652069732025730D0A006661696C65643A
:102110003A20636F6D6D616E6420737472696E67CF
:1021200020746F6F206C6F6E670D0A006661696CBA
:1021300065643A20636F6D6D616E642073747269BB
:102140006E6720636F6E7461696E7320746F6F20A9
:102150006D616E7920617267756D656E74730D0ABD
:10216000006661696C656420746F207061727365CC
:1021700020636F6D6D616E6420737472696E670D9C
:102180000A006765740025640D0A006D6F646500C0
:10219000696E0D0A006F75740D0A00656E61626CE0
:1021A000650064697361626C6500737461727400C8
:1021B00073746F70007C2053746172744368207C68
:1021C00020456E644368207C2054617267657450BA
:1021D0006F776572207C2041637475616C506F77F6
:1021E0006572207C20526177506F776572536574F9
:1021F00074696E67207C0D0A2B2D2D2D2D2D2D2D14
:102200002D2D2B2D2D2D2D2D2D2D2B2D2D2D2D2D02
:102210002D2D2D2D2D2D2D2D2B2D2D2D2D2D2D2DF0
:102220002D2D2D2D2D2D2B2D2D2D2D2D2D2D2D2DE0
:102230002D2D2D2D2D2D2D2D2B0D0A007C202537FC
:1022400075207C20253575207C2025313164207C4B
:102250002025313164207C2025313573207C0D0A06
:1022600000546172676574506F77657228302E3044
:102270003164426D293A2025640D0A416374756109
:102280006C506F77657228302E303164426D293A78
:102290002025640D0A526177506F7765725365741B
:1022A00074696E673A2025730D0A006377006563D1
:1022B000686F006770696F00706F77657200706F8C
:1022C00077657273657474696E6773007261777095
:1022D0006F77657273657474696E67007374726585
:1022E000616D007472756500456E61626C6564288D
:1022F0002573290066616C736500526563656976B4
:1023000065446F6E65282564206279746573292C95
:10231000206572726F723A2573005472616E736D2C
:102320006974446F6E652825642062797465732929
:102330002C206572726F723A2573004672616D656A
:10234000207478206661696C65642C206572726FF8
:10235000723A25732C20726574726965733A25642C
:102360002F25642C202573004C696E6B5261770019
:102370006C656E3A25642C207365716E756D3A2517
:10238000642C20747970653A00426561636F6E0059
:102390004461746100436D642844617461526571E5
:1023A0002900436D6428426561636F6E526571292F
:1023B00000436D6428256429002C207372633A253C
:1023C000732C206473743A25732C207365633A254B
:1023D000732C2061636B7265713A257300060505E5
:1023E00005050505050A050505050505050E4E6FDC
:1023F0006E6500526164696F50616E49643A2030C5
:10240000782530347800526164696F53686F727454
:10241000416464726573733A2030782530347800F3
:10242000526164696F457874416464726573733A8C
:102430002025730044656C6179696E67207265744C
:102440007820666F7220256C75207573656320286F
:1024500062653D25752900526164696F537461742A
:10246000653A202573202D3E202573005261646952
:102470006F526563656976652829206661696C65B8
:10248000642C206572726F723A2025730041636B71
:102490002074696D65722074696D6564206F757450
:1024A0000043534C20736C65657020256C750043A8
:1024B000534C2073616D706C6520256C752C206405
:1024C00075726174696F6E20256C75004469736163
:1024D000626C656400536C65657000526563656984
:1024E00076650043736D614261636B6F666600459C
:1024F0006E657267795363616E0044656C61794201
:1025000065666F7265526574780043736C547261CE
:102510006E736D69740043736C53616D706C65000C
:102520005375624D616300556E6B6E6F776E4572C9
:10253000726F7254797065004F4B004661696C652B
:10254000640044726F70004E6F42756673004E6F88
:10255000526F7574650042757379005061727365CE
:1025600000496E76616C69644172677300536563FC
:10257000757269747900416464726573735175652D
:102580007279004E6F416464726573730041626FCB
:102590007274004E6F74496D706C656D656E746514
:1025A0006400496E76616C69645374617465004EB1
:1025B0006F41636B004368616E6E656C4163636578
:1025C00073734661696C7572650044657461636814
:1025D000656400466373457272004E6F4672616DAA
:1025E00065526563656976656400556E6B6E6F77DD
:1025F0006E4E65696768626F7200496E76616C69DC
:1026000064536F75726365416464726573730044EB
:10261000657374696E6174696F6E41646472657329
:102620007346696C7465726564004E6F74466F75AD
:102630006E6400416C726561647900526573657205
:102640007665644572726F72323500497076364134
:102650006464726573734372656174696F6E466119
:10266000696C757265004E6F7443617061626C6570
:1026700000526573706F6E736554696D656F757424
:10268000004475706C6963617465640052656173C0
:1026900073656D626C7954696D656F7574004E6F0A
:1026A00074546D66004E6F6E4C6F7770616E44614E
:1026B00074614672616D650052657365727665641A
:1026C0004572726F723333004C696E6B4D61726785
:1026D000696E4C6F7700496E76616C6964436F6D0B
:1026E0006D616E640050656E64696E670052656A64
:1026F00065637465640000000000000000000000D5
:1027000000000000000000000000000000000000C9
:1027100000000000000000000000000000000000B9
:1027200000000000000000000000000000000000A9
:102730000000000000000000000000000000000099
:102740000000000000000000000000000000000089
:102750000000000000000000000000000000000079
:102760000000000000000000000000000000000069
:102770000000000000000000000000000000000059
:102780000000000008010020E800002000C2010055
:102790000000080000000000000000000000000031
:1027A00000000000000000000565010000000000BE
:1027B000000007200000010038EF010000000000C9
:1027C00038EF0100010000000200000000000000DE
:1027D00000000000000200004F730100FFFFFFFF38
:1027E000F01B0120000000000000000000000000BD
:1027F00000000000000000000000000000040000D5
:10280000F01F012000000000000000000000000098
:1028100000000000000000000000000000040000B4
:102820004D4A000080000000AD450000000000009F
:10283000AD450000800000002C0500203A0000009B
:10284000400500203A000000040500203A00000086
:10285000680500203A000000337801002D7801005F
:1028600000000000438B0100800000007401002084
:10287000740100200100000001000000840100201C
:10288000840100208C0100208C0100200100000048
:10289000010000009C0100209C010020A4010020F8
:1028A000A40100200000000001000000B40100208D
:1028B000B4010020BC010020BC0100200000000089
:1028C000FFFFFFFFCC010020CC0100200000000032
:1028D0003D920100D18C0000C192010005920100DF
:1028E00081920100F9910100198F0000A98E00006A
:1028F000D98E000000000000118D000000000000D3
:10290000DD8C0000D3910100CF910100FFFF00009A
:10291000FFFF00000000000000C2010000010300F2
:102920003C02002000000000657400206474002058
:10293000000000000000000000000000667400209D
:1029400020000000000000000000000029A200009C
:1029500000000000000000007002002000000000E5
:102960000000000000000000F02301200000000033
:102970000000000000000000000000000000000057
:102980000000000000100000CE180200000000004F
:1029900061B200003B970100000000000000000051
:1029A000FFFFFFFF0090D003FFFFFFFF3304020093
:1029B00000000000ADE60000000000000000000084
:1029C0000000000000000000000000000000000007
:1029D0000000000000000000E0020020E0020020F3
:1029E000EC020020000000003CF801001CF801008F
:1029F000FCF70100000000000000000000000000E3
:102A000000000000000000000000000000000000C6
:102A100000000000000000000000000000000000B6
:102A200000000000000000000000000000000000A6
:102A30000000000000000000000000000000000096
:102A40000000000071EC01006DEC010000000000CE
:102A500071350100980300209003002088030020B6
:102A60000000000080030020413701008D36010086
:102A7000C1360100093701003C6B00203A00003AE2
:102A8000406B00203A00003A446B00203A00003AC4
:102A9000486B00203A00003A90700020AC03002000
:102AA0006C03002064030020600300205C0300200E
:102AB000E1440100D5440100C944010000000000C8
:102AC0000000000000000000000000000000FFFF08
:102AD00000000000FFFFFFFF0000000000000000FA
:102AE000E1060100000000000000000000000000FE
:102AF000F8030020F8030020519F000000000000B0
:102B000000000000000000000000000000000000C5
:102B10000000000000000000E106010000000000CD
:102B200000000000000000003004002030040020FD
:102B3000619F000000000000000000000000000095
:102B4000000000000000000050040020500400209D
:102B50000000000020000000140000007019012097
:102B6000000000000000000070040020700400203D
:102B7000000000000A00000068000000601501204D
:102B800000000000000000009004002090040020DD
:102B9000000000001000000068000000E00E0120AE
:102BA00000000000000000000000000000E700201E
:102BB0000010000000000000000000000000000005
:102BC000C8040020C804002000000000000000002D
:102BD0000E000000DC040020DC04002000000000E7
:102BE000000000000E000000F0040020F0040020AF
:102BF00000000000000000000E000000040500209E
:102C00000405002000000000000000000E0000008D
:102C1000180500201805002000000000000000003A
:102C20000E0000002C0500202C05002000000000F4
:102C3000000000000E0000004005002040050020BC
:102C400000000000000000000E00000054050020FD
:102C50005405002000000000000000000E000000ED
:102C6000680500206805002000000000000000004A
:102C70000E0000007C0500207C0500200000000004
:102C8000000000000E0000009005002090050020CC
:102C90000000000001000000A0050020A0050020A9
:102CA000A8050020A8050020000000000100000089
:102CB000B8050020B8050020C0050020C005002090
:102CC0000000000001000000D0050020D005002019
:102CD000D8050020D80500200000000010000000EA
:102CE000E8050020E80500200000000000000000CA
:102CF00000000000FC050020FC0500200406002068
:102D00000406002000000000000000000000000099
:102D100018060020180600202006002020060020AB
:102D20000000000000000000000000003406002049
:102D3000340600203C0600203C0600200000000075
:102D40000000000000000000500600205006002097
:102D50005806002058060020000010001000040053
:102D6000000000008CF50100200D01200000000093
:102D70000000000000000000800600208006002007
:102D800088060020880600200000100010000400C3
:102D9000000000007CF5010060030120AC0600206B
:102DA0000000000068EF0100C8060020E80E0020C7
:102DB000000000000000000000000000000500000E
:102DC0000779010057790100F1780100ED780100E1
:102DD0001201000200000040151900000303010267
:102DE000030109020000000100C032080B000202CA
:102DF0000200000904000001020200000524001086
:102E00000105240102010424020205240600010731
:102E100005800310000A09040100020A00000007EF
:102E2000058002400000070500024000000403097D
:102E30000432034E6F726469632053656D69636F7A
:102E40006E647563746F722041534100000000008E
:102E50000000000000000000000000000000000072
:102E6000000000280354687265616420436F2D5090
:102E7000726F636573736F720000000000000000E2
:102E8000000000000000000000000022033031328A
:102E90003334353637383941424344454600000023
:102EA000000000000000000000000000000000FF23
:102EB00000000000FB06002015750100A14B00007A
:102EC000894A00000000000000000000030000002C
:082ED0002801002015E015E0C7
:020000040100F9
:10000000E85D0021C56C0001FD1B0101996C000138
:10001000996C0001996C0001996C000100000000CE
:100020000000000000000000000000008D690001D9
:10003000996C00010000000035690001996C000115
:100040000D6A00010D6A00010D6A00010D6A0001D0
:100050000D6A00010D6A00010D6A00010D6A0001C0
:10006000892001010D6A00010D6A00010D6A00017D
:100070003F2001010D6A00010D6A00010D6A0001B7
:100080000D6A0001732001010D6A00010D6A000173
:100090000D6A00010D6A00010D6A00010D6A000180
:1000A0000D6A00010D6A00010D6A00010D6A000170
:1000B0000D6A00010D6A00017BB972B90029BEBF4B
:1000C00000204FF0004106E008BF00281CBF6FF081
:1000D00000414FF0FF3000F057B8ADF1080C6DE96A
:1000E00004CE002909DB002B1ADB05F047F8DDF808
:1000F00004E0DDE9022304B07047404261EB4101B6
:10010000002B1BDB05F03AF8DDF804E0DDE9022303
:1001100004B0404261EB4101524263EB430370473C
:10012000524263EB430305F029F8DDF804E0DDE912
:10013000022304B0404261EB41017047524263EB3D
:10014000430305F01BF8DDF804E0DDE9022304B009
:10015000524263EB4303704753B94AB9002908BFC1
:1001600000281CBF4FF0FF314FF0FF3000F00CB8FB
:10017000ADF1080C6DE904CE05F000F8DDF804E0FF
:10018000DDE9022304B07047704700BF042810B5B2
:1001900011D883B104280CBF10242824A1420AD20C
:1001A000064C54F8200018B141568A42A8BF0A46AE
:1001B00000201A7010BD6FF01500FBE7A0040021AD
:1001C0000228034610DC10F1270F0FDB2830084A05
:1001D00040B2105C024492F92C209A4207D00029C8
:1001E00018BF0130C0B270470F2070470020704721
:1001F00094460101022808B506DCFFF7E1FF034B36
:10020000034493F92C0008BD0320FCE79446010148
:10021000014B1879704700BFBC040021044B1A79C8
:10022000824283BF1B68302202FB003000207047EF
:10023000BC04002110B51C4C94F8413003EB430280
:10024000224492F82810202929D0DBB201EB431375
:1002500004EB430393F8490082F828004FF0FF0CA9
:1002600004EB4110002284F831C090F8E00084F8DB
:100270004210022184F8302084F8222083F84810AC
:1002800030B1D4F8C8344BB10020BDE81040184755
:1002900003F00EFED4F8C834002BF5D110BD40F2A7
:1002A0001D31702003F0EAF9C80400212DE9F04F58
:1002B000594F984601EB41034FF0200C83B03B446B
:1002C00093F8284082F800C0644500F0A1804346BE
:1002D0008B46904605461A4607EB441E4FEA441AE1
:1002E000DEF8D060DEF8D830DEF8D4109B19D5E9FE
:1002F000009041F10001994570EB010374D3EB8943
:10030000002B64D0BEF8DE30002B60D1019202F0E9
:10031000ABFE40F25633019A98426ED040F2F5534C
:10032000984266D0B0F5C67F14BF01230E23A9EB17
:1003300006069E424BDA134642465646984692F8C7
:1003400000C0594640F25639C34688F800C007EB52
:10035000060CD5F800A0D5E90123DCF8D08013EB1A
:100360000A03DCF8D40042F10002984570EB020366
:100370001BD3BCF8DE3001919BB1EB898BB902F045
:1003800073FE4845019936D040F2F55398422ED07D
:10039000B0F5C67F14BF01230E23A8EB0A089845C9
:1003A00003DB012003B0BDE8F08F3E448BF8004032
:1003B0002B7C96F8E0209A4226D904EB411407EBF7
:1003C000440494F84940202CEBD06601BFE704EBCD
:1003D0004B1388F80040A44607EB430393F84930D9
:1003E000202B0CD01C4677E790465646A9E73323CE
:1003F000D3E733239BE71D23CFE71D2397E7012096
:10040000147003B0BDE8F08F002003B0BDE8F08F9A
:10041000012088F80040C5E7C80400212DE9F84F05
:100420003C4E96F841B00BEB4B03334493F8294014
:10043000202C56D05FFA8BF5DFF8DC804FEA4B0BAF
:10044000DFF8D89004EB45136F0106EB430393F8F4
:100450004830013B052B57D8DFE803F003565649D7
:100460004C034FF0070AB8F1000F01D0AFF3008042
:10047000EFF3108272B65D443B19354406EB43033B
:1004800095F82A1093F84930A14285F829302AD0EE
:100490002AB9B9F1000F01D0AFF3008062B63B1961
:1004A00006EB430393F848203AB3062A25D0032AE3
:1004B00023D0052A21D0012283F8482006EB4414DA
:1004C0005146D4E93230984796F841B00BEB4B03D4
:1004D0005FFA8BF533444FEA4B0B93F82940202CFD
:1004E000B0D1BDE8F88F202385F82A30D0E74FF04F
:1004F000020AB8E74FF0030AB5E72744012306EBE9
:10050000470787F84830D9E74FF40A61702003F0B5
:10051000B5F800BFC8040021000000000000000082
:100520002DE9F04F0C46154685B01E469DF83870F3
:1005300001F0E4FE22684519636846F10006954221
:1005400076EB030355D3DFF8C48040F2563905E05B
:100550005D4576EB0A034CD3C4E900BA0DF10F03F5
:100560000DF10E0239462046FFF7A0FE002841D1CA
:100570009DF80F3008EB4313D3E93420D3F8D8109B
:10058000B3F8DE3011EB020B40F1000A002BDFD193
:10059000E389002BDCD0019102F066FD484501990A
:1005A0002DD040F2F553984227D0B0F5C67F14BF46
:1005B00001230E238B42CBDD02F056FD484522D0AD
:1005C00040F2F55398421CD0B0F5C67F14BF01220B
:1005D0000E229DF80F3008EB4313D3F8D010D3F858
:1005E000D43012EB010B43F1000A5D4576EB0A03B0
:1005F000B2D2002005B0BDE8F08F3323DAE71D2327
:10060000D8E73322E5E71D22E3E700BFC804002155
:100610002DE9F04FB2F808C01C465789002389B075
:100620001546127806462361E36027820F469DF83F
:100630004880A3606361A4F80EC0A274C4E90033CB
:10064000EAB901F0BBFD5C4BD5E9042CC31841F1BC
:10065000000E9A427CEB0E0306D22F3041F10001CE
:1006600082427CEB01035ED2013E4FF47A7347F184
:10067000FF372660C4E9017309B0BDE8F08F4F4829
:1006800004F10C0205A9A0EB0C0001F0CFFDB4F8B9
:100690000EB00DF1130206A9584601F0C7FD02F095
:1006A0004DFB01F02BFE464A034692F842102029EA
:1006B00028D09368D2E90312073341F1000A13EB03
:1006C00002094AF1000A6B68227B981CEB7A002B26
:1006D000E389134403440CBF7A206020C4E9009AE4
:1006E000184401F00BFECDF800803246A0603B4676
:1006F00028692146FFF714FF08B9C4E9006709B06B
:10070000BDE8F08F16F10B0947F1000ABBF1000FAD
:100710002ED106988342D6D91B1A13EB09039946AA
:100720004AF1000ACFE7013A288904F10C034CF1A1
:10073000FF31101A009305AA61F1000106AB01F028
:10074000A1FD059B6868E97A02332A8903440029E0
:1007500013440CBF7A206020184401F0CFFDDDE97E
:100760000632C01A20F07F40C4E90032A060C6E71C
:10077000039002F0AFFE039B0028CAD102F074FC84
:1007800040F25632039B90420BD040F2F552904219
:100790000CD0B0F5C67FBCD116F1180947F1000A9C
:1007A000B7E716F1270947F1000AB2E716F13D094C
:1007B00047F1000AADE700BF0040420FFF7F841EF3
:1007C000C80400212DE9F04F1D46A1B0BC4C0E928B
:1007D00004EB451706906D010D9101F0D5FF0191D5
:1007E000064602F0ABFAD4F8CC3401220835D037F3
:1007F0001A6004F1C8020B90804653190DF1600C89
:10080000555993F80C90B3F80EB0CDF84090D3E959
:1008100001A309930FCFACE80F0097E803008CE821
:10082000030025F07F4001F0BBFC0BF10103A54A5A
:100830004B449042034400F2DF82934200F3618113
:10084000002BC0F22F810C9394F82030049394F87D
:1008500021300F9302F03EFE0890BBF1000F40F0F4
:10086000D980CDF808B002F0FFFB40F25633984231
:1008700000F0E48040F2F553984200F04E81B0F56C
:10088000C67F00F041814FF000090327CDF81C908E
:100890000397CDF82890D84500F2DB80029B00201A
:1008A000002B40F0F480049B002B00F05E814FF0A1
:1008B0000209052749460397019BB3F1FF3F08BF93
:1008C000B6F1FF3F00F0EC801A46AE4272EB0A032D
:1008D00080F02C81AB1B6AEB0202B3F5000F72F1C2
:1008E000000280F08E82002B324640F3D980029BBA
:1008F000002B40F03F814F460391B5EB00086AF1B1
:10090000000118F1FF39A9EB020341F1FF3CBB42A2
:10091000CDF814C0C0F2DE8020B1099B45468A465E
:1009200003440993089B8BB9D4E90E32B2F1FF3F1F
:1009300008BFB3F1FF3F09D0B8EB030361EB02023C
:1009400007998B4272F10003C0F0B080069B0D9AAC
:10095000B9EB0307059B63EB020802F085FB40F24D
:100960005633984200F0378140F2F553984200F038
:100970002081B0F5C67F14BF0B2318239F4278F166
:10098000000380F01C810E9B012B00F00481029B70
:1009900003F00107019B3340B3F1FF3F08BF47F06D
:1009A0000107002F00F0198100274846059901F042
:1009B00027FD059BB3F1FF3F08BFB9F1FF3F00F0F2
:1009C0002A8229F07F402B1A23F07F43013BB3F5A5
:1009D000000F6FD2099B5B191B1A23F07F43B3F5FD
:1009E000000F67D801F0DCFB0C9A374BA2EB000834
:1009F0009845C0F00881801A9842C0F0C381314BFD
:100A0000984500F2FC80984240F223822F4E361A1D
:100A1000B046F9E0D4E90E321A400346B2F1FF3F86
:100A200018BF43F0010383F00103DBB2029302F02D
:100A30001BFB40F2563398427FF41CAF4FF01C0969
:100A40001F27D845CDF81C900397CDF828907FF646
:100A500025AF0C9A08F101081A4BA2EB08089A423C
:100A600000F2CA81984500F3B380B8F1000FC0F2DC
:100A70009D8040460DF1530215A901F0D7FB159852
:100A8000029B281A20F07F40002B3FF40CAF019B03
:100A90004946B3F1FF3F08BFB6F1FF3F7FF414AF03
:100AA000069A2AE70A4A13440C93CDE6BBF1000FDD
:100AB0003FF44CAF0026304621B0BDE8F08F00BFB8
:100AC000C8040021FF7F841E0040420F00807BE1AC
:100AD0000080841E00283FD00F9898B3029B002B03
:100AE00053D015F1FF39A8465146A9EB02034AF14C
:100AF000FF32059200220B929F42DBDC002304931D
:100B000010E7BA4A13449EE64FF00D091027CDF8BE
:100B10001C900397CDF82890BDE64FF03209352799
:100B2000CDF81C900397CDF82890B4E61346721BBD
:100B300063EB0A03B2F5000F73F1000380F06681E6
:100B4000AB1BD0E6CDE91131139202F007F9DDE9D4
:100B50001131002800F0C380029A002AAAD1049A19
:100B6000002AA7D0039A971EC6E70327194699467D
:100B70000397A1E694F84030002B3FF4BCAE049BF1
:100B800003B102231F460393B7E6049B002BA8D0B2
:100B9000039B9F1EA5E7019BB3F1FF3F08BFB6F182
:100BA000FF3F00F04781B14600270AE790484044E4
:100BB00060E73D239F4278F10003FFF4E4AEBBF110
:100BC00000074846059918BF012701F019FCF0E617
:100BD000864840444EE72723D0E6B6EB0902059944
:100BE000019B63EB0103052A73F1000180F2E680AB
:100BF000012A73F10003BFF65DAFB146E1E608F1EB
:100C0000F45808F59028464694F822303BB90B9BDF
:100C10005B4538BF5B461E33B34280F2BA800E9B01
:100C2000012B05D0022001F073FE012001F070FEBF
:100C30000B9B9B4555D300F2B1805BEA030040F06B
:100C4000F480414601F0DAFD002840D094F84030AD
:100C5000002B60D1D4E90E23B3F1FF3F08BFB2F1FE
:100C6000FF3F40F0B080002F79D1A6EB0B0119397E
:100C7000002940F3E980032001F0C0FD064600286A
:100C800000F0CE80049BD4F8CC248DF878300F9BF4
:100C9000189516AD8DF87930099BCDF864A01A939C
:100CA000109BADF86EB08DF86C300023514C136082
:100CB0008DF87A3016934FF0FF3317930FCD0FC492
:100CC0000FCD0FC495E8030084E80300F3E602208B
:100CD000002601F01DFE012001F01AFEEBE6139A3A
:100CE000FCE6A8EB0301022001F088FDBBF1000F38
:100CF00006D00028EBD0A8EB0B01012001F07EFD0F
:100D00000028E4D04146002001F078FD0028DED024
:100D1000BBF1000F9AD097B9D4E90E23B3F1FF3F8E
:100D200008BFB2F1FF3F59D094F84030002B9CD05F
:100D3000052001F0EDFD002384F8403095E7D4E96B
:100D40000E23B3F1FF3F08BFB2F1FF3F07D002F01F
:100D500001FA4FF0FF324FF0FF33C4E90E230A9B34
:100D60000520A9EB030121F07F4101F047FD002898
:100D700065D094F84030002B7FF477AF012384F8DE
:100D8000403072E7464294F82230B046002B7FF4A0
:100D900046AF40F61721702002F070FCA8EB0B0163
:100DA000012001F02BFD0B9B002BA9D000288ED039
:100DB000A8EB0301022001F021FDA1E748460599B7
:100DC00001F01EFBF5E502F0C5F94FF0FF324FF0E0
:100DD000FF33C4E90E23002FA6D0C0E702F04AF982
:100DE00001F0E6FCC4E90E019EE700BF00807BE154
:100DF0000080841EC804002140F27F51702002F060
:100E00003DFC40F69511702002F038FC40F6991137
:100E1000702002F033FC40F60321702002F02EFC1B
:100E200040F64821702002F029FC40F63A1170206B
:100E300002F024FC40F6D701702002F01FFC40F2C3
:100E4000E621702002F01AFC4FF42461702002F0B9
:100E500015FC40F6D721702002F010FC2DE9F0417E
:100E60003B4D00EB400306464FEA400895F8222030
:100E70002B44002A93F8284014BF0027022701F0D2
:100E800091FC4FF0200C4FEA461E05E091F84930E6
:100E9000A446202B1C4655D005EB44130EEB040151
:100EA000D3F8D02005EB4101D3F8D8309B18121AA3
:100EB0001B1A22F07F4223F07F43B3F5000FE5D8E1
:100EC000974298BFB2F5000FE0D8BCF1200F02D1D5
:100ED0002046BDE8F08108EB06030CEB46127101D9
:100EE00004272B4405EB420293F828E092F84920AE
:100EF000744683F828200B192246204605EB43034D
:100F0000944593F8494083F84870F4D108EB060300
:100F10002B4493F82AC0BCF1200F5FFA8CF713D052
:100F20000F4405EB470787F849E00A44464420236D
:100F300005EB4202354482F8493085F82A00204604
:100F4000BDE8F0811C46C0E783F829E0EDE700BF6B
:100F5000C80400212DE9F04101EB4103494D0C4645
:100F600080462B444F0093F82860202E39D1464B01
:100F70000BB1AFF3008001F01BFC95F84330202B40
:100F800009D010F1020ED5E9022341F1000C72459F
:100F900073EB0C032AD3202E09D042463346FFF7C9
:100FA00011FCC8B3022085F84360BDE8F081D5E9A3
:100FB0000E23B3F1FF3F08BFB2F1FF3F19D195F8FF
:100FC000403013BB042001F0A3FC01F029FD2021D7
:100FD000D5F8CC34002285F8431001201A60BDE812
:100FE000F0810846FFF73AFF8642C0D00020BDE8F6
:100FF000F08102F0AFF84FF0FF334FF0FF32C5E958
:101000000E2395F84030002BDCD0052001F080FC49
:10101000002385F84030D5E73B1906EB4412610107
:1010200004202B4405EB420293F828C092F8492093
:1010300083F82820624613468A189E4205EB420236
:1010400082F8480092F84920F5D13A192A4492F8DA
:101050002A60202EF0B211D0084405EB400080F841
:1010600049C03C441944002005EB4101254485F862
:101070002A30202381F84930BDE8F08182F829C068
:10108000EFE700BFC804002100000000F8B500220F
:101090001F4C202042F2200300264FF0FF3784F837
:1010A0002A0084F8222084F8412084F82E20238509
:1010B00084F84200C4E900674FF0FF364FF0FF3775
:1010C000134604F1480184F82F20228484F8430059
:1010D00084F84020C4E90E6701F813200133202B67
:1010E000FAD101F023FE0125FF230A4884F830508D
:1010F00084F8D03402F040FB84F8D10402F09CFB69
:10110000C4F8CC0401F014F984F84450F8BD00BFD1
:10111000C80400211D0400012DE9F04FC74C85B023
:1011200001F046FB0E46009001F07AFC6368013343
:1011300002D04FF0FF33636094F82230002B00F0B0
:101140001D81637E23B194F82F30002B40F0108175
:10115000009BD81C46F1000101F052F994F83030A0
:10116000002B40F09D81012284F8302094F8422029
:10117000202A00F09A8194F842B0202284F82E3080
:101180005FFA8BFB84F8422084F8432084F82F30E8
:10119000236001F0D9FD94F8418084F8200008EB29
:1011A00048035FFA88F923444FEA480893F8285027
:1011B000202D07D004EB45136F0193F8E220012A9C
:1011C00000F0118108EB0907202DDFF874A24FEA27
:1011D0004916274408D04846FFF740FEA84203D0EE
:1011E00097F82850202DF6D1BAF1000F01D0AFF3B7
:1011F000008001F0DDFA94F84330202B09D010F183
:10120000020ED4E9022341F1000C724573EB0C038A
:10121000E6D3202D38D02B460122FFF7D3FA002841
:1012200077D006EB0B03022784F8435004EB43030B
:1012300093F84820022A50D0C844FF22A04484F8E2
:10124000312098F82930202B03D094F8D10402F0F3
:10125000AFFA94F82030002B40F0B780022F0BD16A
:10126000009BA068C01A00F09BFFD4F8C83443B1BB
:1012700005B0BDE8F04F1847D4F8C834002B40F053
:10128000A98005B0BDE8F08FD4E90E23B3F1FF3F8C
:1012900008BFB2F1FF3F07D001F05CFF4FF0FF3213
:1012A0004FF0FF33C4E90E2394F84030002B58D19F
:1012B0000420012701F02CFB01F0B2FB2022D4F81E
:1012C000CC3484F8432000221A6006EB0B0304EBB5
:1012D000430393F84820022AAED108EB0902062105
:1012E000224483F8481092F82A102029CBB277D0F4
:1012F000334404EB430383F849B008EB09035E442D
:10130000234404EB460683F82AB0202386F84930AC
:1013100092E7731997F82800042104EB430302466F
:1013200093F8493087F828301346B218AB4204EBE3
:10133000420282F8481092F84920F5D197F82A1015
:101340002029CAB217D0324404EB420282F8490085
:1013500087F82A303344202204EB430383F84920E2
:101360003EE7052001F0D4FA002384F840309FE7DF
:1013700001F06EF9F2E687F82900E9E74FF40C7105
:10138000206901F05DFEA268236900999B18E2685C
:1013900042F100021B1842F10002994276EB02036F
:1013A000FFF4CFAE94F84230082194F8422004EBC9
:1013B000421204EB4314D2F8CC00D4F8C83098475A
:1013C0004FF46D71702002F059F901F09BFC00237D
:1013D000238443E74FF0FF3005B0BDE8F04F1847D6
:1013E00082F829B089E7B3F8DEA00DF10B0203A95A
:1013F000504600F01BFF01F0A1FC00F07FFF94F8C5
:101400004230202B1ED0A3682269DD1DE36843F122
:101410000003AD1843F100032744D7F8D01007F1BB
:10142000D0004268A9429A4124BFC7F8D050436017
:1014300008EB0903234493F82850C3E6C8040021AD
:1014400000000000009B13F10B0546F10003BAF108
:10145000000FE1D0019302F03DF8019B0028DBD1A1
:1014600001F002FE40F2563188420DD040F2F551B3
:1014700088420FD0B0F5C67F019BCDD1009B13F100
:10148000180546F10003C7E7009B13F1270546F155
:101490000003C1E7009B13F13D0546F10003BBE7E4
:1014A00040F2CD31702002F0E9F84FF474717020F1
:1014B00002F0E4F838B50C46054601F009FF114981
:1014C00091F8413001F1480C5FFA83FE0CEB831C6C
:1014D000002302E00133202B12D01CF81320D8B2D5
:1014E000002AF7D103EB4E1E012201EB431301EB5F
:1014F0004E01C3F8C850C3F8CC4081F8482038BD2D
:10150000184638BDC8040021A14A53682DE9F04FA0
:10151000C3F3080391B002900491002B40F01282B3
:1015200008230393049B1B78012B00F2CB82994C78
:10153000994D25B1002140F2FC60AFF30080029B81
:1015400000274FF0010804EB4313D033069325B175
:10155000002140F20770AFF30080B8F1000F04D112
:101560008E4B0BB1AFF3008062B694F84160F6B2D7
:101570004FF0000B039B84F831B0002B40F07A81D0
:10158000B14625B1002140F21B70AFF3008001F09D
:101590000FF90AAB049A00960590FFF739F825B1C8
:1015A000002140F22270AFF30080029B4FEA4918FD
:1015B00003EB491A04EB4A0A9AF84830013B012B25
:1015C00000F2E380059B0A9823F07F42744F0C9B46
:1015D000811A0F4021F07F41003F18BF0127B1F56C
:1015E000000F88BF00271B189B1A23F07F43B3F519
:1015F000000F8CBF002707F00107002F40F0D480B8
:1016000009EB490304224FEA490023448AF84820A1
:1016100093F82A102029CAB200F0D4814244029BD8
:1016200004EB420282F84930484498444FF0010BE1
:10163000204404EB480880F82A30202388F84930F9
:1016400025B1002140F22770AFF30080554B0BB15C
:10165000AFF30080EFF3108AD04672B625B10021B7
:1016600040F22D70AFF3008094F83190B9F1000F83
:101670007FF46DAF25B1494640F23570AFF300807D
:101680000DF1280EDDF818C0BEE80F00ACE80F0021
:101690009EE803008CE80300BBF1000F00F0EC8132
:1016A00025B1002140F24270AFF30080039B002B74
:1016B00000F0EB81C7B194F84230202B14D125B152
:1016C000002140F24770AFF3008031460220FFF75F
:1016D00041FC002840F0E981049B1978002900F0C2
:1016E0009D81012900F0258125B1002140F264701F
:1016F000AFF3008094F84130DB4303F0010384F83A
:101700004130FF2384F8313025B1002140F275705B
:10171000AFF30080B9F1020F00F04881B9F1010F79
:1017200005D1D4F8C83413B14FF0FF309847BAF15F
:10173000000F04D1194B0BB1AFF3008062B625B195
:1017400000214FF4F160AFF30080BBF1000F12D025
:1017500094F8413003EB4303234493F82930202BC2
:1017600009D025B1002140F28F70AFF3008094F8CA
:10177000D10402F01DF825B1002140F29470AFF3BE
:101780000080584611B0BDE8F08F4FF0000B57E7CE
:1017900000ED00E0C804002100000000000000008F
:1017A000FEFFFF00000000000DF127030DF12602EF
:1017B00031460AA8FEF77AFD8346002800F099809A
:1017C0009DF826709DF827C0674500F0D780BCF1D2
:1017D000200F00F07C8108EB0C03202F04EB430367
:1017E00093F8492000F0028108EB07034FEA490013
:1017F00004EB430393F8491083F8492007914FF015
:10180000050A08EB01030A468E4604EB43039445A0
:1018100093F8491083F848A0F3D100EB090323445F
:1018200093F82AA0BAF1200F5FFA8AFC00F0F18049
:10183000C444079B04EB4C0C8CF8493000EB0903C3
:101840004FF0200C42442344674504EB420283F8E6
:101850002AE0029B82F849C0434404EB430383F827
:10186000491040F095804844029B5F46204480F830
:10187000283094E09B4B06F1010A03EB861E0AF028
:10188000010A03EB8A1CD146BEE80F00ACE80F004A
:10189000BEE80F00ACE80F00BEE80F00ACE80F0098
:1018A0009EE80F008CE80F0025B1594640F23C50ED
:1018B000AFF3008006EB46060AEB4A0328362833CE
:1018C000A15BA2199278E15223449A7055B100218C
:1018D0004FF4A860AFF3008025B1002140F21170F1
:1018E000AFF3008094F83130002B7FF430AE5646D1
:1018F00047E609EB490304224FEA490023448AF8EA
:10190000482093F82A102029CAB260D04244029B92
:1019100004EB420282F8493048449844BB46002711
:10192000204404EB480880F82A30202388F8493006
:1019300086E6002D3FF411AE014640F25A70AFF337
:10194000008004E6103B59B200295ADB664B5B5C11
:101950005B090393002B7FF4E5AD644C94F84230AF
:10196000202B00F0B980049B1B780393002B3FF4DD
:10197000DFAD40F2F561702001F080FE202F2BD00A
:1019800008EB070304EB430393F849308AF8493026
:101990004744029B04EB470787F8493000279844E7
:1019A000032304EB480888F8483049E6059BA06803
:1019B000C01A00F0F5FBD4F8C834002B3FF4B7AEE2
:1019C0009847B4E6029A83F8292013462CE6029A37
:1019D00083F8292013469FE709EB49034FEA4900A2
:1019E000234493F828308AF849303CE709EB49034F
:1019F0004FEA4900234493F8281083F828200791E0
:101A0000FDE603F00F03043B13441B7E5B090393C5
:101A1000A0E7DDF81CC083F829C00FE71DB140F234
:101A20004F70AFF3008094F841300421DDF808E0F6
:101A300003EB43000EEB431220445FFA83FC04EBFC
:101A4000420290F82A6082F848105A01202E4FEA8C
:101A50004303F1B232D0114404EB410181F849E073
:101A6000714663440A44BB46234404EB420283F8B4
:101A70002A10202382F84930002D3FF458AE00216F
:101A800040F27570AFF3008051E69DB1194640F207
:101A900064701E46AFF30080FF23314640F275703C
:101AA00084F83130AFF3008041E68146002D7FF4A9
:101AB0001CAE1FE6FF2384F8313038E6714680F80B
:101AC00029E0CEE740F2F961702001F0D7FD40F245
:101AD0008621702001F0D2FD40F2F261702001F009
:101AE000CDFD00BF1005002100E400E0C804002186
:101AF000014B93F8D0047047C804002110B50728A3
:101B000000F2A880DFE800F01A4D6878A67E8E0407
:101B1000784C94F84230202B00F0CB8094F842208F
:101B2000052194F8423004EB431304EB4214D3F83C
:101B3000CC00D4F8C830BDE8104018476D4CD4E94B
:101B40000E23B3F1FF3F08BFB2F1FF3F00F0AA80C0
:101B5000E38A002B40F0838094F84230202B00F081
:101B60009280FF23616884F82F304B1C05D005203C
:101B700000F044FE002800F0B880637E012B00F0E6
:101B8000858094F84230012194F8422004EB4212FF
:101B900004EB4314D2F8CC00D4F8C830BDE81040B0
:101BA0001847544C94F84230202B69D0012384F814
:101BB0002E3001F08FFC002800F08880D4E90E233D
:101BC000B3F1FF3F08BFB2F1FF3F52D094F842306B
:101BD000002194F84220D9E7464C01F093F8E38ABB
:101BE0001BB101F077FC002875D001F0B7F810B1F7
:101BF000012384F8213010BD3E4B0122D3F8CC34B0
:101C00001A6010BD3B4C94F8403093B1D4E90E23D8
:101C1000B3F1FF3F08BFB2F1FF3F50D0002384F87B
:101C2000403010BD334BBDE8104093F8D00401F0B4
:101C3000BFBD94F84230202B3ED04FF0FF3294F8D5
:101C40002F306260002B4BD094F84230062194F87C
:101C500042209BE740F67301702001F00FFD01F078
:101C600039FC00287FF478AF40F62C01702001F099
:101C700005FD01F0FFF900F09BFDC4E90E01A5E7A9
:101C8000FEF7D8FA92E7FEF7D5FA6AE7D4E902310F
:101C90002069013B41F1FF31181841F1000100F0CA
:101CA0006DFC6EE701F0E6F900F082FDC4E90E017B
:101CB0004EE7FEF7BFFA31E7FEF7BCFABDE701F0E9
:101CC000D9F900F075FDC4E90E01A7E740F6560109
:101CD000702001F0D3FC4FF40661702001F0CEFCBF
:101CE00040F64801702001F0C9FC40F63101702037
:101CF00001F0C4FCC80400210C4B93F84220202AB8
:101D00000DD093F84200042193F8422003EB4212D5
:101D100003EB4013D2F8CC00D3F8C830184740F694
:101D20007F01702010B501F0A9FC00BFC80400219C
:101D300070B53A4C82B094F84230202B68D063687A
:101D4000013356D194F84250064604EB4515D5F8B8
:101D5000D00020F07F4000F023FAB5F8DE2095F89F
:101D6000DC10531C2E4A0B449042034429D8934262
:101D70002CDC002B1FDB33442A4A964243DC2A4AE0
:101D800096423BDD264A934223DC002B2EDB18468D
:101D90000DF1030201A900F049FA9DF80320019911
:101DA00094F82F300F2A88BF013121F07F41616004
:101DB00093B902B070BD1D4A1A44194993198A4259
:101DC000DAD940F27F51702001F058FC184A1A44C9
:101DD000F3E717481844DBE7052000F00FFD002863
:101DE000E7D140F6BD21702001F048FC0F481844AF
:101DF000CEE740F6B621702001F040FC40F2815160
:101E0000702001F03BFC4FF4B061702001F036FC13
:101E100040F6B521702001F031FC00BFC80400215C
:101E2000FF7F841E0040420FFFBFBDF00080841E74
:101E300000807BE110B50A4C94F8443063B194F80B
:101E4000D034FF2B01D0002010BD01F095FC0346DB
:101E5000002084F8D03410BD6FF0220010BD00BF08
:101E6000C804002138B50E4B04460BB1AFF3008017
:101E7000EFF3108572B60620214600F0BFFC044641
:101E800025B9084B0BB1AFF3008062B604B138BD81
:101E9000054B93F8D004BDE8384001F089BC00BF81
:101EA0000000000000000000C804002100F07ABC1F
:101EB000254A10B592F84230202B3FD092F842309C
:101EC00092F84110DCB292F841E001EB41015FFA77
:101ED0008EFE114491F82830202B22D04FEA4E1E5E
:101EE00006E0734402EB430393F84930202B18D0EB
:101EF00002EB431191F8E0C08445F2D802EB4413A1
:101F0000D3F8D040D3F8D800D3F8D4300019D1E9B1
:101F1000344143F10003844271EB030304D20020F7
:101F200010BD4FF0FF3010BD201A146800F038F9D2
:101F300004F174038342F2D8001B10BD40F608314F
:101F4000702001F09BFB00BFC80400212DE9F04F79
:101F5000914C87B094F84230202B00F0188194F80F
:101F60004250814694F841300DF1130220688B46AF
:101F700003EB430305A94844EDB2234493F82870CA
:101F8000A36803932369029300F050F9A9F1740246
:101F9000824B9A4262D804EB4511059BD1F8D020C0
:101FA000D1F8D8009B18D4E902561818401B20F02D
:101FB0007F43B3F5000F51D894F84120202F2061C2
:101FC0005FFA82FA84F818B000F0D78020218846A2
:101FD000594604EB471C40194FEA471B46F10006DF
:101FE000DCE9342382420192B3414FD3BCF8DE30A6
:101FF0000BB1E38AB3B30520CDF8048000F088FC70
:10200000019994F841004FF0FF332029C0B263607A
:1020100040F0B18000EB40002027204490F82820B9
:1020200094F8411094F8423003EB411304EB43035E
:1020300083F8492023684B442360637EFF22012BF1
:1020400084F8312000F08880202F40D094F8D1040B
:1020500001F0AEFB002007B0BDE8F08F012007B013
:10206000BDE8F08F01F000F840F25633019A984233
:1020700021D040F2F55398421BD0B0F5C67F14BF73
:1020800001230E23521B9342B5DD217EA3449BF80E
:10209000E0308B4211D907EB4A1304EB430393F86A
:1020A0004930202B17D0B846A5681F46D4E90360F5
:1020B0008FE73323E6E71D23E4E7DDE90232022060
:1020C0009B18A2689B1A236107B0BDE8F08F00201F
:1020D00007B0BDE8F08F052000F01AFC94F841002D
:1020E0004FF0FF33C0B2636000EB40034FF0050CCC
:1020F00007EB401223444FEA400E04EB420293F8F0
:102100002880450192F8492083F828204246AB18E0
:102110001146164604EB43038F4293F8492083F897
:1021200048C0F4D10EEB0003234493F82AA0BAF17F
:10213000200F5FFA8AFC1BD0AC4404EB4C0C8CF8EB
:10214000498029447044202304EB4101204481F854
:10215000493080F82A6063E7D4E902322069013B04
:1021600042F1FF32181842F1000100F007FA6BE764
:1021700083F82980E5E70F46B6E7052000F0C8FBA5
:102180004FF0FF3394F841006360C0B242E740F67D
:102190003531702001F072FAC80400218C3F420FE3
:1021A00043F60952C0F30803400A02FB03F302FBA3
:1021B00000F003F5807300EB532070470346C0F333
:1021C0000800C3F34E221B0E43EA0123090E10B58B
:1021D0004FEA411C43F609544FEA431E4CEAD36CC4
:1021E00004FB00F0BEEB030E04FB02F200F580706E
:1021F0006CEB010402EB50204FEA841C4FEA8E1274
:102200004CEA9E6CB2EB0E026CEB040C4FEACC0C69
:102210004CEA527CD200D31841EB0C01DA03C9031B
:10222000801841EA534141F1000110BD48F2376C7A
:10223000430B0CFB03F300B54FEA134C43F6095E66
:102240000F4B0EFB1C0000FB03F35B0D0EFB03FEAC
:1022500003EB4C2343F6085CF444B0EB5C2F08D846
:102260000EF5807E0B60A0EB5E20C0B210705DF8B2
:1022700004FB013300200B6010705DF804FB00BF0D
:102280006F0C010030B585B01C461546194A03ABEA
:10229000009302AB01F018FB039A48F2376343F650
:1022A000095C510B43F6085E03FB01F10B0C12496C
:1022B0000CFB132000FB01F1490D0CFB01FC01EBB1
:1022C0004321E644B0EB5E2F11D80CF5807CA0EBE7
:1022D0005C20C0B2089B187002980306000A5B18C5
:1022E00040F10000236060602A6005B030BD01311C
:1022F0000020EFE70080841E6F0C010048F2376178
:10230000420B43F6095C094B01FB02F2120C0CFB79
:102310001201500201FB0333013B5B0D0CFB03FC7C
:10232000B1EB5C2F88BF0130184470476F0C01007F
:1023300030B42E4B4FF0FF344FF0FF350022042114
:102340002B481A701A619970C3E902454FF4805501
:10235000C0F88050BFF34F8FBFF36F8F01211A7504
:102360004FF40034C0F88051224B4FF0FF355960D4
:10237000C3F80853C3F84025C3F84021C3F84425E7
:10238000C3F84421C3F84825C3F84821C3F84C25B5
:10239000C3F84C211961C0F88040BFF34F8FBFF3E1
:1023A0006F8F154AC0F8804151609160D2F80435B2
:1023B000002BFBD111494FF400340D48C2F808132B
:1023C000C2F848134FF48271C2F84031C2F8443168
:1023D000C2F84831C2F804310123046013600223BB
:1023E000C2F84413C2F8043330BC7047A00900217E
:1023F00000E100E000C000410010014102000700C0
:10240000F8B5564C2378012B2CD0554A0625C2F836
:1024100008558BBB534A4FF44035C2F84853C2F8B5
:102420000853C2F84031C2F844314E4A4FF4803765
:10243000002520F07F4CC2F80873C2F84873C2F838
:102440004051D2F80465ACEB060626F07F45B5F5A1
:10245000000F02D8444D2E4219D140F2B2316C2007
:1024600001F00CF9D4E902528A4208BF85426ED0CD
:102470003B4A0625C2F808553A4A4FF40035C2F8DF
:102480004853C2F808530025C2F84451CDE7C2F8BA
:1024900040C5C2F844732BB1A668D2F80435F31ACC
:1024A0002B42FAD001250022304E4FF48057A5610F
:1024B000A270C6F88070BFF34F8FBFF36F8F2C4BA5
:1024C0004FF0FF3CC6F8807122755D60C3F808C309
:1024D000C3F84025C3F84021C3F84425C3F844217C
:1024E000C3F84825C3F84821C3F84C25C3F84C214C
:1024F0001D61D3F8042522F00302C3F80425D3F8A4
:10250000082522F0030242F00202C3F80825102237
:1025100092FAA2F2B2FA82F2092A19DCC3F8102563
:10252000A060DD60A069E16040F20141C3F80002F3
:10253000104A0C48C6F880713760C0F8C021A0F579
:102540000050C3F880200423C0F804352180F8BD72
:1025500040F25531084801F087F800BFA00900217A
:1025600000F0004100100141FEFFFF0000E100E02B
:1025700000C0004102000080FC480101F8B52E4C6B
:1025800094F800C0BCF1020FD4E9025344D08B424E
:1025900008BF85424AD0237D002B42D0274B062618
:1025A000274A4FF48037C3F808650023C2F8087340
:1025B00020F07F4EC2F84873C2F84031D2F804359B
:1025C000AEEB030323F07F46B6F5000F02D81D4E95
:1025D000334204D14FF474716C2001F04FF8C2F80B
:1025E00040E5C2F84473BCF1000F04D0D2F80435C2
:1025F000EB1A3342FAD0A06040F20242124B104D67
:102600001248E160C5F8C0310C49C0F88C30022393
:10261000C1F804352280F8BD8B4208BF8542BAD18B
:10262000F8BD4FF471716C2001F028F84FF470710F
:102630006C2001F023F800BFA009002100F0004148
:1026400000100141FEFFFF000100008000C00041BA
:10265000F8B5464C23787BB9454A4FF44031C2F86F
:102660004813C2F80813C2F84031C2F8443140F2AE
:10267000DB316C2001F002F83D4A4FF400300021BC
:10268000022BC2F84803C2F80803C2F84411EED185
:10269000EFF3108572B6D2F80405D2F8043153B1C5
:1026A000236901332361C2F80411D2F80405D2F87A
:1026B0000431002BF4D12269002D38D04FF0807501
:1026C00003230021E2FB05311818D4E9025741F138
:1026D00000018F4208BF854213D0254B254ED3F809
:1026E00004252B46AA1A164066B122F07F42B2F5A5
:1026F000000F07D8FFF784FEA3691F4AC2F8003213
:10270000F8BD03461A491D4AD1F804051B1A1A40A0
:1027100022B123F07F43B3F5000F0AD90122002133
:102720001346A261144AA170C2F80032F8BD62B625
:10273000C4E713480222A5600123E7600026C0F821
:102740000825104D0C4AA361A6705360D360C1F8F0
:10275000C0510421C2F8805040F20142C0F8041573
:102760002280054AC2F80032F8BD00BFA00900214E
:1027700000100141FCFFFF0000C00041FEFFFF0010
:1027800000F0004102000080014BD3E902017047D4
:10279000A0090021024B00F5A87053F820007047F3
:1027A00000100141014BD3F80405704700100141AE
:1027B00030B4EFF3108572B60E4A0F49D2F8040513
:1027C000D2F804315BB100240B6901330B61C2F80C
:1027D0000441D2F80405D2F80431002BF4D10B697E
:1027E00005B962B600214FF0807230BCE3FB0201F4
:1027F000704700BF00100141A0090021032870B5F7
:1028000025D83E4BD3E90242B2F1FF3F08BFB4F1F5
:10281000FF3F4DD01A78022A58D0394D820001234B
:10282000103003FA00F602F140002A44C5F80863AC
:102830004351D2F84045A1EB040C2CF07F4CBCF185
:10284000020F3DD800231846C2F8403570BD031F63
:10285000DDB2022D47D8294B1A7812B15B7883423A
:1028600046D04FF48034AA00264B0020AC4002F53D
:10287000A072C3F80843C3F84843D050D3F8040506
:10288000214A081A024020F07F40B0F5000F8CBFAB
:1028900000200120002A08BF00200028D6D005F51E
:1028A000A87543F82510C3F80443C3F8444370BD2A
:1028B0001A7D002AAED14FF486616C2000F0DEFE56
:1028C000C2F840151846C5F8046370BD5C780F4A1D
:1028D000231F032CDBB24FEA83031A449DD91368EC
:1028E000002BFCD099E740F254416C2000F0C6FE6A
:1028F0004FF48A616C2000F0C1FE00BFA0090021E6
:1029000000C0004100100141FEFFFF0040110141E5
:10291000032810B582B014D800F110048200012100
:10292000384B02F5A07200F5A870A1400024C3F84E
:10293000081343F82040D450D3580093009B02B0B2
:1029400010BD031FDBB2022B56D82F4A1178E1B914
:102950004FF480312D4A03F5A87099409B00C2F8CE
:102960000813C2F8481352F82000D2F80445284949
:10297000001B014019B1002003F5A0718850254AC1
:102980009B580193019B02B010BD54788442DFD163
:10299000214806240129C0F8084508D000244FF03A
:1029A000FF304FF0FF311470C2E90201D0E71B483D
:1029B0004FF48054C0F88040BFF34F8FBFF36F8F48
:1029C000C0F880414FF0FF340E484160C0F8084322
:1029D0000024C0F840451475C0F84041C0F8444593
:1029E000C0F84441C0F84845C0F84841C0F84C45DB
:1029F000C0F84C410161D1E740F2E2416C2000F0A7
:102A00003DFE00BF00C00041A009002100100141AF
:102A1000FEFFFF004011014100F0004100E100E035
:102A2000174B1B780BBB174A4FF44031C2F84813C1
:102A3000C2F80813C2F84031C2F84431124B0022E8
:102A40004FF0FF31C3F80813C3F84025C3F8402105
:102A5000C3F84425C3F84421C3F84825C3F84821E6
:102A6000C3F84C25C3F84C217047064B4FF4003295
:102A70000021C3F84823C3F80823C3F84411DDE755
:102A8000A00900210010014100C0004108B53C4BE5
:102A9000D3F80423D00303D5D3F84021002A3AD138
:102AA000374BD3F80423910303D5D3F84421002AEC
:102AB0004BD1334BD3F80423520302D5D3F848212A
:102AC00082B92F4BD3F8042132B12E4A0021C3F82A
:102AD00004111369013313612B4B4FF40032C3F817
:102AE000802108BD00222949C3F84821D3F8482590
:102AF000D3F80435D31A194021B123F07F43B3F53D
:102B0000000FDED91E4B4FF480220620C3F80823A5
:102B1000FEF7F4FFD5E70022C3F84021D3F84025A3
:102B2000D3F80435D31A23F07F42B2F5000F03D84F
:102B3000164A1A40002AB3D1114B4FF480320420B8
:102B4000C3F80823FEF7DAFFAAE70022C3F84421FE
:102B5000D3F84425D3F80435D31A23F07F42B2F5D5
:102B6000000F03D8094A1A40002AA2D1044B4FF49F
:102B700000320520C3F80823FEF7C0FF99E700BF25
:102B800000100141A009002100E100E0FEFFFF006C
:102B900030B5594C85B0A378042B32D023785BB183
:102BA000012B00F0A180237D002B00F09F800223E9
:102BB00060782370FFF7ACFE504BD3F80423150365
:102BC00002D5D3F84C2112BB4C4BD3F8042350034D
:102BD00003D5D3F84821002A34D1484BD3F8042335
:102BE000910303D5D3F84421002A46D1434BD3F8AF
:102BF0000423D20303D5D3F84021002A58D105B0CD
:102C000030BD072005B0BDE83040FEF777BF002299
:102C10004FF400203A49C3F808030320C3F84C25B9
:102C2000C3F84C21D3F84C3100934FF48053009AF1
:102C3000C1F88031FEF762FF304BD3F80423500314
:102C4000CBD5C6E700224FF480202D49C3F80803F6
:102C50000220C3F84825C3F84821D3F8483101932E
:102C60004FF48053019AC1F88031FEF747FF234BA0
:102C7000D3F804239103B9D5B4E700224FF4003010
:102C80001F49C3F808030120C3F84425C3F84421B1
:102C9000D3F8443102934FF48053029AC1F8803143
:102CA000FEF72CFF154BD3F80423D203A7D5A2E7D8
:102CB00000204FF48031124AC3F80813C3F84005CE
:102CC000C3F84001D3F84011A06103914FF4805143
:102CD000039DC2F880110422A270C3F8000205B05F
:102CE000BDE83040FEF70ABF237560E740F2695146
:102CF0006C2000F0C3FC00BFA009002100C000410F
:102D000000E100E0074B93F90030002B09DB5A0982
:102D1000012103F01F030448403201FA03F340F895
:102D200022307047BC09002100E100E0024B002284
:102D30001A705A80704700BFC0090021014B5888A3
:102D4000704700BFC0090021034B187802380128E2
:102D50008CBF002001207047C0090021034B187868
:102D6000A0F10300B0FA80F040097047C0090021CB
:102D7000BFF35F8F024A137803F0FE0313707047AE
:102D8000C4090021064B1A78D20707D41A7842F0FA
:102D900001021A70BFF35F8F012070470020704757
:102DA000C409002108B5FFF781F80A4A03465268B2
:102DB0005069C31A1B02B3F5407F03DBBDE808402E
:102DC000FFF750B8FFF7D4FFFEF792FEBDE80840CA
:102DD00000F0EEBCC409002170B40E4D6B6823B93D
:102DE0006860C36170BCFFF7DDBF46691A46002406
:102DF0005169711A0902FF3109DBD169144621B901
:102E0000E369C361E06170BC70470A46F0E7934232
:102E1000F6D1E5E7C4090021074A5368834203D18C
:102E2000DB6953607047134623B1DA699042FAD1E7
:102E3000C269DA61704700BFC40900212DE9F04181
:102E40003A4FFFF733F801467C68002C6BD0FFF750
:102E500099FF804630B9C81C20F07F40BDE8F041A2
:102E6000FFF700B87B685869411A0902B1F5407F45
:102E700021DA2F4E2046FFF7CFFF257C05B363698B
:102E8000013D03F580032574002523F07F43636132
:102E9000FFF7A2FF7C6854B1FFF708F803466069AA
:102EA000C31A1B02B3F5407F36DBFEF7DBFFBDE83C
:102EB000F041FFF75DBFFFF75BFF7B685869CDE727
:102EC000A069C8B1B042217A1DD9B0FBF6F506FB66
:102ED0001505002D08BF3546284602F0AFFA636994
:102EE000184420F07F406061A069401BB0FBF6F001
:102EF00020742046FFF770FFFFF73AFF2046E36893
:102F000045469847C6E702F099FA63692574184464
:102F100020F07F406061ECE7002DABD0FEF7E8FDCC
:102F200000F046FCC3E7BDE8F08100BFC409002102
:102F30000020A1070148FEF77DBF00BF3D2E000124
:102F40002DE9F04105468846FFF71CFF00286ED0AA
:102F50004DB3384B5E6816BB10223146A81800F0FE
:102F600009FDFEF7A3FFB8F1010F074621D018F0C5
:102F7000FD0F57D12B7A2C68002B4BD03D2C4CD811
:102F8000B8F1020F4FF03F0400D1AC61297A20461E
:102F900002F054FA074427F07F476F6133E0B542EF
:102FA00001D0F669D7E76FF01500FFF7E1FEBDE845
:102FB000F0812868DFF880804045F4D8297A02F053
:102FC0003DFAC01B0302E6D43846FFF7E9F82C6847
:102FD000844238BF4444241ADFF860804445D5D980
:102FE000297AB4FBF8F608FB1646002E08BF4646C1
:102FF0003046A61B02F022FA0744B6FBF8F627F08B
:103000007F472E746F612846FFF7E6FE0020FFF72A
:10301000AFFECCE75D2C38BF5D24B8F1020FDBD1E9
:10302000AC61D9E74FF4B2716E2000F027FB6FF06E
:103030002200BCE7C4090021E17F841E0020A10713
:1030400008B50B4659B148B14FF0FF31054A8C46DF
:10305000E0FB03C1604600F0F3FB013008BD084609
:10306000FCE700BF40420F00014B5888704700BF8B
:10307000CC09002110B5EFF3108472B6064A93799B
:103080000133DBB293719379012B01D100F008FA7F
:1030900004B962B610BD00BFCC09002170B50B4C5D
:1030A00026785EB90125A0602570FFF7E3FF00F0E8
:1030B00011FA28B9064B2573C3F80453002070BDDC
:1030C000A368002BFAD09847A660F7E7CC09002147
:1030D0000050004108B5FFF7CDFF00F0FBF9084AAA
:1030E000084B30B10121116104225A7300229A73F6
:1030F00008BD032159730121C2F80413F6E700BF8C
:1031000000500041CC09002138B5114CE37BB3B12C
:10311000A27B013B9A4212DA00F0DCF9054600F08E
:10312000EDFAE37B012B82BFA37B0133A37355B17F
:103130002369C31A0133022B09D935B12061BDE8D7
:103140003840FFF7C7BF6369F3E76061F7E738BD51
:10315000CC09002110B5EFF3108472B60A4B9A79AE
:1031600022B940F219116D2000F088FA9A79013ADB
:10317000D2B29A719A791AB91B7E0BB900F096F9FE
:1031800004B962B610BD00BFCC09002108B5054BDB
:103190001A7822B100221A731A70FFF7DBFF0020A1
:1031A00008BD00BFCC09002170B51B4C637E7BB904
:1031B000E06900F0030000F0B5F948B1FFF7BAFE8E
:1031C00030B9EFF3108372B6627B12B103B962B605
:1031D00070BD0122627303B962B600230F4D8026D1
:1031E000C5F80863C5F81C3184F82030FFF772FF7A
:1031F00094F8443002210A4A0A48534363620A4B56
:103200002363FFF79DFE20B140F24B216D2000F0BB
:1032100035FAC5F80463DBE7CC0900210050004112
:1032200090D00300F009002109310001F8B5264CC7
:1032300094F84530002B45D0244BD3F80071D3F8D7
:10324000046157B10122C3F80823237B2BB1002569
:10325000A36825730BB19847A5601C4D3EB10023B0
:10326000C5F804310223C5F80833FFF79DFFD5F8F0
:103270001C3194F82060F6B237B1627B032A01BF9B
:103280000422627301222A617BB1104B0022C3F831
:103290001C21637B042B04D04FF4E4716D2000F0FB
:1032A000EDF902236373FFF755FF5EB1002384F845
:1032B0002030637B022B01D1FFF70CFFBDE8F84003
:1032C000FFF748BFF8BD00BFCC0900210050004106
:1032D00010B5044CE06900F0030000F023F9002869
:1032E000F8D010BDCC090021F8B5054650B10278E0
:1032F000022A07D8437842B9013B1F2B02D88378B2
:10330000212B07D96FF015006AE0002BFAD18378E2
:10331000002BF7D15E4B2022C3F88020BFF34F8FE4
:10332000BFF36F8F5B4EC3F880214FF0FF335A4CD1
:10333000C6F808330023C6F80031C6F80431C6F8D1
:103340001C31A371AB88A38000F0D4F810B1012325
:103350002370A371D6F80C34D6F80C24D70303D508
:10336000DE0701D500F0B0F840F2F553AA7869788D
:1033700063800123E2730022E3612B7884F8441018
:10338000012B6376A2732CD0022B2DD0002B38D1C9
:1033900000F0B8F800283ED000F0BCF8E36903F074
:1033A0000303984237D1AB7983BBFFF791FFE37BEF
:1033B00063B12B7853B900F08DF8054600F09EF903
:1033C0006FF00043002D60D0C4E9040301232022E4
:1033D000002084F845302E4B6073C3F880211A60BA
:1033E000F8BD0223E361D3E7FFF744FE294BD3F88E
:1033F0000C24D3F80C14C803F9D5D107F7D503234F
:10340000F0E740F23D316D2000F038F9214B022207
:10341000C3F80423CBE71F4B01220021DA60C3F875
:103420000411217FC3F818159A600222C3F80423FF
:10343000AA79002ABBD1D3F80423920702D44FF40F
:103440003E71E0E7154A1769116907F0100741F06E
:1034500010011161D3F804310BB902F001F80D4EDF
:10346000D6F8043173B1FFF733FF27B90B4A13695C
:1034700023F0100313610223C6F808330023C6F8B3
:10348000043194E701F0EBFFEAE7C4E904309DE77B
:1034900000E100E000500041CC09002100ED00E017
:1034A000014B01221A60704700500041044A012379
:1034B00053600023C2F80031024A1370704700BF06
:1034C00000500041130A0021014B01221A7070477D
:1034D000130A0021054BD3F8003123B9044B1878A7
:1034E00000F0010070470120FAE700BF00500041E2
:1034F000130A0021024BD3F8080400F001007047C2
:1035000000500041024BD3F8140400F00100704752
:1035100000500041024BD3F81C0400F00300704738
:1035200000500041074B0246D3F81814D3F8180492
:1035300010F4803005D0D0B201F003031B1A5842BA
:103540005841704700500041BFF34F8F0549064B6B
:10355000CA6802F4E0621343CB60BFF34F8F00BF31
:10356000FDE700BF00ED00E00400FA05094B012271
:103570005A604FF0FF32C3F808234FF48032064BF5
:10358000C3F88020BFF34F8FBFF36F8FC3F8802144
:10359000704700BF0000014100E100E010B5134991
:1035A00000230122124CC1F8FC3FC1F8FC2FDA00C5
:1035B000013302F1FF7202F58032D2F8000320409D
:1035C000884202BFD2F80003D2F804230260202B05
:1035D000EDD1084B4FF48072C3F88020BFF34F8FBA
:1035E000BFF36F8FC3F8802110BD00BF0080004182
:1035F00000F0FFFF00E100E0F8B5194E05460C466B
:10360000174633784BBB01F007FF164B7760002D50
:1036100008BF1D463472FFF7C1FF2846FFF7A6FF1B
:10362000FFF762FE0546B0B9FDF730FDFFF7BCFDC0
:1036300001F0F3FE002C0CDB04F01F0264090123EF
:10364000A400934004F1604404F56144C4F880315F
:103650002360012333702846F8BD4FF0FF35FAE7A9
:10366000140A0021D046010108B572B6024B5B680E
:1036700003B19847FFF768FF140A00211FB572B61F
:10368000134B5D688DB9FFF75FFFB4FBF6F4D3B25F
:103690000132002CF9D103F110026A4402F80C4CFB
:1036A0000A2233B901A8A847EDE7044600220A26FA
:1036B000EDE7013BDBB203F110040DEB0406B0FBB8
:1036C000F2F402FB1400303006F80C0C2046E8E758
:1036D000140A0021074B93F90830002B09DB5A0923
:1036E000012103F01F03403201FA03F3024941F8BC
:1036F00022307047140A002100E100E01B4B4FF418
:10370000803270B5C3F88020BFF34F8FBFF36F8F47
:10371000174D0021174CC5F80011C3F88021266908
:10372000236906F0100643F0100323610123C5F856
:1037300004332B60D5F80031A3B11EB9236923F0FF
:10374000100323610A4B0122D3F808055A60C3F81D
:1037500008230022C3F800214FF48032034BC3F842
:10376000802170BD01F07BFEE4E700BF00E100E0D6
:103770000000014100ED00E002460C49052038B58B
:103780000138C0B2FF2803D148216920FFF776FF36
:1037900001EBC0031D7905F0FF04002DF0D141F8C5
:1037A000302001225C719C711A7138BD200A002101
:1037B000042808B503D958216920FFF75FFF094B9A
:1037C00003EBC0000379012B01D05921F4E74379C1
:1037D00082790133DBB29A4218BF4371BDE80840D9
:1037E000FFF778BF200A002170B50625114C00268E
:1037F000013D15F0FF0500D170BD94F8281004EBD1
:10380000C1031A79012A09D158799A79904205D0D1
:103810005A79D2B29A7154F83130984794F82830D6
:103820000133DBB2042B94BF84F8283084F828607D
:10383000DEE700BF200A002100487047000708416A
:10384000914270B53BD2B2FA82F33BB1C3F120048E
:1038500099409A4020FA04F498402143160C1FFA2C
:1038600082FE030C85B2B1FBF6FC06FB1C1424049B
:1038700004EB10400CFB0EF4844206D9201A90424F
:103880008CBF02200120ACEB000C03EB01410CFBD0
:1038900012114FEA0C4CB1FBF6F006FB101100FBC5
:1038A0000EFE05EB01418E4506D9AEEB010E9645A5
:1038B0008CBF02220122801A40EA0C0070BD7921DF
:1038C0009620FFF7DBFE00BF8A422DE9F8434CD972
:1038D000B2FA82F4002C3DD1964681464FEA1E484A
:1038E0001FFA8EF64FEA19441FFA89F7B1FBF8FC6C
:1038F00008FB1C152D0405EB19450CFB06F9A94521
:1039000009D9A9EB0509CE4534BF4FF002094FF0A4
:103910000109ACEB090C04EB01410CFB1E114FEA51
:103920000C4CB1FBF8F408FB141104FB06F607EB92
:1039300001418E4205D9761AB64534BF02260126CA
:10394000A41B4CEA04041C6004FB1202089B1A60CE
:10395000BDE8F883C4F12005A14000FA04F902FA99
:1039600004FE20FA05F52943B8E779219620FFF7F0
:1039700085FE00BF2DE9F04184075FFA81FE5FD02C
:10398000002A59D0034601E0002A55D003F801EB84
:10399000990702F1FF32F7D14EEA0E24032A44EAD6
:1039A00004443ED9151FC3F38001AE08172D06F15C
:1039B000010647D99846002940D048F8044B771AA9
:1039C00003EB810C79080CEBC101CCE900440CF14C
:1039D000080C6145F9D127F0010C08EB8C01674513
:1039E000CCEB8C7805EB880517D02F1F0C60032FCC
:1039F00013D9A5F108074C60032F0ED9A5F10C07C8
:103A00008C60032F09D9A5F11007CC60032F04D9CE
:103A1000143D0C61032D88BF4C6102F0030203EBDF
:103A200086034AB1013A83F800E005D0012A83F801
:103A300001E018BF83F802E0BDE8F0811546BEE75B
:103A40000346A9E719461546CFE700BF014B1B689F
:103A50001B68184700000021014B1B685B68184772
:103A600000000021014B1B689B68184700000021E3
:103A7000014B1B681B6918470000002138B5174C23
:103A80000320FEF715FA03212568854228BF054665
:103A90002846FEF75BFA30B1012819D04FF4A77120
:103AA0006B20FFF7EBFD2368E068AB4206D1FEF721
:103AB0003FF9E26823681344E36038BD0544608938
:103AC0000123281AE5602374BDE83840FEF730B9B9
:103AD00063892074E068C01AF6E700BF500A00212D
:103AE00008B50C4B1A7802F0FF0312B15A1E1A42A5
:103AF00003D0E0216B20FFF7C1FD19B1034207D1CC
:103B0000E521F7E723EA00039B0601D1E921F1E76C
:103B100008BD00BF0400002108B501220C4B0221A2
:103B20001A764FF4403293F830001A621A68DA615C
:103B30005A689A62074A117003F11801FDF7E4FC14
:103B400020B94FF483716B20FFF798FD08BD00BFCB
:103B5000500A00210400002170B5EFF3108572B601
:103B6000264C002394F8316084F83130012E06D0C1
:103B7000022E1DD0002E3BD185F3108870BD85F339
:103B8000108894F8323003F0FF0123B140F25B114A
:103B90006B20FFF773FD1420FFF7A2FF184B84F88A
:103BA00032601B78012BE9D1BDE87040FFF7B4BF4C
:103BB00094F8322012B94FF4B671E9E7104984F84D
:103BC00032300B78023BDBB21E2B0ED8012202FAF8
:103BD00003F30C4A1342CFD144F20402134204D03F
:103BE00020230B70FDF798FAC6E74FF4C471CFE7B6
:103BF00085F310884FF4D771CAE700BF500A00213F
:103C0000040000214100004070B5144C94F833507A
:103C100025B140F28D216B20FFF730FD104B0126BE
:103C20004FF4C85284F832501E700E4B0E48C4E94F
:103C300000230E4BA360FFF79FFD294684F8340054
:103C40000B48FDF737FC202884F8300002D14FF4F0
:103C50002771E0E784F8336070BD00BF500A00218F
:103C600004000021FF3F420F593B00010500B7004F
:103C7000D13D000108B5104B93F8332022B94FF421
:103C80003F716B20FFF7FAFCEFF3108172B693F8E7
:103C9000312022B1012A0DD04FF44371F1E7022205
:103CA00083F8312001B962B693F83400BDE80840CA
:103CB000FFF77EBD0022F3E7500A00210B4B93F87B
:103CC000333010B523B940F21B316B20FFF7D6FC1F
:103CD000EFF3108472B6064B1A78102A03D108222B
:103CE0001A70FDF719FA04B962B610BD500A002126
:103CF00004000021114B10B51B78042B1BD1104B75
:103D00001A7C1AB95A891868801A10BDFEF74AFD44
:103D100004460120FEF73EFD01380A4B001B00025D
:103D200048BFFF30001220EAE07080FB0303C00BA5
:103D300040EA4340E9E70020E7E700BF0400002134
:103D4000500A002140420F0038B5144C94F833302B
:103D500023B940F2D1216B20FFF790FCEFF31085DF
:103D600072B694F8313023B1022B0DD04FF4397173
:103D7000F1E7012384F8313005B962B694F83400D4
:103D8000BDE83840FFF714BD054B00221B7884F8CE
:103D90003120042BF0D10CF061FEEDE7500A002138
:103DA0000400002108B5094B19781029CAB207D0C0
:103DB000202A05D0042A04D110221A700CF05EFECD
:103DC00008BD40F2CD116B20FFF758FC0400002124
:103DD00010B50C46FEF7E6FC611E06293AD8DFE86E
:103DE00001F0044444282357500001210220FFF72A
:103DF00077FE2B4B2B4A93F8321079B104211170C6
:103E00001A68DA6000221A7493F83130022B01D05C
:103E10000CF024FEBDE81040FFF730BE20231370E5
:103E2000BDE81040FDF778B940F215216B20FFF78F
:103E300025FC1B4B93F8322062B11A4A1278042AEF
:103E400009D11B7C012B03D1174BD3F844311BBB89
:103E500006F02EFE10BD154B4FF48072C3F8802083
:103E6000BFF34F8FBFF36F8FF4E701210220FFF7FD
:103E700037FE0B4B93F8323033B1BDE81040FFF7FB
:103E80004BBE01212820F2E7064B01221A70E1E720
:103E9000034B1B7C012BBDD1BDE81040FFF782BF57
:103EA000500A0021040000210010014100E100E05F
:103EB000014B01229A777047880A00210020704741
:103EC000074B1A684AB95A683AB99A682AB9D86841
:103ED000003818BF0120404270474FF0FF30704754
:103EE000F00A0021104B1A6810B5CAB9DA6DBAB9D8
:103EF0005A68AAB91C6E9CB993F83C200AB90020F4
:103F000010BD93F86420012193F8483002F18242F9
:103F100002F520421160002BF1D001F003F8EEE72A
:103F20004FF0FF30ECE700BF340B002138B5114CE7
:103F30002368E3B9D4F89030CBB96368BBB9D4F83F
:103F40008C50A5B994F8703023B101F009F82846D7
:103F500001F0F6F894F83C0040B194F88930012261
:103F6000002003F1824303F520431A6038BD4FF06F
:103F7000FF30FBE7AC0B00214FF0FF307047000033
:103F800070B50C46054688B1037823B1012B1CD0CF
:103F90006FF0150018E01F490B6991F83F2091F868
:103FA000241000F055FE78B91A4B1D607CB32378BD
:103FB000012BEDD1174D204695F83E2095F82410A1
:103FC00000F0B0FD00B96C6070BD124A92F8241088
:103FD000D1B192F83A1010488900CEB230442E790F
:103FE00046F0004606600D4892F83660084446F0F8
:103FF0000041B340016092F83F00094A115002F5B8
:104000009F42C2F80435CFE74FF0FF30DCE720468F
:10401000DAE700BFF00A0021804001418041014100
:1040200080A0004170B50C46054688B1037823B1E5
:10403000012B1FD06FF015001BE01F498B6891F812
:10404000572091F8241000F031FE90B91A4B1D60F2
:1040500064B12378012BEDD1174D204695F85620F9
:1040600095F8241000F090FD18B9EC6500F046FFBB
:10407000002070BD104A92F82410D1B192F853106C
:104080000E488900CEB230442E7946F000460660D4
:104090000B4892F84F60084446F00041B34001607D
:1040A00092F85700074A115002F59F42C2F80435B2
:1040B000CCE74FF0FF30DCE7340B002180400141BA
:1040C0008041014180A0004170B50C46054680B199
:1040D000037823B1012B1CD06FF0150018E01F49A5
:1040E0008B681C3191F86B2000F064FF80B91B4B8A
:1040F0001D6084B32378012BEED1184D204695F82E
:10410000862095F8241000F071FD08B9C5F890409C
:1041100070BD124A92F82410D1B192F87D10104867
:104120008900CEB230442E7946F0004606600D4834
:1041300092F87760084446F00041B340016092F87D
:104140008700094A115002F59F42C2F80435CEE7B4
:104150004FF0FF30DCE72046DAE700BFAC0B002170
:10416000804001418041014180A000414FF0FF307B
:104170007047000010B5204C206888B1037833B137
:10418000012B1CD040F24F217220FFF777FA94F8F0
:1041900024301BB194F83F1000F04AFC0023236048
:1041A000636853B11B78012B22D194F83E1094F828
:1041B000240000F05DFC00236360002010BD94F833
:1041C0002420002AEAD094F83620002193400B4A9C
:1041D000C2F808350A4B94F83F20995094F83A30C9
:1041E000084A9B00D150DBB2A2F58072D150D5E7CE
:1041F00040F25E21C8E700BFF00A002100F0004154
:1042000080A000418041014110B51F4C206880B161
:10421000037833B1012B1BD040F282217120FFF7CC
:104220002DFA94F8572094F8241000F099FD0023FB
:104230002360E36D53B11B78012B22D194F8561003
:1042400094F8240000F032FC0023E365002010BD48
:1042500094F82420002AEAD094F84F2000219340BB
:104260000A4AC2F808350A4B94F85720995094F836
:104270005330084A9B00D150DBB2A2F58072D15076
:10428000D5E740F29121C9E7340B002100F000414D
:1042900080A000418041014110B5204C206880B1D0
:1042A000037833B1012B1DD04FF448717620FFF70E
:1042B000E5F994F8872094F8241000F08FFD00238E
:1042C0002360D4F890305BB11B78012B23D194F894
:1042D000861094F8240000F007FC0023C4F8903006
:1042E000002010BD94F82420002AE8D094F877200C
:1042F000002193400A4AC2F808350A4B94F88720F7
:10430000995094F87D30084A9B00D150DBB2A2F559
:104310008072D150D3E740F22F31C7E7AC0B0021B8
:1043200000F0004180A00041804101417047000041
:104330000D4A92F824304BB1C10707D592F83E30B0
:10434000012103F1824303F52043196092F83030D4
:104350004BB1830707D592F83C30012203F1824329
:1043600003F520431A607047F00A00210D4A92F8C5
:1043700024304BB1C10707D592F85630012103F123
:10438000824303F52043196092F830304BB1830724
:1043900007D592F85430012203F1824303F52043FC
:1043A0001A607047340B00210D4A92F824304BB14B
:1043B000C10707D592F88630012103F1824303F546
:1043C0002043196092F830304BB1830707D592F83B
:1043D0008430012203F1824303F520431A607047C1
:1043E000AC0B00214FF0FF3070470000194B1A68EA
:1043F00030B562BB9A6852BB93F83020CAB193F8CB
:1044000039201549920093F83C50D4B2214440F031
:1044100000440C60114993F83540114444F00042C7
:104420000A600F494A51012201F59F41A240C1F89B
:10443000042593F824202AB193F83E1040F0004060
:10444000074A50500122002083F8402030BD6FF011
:104450001500FBE7F00A0021804001418041014145
:1044600080A00041194B1A6830B562BB5A6852BB34
:1044700093F83020CAB193F852201549920093F86E
:104480005450D4B2214440F000440C60114993F8D8
:104490004E40114444F000420A600F494A51012243
:1044A00001F59F41A240C1F8042593F824202AB1C8
:1044B00093F8561040F00040074A50500122002067
:1044C00083F8582030BD6FF01500FBE7340B002156
:1044D000804001418041014180A00041194B1A6890
:1044E00030B562BB5A6852BB93F83020CAB193F81A
:1044F0007C201549920093F88450D4B2214440F0B6
:1045000000440C60114993F87640114444F0004295
:104510000A600F494A51012201F59F41A240C1F8AA
:10452000042593F824202AB193F8861040F0004027
:10453000074A50500122002083F8882030BD6FF0D8
:104540001500FBE7AC0B0021804001418041014197
:1045500080A0004190F90030002B14BF6FF01500CF
:10456000002070470146014801F072B8000B00219D
:1045700000230370704700000146014801F062B853
:10458000000B0021002201F010B8000007B50093D5
:1045900013460A460146034801F073F803B05DF87C
:1045A00004FB00BF000B00214FF0FF3070470000FC
:1045B00070B50C46054678B1037813B16FF015005D
:1045C00070BD0E4E736996F83D2096F8301000F0DD
:1045D0003FFB0028F4D1B56074B12378012BEDD1F5
:1045E000064D204695F83C2095F8301000F09AFAD8
:1045F0000028E5D1EC60E3E72046E1E7F00A00217E
:1046000070B50C46054678B1037813B16FF015000C
:1046100070BD0E4EF36896F8552096F8301000F0F5
:1046200045FB0028F4D1756074B12378012BEDD1DE
:10463000064D204695F8542095F8301000F0A4FA65
:104640000028E5D12C66E3E72046E1E7340B0021A2
:1046500070B50C46054678B1037813B16FF01500BC
:1046600070BD0F4EF36806F1280196F8852000F022
:10467000A1FC0028F4D175607CB12378012BEDD129
:10468000074D204695F8842095F8301000F0AEFADA
:104690000028E5D1C5F88C40E2E72046E0E700BFFE
:1046A000AC0B00214FF0FF307047000010B5124CEA
:1046B000A06850B10378BBB994F830301BB194F8BE
:1046C0003D1000F0B5F90023A360E36853B11B78F7
:1046D000012B0ED194F83C1094F8300000F0C8F98A
:1046E0000023E360002010BD4FF41E717220FEF71E
:1046F000C5FF40F28721F9E7F00A002138B5114CD7
:10470000606840B10578ADB994F8552094F8301040
:1047100000F026FB6560236E53B11B78012B0ED190
:1047200094F8541094F8300000F0C0F90023236688
:10473000002038BD40F2AB217120FEF79FFF40F210
:10474000BA21F9E7340B002138B5124C606840B14A
:104750000578BDB994F8852094F8301000F03EFB40
:104760006560D4F88C305BB11B78012B0FD194F8C5
:10477000841094F8300000F0B7F90023C4F88C30AE
:10478000002038BD40F249317620FEF777FF4FF424
:104790005671F9E7AC0B00214FF0FF307047000075
:1047A000154B93F8402022B393F83020A2B193F830
:1047B0003510012200208A401049C1F80825104A0E
:1047C00093F83C10505093F839200E4992008850CD
:1047D000D2B2A1F58071885093F824202AB193F8C1
:1047E0003E10074A0A4400211160002083F840006F
:1047F00070474FF0FF307047F00A002100F0004191
:1048000080A0004180410141154B93F8582022B30C
:1048100093F83020A2B193F84E10012200208A4074
:104820001049C1F80825104A93F85410505093F8D5
:1048300052200E4992008850D2B2A1F58071885062
:1048400093F824202AB193F85610074A0A4400210D
:104850001160002083F8580070474FF0FF30704718
:10486000340B002100F0004180A000418041014153
:10487000154B93F8882022B393F83020A2B193F817
:104880007610012200208A401049C1F80825104AFC
:1048900093F88410505093F87C200E499200885071
:1048A000D2B2A1F58071885093F824202AB193F8F0
:1048B0008610074A0A4400211160002083F888000E
:1048C00070474FF0FF307047AC0B002100F0004103
:1048D00080A0004180410141002303707047000027
:1048E0000146014800F0C6BE000B0021014B1B68C9
:1048F0001B68184708000021014B1B689B6818477C
:1049000008000021014B1B68DB68184708000021E4
:10491000014B1B681B69184708000021014B1B68ED
:104920005B69184708000021014B1B689B69184709
:1049300008000021014B1B685B6A18470800002132
:10494000014B1B681B6B184708000021014B1B68BB
:10495000DB6B18470800002110B4034C246864681E
:10496000A44610BC604700BF08000021024B186835
:10497000003818BF01207047E40A002110B4024C2F
:104980002468A44610BC6047E40A0021F8B51E4F15
:1049900015465EB20C4697F900203146821A002A6D
:1049A000D4BF3A887A88A5F8012095F90130C01A59
:1049B00000F3070040B2FBF71DFC6B78B4F51B6FEA
:1049C00028700344EB701BD840F665139C4219D93C
:1049D000A4F665140521B4FBF1F4E4B231462401D8
:1049E000FBF7EEFB97F9003095F901209A42074B4F
:1049F0001C4416BF2418235C94F80031AB70F8BD3A
:104A00000F24EBE70024E9E7EC0A00214C00002129
:104A100090F9002090F9023041889A42034B0288B5
:104A2000C7BF19805A8059801A807047EC0A00214C
:104A300038B50C4B04460D4693F8342001239340BF
:104A4000094AC2F80835007C00F0D1FD074B00226E
:104A50005A518300616803F5A0739BB28033CA503A
:104A600038BD00BFF00A002100F0004180A00041E5
:104A7000A0B10B4B93F8402072B193F83C208A42CE
:104A80000CD193F838300021064A9B00D150DBB29C
:104A9000A2F58072D1507047034B5A50704700BF47
:104AA000F00A00218041014180A00041A0B10B4BE0
:104AB00093F8582072B193F854208A420CD193F89D
:104AC00051300021064A9B00D150DBB2A2F5807222
:104AD000D1507047034B5A50704700BF340B002130
:104AE0008041014180A00041A0B10B4B93F8882088
:104AF00072B193F884208A420CD193F87B30002164
:104B0000064A9B00D150DBB2A2F58072D1507047AB
:104B1000034B5A50704700BFAC0B0021804101414C
:104B200080A00041034610B5F9B1134991F8400047
:104B3000A8B191F83C0090421AD191F838201B7925
:104B400092000E4843F00043D4B2035100200C4BB6
:104B5000134491F8352042F000421A6010BD1B79D1
:104B6000084943F000438B50F8E74FF0FF30F5E77A
:104B70006FF01500F2E700BFF00A0021804001410C
:104B80008041014180A00041034610B5F9B11349AD
:104B900091F85800A8B191F8540090421AD191F8B8
:104BA00051201B7992000E4843F00043D4B20351C8
:104BB00000200C4B134491F84E2042F000421A6042
:104BC00010BD1B79084943F000438B50F8E74FF0C4
:104BD000FF30F5E76FF01500F2E700BF340B00215E
:104BE000804001418041014180A00041034610B551
:104BF000F9B1134991F88800A8B191F88400904266
:104C00001AD191F87B201B7992000E4843F00043A3
:104C1000D4B2035100200C4B134491F8762042F09B
:104C200000421A6010BD1B79084943F000438B50C5
:104C3000F8E74FF0FF30F5E76FF01500F2E700BF3F
:104C4000AC0B0021804001418041014180A0004126
:104C5000F8B5044617461D46F9B1007C00F0C7FCC4
:104C60000F4B8100626893F83460C0B201F5A07107
:104C700046F0004300F5A87089B2803153500949CD
:104C8000CB51E2686368521B43F820200123064A97
:104C90000020B340C2F80435F8BD4FF0FF30FBE709
:104CA000F00A002180A0004100F000412DE9F04110
:104CB000054690461E460C46264FE1B1007C002179
:104CC00000F002FD97F84D4083006A6844F000410F
:104CD000C0B203F5A07300F5A8709BB28033D15029
:104CE0001D4B43F808100121EA686B6801FA04F4CF
:104CF000921B43F8202097F83C3033B3287C00F017
:104D0000E3FC97F84C1082006B6841F0004CC0B295
:104D100002F5A07200F5A87092B2803243F802C08A
:104D200097F865200C4B43F802C03B696A681E4443
:104D3000EB689E1B01238B4042F820601C43074B0D
:104D40000020C3F80445BDE8F0810029F7D14FF0F9
:104D5000FF30F8E7340B002180A0004100F0004153
:104D6000F8B5054617461A4EB1B196F84D300124F4
:104D7000184A002104FA03F3C2F80835007C00F059
:104D8000A3FC154B0022DA518300696803F5A07378
:104D90009BB28033CA50214696F83C30B3B196F8A6
:104DA0004C20012393400B4AC2F80835287C00F0C0
:104DB0008BFC96F86520084B134400221A60830090
:104DC000696803F5A0739BB28033CA50F8BD00BF79
:104DD000340B002100F0004180A000412DE9F04794
:104DE00005461746414C002945D094F875300126F8
:104DF00094F87820002106FA03F306FA02F213432E
:104E000094F8792006FA02F21343394AC2F80835B9
:104E1000007C00F071FC034694F8718000229B0036
:104E200094F872104046914603F5A07300F003FC1D
:104E300069689BB2D4F84CA08033CA502D4BCAF895
:104E400090201A50324694F87210404600F0F3FB5E
:104E5000CAF8989143F8079094F87E3026499B0051
:104E6000DEB241F8069001F5807141F803901146D9
:104E7000204B43F8009094F83C304BB394F87430D6
:104E800001261B4A06FA03F3C2F80835287C00F015
:104E900033FC034694F8721032469B0094F871007C
:104EA00000F0C9FB696803F5A07300229BB2803350
:104EB000CA5094F88A100F4B5A5094F87F300E491C
:104EC0009B00DDB24A5101F58071CA50094B1A505E
:104ED00094F8703043B100F065F800F025FC012033
:104EE000BDE8F04700F02CB9BDE8F087AC0B00211D
:104EF00000F0004180A000418040014108490B685A
:104F00001A7F62B193F840204AB193F83D009A6B42
:104F10000123C979834009B193607047D36070471A
:104F20009C0B0021044B1B6893F83D109A6B0123E6
:104F30008B40D360704700BF9C0B0021074B4FF0A4
:104F400000421B68C3F824250022C3F85425C3F887
:104F5000C0250722C3F80025704700BFA40B00211D
:104F6000024B00221B68C3F800257047A40B0021E8
:104F70000B4A60F03F0051710021107152F8043B60
:104F8000C3F85015C3F84015C3F844250222C3F8EE
:104F90004825C3F83415C3F83815C3F818117047FD
:104FA000A40B0021024B01221B685A61704700BF0D
:104FB000A40B00212DE9F84F0C46C768064692461F
:104FC000FF1A00F0B2FB257A3F1A594C002D00F071
:104FD000A88000F0CDF800218046307C00F08CFBEA
:104FE00094F871B094F8721005460122584600F00A
:104FF00022FB94F87530D4F84C9043F000434D4AAE
:105000004D49C9F8983142F80A3094F87E20920050
:105010005FFA82FC41F80C3001F5807194F8793028
:1050200043F000438B50434A1350AB0094F8721086
:10503000002203F5A073584600F0FDFA94F878209A
:105040009BB2716842F00042EDB2803305F5A8755D
:10505000CA50384BC9F890201A50FFF76FFF002054
:105060004FEA880101F0FC01FFF782FF736801211C
:1050700043F8257094F8755094F8783001FA05F5E6
:1050800001FA03F31D4394F8793001FA03F31D4349
:1050900094F83C30002B46D0307C00F02DFB0346CA
:1050A00094F87210012294F8710000F0C4FA94F898
:1050B00074C09900D6F804E04CF00048DBB201F56A
:1050C000A07102FA0CFC03F5A87389B245EA0C053D
:1050D00080314EF8018094F88AE0164941F80E803C
:1050E00094F87F10DFF850E089005FFA81F94EF8FC
:1050F00009800EF5807E8E4494F8791041F00041CD
:10510000CEF80010DFF82CE04EF80010206971682E
:105110003F1A41F82370094B0020C3F80455BDE83D
:10512000F88F2946B4E70029F5D14FF0FF30F6E7B4
:10513000AC0B002180A000418040014100F0004103
:105140000A4A92F8723092F871209B00824203F171
:10515000824303F52043D3F8102514BF22F48012B4
:1051600042F48012C3F81025704700BFAC0B002139
:10517000014B587B704700BF400C00212DE9F047E0
:1051800086468C460846089E154674461946002BEE
:1051900040F0C1808542B2FA82F245D94AB1C2F1EB
:1051A000200300FA02FC954094402EFA03F343EAF0
:1051B0000C0C4FEA154EA8B2230CBCFBFEF80EFBFC
:1051C00018CC08FB00F943EA0C43994528D9EB18A1
:1051D00008F1FF3704D2994502D9A8F102072B4400
:1051E000A3EB0903A4B2B3FBFEFC0EFB1C330CFBC8
:1051F00000F044EA0344A04214D92C190CF1FF3307
:1052000004D2A04202D9ACF102032C44241A43EA8E
:1052100007401EB1D440002334607360BDE8F087BE
:105220004746DDE76346F1E792BB431B01214FEAA6
:10523000154EAFB2200CB3FBFEFC0EFB1C330CFB77
:1052400007F840EA0343984561D9EB180CF1FF30A9
:1052500004D2984502D9ACF102002B44A3EB080319
:10526000A4B2B3FBFEFC0EFB1C330CFB07F744EAB5
:105270000344A7424DD92C190CF1FF3304D2A742A5
:1052800002D9ACF102032C44E41B43EA0040C0E71E
:10529000C2F120039540944020FA03F12EFA03F363
:1052A0004FEA154E9040AFB20343B1FBFEFC0EFB3C
:1052B0001C10190C0CFB07F841EA0041884522D963
:1052C00069180CF1FF3004D2884502D9ACF1020014
:1052D0002944A1EB08019BB2B1FBFEFC0EFB1C11A3
:1052E0000CFB07F743EA01439F420ED9EB180CF180
:1052F000FF3104D29F4202D9ACF102012B44DB1BE7
:1053000041EA004193E76046E3E76146F7E760461C
:10531000A4E76346B8E7834206D916B900210846D8
:105320007CE7C6E900E0F9E7B3FA83F78FB9834277
:1053300001D3724508D8BEEB020460EB03030120E1
:105340009C461EB9002169E73846FAE7C6E9004CD9
:10535000F8E7C7F1200CBB400EFA07F522FA0CF46F
:105360002EFA0CF1BA401C4320FA0CF3B8404FEA75
:10537000144901431FFA84FEB3FBF9F809FB183006
:105380000B0C08FB0EFA43EA00439A4540D9E31898
:1053900008F1FF3004D29A4502D9A8F10200234453
:1053A000A3EB0A0389B2B3FBF9F809FB183308FB36
:1053B0000EFE41EA03418E452CD9611808F1FF33F6
:1053C00004D28E4502D9A8F10203214443EA0040E9
:1053D000A1EB0E01A0FB02984145CE46434602D305
:1053E00006D14D4504D20138B9EB020E68EB040337
:1053F000002EA7D0B5EB0E0261EB030101FA0CFC05
:1054000022FA07F3F9404CEA0303C6E9003199E7B1
:105410004046C5E74346D9E7704770B50024FAF720
:10542000F7FE05462646E0B2854200D870BDFAF781
:10543000F5FE0134868480F82660F4E713B50C4647
:105440000DF1030201A9FCF7F1FE9DF8033001986C
:105450000BB104B1013002B010BDFEF7C5B9704701
:1054600020BF704700280CBF6FF015000020704768
:10547000002070470723037000207047002070470A
:105480000020704710B50446FEF734FCA04294BFDC
:105490000020012010BD73B5A0F10B040E46154687
:1054A000E1B20F2903D94F216420FEF7E7F80DF18F
:1054B000030332460420FAF769FE034608B1582177
:1054C000F2E704EB840401A99DF9030004F66514D6
:1054D000A2B2FFF741FA9DF804302B70BDF80530F9
:1054E000A5F8013002B070BD704708B5FEF742FE66
:1054F000FFF7DCF8BDE80840FFF752B908B5FEF742
:1055000083FEFFF7FBF8BDE80840FFF77DB908B55B
:10551000FEF7C2FEFFF718F9FFF7AAF9FFF742FD01
:1055200000F002F90120BDE80840FFF709BE0020A5
:10553000704740F2AE21722008B5FEF79FF840F2A6
:10554000E121712008B5FEF799F840F27F3176200D
:1055500008B5FEF793F80020704740F2D32172207F
:1055600008B5FEF78BF840F20631712008B5FEF75A
:1055700085F84FF46971762008B5FEF77FF80020B2
:10558000704740F2DB21722008B5FEF777F840F251
:105590000E31712008B5FEF771F84FF46B7176206B
:1055A00008B5FEF76BF8FFF737BF801A00F3070066
:1055B00038B50D46144659B240B2FAF71BFE002327
:1055C000287020446C7040B2AB7038BD13B50C46E7
:1055D000114601AAFFF7D2F99DF804309DF90700A2
:1055E0002370BDF80530A4F8013002B010BD08B535
:1055F0000346002043FA00F2D20707D40130042802
:10560000F8D14FF482717220FEF738F820B10128EA
:1056100002D0022818BF032008BD8900824214BFAF
:1056200060313031C8B270478900824214BF6031A6
:105630003031C8B270478900824214BF60313031C6
:10564000C8B27047037D0BB190F908300B707047FA
:1056500007B50A460DF10701FFF7F4FF9DF9073082
:1056600092F900209A4214BF6FF01500002003B099
:105670005DF804FB90F820300BB190F909300B7005
:1056800070472DE9F34106460C4615461F469DF826
:105690002080FFF76BF940B143463A462946204641
:1056A00002B0BDE8F041FFF791BF0DF107013046B0
:1056B000FFF7C8FF43469DF9072029462046FFF71C
:1056C00074FF02B0BDE8F08108B50346002043FA3C
:1056D00000F2D20701D541B1002101300428F6D1F2
:1056E0004FF485717120FDF7C9FF20B1012802D068
:1056F000022818BF032008BD08B50346002043FA5E
:1057000000F2D20701D541B1002101300428F6D1C1
:1057100040F241117620FDF7B1FF20B1012802D0FF
:10572000022818BF032008BD7047032070470000FF
:10573000014B1B68184700BF4C02002107B50B4600
:10574000002102460091034800F014F903B05DF80F
:1057500004FB00BF315700012DE9F047058B0446DB
:105760002807904611D4022905F0070540F0CD80A6
:1057700020460BF0D9FE78B10138218B042811D8CE
:10578000DFE800F0C3106D85950001290CBF45F0DE
:10579000100545F02005258388F31188BFF36F8F2E
:1057A000BDE8F08701F0070AAA4500F0A6800027AF
:1057B000B9463E46A368002B00F0BD8041F00801C9
:1057C000218388F31188BFF36F8FA168002900F04F
:1057D000BB800D68002900F0B78033465246204652
:1057E000D1F80480C047002D76D02B6829461D468D
:1057F000F0E701F007035A1F012A1BD8002221F00D
:105800000701062B276889B2C4E9002209D13B466B
:1058100003E0628B013262831B68002BF9D141F0F7
:105820000201204621830BF07FFE00287BD041F04F
:10583000200177E0042B0AD121F0070189B220462C
:1058400021830BF071FE10B141F020012183218BE7
:1058500001F0070AAA4550D00027B946AAE72369F4
:1058600021F0070141F00601062DD3F800902183B5
:105870002DD1B9F1000F40D041F00801218388F308
:105880001188BFF36F8F20463949C84729E021F0BE
:105890000701236941F0040189B2042DD3F8049073
:1058A0002183E6D000274FF0040A3E4682E721F02C
:1058B0000701236941F0050189B2052DD3F808904D
:1058C0002183D6D000274FF0050A3E4672E7002715
:1058D0004FF0060A3E466DE72B4687E7B9F1000F09
:1058E000D1D14FF04003EFF3118883F31288BFF357
:1058F0006F8F238B23F008032383258BEA062ED595
:1059000025F01003238305F007056669218B002E1F
:10591000BFF66FAF00232768C4E9003321F0070109
:1059200041F001012183218B4FF0000901F0070AAA
:10593000AA457FF43FAF002F9BD041F0080121839F
:1059400088F31188BFF36F8F002FC7D03D683946A9
:105950003346524620460BF013FE2F46F4E7AB06C3
:105960007FF51AAF25F02003238305F00705FFE636
:10597000AD1501012DE9F04F81468B4617461C46B7
:10598000002595B0387808B9284657E37B1C2528B0
:10599000039306D05946C8470028C0F24F8301350B
:1059A000FBE1182200210EA80CF0CEF97B78252B04
:1059B0007DD0002398469E469C461E46781C014694
:1059C00010F8012B2B2A00F0A18000F29880202AE9
:1059D00000F09F80232A00F09F802BB19DF840307B
:1059E00043F040038DF84030B8F1000F05D09DF82A
:1059F000403043F020038DF84030BEF1000F05D059
:105A00009DF8403043F010038DF84030BCF1000F9A
:105A100005D09DF8403043F008038DF840302EB19A
:105A20009DF8403043F004038DF840309DF840303D
:105A300003F04400442803D16FF386138DF84030FF
:105A40009DF840302A2A43F080038DF840307FD102
:105A50009DF841204B1C42F001028DF841201A783C
:105A60002E2A0CBF012100219DF8412061F3410243
:105A70008DF8412078D15A782A2A6ED000224FF032
:105A80000A0C0133194611F8010BA0F13006092E5A
:105A900040F295809DF840101292C1F3400040EA18
:105AA000D2700A4660F341028DF840205CE0BA1CD7
:105AB00003928DF843309DF84130DA0740F12E8192
:105AC00054F8048BB8F1000F07DA9DF84020C8F1B4
:105AD000000842F004028DF840205E0740F1278163
:105AE00054F804ABBAF1000F80F226819DF84130E2
:105AF0006FF341038DF841304FF0FF3A1CE12D2A3E
:105B00000DD0302A7FF469AF012358E74FF0010C24
:105B100055E74FF0010E52E74FF001084FE701261D
:105B20004DE703460EFB0262303A184610F8016B4F
:105B3000A6F1300CBCF1090FF3D999428FD09DF832
:105B400040101192D20F62F341018DF8401086E7A8
:105B50000B4600224FF00A0EE7E79DF84120023382
:105B600042F004028DF841201A786C2A47D02BD8D5
:105B7000682A31D06A2A4BD04C2A51D01A4612F8E2
:105B8000013B782B03928DF843309DF8412000F2C1
:105B9000BE806D2B51D8692B00F2B980572B67D886
:105BA000412B03D0453B022B00F2B18004229DF82B
:105BB000423062F302038DF84230012373E00CFBA4
:105BC00002020B46303A5DE7742A25D07A2AD5D1F5
:105BD00006219DF841200CE05A78682A9DF8412062
:105BE00006D1012161F3C6028DF841200233C5E7D9
:105BF000022161F3C6028DF841200133BEE75A78D5
:105C00006C2A9DF8412001D10421EBE70321F0E744
:105C100005219DF84120ECE707219DF84120E8E7A8
:105C2000BDF8402022F4F04222F0020242F4804209
:105C300042F00202ADF84020DFE76E3BD9B201230B
:105C40008B4040F282410B4237D113F0240F51D1E7
:105C5000D8075CD503219DF8423061F302038DF82B
:105C6000423002F07803A3F140014B424B411AE06D
:105C70000120A3F15801C9B200FA01F111F4624FF9
:105C800094D140F6010631421DD111F4043F3ED0BB
:105C90009DF8423060F3020302F07802402A8DF84A
:105CA000423034D000239DF84020C2F340010B4322
:105CB00063F341028DF84020FDE602219DF8423059
:105CC00061F30203E8E702209DF8421002F0780237
:105CD00060F30201402A8DF8421002BF9DF8401087
:105CE00041F001018DF84010632BDBD1131E18BF6A
:105CF0000123D8E703219DF8423012F0780F61F3B9
:105D000002038DF8423014BF01230023CBE79DF836
:105D1000403043F001038DF84030C3E79DF9402047
:105D2000002AACBF4FF0FF38DDF84480D5E6980775
:105D30007FF5E2AEDDF848A00023CDE911339DF8F0
:105D400042309DF8411003F00703012BC1F3C3015A
:105D500033D1CB1E042B04D8DFE803F021464621C3
:105D60002100236801294FEAE372CDE90E321CD1EC
:105D70009DF93830DA17CDE90E3204349DF8403001
:105D800013F0030650D03A4659464846039B0BF0A1
:105D90002BFD0028C0F252810544039FF2E554F820
:105DA000043BDA17CDE90E32E8E70229E5D11AB251
:105DB00043F3C033CDE90E23DFE7022B24D1CB1E02
:105DC000042B04D8DFE803F018101018180001297C
:105DD0004FF0000254F8043B14D00229CDE90E32F2
:105DE000CCD19BB20E93C9E7073424F00704F4E842
:105DF0000223CDE90E23C1E754F8043B0E930023A0
:105E00000F93BBE7DBB2CDE7042B08D1073424F0B6
:105E10000704D4E900230834CDE90E23AEE7032BB1
:105E2000ACD154F8043BDDE79DF843007828B4D8A2
:105E300062281CD825283FF4ADAD5828ADD1DDE946
:105E40000E010DF13603009310AA08AB0BF086FC8F
:105E5000BAF1000F074680F29980002F9DD00DF116
:105E60003603D81B002E00F0C0800130BDE063383F
:105E7000152892D801A252F820F000BF515F00010E
:105E8000635F00019B5D00019B5D00019B5D000164
:105E90009B5D0001635F00019B5D00019B5D000154
:105EA0009B5D00019B5D0001EF5F0001875F0001CA
:105EB000AD5F00019B5D00019B5D0001D55E0001AF
:105EC0009B5D0001875F00019B5D00019B5D000100
:105ED000875F0001BAF1000F0E9F35DB514638464F
:105EE0000BF0D8FE07EB000A002F3FF456AF002658
:105EF0009DF8423013F01002059200F092800230BB
:105F00005B06119A48BF129B104448BFC018B8F1F5
:105F1000000F049240F39F809DF84020A8EB0008FA
:105F2000C2F380035007069300F19580510640F1BB
:105F300088803EB159463046C84700287EDB069B24
:105F400001351E4630227DE038460BF09CFEC9E745
:105F50000E9B002601208DF8203008AF0DF1210A9C
:105F6000C6E719075ABFC3F300135E012B26DDE90C
:105F70000E23002BBFF663AF524263EB43032D2683
:105F8000CDE90E235BE7002659E700269DF8402067
:105F90000DF13603DB1B6FF386129A458DF8402016
:105FA0007FF65BAFAAEB0303119356E70E9890B30D
:105FB0000DF136030093002108AB10AA0BF0CEFBC5
:105FC000BDF84230BAF1000F03F0EF0343F4F043A1
:105FD00043F010030746ADF84230D6DA00283FF40C
:105FE000DCAE00260DF13603181A9A4680E70E9BA8
:105FF00007293FF6D2AEDFE801F00C04060C0808D2
:106000000C0C1D70C9E61D80C7E6EA17C3E90052F3
:10601000C3E61D60C1E62F4F064607F1050A0520BD
:1060200066E71A0748BF01306AE7104607930692F1
:106030005946C847DDE90623002804DA15B0BDE853
:10604000F08F202243461946002903F1FF33ECDC90
:10605000454498466D1A2EB159463046C847002827
:10606000ECDB01359DF84230DA0601D41B0705D57B
:1060700059463020C8470028E0DB0135059B33B185
:1060800059469DF84300C8470028D7DB0135049ED8
:106090002E4405E059463020C8470028CEDB0135A4
:1060A000731B002BF6DC53463A46594648460BF024
:1060B0009BFB0028C2DB0544A844A8EB0503002B8A
:1060C0007FF76BAE59462020C8470028B6DB013564
:1060D000F3E700BF6C4901014FF04002EFF3118379
:1060E00082F31288BFF36F8F0121044AC2F8401572
:1060F00083F31188BFF36F8F0020704700000841C1
:10610000052370B5144D154E2C780134B4FBF3F310
:1061100003EB8303E41A0BF083FF114A137823B1D6
:1061200056F82430C01A072813D90E4BD3F814118F
:1061300041B10021C3F81411D3F814312C700CB9FB
:10614000012313702C780BF06BFF46F8240001201C
:1061500070BD0020FCE700BF6B3B0021E01A00216E
:106160006A3B00210050004108F068B830B50C4689
:106170000E4985B00291D0F8A4110546CDE9003151
:1061800000F1E0014FF0FF33204608F0ABFE50B9BC
:10619000012384F86430D5F8A03123B1204605B03E
:1061A000BDE83040184705B030BD00BF7F19010180
:1061B00038B50C46114605460BF0E3FB034638B9EB
:1061C000284604490BF0DDFB03460020236038BD60
:1061D0000120FBE77F4C01012DE9F04F01238146AF
:1061E0000569466885B005F55777D7E8EF2F002A8F
:1061F00003D1C7E8E13F0029F7D140F0B880B36888
:10620000B26A043B2632B3EB420F4FEA420126BF8B
:10621000B3FBF1F3B3FA83F300234FF0010428BF7B
:10622000C3F12003013B9C4005F5E07800F0998024
:106230001022082170689A4002EB44020430994011
:106240000932C5F85802063122F003020A44B16A45
:1062500001FA03FC510001EB4C01C5F85C12B16A74
:10626000994000EB4103C5F850320333134423F047
:106270000303C5F84C327368C5F85442C5F8483278
:106280003C4B4046C5E9A763316800F01DFA04465F
:1062900030BBD9F804A0D9F81090DAE9073409F531
:1062A0002E7B012B584608BF103C0DF06AFD0023E1
:1062B000DAF8240030494FF4806201EB802100932A
:1062C0005846234609F0C0FB09F52A702B490DF00A
:1062D0002AFDDAF8140083685C681CB96FF0570473
:1062E000002137E04B46264ADAF81810A04704464A
:1062F0000028F5D1DAF8140083681B69002BEDD073
:106300000122DAF81810984704460028E8D11D4BFE
:106310002846C5F8A0311C4BC5F8A4311B4B03938C
:10632000D5F808320293D5F80032CDE90083D5F8CC
:106330006032B26AD5F8581300F08EF9044600288E
:10634000CED105F1E00008F07BFE0028C5F860031F
:106350000ADB022138460BF049FB204605B0BDE8B8
:10636000F08F6FF00B04BBE76FF01504B8E76FF028
:106370007704F2E7D5190101E8440021BB190101B6
:10638000AF190101556400018D1A01011D1A0101A7
:106390002DE9F84306464FF001090569D0F804805D
:1063A00005F55777D7E8EF3F022B03D1C7E8E29F07
:1063B000002AF7D149D1264805F140010BF073FCC2
:1063C00020B16FF00F042046BDE8F883204805F1A6
:1063D000B0010BF068FC0028F3D12846D5F858131B
:1063E0000BF087FB044670BB7168366948698368A7
:1063F0001B6933B3224689699847044618BB06F5E2
:106400002E764946304609F057FB304605F5E076D2
:1064100000F0D2FC3046D8F800100BF0A7FB044681
:1064200088B90146E82230460BF08EFC21464FF435
:10643000DE7228460BF088FC214638460BF0D6FA6F
:10644000C1E76FF057040221F7E76FF07704BAE76E
:106450007F4C010113B5044640B100230122CDE970
:106460000032074BD0E9091208F0F0FCA36E1B685C
:1064700023B1E06E02B0BDE81040184702B010BD75
:106480007F4C010113B504460846216901F5577197
:10649000D1E8AF1F022910D193B1A0B10121CDE9FC
:1064A00000311346D0E9091208F0D0FC074B98429E
:1064B00008BF6FF00B0002B010BD6FF00F00FAE7DD
:1064C0006FF04C00F7E76FF00100F4E72EF8FFFFE4
:1064D0002DE9F74388461546066906F55773D3E854
:1064E000AF3F022B5FD1136823B96FF0150003B0E3
:1064F000BDE8F0831B78002BF7D0D6F85893B9F19C
:10650000000F33D106F5D4774FF0FF324FF0FF3351
:10651000384609F0A5F830462A6801A9FFF748FE79
:10652000019C1CB938460BF05FFADEE705F1080361
:10653000A3666B6984F86490E366E46360B13846EF
:106540000BF052FA21463046236E2A68FFF70EFE02
:106550000020C8F80040CAE72022296804F1400062
:106560000BF07DFB38460BF03FFAF1E730460F4960
:106570000BF007FA04460028B7D005F1080383663C
:106580006B69C063C366002380F8643020222968E9
:1065900040300BF064FB22460121304600F03EF80B
:1065A0000028D5D0A1E76FF00F00A0E77F4C0101D4
:1065B0002DE9F04F05460E4690460027D0F8A8A0DA
:1065C00085B0AAF5AA74214630460BF06CFBE0B901
:1065D000114BA4F1400B0293DAF810303246CDE9AA
:1065E000008329464FF0FF335846AAF5CA7908F0D0
:1065F00079FC60B97023012203FB079383F86420C0
:10660000DAF80C300BB158469847703417B105B022
:10661000BDE8F08F0127D6E7EF1A01011FB5144638
:1066200090B18AB1012912D10A4B00F1E001029325
:10663000D0F8A431403201934FF0FF33204600934D
:1066400008F050FC04B010BD6FF01500FAE7002010
:10665000F8E700BFEF1A01012DE9F04387B00E46BD
:10666000DDE90E811446DDE910251F4630B329B35C
:10667000DFF850C000F1E009002D08BF65469EB963
:10668000CDE9034400F5CA74204605960DF0A5FA3D
:1066900003ABCDE900432A463B464146484608F055
:1066A000F5FC07B0BDE8F083002241460E92484653
:1066B0002A4607B0BDE8F04308F010BE6FF01500A1
:1066C000EFE700BFB1650001F0B50E46044689B0A2
:1066D00000286FD001230246C3630023D0F898102E
:1066E000364F403040F80C7C42F8301FCDE9013382
:1066F0004FF0FF330093C36D0CF02FFD304A06AB13
:1067000092E8030083E80300184608F0BFFA054644
:10671000D8B904F1340008F099FA0546A8B9394609
:10672000284805AA0CF0EBFC054670B9059B9A6851
:1067300072B10C33D4F89400C4F8A0300BF008FA0E
:10674000C4F8D40030B96FF00B05284609B0F0BD8D
:106750000346EFE7D4F894000BF0FAF9C4F8D80038
:106760000028F0D0D4F88C30D4F8A010C4F8A830A9
:106770000423C4F8AC30C4F8C4300223A362124B23
:10678000B4F89420D4F8D470C4F8B810C4F8D01079
:10679000D4F89010236204F1A403A4F8B020C4F844
:1067A000A470C4F8C010A4F8C820C4F8BC00A66146
:1067B000E362CAE76FF01505C7E700BF874901012B
:1067C000804601019149010134470101034B43F81F
:1067D000302003EBC0035960704700BF5403002111
:1067E000014910220A60704710ED00E072B6404087
:1067F00080F31188BFF36F8F01B5FFF781FC00288C
:1068000002D0BFF34F8F30BFBDE8014062B6BFF387
:106810006F8F704772B6494081F3118801B5FFF759
:106820006FFC002802D0BFF34F8F20BFBDE80140AE
:1068300080F3118862B6704740B2002807DB01235D
:106840004109034A00F01F00834042F8213070479D
:1068500000E100E040B200280CDB012206494309B8
:1068600000F01F008240203341F82320BFF34F8FF8
:10687000BFF36F8F704700BF00E100E0054B420996
:1068800053F82220012300F01F0003FA00F010400B
:10689000704700BF00E100E0D30748BF002140B2CD
:1068A00058BF02310028ACBF00F16040064A4FEAF1
:1068B0004113DBB2ABBF00F5614000F00F0080F880
:1068C00000331354704700BF14ED00E030BFFFF7F2
:1068D000FDBF00BF08B5084B084A23F07F03936053
:1068E000BFF34F8FBFF36F8F08F052FD09F0DAFC52
:1068F00000F0DCF908F08CFD0000000100ED00E084
:10690000094A0A49936809685867996708494B68B2
:1069100043F080534B60002383F31188BFF36F8FE4
:106920009368986F704700BFDC3A0021E04801018E
:1069300000ED00E013498A684FF030001044EFF397
:10694000098C80E8F01F402080F31288BFF36F8F1E
:106950000D4F4FF000664A698A603E60506F002319
:10696000536780F3118802F1300090E8F01F8CF338
:10697000098802F1000004B50BF047F9BDE80440B6
:1069800070470000DC3A002104ED00E01EF0040F27
:106990000CBFEFF30880EFF30980816911F8021C46
:1069A0000229FFD001B50BF013F901BD42F8203CDC
:1069B000009B0B4942F81C3C019B21F0010142F86D
:1069C000183C029B42F8081C42F8143C4FF08073BC
:1069D00042F8043C0023203A02654367704700BF39
:1069E00055110101084B9860436E83F30B881046E4
:1069F00081F30988002163B681F31188BFF36F8F9B
:106A0000002200230AF0A6FBDC3A002101B5EFF3D7
:106A10000580A0F110004FEAC0000449014409C9F3
:106A20009847BDE80140024908470000540300218F
:106A3000356A0001044B99685869884203D00349BC
:106A40004FF080520A607047DC3A002104ED00E00C
:106A5000154B9A6A12F0007F9A6A14BF1E201D20FF
:106A600012F0807F9A6A18BF1F2012F4801F9A6A62
:106A700018BF022012F4002F9A6A18BF212012F4C6
:106A8000802F9A6A18BF222012F4003F9A6A18BF1A
:106A9000232012F4803F9A6A18BF24206FEA024232
:106AA0006FEA12429A62704700ED00E010B5164B93
:106AB0009A6A9C6A12F4805F14BF1722162214F49B
:106AC000006F9C6A18BF1822A40509D59A6B9A6AB0
:106AD000120404D518B19A6A22F400429A6219226B
:106AE000094B986A10F4806F986A18BF1A2210F444
:106AF000807F986A40F47F4098624FF000030CBF9B
:106B000010461B200B7010BD00ED00E010B5154BBA
:106B10000246986A9C6A10F0100F14BF11201020D2
:106B200014F0080F9C6A18BF1220A40709D5586BEF
:106B3000986A000604D51AB19A6A22F080029A6215
:106B40001320084B9A6A12F0010F9A6A18BF14209A
:106B5000D20658BF9A6A9A6A42F0FF029A620023EC
:106B60000B7010BD00ED00E070B5444B06465B684D
:106B700000258AB0C3F3080385F31188BFF36F8F34
:106B800002F07F40B0F17F4F11D102F00C000828D5
:106B90000DD010074CBF0E4601250022033B8DF897
:106BA0000720032B05D8DFE803F01E5C60592E4652
:106BB000F3E700249DF807309BB92022314602A854
:106BC0000BF0B7F8099B002D53D0C3F3080222B98C
:106BD0006FEA53236FEA43230993204602A90AF080
:106BE000F5FF0AB070BD254BDA6A9107E1D4DA6A85
:106BF000002ADEDBDA6A5200DBD55A69B16942F459
:106C000080725A61BFF34F8FBFF36F8F5A6931F8AB
:106C1000021C22F480725A61BFF34F8FBFF36F8F53
:106C20004DF60272914209D09A6AD2B242B1012065
:106C30000DF10701FFF76AFF0446BBE73468B9E7C7
:106C40009A6A12F47F4F05D001200DF10701FFF77A
:106C50002DFFF1E79B6AB3F5803FAAD3FFF7F8FE5B
:106C6000EAE700200DF10701E4E700200DF107013C
:106C7000EDE723F4FF7323F00103ADE700ED00E03F
:106C8000044B5A6942F010025A615A6942F4806218
:106C90005A61704700ED00E0EFF30880EFF30981DF
:106CA00001B57246FFF760FF01BD00BF0023402120
:106CB0000348C21801331E2B82F80013F9D1704724
:106CC00000E100E0002080F31488BFF36F8F002004
:106CD00080F30A8880F30B88FFF746FA00200E49FC
:106CE0000860BFF34F8F0D4880F3088800F03EF82E
:106CF000402080F311880A484FF40061401880F367
:106D00000988EFF314800221084380F31488BFF34D
:106D10006F8FFFF7DFFD000094ED00E0E85D0021DC
:106D2000E8500021BFF34F8F0549064BCA6802F4B3
:106D3000E0621343CB60BFF34F8F00BFFDE700BF9E
:106D400000ED00E00400FA05002318460649D1F8DA
:106D50009020C2F30722934200DB7047C1F89830BD
:106D6000C1F8A0000133F6E700ED00E010B572B6FF
:106D7000002484F31388FFF7E7FF23464FF0FF302A
:106D80000C4A03F120010133102B42F82100F8D105
:106D900000234FF0FF30074A03F160010133102B4D
:106DA00042F82100F8D162B6BFF34F8FBFF36F8F67
:106DB00010BD00BF00E100E0084B9B6883420BD18F
:106DC000EFF3058343B1064B5A6842F080525A6094
:106DD0005A6A22F400425A6209F0F2B9DC3A002100
:106DE00000ED00E01FB5094C094A2346012109487E
:106DF00000F0EAF800230393074B0121E41A01A8ED
:106E00000193029400F0EAF804B010BD00000121E3
:106E10000000002158470101A004002110B50C7AA0
:106E20000B6804F01F0223F01F031A43CB686409A8
:106E300023F01F03054943EA440343F00103C1F86B
:106E40009800C1F89C20C1F8A03010BD00ED00E012
:106E50002DE9F04F0F46144606464FF000084E4D00
:106E600085B0B84580F29480D6F80490B9F1000F4F
:106E700036D0B9F11F0F40F2898019F01F0F40F092
:106E80008580D6F800A01AF01F0F7FD150460AF077
:106E9000C0FE834609EB0A0001380AF0BAFE8345BA
:106EA00074D11BF1160F71D05C456FDDC5F898B039
:106EB000D5F89C10C5F898B0D5F8A03021F01F0186
:106EC00043F01F0AD6E900321A44994202F1FF3911
:106ED0001ED1CA4508D131465FFA8BF00AF0A2FEF6
:106EE00008F101080C36BCE73146C5F898B0D5F872
:106EF0009C3022F01F0203F01F031343C5F89C309F
:106F0000E0B20AF08FFE10F1160F3FD0441CE7E705
:106F1000C5F898B0D5F8A020013B23F01F0302F07C
:106F20001F021343CA453146E0B2C5F8A030E8D08D
:106F30000AF078FE10F1160F28D0C5F898B0D5F8F1
:106F40009C209DF808300AF1FF3A62F304038DF8A3
:106F50000830D5F8A0309DF808205B0863F347128D
:106F60008DF80820D6E900321344009323F01F0364
:106F7000411C5344A3EB0903C8B223F01F030728A5
:106F8000039303D86946FFF749FFBFE76FF0150485
:106F9000204605B0BDE8F08F00ED00E00522044B6F
:106FA000C3F89420BFF34F8FBFF36F8F704700BFBC
:106FB00000ED00E0BFF35F8F0022024BC3F8942086
:106FC000704700BF00ED00E010B5034C2278FFF7DA
:106FD0003FFF207010BD00BF6C3B00212DE9F74F33
:106FE000294D8A4606464FF00008AB46274FD0454C
:106FF0001BDAD6F80490B9F1000F3FD0316808468B
:1070000001910AF006FE0199044609EB01000138DE
:107010000AF0FFFD84424FF014021D4B08D002FB22
:1070200008F36FF015024BF8032003B0BDE8F08FB2
:1070300014F1160F2C60F8D01978A142F5DD02FB8F
:1070400008B0C7F89840C7F89840D7F89C4000F1BE
:107050000801007B64F304000871D7F8A0000C79E4
:10706000400860F347140C71D7F89C1021F01F0101
:107070006960D7F8A01021F01F01296108F101080B
:1070800014350C36B3E700BFF41A002100ED00E020
:107090006C3B002138B50E4D2C68082C15D800200B
:1070A000FFF788FF0B4B0C4AC3F8C020844205D180
:1070B0000A4B00201C70FFF771FF38BD696801EBB7
:1070C0000011FFF7ABFE0130F0E74FF0FF30F4E7BF
:1070D0006447010100ED00E0AAFF44006C3B002181
:1070E000084B70B5C31A0D4607499B100446594317
:1070F000402206480AF04DFE2B4601462046BDE8D8
:10710000704018471C1B0021B76DDBB6F04401012D
:10711000402373B50B4C0093041B0B460D460A49E4
:10712000A41061430646094A09480AF05FFE011EA1
:1071300005DA30462B4602B0BDE87040184702B071
:1071400070BD00BF1C1B0021B76DDBB6591E0101CD
:10715000F044010170B50022012104460520FFF72B
:107160009BFB0F4800F0F2FE0E4B984215D10AF03F
:10717000B2FF26690C4930460AF026FA00280BDBDC
:10718000012535642469084904F11C000AF01CFA41
:10719000002801DB0020E56470BD6FF00400FBE710
:1071A000E17100010000AD0B8C47010101460C2389
:1071B00000224B4370B50848C41840331844D4E942
:1071C0000E56A2630AF0D2FD2DB132462B46BDE821
:1071D00070400248184770BD1C1B0021F04401019B
:1071E00010B1012804D07047034B1B6C5B0701D121
:1071F000FFF7DCBF704700BF1C1B002108B54FF034
:107200004003EFF3118183F31288BFF36F8F114AAC
:10721000136843F002001060DA0708D481F3118884
:10722000BFF36F8FBDE80840012000F07FBE0A4B1E
:10723000D3F80C24D3F80C34D307EFD507480AF061
:1072400095FD81F31188BFF36F8FBDE808400020E2
:10725000FFF7ACBF6C1B0021005000415C1B0021FC
:107260001FB500220123CDE902236B46084ACDF861
:1072700000D0CDF804D00AF0E8FD002805DB4FF47B
:1072800080420023684608F0C1FA05B05DF804FBAF
:10729000771E010110B54FF04003EFF3118483F323
:1072A0001288BFF36F8F074A136823F00201DB07D0
:1072B000116002D401200AF009FF84F31188BFF3A2
:1072C0006F8F10BD6C1B0021C3B21C20014A03FB51
:1072D000002070471C1B00212DE9F04101220746C8
:1072E0003549D1E8EF3FC1E8E02F0028F9D133B9A3
:1072F000324933484B60CB608A600AF078F97B1ED4
:10730000012B28D8012F06D12E4BD3F81C3403F0C3
:107310000303022B1FD00CF094FC0546E8B92A4B5E
:107320001B78D3B102220646264BC3F80823254C0E
:10733000DFF89880D4F81834D4F81824D20316D57E
:1073400003F00303022B01D0012F10D175B386F394
:107350001188BFF36F8FBDE8F0814FF04003EFF36A
:10736000118683F31288BFF36F8F0125DFE7C5B164
:107370003046FFF74FFAD4F81835DBB2012BD9D1DC
:10738000D4F80421002AD5D00022C4F80421D4F86E
:1073900004210222C4F818252022C8F88021A36005
:1073A000C8E70021212008F0EBFEE4E70222054BAC
:1073B000C3F80423CFE700BF181B0021081B0021DE
:1073C000381B002100500041D544002100E100E0BD
:1073D0004FF04003EFF3118283F31288BFF36F8FF6
:1073E000094BD3F8001161B10021D3F80805C3F8A7
:1073F0000011D3F80031C0B282F31188BFF36F8F50
:1074000070476FF00A00F7E7009000410346F0B5BF
:1074100010469C7893F803C04FF04005EFF31182BB
:1074200085F31288BFF36F8F1F7893F801E0E41B98
:1074300004EA0C04A04288BFA0B23E180CEA06067B
:107440003D461E7082F31188BFF36F8F0A188A427F
:1074500017D177450DD14FF04001EFF3118281F341
:107460001288BFF36F8F1978597082F31188BFF3B8
:107470006F8F1B79241AA34222BF0122054B1A6089
:10748000F0BD5E197679013501F8016B05EA0C054E
:10749000DDE700BF00900041DB432DE9F04713F02A
:1074A00001050E46144604D02348FFF7AFFFBDE8A0
:1074B000F087A2B34FF04003EFF3118883F31288F3
:1074C000BFF36F8F0920FFF7D9F907460920FFF7AF
:1074D000C1F988F31188BFF36F8FDFF860A04FF414
:1074E0000079CAF80051DAF8003101232546DFF8A7
:1074F0005080CAF80030C8F88091DAF8003183B1C2
:10750000FFF766FF031EC8F88091F6DB013DADB2C0
:107510007355002DF1D117B10920FFF78DF92046E1
:10752000C5E74FF04003EFF3118083F31288BFF3F8
:107530006F8FFFF76FF9E0E7901B0021009000418B
:1075400000E100E02DE9F0410D461446114F07F12E
:10755000350814B92046BDE8F0814FF0FF334FF0F5
:10756000FF32384608F052F9224629464046FFF7D6
:107570004DFF0646384608F029F93EB94FF0FF3274
:107580004FF0FF33044808F041F9E6E7A41BA4B22A
:107590003544DEE7701B0021801B002138B5012235
:1075A000174C114620460CF072FB0122002104F119
:1075B00010000CF06CFB40F2074323874FF0706320
:1075C00023620C230025012184F824300D4B84F81C
:1075D0003550E586D3F80425092022F00102C3F8CE
:1075E0000425C3F80051D3F80021C3F804132A4638
:1075F0001960FFF751F90920FFF71EF9284638BD39
:10760000701B00210090004110B5FFF7E1FE00283B
:1076100020DB174BC0B293F8222093F8214093F857
:107620002310141B31EA04040DD193F8372093F88A
:10763000364093F83810141B31EA04040BD10122B0
:107640000C4B5A600EE09C180132114084F8250062
:1076500083F8221010BD9C180132114084F83A00C2
:1076600083F837100448BDE8104008F0AFB800BFF9
:10767000701B002100900041801B002130B5406844
:1076800001F01F04057BB2F5001F85B044EA4514E4
:1076900005D1204607F0B6F8002005B030BD002522
:1076A000B2F5800FCDE9025514D1B3F1007F0CBFC4
:1076B000042305238DF8083000232046194602AA2A
:1076C00006F0DCFE1F4B984238D10121204607F01E
:1076D00053F8E1E7B3F1C06F25D0B3F1007F14BFD9
:1076E000012302238DF808308368CB40D907E3D407
:1076F000B2F1A07FE0D1144A14486109012908BF02
:10770000024604F01F03803352F82330DB07D3D442
:107710000DF107052946204606F0DAFF0C4B98428A
:1077200003D00395C8E70323DCE7284607F01EF8DB
:10773000044B9842F5D06FF00B00AEE76FF01500E8
:10774000ABE700BF0000AD0B00058C4100088C4189
:107750000400AD0B10B506F0F9FF044668B906F059
:10776000CDFF084B98420AD12146074806F0AAFFF0
:10777000224605210A20FFF78FF8002010BD6FF088
:107780000400FBE70000AD0B8D77000142090346C2
:1077900070B502D0012A17D070BD0D4E3269516804
:1077A0000029F9D0012503F01F030C689D40002932
:1077B000F2D08A682A4002D030464B6898472CB1F4
:1077C000236821461C46F2E7024EE7E72346F8E726
:1077D00020450101084501012DE9FF41476801F0FD
:1077E0001F053B7B144645EA43150E4628460DF11E
:1077F000030106F06DFF14F4403F80460BD128468C
:1078000007F028F83C4B984503D19DF8030006F09B
:10781000A7FF00200CE000232846194602AACDE964
:10782000023306F02BFE344B984204D06FF0150063
:1078300004B0BDE8F081804503D19DF8030006F057
:107840008FFFA30349D540F206332340B3F5837F6E
:1078500019D00CD8062B17D004D8ABB1022BE5D128
:10786000042311E0B3F5807FE0D101230CE040F266
:107870000222934226D0B3F5407F25D0B3F5007F96
:10788000D4D1022300E007238DF8043084F4803340
:10789000C3F30043E0068DF805304CBF0323C4F367
:1078A000401321038DF8063010D501237A68B340C8
:1078B00093600022284601A906F090FE0E4B9842E4
:1078C000A7D0B3E70523DFE70323DDE7620341BF6A
:1078D00001237A68B340D360EBE7E3064FF000037F
:1078E0004CBF0324C4F340141A46284601A98DF85E
:1078F000044006F0C3FDE1E70000AD0B10B50446FF
:107900000269A2B0C2F880001649002007F0A6F86C
:10791000002201211220FEF7BFFF8422002101A8CE
:1079200064680AF011FA0023012001AA6168043298
:10793000D940C90744BF00FA03F142F8041C21688A
:10794000D940C90748BF00FA03F103F1010348BF5A
:10795000D163102BEAD101A807F098F8002022B0DB
:1079600010BD00BF171F01010123834070B5DC4328
:107970000B4AD2E8EF1F01EA0405C2E8E65F002ED9
:10798000F7D14FF4803282400648C0F80823BFF395
:107990005F8FBFF36F8F0B4214BF0120002070BDBB
:1079A0005C1C00210060014170B40E4922F07F464A
:1079B000D1E90034D01AC31844F10004C1E90034FD
:1079C000A6F50013B3F5400F09D2074B1B681A0A3E
:1079D0001B069C19054B42F10005C3E9004570BC2C
:1079E00008F036BD00100021601C002108100021A5
:1079F000D9B101230D4A8340D2E8EFCF4CEA030C02
:107A0000C2E8E1CF0029F7D14FF48033084A834020
:107A1000C2F80433074BD3E8AF3FC340DB0742BF94
:107A20004FF48002044BC3F8002170475C1C002116
:107A300000600141541C002100E100E0C3B2024893
:107A40009B001844704700BF40610141D0B5044617
:107A5000FFF78AFF4FF0FF364FF0FF370E4B01461E
:107A600003EB04132046C3E902670AF0C7FA4FF498
:107A700080330A4AA340C2F848330123A340DB43C2
:107A8000074AD2E8EF6F1E40C2E8E46F002CF8D13D
:107A9000BDE8D040FFF7ACBFC00F0021006001413E
:107AA000541C00210D4B1868010A0006BFF35F8FBC
:107AB0000B4BD3F80435181841F10001B3F5801FC2
:107AC0000AD2084BD3E90023904271EB030303D29F
:107AD00010F1807041F10001704700BF601C00216F
:107AE00000600141081000212DE9F74F16461F469E
:107AF0000446FFF739FF0090FFF7D4FFB04271EB67
:107B0000070350D2384B301A67EB0101984271F1EC
:107B1000000165D2354B03EB0413D3E902239F42E6
:107B200008BF964249D04FF48039314909FA04F927
:107B3000204626F07F4BC1F848930AF05FFA4FF0D9
:107B4000030A584604F15005AD00ADB205F1824577
:107B500004F5A873274A05F5B0350193DDF804C094
:107B600020F07F4341F82C30C1F84493D1F80485CC
:107B7000A0EB0800033820F07F4090421DD9286810
:107B800060B1D1F80485A8EB0B0020F07F40B0F580
:107B9000000F12D920460AF031FA164A0AEB080003
:107BA0000AF1010ADAE70123134AA340D2E8EF0FF2
:107BB0001843C2E8E10F0029F8D100250B490C98C1
:107BC000230101EB0412C850C2E902670D9B536008
:107BD00020460099FFF70CFF284603B0BDE8F08F60
:107BE0006FF01505F4E700BF01008000C00F002111
:107BF00000600141FDFF7F00541C002173B54FF46C
:107C0000803200254FF0FF304FF0FF31224C234BE4
:107C10000226C4F80833C4F84833214BC4F8085589
:107C2000C3E90201C4F804234FF40032C3E906019A
:107C3000C4F804234FF48022C3E90A01C4F80423E2
:107C4000C3E90E014FF400234FF48002C4F804335B
:107C5000144B0121C4F804631620C3F880212A467E
:107C6000FEF71AFE1620FEF7E7FD01230F22A360A0
:107C700023600D4B28461A600E220C4B1A600C4BE9
:107C80000C4A009301950023FFF72EFF3046FFF7C3
:107C900023FB284602B070BD0060014103000F00C5
:107CA000C00F002100E100E05C1C0021581C0021F5
:107CB000A9790001FFFF7F002DE9F04F344B87B019
:107CC000D3F8042392070BD5D3F8042142B1002244
:107CD000C3F804212F4AD3F8043113680133136029
:107CE0002D4D0024A946DFF8B4A04FF48036284B70
:107CF000A640D3F804331E4227D00123A340DB4320
:107D0000274FD7E8EF2F02EA0301C7E8E01F00285A
:107D1000F7D122FA04F3DB0702D45AF82430A3B1D6
:107D200020460AF06BF9FFF7BDFEEFF3108B72B639
:107D300009EB0412D2E90278CDE90278029B98425D
:107D4000039B994109D28BF310880134042C05F16F
:107D50001005CAD107B0BDE8F08F0020D5E90013A7
:107D60004FF0FF374FF0FF382860C2E90278084A29
:107D700005932046C2F848630AF040F98BF3108857
:107D80000029E2D0059B0093DDE902238847DCE768
:107D900000600141601C0021C00F002140610141D1
:107DA000541C002170B501240C4B186890B1B0FA36
:107DB00080F0C0F11F0004FA00F1C943D3E8EF2FAF
:107DC00002EA0105C3E8E65F002EF7D1C240D20700
:107DD000EBD570BD6FF00B00FBE700BF581C002116
:107DE000431C13B521D0012821DD124A124B9042C9
:107DF000D4BF04461C46FFF755FE104B0E49D3E98D
:107E00000023801AB0F5000F28BF002404448C42E0
:107E100028BF0C4600200A49A2180190009143F1A6
:107E20000003FFF761FE02B010BD034CE3E701243D
:107E3000E1E700BFFEFF7F00FFFF7F000010002191
:107E4000A979000108B5FFF72DFE024B1B68C01A87
:107E500008BD00BF0010002102460B46014807F094
:107E6000FFBB00BF68040021014807F073BC00BFDE
:107E700068040021014902480BF072BF641C002114
:107E800010100021322337B50125ADF8043000234E
:107E90001A2168460E4A8DF80630ADF800508DF86C
:107EA0000230FBF7A9FB044670B901462A460C20B4
:107EB000FEF7F2FC2A4621461120FEF7EDFC2A4689
:107EC00021460820FEF7E8FC204603B030BD00BF85
:107ED0003120010137B500240C4D6FF007034FF43A
:107EE000806228460A49009407F0AEFD09492846F9
:107EF0000BF0ADFE084909480BF015FF224604219E
:107F00001A20FEF7C9FC204603B030BD1010002136
:107F1000E84800211D4A010159200101641C00218B
:107F2000014B00201B681847741C002120B1012858
:107F300006D10448FBF7B2B8034B01201B68184771
:107F4000704700BF217F0001741C0021014B1860A5
:107F500001487047741C00210000AD0B10B50C29BE
:107F6000036914D118680B4C80EAE073A3EBE0734B
:107F700000284FF000004FEA930103F0030304FBD5
:107F800003F3BCBF49425B42C2E9001310BD6FF06E
:107F90008500FBE790D0030038B5064B064C9D6882
:107FA00004222B680449034898472368002BF7D024
:107FB00038BD00BF384501017C1C0021044B186806
:107FC00080EA403080EA504080EA401018607047F4
:107FD0007C1C002108B50020FFF776F90023054935
:107FE000CB60054B4B6003238B60BDE8084009F074
:107FF000FEBA00BF801C00212980000110B50020BE
:10800000FFF762F90649044609F06EFB783002D1A9
:10801000204609F044FB0022024B1A7010BD00BF3D
:10802000801C00216D3B0021012208B5024B1A7013
:1080300008F036FD08BD00BF6D3B002140B20028AE
:1080400008DB01224309044900F01F00824040334D
:1080500041F82320704700BF00E100E040B2002853
:1080600008DB01224309044900F01F00824060330D
:1080700041F82320704700BF00E100E040B2002833
:10808000ABBF00F16040054B00F5614000F00F0010
:10809000ACBF90F80003185C4009704714ED00E095
:1080A00010B5064C064920460BF071FE0022002355
:1080B000204607F069FD002010BD00BFB010002170
:1080C000C580000137B50F4C3921A5682046EB6803
:1080D000984770B90C216A4620462B69984740B9E9
:1080E000094B009A93F90010914202D01A700AF0DD
:1080F00080F84FF4F0120023044807F079FD03B034
:1081000030BD00BF8045010150030021B0100021A7
:10811000014B93F90000704750030021F7B5124E50
:10812000124C134D4FF0FF324FF0FF33304607F043
:108130006DFB4FF4967321780E4859436F58043104
:108140003A46294409F08AFB2378874203F1010368
:1081500003F00F032370E5D04FF0FF3301A8019324
:1081600008F0E8FFDEE700BF8C0400216F3B002130
:10817000901C0021502F0021014807F027BB00BFB1
:108180007C04002108B50D4809F046FB002804DAFC
:10819000783002D06FF0050008BD094A0949074848
:1081A00009F048FB0028F5DB4FF4004200230648A5
:1081B00007F02CFB0028EDDB0020EDE75045010126
:1081C00084020021502F00217C04002138B505468F
:1081D0000C460BF036FDC8B1124913480B780078F5
:1081E0005A1C02F00F02904218D00A704FF4967297
:1081F00053430E482246C45004332946184409F01C
:1082000098FD0B4807F0E2FA204638BD2246294681
:10821000084809F023FB40EAE070F6E74FF0FF3032
:10822000F3E700BF6E3B00216F3B0021901C002153
:108230008C040021502F00210122034B83F81425C8
:1082400002480BF01DBD00BF582F002170340021E3
:10825000084BD3F8082542F00302C3F8082504228E
:10826000C3F81025D3F8042522F00302C3F804252F
:10827000704700BF008001410122014B1A60704726
:10828000008001410122014B1A61704700800141C9
:1082900000487047488001410123054A054953645D
:1082A000D2F84435013B0B60C2F84835704700BF37
:1082B0000080014184340021054B064AD3F848353B
:1082C00012689A421ABF036001200020704700BF65
:1082D0000080014184340021004870474C800141F6
:1082E000014BD3F84C0570470080014119461046F8
:1082F000024BC3E9020108F019BE00BF781100214A
:10830000002238B50B4B0C4D1A700C4B0C4C1A60FC
:108310004FF0FF32C3E901220A4B2B600A4B236066
:10832000FFF740FD0028286102DBFFF73BFD2061DD
:1083300038BD00BF703B0021901100216011002169
:108340007811002151210101ED82000102460B4606
:10835000014809F004BF00BF90110021014B1869CA
:10836000FFF774BB9011002170B5EFF3108672B661
:10837000084C23785BB9084D286909F04BFE686109
:10838000064D286909F046FE01236861237086F3D3
:10839000108870BD703B00219011002178110021E0
:1083A00010B5EFF3108472B600220A4B1A700A4B14
:1083B00059691869891A18BF012109F02DFE074B68
:1083C00059691869003918BF012109F025FE84F3A5
:1083D000108810BD703B0021901100217811002100
:1083E00010B5FFF75FFBBDE81040C21C41F1000370
:1083F000014809F0B4BE00BF7811002102460B46C7
:10840000014809F0ACBE00BF78110021014B18698A
:10841000FFF71CBB78110021014B1869FFF70EBB59
:1084200078110021014BD3E9020170477811002136
:108430002DE9F04F012380460F461646414C85B08A
:10844000D4E8EF2F002A03D1C4E8E13F0029F7D197
:108450000CBF99464FF00009254614D1D4F804A06A
:10846000BAF1FF3F15D1FFF79DFC0028606010DADC
:108470000023C4F804A0D4E8EF2F012A03D1C4E8F4
:10848000E13F0029F7D14FF00309484605B0BDE8A8
:10849000F08F4FF0000BCDE900BB42463B466068D1
:1084A00009F0BCFD824650B1D5E8EF3F012B03D166
:1084B000C5E8E2BF002AF7D14FF00209E5E760689E
:1084C000FFF7BCFA8346EFF31083039372B6FFF70E
:1084D000E9FA023041F10001804577EB0101039B8D
:1084E00018D283F31088013604D06068FFF7A6FA2B
:1084F000C0F880A04FF0FF336068A360FFF7A6FAD2
:108500000023D5E8EF2F012ABFD1C5E8E13F0029BC
:10851000BBD0F6E7721C1EBFF2B242F00042CBF8AD
:108520008020A660C4E9048783F310880223D5E87D
:10853000EF2F012A03D1C5E8E13F0029F7D14FF021
:108540000009A2E760110021042038B5114CD4E8DD
:10855000EF3F022B03D1C4E8E20F002AF7D12546F2
:1085600017D16068FFF772FAA368013305D060681D
:10857000FFF764FA0023C0F880304FF0FF3300208B
:10858000A360D5E8EF3F042B03D1C5E8E20F002A32
:10859000F7D138BD60110021F8B5054603231A4C08
:1085A000D4E8EF2F022A03D1C4E8E13F0029F7D134
:1085B000264627D1EFF3108772B66068FFF73EFAC0
:1085C000EBB243F00043C0F880306068A560FFF76D
:1085D00035FA0568FFF766FAD4E904239042994119
:1085E0000ED2281E18BF012087F310880223D6E878
:1085F000EF2F032A03D1C6E8E13F0029F7D1F8BDE8
:108600000120F1E70420FAE76011002108B503F02A
:1086100005FE00F0FBFF09F071FD01F011FA1148B1
:1086200007F0DAFF09F031FF04F0D2FA01F096FA10
:1086300003F04AFC08F0BAFAFFF7AEFC04F05EFB68
:1086400008F052FA08F098F801F0C8FB09F067FD4D
:1086500008F09AFB03F03CFD02F0E2FFBDE80840A1
:1086600003F012BB384801017FB5154B00260029E5
:1086700014BF0C461C462388CDF80A60ADF80830BC
:10868000A37805468DF80D308DF80E6001F0B8FA2C
:10869000E37821790DF10A0243EA012109F075FF1F
:1086A0009DF809009DF8083000B933B900212A4629
:1086B0000846009602AB0AF014F904B070BD00BF82
:1086C000D84A010108B5074B002914BF0A461A46CB
:1086D0005378117803B919B911460AF061FA0123E8
:1086E000184608BDD44A010137B5EFF3108372B6BE
:1086F000054CD4E9124583F31088CDE9004505F017
:108700006BF803B030BD00BFD0110021034B1868D7
:1087100008B190F8800000F001007047B0340021EB
:1087200008B5FFF7F3FF08B1014B186808BD00BF9B
:10873000B0340021431E072B05D8DFE803F00606FE
:108740000F080F1111110020704701207047054BD1
:108750001B7813F0100F18BF0120704704207047DA
:1087600002207047773B002108B5064B1978064B6D
:10877000C9B21878FFF7DEFF814234BF0020012024
:1087800008BD00BF753B0021783B0021024B1B78E0
:108790000BB108F039BB7047763B002110B5044699
:1087A00001F0D0F9044B2046012219680AF02DF897
:1087B000BDE8104001F072B98834002110B50446BC
:1087C00001F0C0F9054B20461A78054B93F90010CB
:1087D0000AF019F8BDE8104001F060B97D3B0021B6
:1087E000793B0021014A107009F0B0BD783B0021AF
:1087F00038B504460D4601F0A5F9054B2A46214639
:10880000186809F0AAFDBDE8384001F047B900BF7B
:10881000A8340021002203481146034B006809F0E8
:1088200069BF00BFB03400218C340021F7B5204B64
:1088300007461B780E4615467BB3047809F09CFD6D
:10884000631C5B0168BB03F1CE000DB1A83080B2A0
:108850000BF0F2FC08B3FFF787FF0446E8B11DB345
:1088600002F0E4FA08F0E0FA124B38461A7865F3A1
:10887000C3021A7002F008FC0F4B2A461B783146DF
:1088800000930E4B01F0C4FE012E07D109F06FFEDC
:1088900008F0C4F810B902F005F80024204603B02F
:1088A000F0BD03F22E40D0E702F0C8FADAE700BFCD
:1088B000763B0021773B0021733B00217A3B00216E
:1088C00008B5064B1B7833B10BF0E3FC3B2894BF93
:1088D0000020012008BD0120FCE700BF763B0021FD
:1088E00010B5114C09F0CEFD0BF021FC2378012BC3
:1088F00017D90BF0EFFC0D4BD3E9042390429941BB
:108900000FD2012323700BF013FC01F0DBF90128D7
:1089100003D1074B187809F019FDBDE8104001F0AC
:108920009BB800232370F0E7723B0021A8110021BF
:10893000783B0021F0B504460E46154687B0124B31
:108940001822002168461F6809F0FEF902948DF88C
:108950000D608DF80E504CB1EFF3108372B60B4AD8
:10896000D2E91001CDE9040183F3108801F0EAF89F
:10897000384609F075FD6946384609F048FF01F0B0
:108980008DF807B0F0BD00BFA8340021D011002140
:1089900073B5204B04461B780E46002B37D0FFF7EB
:1089A000E3FEA0B31C4A137823F007031370FFF70C
:1089B000ADFE0546FFF7B4FE01F0CEFC002301A892
:1089C000ADF804308DF8063009F0F3FD134A214666
:1089D0000320127801AB01F0EDFC012C05D109F068
:1089E000C6FD08F01BF800B9347002F023FA08F055
:1089F0001BFA3DB901F000FA094B1860FFF790FE31
:108A000001F0AAFCFFF706FF0022064B1A6002B035
:108A100070BD00BF763B0021773B0021743B0021F5
:108A2000B0340021AC3400217FB50220FFF7DAFE1C
:108A300000210846FFF7ACFF18220021684609F024
:108A400083F9064B6946186802F02AFB6946022042
:108A5000FFF7CEFE07B05DF804FB00BFA83400218D
:108A600008B5074B1B7853B1AE200BF0E5FB30B1D6
:108A7000FFF77AFE18B1BDE8084001F0CBBF08BD92
:108A8000763B002110B5114B1B78EBB1FFF76CFE64
:108A9000D0B10F4C20460BF04CFB0BF0FAFBB0F5BD
:108AA000C07F11D32268C009831EB3EBD21F4FEAE7
:108AB000D2108CBF0022A2EBC312226098BF1846CE
:108AC000BDE8104001F0CEBF10BD00BF763B0021D5
:108AD000A434002110B5044601F0E4FEA01E0628CF
:108AE0001DD8DFE800F0041C0A121C141800002135
:108AF000BDE810400846FFF74BBF0122BDE810401B
:108B0000074B00211868FFF791BE0022F6E7BDE889
:108B10001040FFF7B7BFBDE81040FFF7A1BF10BD81
:108B2000A834002110B5023886B0062833D8DFE813
:108B300000F0040E232323343A0061B301220620FF
:108B40001C4B196806B0BDE8104009F05EBE00225B
:108B5000194C0621236883F88020184B186809F007
:108B600088FC174B20681A78164B93F9001006B052
:108B7000BDE8104009F047BE134C1822002168469A
:108B800009F0E2F86946206802F08AFA6A4606218E
:108B9000206809F0E2FB06B010BD012006B0BDE878
:108BA000104009F043BE012006B0BDE8104009F0B6
:108BB00041BE00BF88340021B0340021AC34002114
:108BC0007D3B0021793B0021A83400212DE9F041B3
:108BD0000646174600F0FAFE0546002836D01F4C20
:108BE0002378022B20D02278022AD3B227D14FF04B
:108BF000000801F057FE2378022B0AD10022184BFF
:108C000018481A7008F01AF80BF090FA207809F05A
:108C10009DFB2378072B01D10BF08CFABFB14146A5
:108C20002078FFF77FFF12E001F080FB227880467A
:108C3000022AD3B205D1002EDBD138B9D7E74FF0E5
:108C40000008022BD5D9033B052B03D90025284664
:108C5000BDE8F081002EF9D0CBE700BF783B0021C2
:108C6000723B0021A811002173B50D461E46FFF787
:108C7000ADFF0446F8B10BF053FB08B101F022F848
:108C800003220E4B02201A700D4B1E600026FFF7C8
:108C9000A9FD6B1F584258410DF107018DF807607F
:108CA000FFF776FE9DF807302BB101F0FBFD314652
:108CB0003046FFF76DFE204602B070BD743B0021C8
:108CC00088340021F0B5644A0446137887B01070E8
:108CD00003F0FF01A3B9614D002865D001F0EEF962
:108CE00001225F4B1A7008F069F82878FFF722FD1F
:108CF000002857D0844255D32B78584B18787CE005
:108D0000002855D1564B1A78002A4BD0534D187075
:108D10002B78022B02D101F009FB044601F06CFA1A
:108D200008F072F807F088FD0221012000F04EFEE5
:108D30002B78013B052B35D8DFE803F0030910231E
:108D40002323002007B0BDE8F040FFF74BBD4CB334
:108D5000052007B0BDE8F040FFF720BD0220FFF777
:108D600041FD00223F4C0421236883F880203E4BC4
:108D7000186809F07EFB206807B0BDE8F040FFF7F7
:108D80001DBD0220FFF72EFD18220021684608F0C5
:108D9000DBFF364B6946186802F082F96946042009
:108DA000FFF726FD07B0F0BD07F046FD2B78F9E789
:108DB0002A4F3878FFF7BEFC814223D38442F1D298
:108DC00001213D780846EDB200F000FE022D2CD1C5
:108DD00001F0ACFA064601F065FD6EB30620FFF720
:108DE000DDFC31462846FFF79DFE3978C9B20846BA
:108DF000FFF7A0FC8442D5D3084607B0BDE8F04099
:108E0000FFF768BE8442CDD33B78194A0229127815
:108E1000DBB27FF472AF042C7FF46FAF042B7FF4CE
:108E20006CAF032A7FF469AFBCE701F03BFD042D72
:108E30000BD003D8032D04D00026D2E76B1F012BE3
:108E4000FAD80220FFF7CEFCF6E70A4B1A786FF348
:108E500004121A70F5E700BF753B0021783B002132
:108E6000763B0021B0340021AC340021A83400212D
:108E7000713B0021773B002170B500200BF05FF9BA
:108E8000EFF3108172B6184A93680133936081F34F
:108E900010880BF04DF900200BF051F9044600F05A
:108EA00011FF01281CD102200BF0F5F90BF012FA8A
:108EB0000E4D044628460E4607F0C0FE0123A0349E
:108EC0002B770B4B46F1000628462B62C5E904467A
:108ED00007F07CFE074A13780133DBB2137001E020
:108EE000002CE3D170BD00BFD0110021A8110021DA
:108EF000E1880001723B002108B5EFF3108172B6E2
:108F0000124AD3680133D36081F3108800F0DAFE8F
:108F100001280FD0022813D000200BF010F998B1CF
:108F200000220B4B0B481A7007F088FEBDE8084082
:108F30000BF0F9B80022064B06481A7007F07EFEC7
:108F400002200BF0A8F9E7E708BD00BFD01100210F
:108F5000723B0021A81100212DE9F041524D01463C
:108F60002B79042B54D8DFE803F0032407532200A5
:108F700001240126274601E00424002622464A480F
:108F800009F0D8FB10B33EB13946474802F084FCE3
:108F9000064628BB022F0ED000F00AFE022C3FD05E
:108FA000042C6FD0012C6FD1EC7C01343AE0052405
:108FB000E3E70224DDE73D4A3846137843F0010336
:108FC00013700BF068F909F0E9FBE5E700F0F0FD3C
:108FD00020B12B6893F90030002BDFDC012607E07D
:108FE00000F0E6FD20B12B6893F90030002BD5DCB2
:108FF00001F058FC00210846FFF7CAFC2C4B1878FA
:1090000009F0A4F92B685B7803F00703022B03D166
:1090100000242046BDE8F0813046FFF7BFFBF7E7AC
:109020002C7D0234E4B2214E3378580719D4DFF88E
:109030008480D8F8003018782B6801305B784001C4
:10904000990654BFA03000F530700BF0F5F80746D4
:10905000E0B13378D8F8000043F00403337009F02E
:1090600009FA3378DA07D4D52B685B789B06D0D51C
:1090700000F0AEFD0028CCD00B4809F096FB0E4B5B
:109080001860C6E76C7D90E70024CCE701F00AFC8D
:1090900039463846FFF77CFC084B01221968052049
:1090A00009F0B3FBDDE700BF8C340021773B0021E2
:1090B000783B0021B0340021AC34002188340021F9
:1090C00013B500240E4A137823F007031370FFF73B
:1090D000A1FB0C4B187809F039F901A8ADF8044050
:1090E0008DF8064009F065FA074A2146127801AB6F
:1090F000032001F05FF90220FFF750FB02B010BD22
:10910000773B0021783B0021743B00212DE9F0479B
:10911000664EDFF89C81356809F03EF9654B664F75
:1091200018702B782B4413F8010C09F0DEF980003D
:10913000FF2828BFFF20614B06221870D8F80030A6
:10914000404619780131C9B209F0F4FA8146002885
:1091500046D03B78D80743D40321404602F09CFB1D
:10916000044680B94FF408700BF066F8002839D037
:109170003B7823F0050343F005033B7009F00EFB39
:10918000306809F077F93B78D9072DD5EFF31082D5
:1091900072B64B4C63680133636082F3108809F048
:1091A00003F902460B46EFF3108172B6C4E91223AD
:1091B00081F310880AF0B9FF3B78DA0726D4414BD7
:1091C000187809F0C3F86B7803F00703022B61D01D
:1091D0000024336883F8804000F00EFE306040E0E9
:1091E0000424D0E70524CEE700F0E2FC8246002804
:1091F000CCD1344B187809F0A9F850465146FFF706
:10920000C7FB2046BDE8F047FFF7C8BAB9F1000F29
:10921000D5D0D8F800305B789B06D0D500F0D8FCCC
:109220000028CCD0284801F017FF214809F0BDFAEA
:10923000264F38600028C2D00320FFF7D3FA244B12
:109240001B78032B16D9386801F01EFFC02101F0EE
:10925000AFFA044638BB3368022083F88040FFF73A
:10926000C1FA20462146FFF793FB2846BDE8F047A8
:10927000FFF7A4BA0421022007F0E6FB38B9EFF3A8
:10928000108272B6A3690133A36182F310880024AF
:109290003368E1E700F08CFC0146002898D1BDE876
:1092A000F047FFF775BBBDE8F08700BFB034002181
:1092B0008C340021793B0021773B00217D3B00214C
:1092C000D0110021783B0021DD4A0101AC3400219E
:1092D000753B002110B5064B1C68204600F09EFB34
:1092E00020B12046BDE8104009F02FB810BD00BFE6
:1092F000A834002110B5044C206809F0BFF820689C
:10930000BDE8104004F062BAAC34002138B5002545
:10931000074B02201C6884F88050FFF763FA284648
:109320002946FFF735FB2046BDE83840FFF746BA2F
:10933000B034002170B509F037F802460B46EFF360
:10934000108172B6254EC6E90E2381F31088244C95
:109350002448217811F0080F10D06FF30411217008
:10936000016809784901D431541A63F10005EFF31B
:10937000108372B6C6E90C4583F31088006808F0C4
:10938000FBFF0446D0B10620FFF72CFAFFF7BEF929
:109390000446FFF7C5F900F0DFFF01F04BFD07F0D1
:1093A00043FD01F0B5F8BCB900F026FD0E4B186086
:1093B000FFF7B6F9BDE8704000F0CEBF0220FFF71E
:1093C00011FA21462046FFF7E3FA224621462046BD
:1093D000BDE87040FFF7AEBA70BD00BFD0110021EC
:1093E000773B0021A8340021B0340021F0B53C4B7C
:1093F0003C4D18682C688DB0002836D0ACB363782B
:1094000003F00703022B30D1837803F03003202BC5
:1094100030D101786B4601310322C9B209F06AF9F3
:1094200018B3217806AB013103222046C9B209F0F6
:1094300061F9069EB37803F03003202B15D19DF817
:109440000940FF2C11D09DF81F10009BFF290CD064
:109450009DF812209DF8297038B1181905D0BA422C
:1094600003D1314408F03EFC70B10DB0BDE8F040CE
:10947000FFF7DABA2378052BF7D1A3789B06F4D44B
:10948000E278C3789A42F0D108F08EFF02460B468C
:10949000EFF3108172B61448C0E9102381F31088ED
:1094A0002C680025022084F88050FFF79BF929469C
:1094B0002846FFF76DFA08F06FFF2378054623442E
:1094C00013F8010C09F011F88200FF2A28BFFF22CF
:1094D00029462046D2B20DB0BDE8F040FFF72ABAC7
:1094E000A8340021B0340021D011002138B508F093
:1094F0005BFF0D46044601F0A1FC07F095FCEFF37D
:10950000108372B6084AC2E90A4583F31088074BF4
:109510001B78032B07D104200AF0BDFE044B1A78F8
:109520006FF304121A7038BDD0110021713B002175
:10953000773B00217FB5EFF3108172B60E4A1368B6
:109540000133136081F310880220FFF74BF90021EB
:109550000846FFF71DFA18220021684608F0F4FBC0
:10956000064B6946186801F09BFD69460120FFF72C
:109570003FF907B05DF804FBD0110021A8340021A9
:1095800038B5204D204C2B788342236838BF287093
:109590007F2B16D90AF07DFEB0F5C07F31D322684B
:1095A000C009831EB3EBD21F4FEAD2108CBF00223A
:1095B000A2EBC312226098BF1846BDE8384001F004
:1095C00051BA0AF0B8FD044618B1BDE83840FFF7BB
:1095D00059BA00F015FB08F0C6FF0220FFF702F9A8
:1095E00021462046FFF7D4F9287808F08FFF04467B
:1095F00000F0A8FA204609F017F9BDE8384000F05D
:109600004DBA38BD7E3B0021A434002108B50023AB
:10961000074A08481370084A1370084A13700AF082
:1096200060FE08F099FFBDE8084009F0B0B800BF3F
:10963000783B0021A8110021763B0021723B0021DC
:1096400038B5054608F01BFF0446F0B1104B1A78F8
:10965000BAB11B78012B14D0012228461146FFF71E
:10966000B5FA054670B10B4B1B782BB10120FFF703
:10967000B9F801F0ABF920B9FFF788F80020FFF73F
:10968000B1F8254600F0E8F92C46204638BD00BF69
:10969000783B0021763B00212DE9F04106460F463C
:1096A0001546984608F0EBFE0446C8B10E4B1A78F2
:1096B000022A0DD01B78032B0AD0FFF701F90446CC
:1096C00030B1424639463046069BFFF7CDFA044694
:1096D0000DB12046A84700F0BFF92046BDE8F08153
:1096E000002DFAD0A847F8E7783B00212DE9F04794
:1096F000DDF820800746894616461C4608F06CFEB9
:109700000546002861D021463046324A08F0A4FEC2
:1097100030B1012249463846FFF758FA50B90025C2
:10972000B8F1000F01D02846C04700F095F928464F
:10973000BDE8F087204601F08FFC21463046254ADF
:1097400008F08CFE0028EAD000F0C2FADFF888A00A
:1097500067798AF800000AF0E3FD18B100F0B8FA62
:10976000032830D07B00DBB21C4A13709AF800301B
:109770001B4AD91E4B424B41117863F304111170FF
:109780006079C0F10500C0B2FFF72CF8154B628874
:109790001E60154BA9F105001A80227941429A708A
:1097A000414162793046FFF741F8A3790646002B24
:1097B000B6D00028B4D10220FFF714F83146304665
:1097C000FFF7E6F8ABE70223CEE7B8F1000FAED023
:1097D000C047ACE75B230101713B0021733B0021D3
:1097E000773B0021A83400217A3B002130B587B0B7
:1097F000044608F0F1FD0546F8B1114B1B78062B25
:1098000019D1104B22681B689A4214D16FF00103E2
:10981000002204210120FFF727FA182200216846C0
:1098200008F092FA6946206801F03AFC6A46052180
:10983000206808F0F7FF00F00FF9284607B030BDA8
:10984000783B0021A834002170B506460D4608F08B
:10985000C3FD0446A8B1012230461146FFF7B6F910
:10986000044660B1802D38BF80250022064B0720BA
:109870001D60064B1A70FEF7B5FFFFF703F900F005
:10988000EBF8204670BD00BFA43400217E3B0021D0
:1098900010B5044608F0A0FD012384F8803068B1BB
:1098A000074B1B7843B100F047FD28B1054B1C6006
:1098B000FEF736FF00F050FD00F0CEF8012010BD9D
:1098C000763B0021B034002138B5054608F084FD10
:1098D0000446B0B10C4B1B781BB100F091F908F0B5
:1098E00042FE0A4B1B78022B09D101222946104661
:1098F000FFF76CF918B100210846FFF749F800F0AE
:10990000ABF8204638BD00BF763B0021783B0021F4
:1099100010B508F061FD044630B1044B1B780BB163
:1099200008F023FE00F098F8204610BD763B002199
:1099300010B508F051FD044668B1094B1B7803F0DF
:10994000FF0433B1074B1B78022B06D100F01EFE3B
:10995000044600F081F8204610BD0024F9E700BF5E
:10996000763B0021783B002138B5054600F038FEF3
:1099700010B90024204638BD08F02EFD0028F8D08C
:10998000094B1B781BB9002400F066F8F2E700F0E1
:1099900027FE0028F7D000F031FE04460028FAD058
:1099A00008F0FAFC2870EFE7763B002110B508F0CC
:1099B00013FD044630B1044B1B780BB100F07EFC64
:1099C00000F04AF8204610BD763B0021F8B5054668
:1099D0000E460024064F57F8043B33B13146284663
:1099E000984718B10134052CF5D10120F8BD00BF0E
:1099F00058480101F8B505460E460024064F57F8B1
:109A0000043B33B131462846984718B10134032C42
:109A1000F5D10120F8BD00BF4C48010170B50546E5
:109A20000024064E56F8043B2BB12846984718B13F
:109A30000134032CF6D1012070BD00BF4048010164
:109A40000022034B1A70FF22024B1A70704700BFAE
:109A5000803B00217F3B002170B50F4EEFF3108556
:109A600072B63378013B13F0FF0411D107F07AF896
:109A700020B185F3108807F065F8EFE7012108466B
:109A800006F0E2FF10B1082008F045FBFEF788FC65
:109A9000347085F3108870BD803B0021FF22014B9C
:109AA0001A7070477F3B00210D494B68C3F30803D0
:109AB0009BB1DBB2A3F11000C2B200064BBF03F0B2
:109AC0000F0302F16043043B03F561434ABFC91829
:109AD00093F80003087E400970474FF0FF3070474D
:109AE00000ED00E038B50446FFF7DEFF431C08BF79
:109AF0007F20EFF3108572B6104A3CB913782BB172
:109B00000F4B197843B249B2994206D11478013407
:109B1000E4B2012C147004D0012485F3108820468F
:109B200038BDFEF721FC2146204606F08DFF0028B7
:109B3000F2D0082008F0F1FAEEE700BF803B0021E8
:109B40007F3B002108B5FFF7AFFF431C08BF7F2014
:109B5000014B40B2187008BD7F3B00215A2310B55D
:109B6000124C0222FF21601C637408F0EDF8FE2302
:109B7000E370FF2308220021601D237108F0E4F840
:109B800042F62D52E2810222227440F203426282A6
:109B900040F20352A2820422A275C02200236283F3
:109BA0004FF420726373A283237610BD4C3B0021D7
:109BB000024B587C00F00100704700BF4C3B002175
:109BC000024B5A7C60F300025A7470474C3B0021F0
:109BD000024B587CC0F34000704700BF4C3B002153
:109BE000024B587CC0F38000704700BF4C3B002103
:109BF000024B5A7C60F382025A7470474C3B00213E
:109C0000014B587CC00870474C3B0021024B5A7CEA
:109C100060F3C7025A7470474C3B0021014B93F923
:109C2000000070474C3B0021014B1870704700BF8B
:109C30004C3B0021004870474D3B00210146022269
:109C4000014808F076B800BF4D3B0021004870473E
:109C5000513B002101460822014808F06AB800BFC4
:109C6000513B0021004870474F3B00210146022232
:109C7000014808F05EB800BF4F3B00210378014661
:109C8000012B0AD003D9023B012B0DD970470022CA
:109C9000074B5A7342789A737047054A5373837817
:109CA000D373C378137470470422024808F041B894
:109CB0004C3B0021593B00210422014908F039B8EE
:109CC000593B0021014B987C704700BF4C3B002161
:109CD000014BD87C704700BF4C3B0021034608284D
:109CE0009BBF024A01200020137570474C3B0021A6
:109CF000014B187D704700BF4C3B002103460828EC
:109D00009BBF024A01200020537570474C3B002145
:109D1000014B587D704700BF4C3B0021014B9875AB
:109D2000704700BF4C3B0021014B987D704700BF3E
:109D30004C3B0021014B187E704700BF4C3B00217B
:109D400002289DBF024B187601200020704700BFFB
:109D50004C3B0021014B588B704700BF4C3B00210E
:109D6000014B5883704700BF4C3B0021014B988B3F
:109D7000704700BF4C3B0021014B9883704700BFE8
:109D80004C3B002138B50446CD25FEF7C1F904FB54
:109D900004F20E4B04FB02F1634305FB01330C4953
:109DA00001FB02330B4A02FB00330B4A1A4482EADE
:109DB000E273A3EBE27303F500139B0D002AB8BF17
:109DC0005B425BB2181B40B238BD00BF0AD76300CC
:109DD000CC5DFFFFCDCCFCFF333333FE00230121EC
:109DE000044A0133102B82F8801002F18102F8D16D
:109DF000704700BF813B0021074A0023114692F8BB
:109E0000800018B103EBC313C81870470133102B3F
:109E100002F18102F3D17047813B002130B5044645
:109E2000044D0FCD0FC40FCD0FC495E80F0084E88B
:109E30000F0030BDF011002110B5074C23784BB94D
:109E400001211420054A08F05AF9142008F063F99A
:109E50000123237010BD00BF91430021292501017A
:109E600008B5FAF75BFD0122054B1A61D3F8002211
:109E700022F48032C3F80022BDE8084001F0BEB8E9
:109E800000C0004110B50021042001F049F8002372
:109E9000064CC4F80032FFF7E3FF4FF4C023C4F8C8
:109EA000083301232363236110BD00BF00800041FC
:109EB00008B50021042001F033F8FFF7D1FF4FF47B
:109EC0000042054BC3F808230022C3F800220122F8
:109ED0009A621A6108BD00BF0080004110B5094CAC
:109EE000D4F8003223F48033C4F8003208B1FAF712
:109EF00015FDFAF70DFD01F081F808F03FFB012395
:109F0000236110BD00C0004110B5094C207808F055
:109F100013FB2078FFF7E2FF064A074BC2F808332D
:109F20000023C2F80032054A1371537010BD00BF00
:109F30009243002100800041130006089343002152
:109F4000202310B51149D1F85025D2B20AB1013BF6
:109F5000F9D108F013FB08F0F5FAFAF7DFFC0C4A28
:109F600043F21340D2F80032082423F48033C2F8BD
:109F700000320023074A05491370C1F80803064858
:109F8000C0F80843C1F80032537010BD0080004192
:109F900000C00041934300210040014108B500F09A
:109FA000E7FF30B90122034B1A61C3F81001D3F85F
:109FB000103108BD0080004108B500210748FAF7BC
:109FC000A1FC50B9064AD2F8003243F48033C2F8FB
:109FD0000032BDE8084001F007B808BDAC480101F7
:109FE00000C0004113B501A8FFF766FE9DF805000B
:109FF0009DF8044008F088FA9DF807309DF8062087
:10A000001B0643EA02432343034A43EA0023C2F800
:10A010006C3602B010BD00BF0080004100EB800034
:10A0200000F62E10B0F5166F38BFA0F63810044BAE
:10A0300034BF40F48070A0F51660C3F8080570477F
:10A040000080004110B50021042000F069FF43F2B8
:10A0500002030B4CC4F80833FAF760FC00F0CEFFA3
:10A06000084BD3F8002222F48032C3F800220122E8
:10A070001A610023044AC4F80032537010BD00BFB7
:10A080000080004100C00041934300210021064BA5
:10A0900007221970054B06481960064B1970064BCC
:10A0A000196007F051BE00BF9A430021B834002167
:10A0B0009343002192430021B43400217FB5012154
:10A0C000474B484C1961D3F80425474822F0030256
:10A0D000C3F80425D3F8082542F00302C3F8082585
:10A0E0000422C3F810250023C4F8FC3FC4F8FC1F69
:10A0F000DA0002F1FF7202F58032D2F80013013368
:10A100000140A14202BFD2F80013D2F804230A6032
:10A11000202BEDD10F23C4F81035344B0021D3F898
:10A1200084300D22C4F88835684607F00DFE0223FE
:10A130008DF805307F23082601258DF808309DF81D
:10A1400007309DF801205B0743EA02239DF80220B7
:10A150008DF8006043EA02439DF803208DF8065015
:10A1600043EA02539DF8042043EA825343F0C0635C
:10A170003343C4F814359DF809309DF80C20B340E2
:10A1800043EA42639DF80A2043EA02439DF80B200C
:10A1900043EA026343F07F03C4F8183540F2022318
:10A1A000C4F85056C4F83435114BC4F8383500F0B3
:10A1B00049FEFFF717FFFFF723FDFFF72FFF08F01A
:10A1C000C3F8304607F0A7FF00210720FAF7B8FBD5
:10A1D0000320FAF7A9FB074B1D7004B070BD00BF48
:10A1E00000C000410080004100F0FFFF0000FF01BF
:10A1F000211001009A43002110B52A4C2378002B2E
:10A2000040D00022284BC3F8FC2F2378033B082BB7
:10A2100008D8DFE803F00507383F4438070738005F
:10A2200008F090F900F02CFE0820FDF717FF082237
:10A230001E4BC3F808230022C3F80C21D3F80C31BD
:10A240001B4BD3F8002222F44032C3F80022012233
:10A250001A61A3F58043C3F8FC2FFAF75FFBFAF706
:10A2600057FBFAF773FB2378012B04D00320FAF78E
:10A270005BFBFAF73BFB00230E4A2370137053700D
:10A280005371137110BD0021042000F049FE00F04D
:10A29000B5FEC7E7084B187808F04EF9F7E700F06D
:10A2A00091FEBFE79A430021008000410040014138
:10A2B00000C00041934300219243002110B51A4C85
:10A2C0002378033BDBB2082B09D8012040F213129C
:10A2D00000FA03F3134203D113F02C0F1ED110BD6B
:10A2E000002009F02CFF01280BD00228F7D122789A
:10A2F000042AD3B20CD8022BF1D9BDE8104009F0E2
:10A300001CBF002009F01DFFBDE8104009F009BF87
:10A31000072BE4D1BDE8104009F010BF09F00FFF92
:10A320000128DCD1EEE700BF9A430021014B1878E9
:10A33000704700BF93430021054B1B78032BDAB213
:10A3400001D0052A02D1034B58787047002070478E
:10A350009A43002193430021104A10B50346106030
:10A36000C8B10F4A5078B0B10E4909780329CCB270
:10A3700012D0052C0C4918BF0021002454700B4A40
:10A38000C2F80435C2F80012D2F85035DBB2022B05
:10A3900001D10123936010BD0549EEE7B4340021DB
:10A3A000934300219A4300211000180000800041CF
:10A3B00050001800F8B51F464A4B0E46D3F810114E
:10A3C00021B10021C3F81011D3F810310121032469
:10A3D000454B464D1961464B1C700024C2F34003A7
:10A3E000AC716C702C706C71AB7097F900C03B78DD
:10A3F000A445C8BF0C463F49C8BF033BC1F8004550
:10A40000384CC8BFDBB2C4F80C353B4B1968002987
:10A410005AD01B68C4F80435384BC4F80032002306
:10A42000C000C4F86005C4F83431D4F83411C4F85D
:10A430002831D4F82811C4F83031D4F83011012E65
:10A44000C4F80431D4F8041105BFC4F80031D4F8BD
:10A45000003143F2024443F2034412F0010037D0CA
:10A460000C2000F0D3FD00221E4BC3F86821D3F866
:10A470006831234BC3F80C21D3F80C210822C3F810
:10A480000423184B0021C3F804431E48FAF73AFA94
:10A49000154B10BBD3F84045781CFAF74BFA1A4B12
:10A4A0001C60FFF70BFF104A3146D2F8003204203F
:10A4B00043F48033C2F80032012200F0F9FC86B97F
:10A4C000BDE8F840FFF76ABD01236B700F4BA4E7AE
:10A4D00009F035FE0028C3D1D3E70124C3F8404575
:10A4E000DAE7F8BD0080004100C00041934300213D
:10A4F0009A43002100400041B4340021500018006C
:10A5000000400141AC480101B83400215000100066
:10A51000052210B5184B19491A700868184A194BCA
:10A5200028B3002050700A68C3F80425164A002496
:10A53000C3F80022C3F80441D3F80421C3F8304122
:10A54000D3F83021C3F83441D3F8342143F2020266
:10A55000C3F80423FFF730FDFFF7B0FE2246214683
:10A56000042000F0A5FCBDE81040FFF717BD012155
:10A5700051704FF01012DAE79A430021B4340021F1
:10A5800093430021008000411000180038B5104BA3
:10A590001B78032B1AD10F4CD4F85035023BDBB299
:10A5A000012B13D80C4DAB793BB90C4B4FF47070A9
:10A5B00043F0010398470123AB7100230120C4F845
:10A5C0001C31D4F81C316061687138BD0020FCE793
:10A5D0009A4300210080004193430021004701017C
:10A5E000014B5879704700BF93430021024BD3F8C9
:10A5F000480500F07F00704700800041034BD3F80E
:10A600001C01003818BF0120704700BF00800041C6
:10A61000F8B515465B4A0E46D2F8101107469DF86C
:10A6200018C021B10021C2F81011D2F81021012464
:10A630000621554A55481461554A11700021C170D0
:10A6400093F900E0534A8E45C8BF214615701A7829
:10A65000514CC8BF033AC4F80015C8BFD2B204F5C4
:10A660008044C4F80C25C4F804756DB34B4A012E20
:10A67000C4F800224FF00002C4F86C21D4F86C1129
:10A6800053D1C4F80021D4F80021454C00213D4AA3
:10A690001CF0020FC2F84811D2F848711BBFC2F873
:10A6A0004411D2F8441144F4802444F4C0241CF032
:10A6B000040F18D00021C2F80011D2F800210122A5
:10A6C00044F00104C2700EE04FF4A012012EC4F851
:10A6D0000022C4F86C51D4F86C2129D1C4F800517F
:10A6E000D4F800212E4C0027264A44F00204C2F878
:10A6F0000471D2F804110771C2F80443581CFAF728
:10A7000019F955B327492848FAF7FCF8014690B9DA
:10A710002448FAF7F1F81C4AD2F8003243F48033A7
:10A72000C2F8003200F060FC0BE04FF00064ADE7CF
:10A730004FF00064D7E739461A48FAF7DDF80028E9
:10A74000E9D0FFF7BBFD04200022314600F0B0FB4A
:10A75000B6B9BDE8F840FFF721BC29461348FAF71F
:10A76000CBF818B1FFF7AAFD0020EDE7064AD2F8B2
:10A77000003243F48033C2F8003200F035FCF1E7D8
:10A78000F8BD00BF0080004100C00041934300219C
:10A790009A430021924300210040004100381400F8
:10A7A0000100000884480101AC48010198480101FA
:10A7B0000722364B3F292DE9F041354D1A7004D858
:10A7C00001232B610020BDE8F081324B4FF00008DF
:10A7D0001E684FF4A013304C0E44A6F13F07C5F895
:10A7E0004475C4F80405C4F80032C4F85481D4F8A0
:10A7F00054312A4B14221846414607F0A5FA052287
:10A800004146173E45600274C660FAF775F8D5F800
:10A81000003298BB43F48033C5F80032FFF74EFD99
:10A820000023C4F86C31D4F86C21C4F80431D4F896
:10A83000043100F0B3FB0122154B174CDA64D3F856
:10A840004C25D3F84035974203D99F4219D99342FA
:10A8500017D307F093FED4F85035DBB2092B10D094
:10A86000D4F854316BB900F0ADFBFAF751F8012080
:10A87000FAF75AF80122064B1A61A3E743F40033B2
:10A88000CAE7074B0120C4F804339CE79A43002130
:10A8900000C00041B834002100800041BC340021D8
:10A8A00002000008F8B5414C2378023B092B0CD874
:10A8B000DFE803F0050C2A2E4A5F750B0B78102297
:10A8C0003B4BC3F808230C232370F8BD07F03AFE76
:10A8D00043F21345FAF722F800210826354B364893
:10A8E000D3F8002222F48032C3F80022304A0170EB
:10A8F000C2F80853314DC5F80863C2F80012417020
:10A90000012111611961DEE701222A4B1A61DAE7A0
:10A910000021042000F004FB43F20203244DC5F89B
:10A920000833F9F7FBFF00F069FB224B2249D3F80B
:10A93000002222F48032C3F800220022C5F800224F
:10A940004A7001222A61E1E700261D4F184D387830
:10A9500007F0F2FDC5F800623878FFF7BFFA194B2F
:10A96000C5F80833144B1E715E7001232B632B61F5
:10A97000A9E700F027FB00230D4DC5F80032F9F7D9
:10A98000C7FF0C4BD3F8002222F44032C3F8002258
:10A9900001221A610C4BC5F808332A6193E7FFF7CF
:10A9A00071FA90E7FFF784FA8DE700BF9A43002120
:10A9B0000080004100C0004193430021004001415C
:10A9C0009243002113000608020000080E4B19787C
:10A9D0000429CAB205D00C2A06D0022A12D10120BD
:10A9E00070470121094A116102221A700022084BA6
:10A9F000C3F81021D3F8102101221A611022C3F8E4
:10AA00000423ECE7002070479A43002100C0004176
:10AA1000008000410822114B10B51A7000244FF439
:10AA200020520F4BC3F80022C3F84841D3F8482105
:10AA3000C3F84441D3F844214FF4C022C3F804239F
:10AA4000FFF7BAFAFFF73AFC22462146042000F04D
:10AA50002FFABDE81040FFF7A1BA00BF9A430021CA
:10AA6000008000410B22104B10B51A7000244FF4E7
:10AA700000420E4B0138C0F31400C3F86406C3F85B
:10AA80000022C3F83C41D3F83C11C3F80423FFF77C
:10AA900093FAFFF713FC22462146042000F008FA3F
:10AAA000BDE81040FFF77ABA9A43002100800041C8
:10AAB00070B507F0E7FCA84BA84CD3F8042312F0BC
:10AAC000080F0DD0D4F8682152B10022C4F86821D3
:10AAD000D4F86811C3F80C21D3F80C31FEF7CCF987
:10AAE000D4F80433DD0715D5D4F8003193B1002331
:10AAF000C4F80031D4F800310123C4F8083307F05A
:10AB00003CFD974B1B78062B04D1964BDB780BB1A1
:10AB100007F08BFC914BD3F80423900718D5D3F89A
:10AB20000421AAB10022C3F80421D3F804218C4ADD
:10AB30001278033A042A0BD8DFE812F005000A0065
:10AB4000D000D600DF00874B9B780BB1FEF7D4F91D
:10AB5000824CD4F80433590519D5D4F82831B3B14F
:10AB600000230122C4F82831D4F828317D4B1A7013
:10AB7000D4F834315BB9D4F86055C5F3C70528461D
:10AB8000FEF7EAF985423CBFC000C4F86005734B8C
:10AB9000D3F80423920410D5D3F834216AB10022EB
:10ABA0006F4CC3F83421D3F834312378032BDAB255
:10ABB00000F0A980052A00F0B080684BD3F8042388
:10ABC000D60410D5D3F830216AB10022644CC3F802
:10ABD0003021D3F830312378032BDAB200F0A4808F
:10ABE000052A00F0AB805D4CD4F804331D0110D56C
:10ABF000D4F86C316BB10026594DC4F86C61D4F8AF
:10AC00006C312B78062BDAB200F09F80072A00F017
:10AC1000AD80524BD3F80423D40612D5D3F81021BB
:10AC20007AB100224E4CC3F81021D3F810212178BC
:10AC30000329CAB200F0B58000F2AF80022A00F00A
:10AC4000B580464BD3F80423900316D5D3F844219E
:10AC50009AB10022424CC3F84421D3F844312378FE
:10AC6000062BDAB200F0AF80082A06D1FFF70AF906
:10AC70000C230120237007F0C6FB384BD3F80423C4
:10AC8000510310D5D3F848216AB10025344CC3F8DC
:10AC90004851D3F848312378062BDAB200F0968079
:10ACA000082A00F09A802D4BD3F80423120411D502
:10ACB000D3F83C2172B10022C3F83C21D3F83C21E7
:10ACC000D3F86846FFF7F4F80C22254BE0B21A706F
:10ACD000FEF756FCBDE87040FEF7BEBE0122214BD8
:10ACE0005A7107F084FB33E70222C3F808230122DC
:10ACF0001C4B1A71FEF7EEFA2AE70222C3F808236A
:10AD0000FEF7F8FA24E7FFF71BF90122164B1A6148
:10AD10000C232370FEF7D4F94FE7FFF793F90C23C8
:10AD2000237007F06EFB48E701220E4B5A71FFF7C4
:10AD300007F904232370FEF7E9F954E7FFF782F9D6
:10AD40000C232370FEF752FB4DE7FFF7DDF80C23D1
:10AD50002B70FEF7EFFA5CE70040014100800041F4
:10AD60009A4300219343002100C0004100F02AF9DA
:10AD7000C4F80062F9F7CCFD1C4BD3F8002222F492
:10AD80004032C3F8002201221A61194BC4F808337B
:10AD90000C232B70FEF7BAFA3BE7063A012A3FF67E
:10ADA00050AF1022134BC3F808234AE710220320A8
:10ADB000C3F80823F9F7B8FDF9F798FD01232370CC
:10ADC00007F017FB3DE7FEF791FB56E7FFF79CF80E
:10ADD0000C232370FEF7AEFB65E7FFF753F80C2357
:10ADE0002846237007F00FFB5DE700BF00C000415D
:10ADF000120000080080004110B5EFF3108472B615
:10AE0000094BD3F8042312070AD5D3F80C213AB121
:10AE100000220820C3F80C21D3F80C31FDF70EF9FD
:10AE200084F3108810BD00BF004001410048704706
:10AE30007C48010100487047744801010048704790
:10AE40006C4801010C4B0D4AC3F89021033AC3F83A
:10AE500080210132C3F884210132C3F88C210632EB
:10AE6000C3F8EC21033AC3F8C42149F2F02203F5F8
:10AE7000E043C3F8042570470080004107000080CC
:10AE800049F2F022094BC3F808250022A3F5E0435C
:10AE9000C3F8C421C3F8EC21C3F88C21C3F8842182
:10AEA000C3F88021C3F89021704700BF00F0004133
:10AEB00030B50024134BC3F83C41D3F83C41124C4D
:10AEC000D4F8005845F48065C4F800580F4D054487
:10AED0000F482860C4F884000E4C12B10E4AC2F824
:10AEE00080404FF48062C3F8BC01C3F8BC40064BFD
:10AEF0000129C3F8042502BF084AA3F5E043C3F8BB
:10AF0000902030BD0040014100F0004180800041B0
:10AF10000A0000800700008000C000410F00008090
:10AF20004FF480630E4A30B5C2F8083500230D4D4A
:10AF30000D4CC5F8BC3123500C48C0F89030C2F815
:10AF40008430D2F8000820F48060C2F8000819B1FB
:10AF5000A2F54052C2F88030C5F8BC3030BD00BF09
:10AF600000F000410040014180800041008000412C
:10AF700008B5084BD3F85035DBB243B9064B07F0A0
:10AF8000FDFAD3F83C01003818BF012008BD0120AC
:10AF9000FCE700BF0080004100400141064B074A2A
:10AFA000C2F8803002F58042C2F8C4314FF48062AA
:10AFB000034BC3F8042570470A000080008000415D
:10AFC00000F000414FF48062054BC3F808250023D0
:10AFD000044AC2F8803002F58042C2F8C43170479A
:10AFE00000F0004100800041024B034AC3F880207A
:10AFF000704700BF00C00041070000800022024BE4
:10B00000C3F88020704700BF00C00041074A084BCA
:10B01000C3F8E82103F5404380331A504FF480729F
:10B02000A3F5A143C3F80425704700BF08000080C2
:10B03000008000414FF48072064BC3F808250022BF
:10B04000A3F5E043C3F8E82103F5404380331A50E9
:10B05000704700BF00F000410023074A1360074A11
:10B060001370074B18B91870064B187070470278A8
:10B0700040781A70F8E700BFD03400219D430021CA
:10B080009C4300219B430021034B1A68034B002A79
:10B0900018BF1846704700BFD03400219E430021DE
:10B0A00010B40E4A0E4B14780E4A1B7812680B70BF
:10B0B0004C7082B10C490A780132D2B234B113B16A
:10B0C00010BC06F036BE094B1A78F9E71BB1074BE6
:10B0D0001B78D21AF4E710BC704700BF9B430021D5
:10B0E0009C430021D03400219E4300219D43002138
:10B0F00010B5044686B018220021684606F024FEEA
:10B10000054B6A461B882146ADF80030034B186892
:10B1100007F088FB06B010BD22440021D434002182
:10B1200030B5012589B0FCF749FF1E4B20221C7861
:10B130004FF4A07305FA04F4013C04400021684672
:10B14000E4B25C4306F000FE09F0C4F802238DF877
:10B150001130154B001905936FF0020341F1000106
:10B16000CDE900010693FEF7B3FD022812D006D800
:10B17000A8420BD0684605F0BFFB09B030BD0338CC
:10B18000C0B20128F6D88DF81050F3E704238DF8EB
:10B190001030EFE7054B1B78002B14BF042301236D
:10B1A000F5E700BF2444002161B2000125440021DD
:10B1B00010B5044601216FF0020009F03FF854B9C0
:10B1C000FEF7B2FD044B1B78834204D3BDE8104068
:10B1D0000120FFF78DBF10BD25440021BFF35F8F15
:10B1E000084AD2E84F3FDBB2834203D0BFF32F8F30
:10B1F00000207047C2E8431F002BF2D1BFF35F8FDE
:10B20000012070471E44002110B501210220FFF7E4
:10B21000E5FF08B9012010BD0E4C237801332370DF
:10B22000FEF776FD0C4A1378984284BF0133137001
:10B23000FEF77AFD23780024834206D9074B214686
:10B2400001201C60FFF7CAFFE4E7FFF769FF204613
:10B25000E1E700BF2544002124440021D43400212B
:10B260001FB5044602210120FFF7B8FF48B3184B71
:10B270001C78FEF72DFD34B9022804D104216FF0AB
:10B28000020008F0F9FF134B00201B880321ADF8E2
:10B290000830114B8DF80E001A889B78ADF80A2003
:10B2A0008DF80C3001238DF80D300C4B0C4A0093B7
:10B2B000126802AB07F015FB08B9FFF7A5FF04B051
:10B2C00010BD0121204604B0BDE8104008F0B6BF13
:10B2D00025440021224400211F440021B1B1000176
:10B2E000D434002138B505460C4608F0F3FF024679
:10B2F0000B46EFF3108172B61048C0E9082381F3C2
:10B30000108801210020FFF769FF0D4B22881D6086
:10B310000C4B1A8000220C4B1A70FEF7E9FC0B4B09
:10B320001870FEF76DFCA378E178094A43EA012121
:10B3300007F02BF9FFF7F4FE012038BDD0110021F2
:10B34000D43400212244002125440021244400213A
:10B350001F440021012908B501D9012008BDBFF310
:10B360005F8F0A4B1A78BFF35F8F002AF5D0002851
:10B37000F4D0BFF35F8F03221A70BFF35F8F0021F9
:10B380006FF0020008F05AFFE7E700BF1E440021FB
:10B3900070B5124AA1F10803012B04460D46166848
:10B3A0000BD8B04207D100231360BFF35F8F0C4A64
:10B3B0001370BFF35F8F012070BD00210320FFF7E2
:10B3C0000DFF28B1B442F6D02846FFF791FEF2E710
:10B3D000B442F0D1BDE87040FFF716BFD43400216D
:10B3E0001E440021064A1368834207D100231360DC
:10B3F000BFF35F8F034A1370BFF35F8F0120704765
:10B40000D43400211E44002110B50B4C0146636862
:10B4100086B0043318BF002458B91822684606F0D5
:10B4200093FCA38A6A4607212069ADF8003007F033
:10B43000F9F906B010BD00BF2012002113B5194C58
:10B44000042263680221984225D1204607F0BFF804
:10B45000E07EFEF7DBFB052007F0E3FAC0B1124BFC
:10B46000052100930120226904F1140307F039FA41
:10B470000121606808F0E2FE10B14FF0FF33636015
:10B4800001220421074802B0BDE8104007F09FB830
:10B49000FFF7BAFFECE7002007F099F80023DB7E06
:10B4A000FFDE00BF2012002109B4000110B51448CE
:10B4B00005F0C4FB024660B9124C0A20616807F02F
:10B4C000A4F94FF0FF33012204212046636007F006
:10B4D0007EF80D4805F0B2FB024678B9094C0A2007
:10B4E000E16D07F092F94FF0FF33E36504F1580086
:10B4F0000122BDE81040042107F069B810BD00BF6B
:10B500008812002178120021E012002170B5054652
:10B51000EFF3108672B6184806F0D1FF04461648BD
:10B5200006F0D3FF86F31088246824B3E5B1FFF753
:10B53000BDFF08F0CFFE02460B46A16B0020891824
:10B5400043F10005C4E908150121C4E91023A462F0
:10B5500084F8480084F82C1084F8490004F11000A5
:10B56000BDE8704005F032BB2A4661680720BDE89F
:10B57000704007F04AB970BDE034002173B5254C26
:10B5800005466368984203D0E36D984240D1583431
:10B5900004220221204607F01AF8A0B3EFF3108628
:10B5A00072B61D4806F07CFF04601B4806F07EFF63
:10B5B00086F31088FEF724FB94F85030984218D197
:10B5C0006368052100930123144A184607F05CF9CB
:10B5D00006460121284608F031FECEB94FF0FF3370
:10B5E000012204212046636002B0BDE8704006F0ED
:10B5F000EEBF1846FEF70AFB052007F012FA0028F6
:10B60000DED1FFF783FF0121284608F017FEE5E7AA
:10B6100002B070BD78120021E03400210DB50001A8
:10B6200070B501264FF0FF350B4C042308220B495F
:10B630000B4806F02CFF04F110002670656008F03E
:10B6400050FE04F1680084F85860E56508F049FE92
:10B65000044B1E705D6070BD78120021D83400214B
:10B66000E0340021201200212DE9F041012188B0B1
:10B6700007462B4815461E46DDF8388006F0BEFF0B
:10B680000446002849D098F80230002B42D1B5F585
:10B69000C8754FF0000327614FF001072372B8F817
:10B6A000003004F11602A38298F8043098F80510CF
:10B6B00098F8030043EA012146F1FF3606F065FFE2
:10B6C00098F80230A776637698F803304FF4B47296
:10B6D000E3766FF00303636003920422ADF8102059
:10B6E000104A6846CDE90056CDE905238DF808706B
:10B6F0008DF8127005F000F9054638B94FF0FF33A8
:10B700003A4602212046636006F061FF284608B0F1
:10B71000BDE8F081B5F50975BBE70546F6E700BF62
:10B72000201200213DB400012DE9F047054688B004
:10B730000E461F48022117469A46DDF8409006F053
:10B740005DFF044688B31B4B4FF0010803634FF4C1
:10B75000917380F80880C0F80490039340F20113BD
:10B76000B5F5A575ADF8103007F5A577124B8763D1
:10B7700080F850A046F1FF366846CDE90056CDE985
:10B7800005398DF808808DF8128005F0B5F805466A
:10B7900038B94FF0FF33424602212046636006F07D
:10B7A00016FF284608B0BDE8F0870546F9E700BF58
:10B7B00078120021252601017DB5000110B5084C45
:10B7C0000021606808F03AFD48B14FF0FF33636034
:10B7D0002046BDE810400122022106F0F8BE10BD4F
:10B7E0002012002138B50F4C6368984205D0E36DF4
:10B7F000984201D0002038BD5834002108F01EFDC9
:10B80000054604F1100005F019FA0DB90028F1D130
:10B810004FF0FF336360BFF35F8F01202070BFF3F1
:10B820005F8FE8E77812002108B5064B1A78042AE2
:10B8300003D093F85830042B02D110B1FFF736FE35
:10B84000012008BD7812002130B5124B01781A781A
:10B8500087B0042A0CBF1C46002413F8582F01316E
:10B86000042A08BF1C46C9B26B460122054606F0F1
:10B8700041FF68B164B108F02DFDC4E910012B78D7
:10B8800084F84830009B5B78C3F3401384F8493058
:10B8900007B030BD781200212DE9F3410268064659
:10B8A000C807547893780D46127820D5053A7A2A3D
:10B8B00000F2838004F00704052C03F0300229D045
:10B8C00015D8042C28D0302A26D0202A28D023D8D6
:10B8D000190703F00C020AD4F2B9FEF781F908B98E
:10B8E000002C63D1336893F90230002B14DAAB07D4
:10B8F0000ED53568B2796F78FF2AF47907F007071B
:10B9000012D1FF2C33D1FEF76BF908B9002F4DD1BE
:10B91000002002E0002ADBD0012002B0BDE8F08167
:10B92000F37CFF2BE3D1F7E7FF2C29D02C441544FF
:10B93000FEF780F902220146284606F0D3F9A0B1AD
:10B940001F4B0222B3F80080284601A9ADF80480FD
:10B9500006F0C8F948B14FBBFEF76CF90222694600
:10B96000ADF8008006F0BEF900BB0CB9CBE72C4463
:10B97000757C022D06D0082D1AD0002DCCD1C2E73F
:10B980000024D4E7FEF76EF92A460146204606F069
:10B99000A9F90028BCD02A46094B01A91B88ADF89B
:10B9A0000430204606F09EF90028B1D00320B4E709
:10B9B000FEF74CF92A460146F3E70920ADE700BF40
:10B9C000F44601012DE9F04704460E462779062F7B
:10B9D00000F21081DFE807F0077D878DBBC104000E
:10B9E0000120BDE8F087002E78D06379022B75D94D
:10B9F00022689078517800F00105C5F1040310F039
:10BA0000200FDBB200F00C0C1DD1BCF1000F29D1CE
:10BA10009178794811F00C0F18BFE371917801F01B
:10BA20000C01415CFF2959D00B44DBB26174E37413
:10BA3000917850788D06C0F3801020D43F2926D904
:10BA400080F001013BE0BCF10C0FC1F380110ED17D
:10BA500000F0C00CBCF1C00F02D181F001010BE07D
:10BA60003F28FAD9C5F10605A371EBB2D0E73F280C
:10BA7000CBD8BCF1000FF0D10029F3D1C8E701F019
:10BA80000C050C2D15D101F0C005C02DD6D1917833
:10BA90003F2988BF6372927802F0C002802A14D0D6
:10BAA000C02A14D0D2B9134423750123A274237180
:10BAB0008CE73F29EBD980F00101002DC0D100298E
:10BAC000E5D023720233DBB2E1E70222EBE7082282
:10BAD000E9E76279E37C9A4280F08A80BE428CBFBB
:10BAE000002001207DE76279237D9A42F6D303236B
:10BAF000DDE7032EF2D92268237D51780D0702D4A9
:10BB000063750423D3E761799942E7D9A372D11809
:10BB1000D25C5D1C9006EDB25EBFE5720533DDB20E
:10BB20000B7813F0180FC3F3C1000AD006F0D9FD4B
:10BB3000257310B165730544EDB2A5730135A07589
:10BB4000EDB2204606F0B1FD2B46E075D8E76279EC
:10BB5000637D9A42C2D30523A9E7052EBED9D4F846
:10BB60000090627999F8003094F81580591C914240
:10BB7000B4D11A06B2D499F802309B0721D584F8C3
:10BB80000F8099F800502046013DEDB2FF2D0CBF0B
:10BB900000254D4406F089FD09EB080A2D1A2946B7
:10BBA000504606F070FD60B99AF8003003F07F034C
:10BBB00002339A44554591D30BD1A5EB09055FFAA1
:10BBC00085F899F80030013BDBB243450DD10623DF
:10BBD0006DE7504606F057FD0028E0D00AF1020854
:10BBE000A8EB09085FFA88F8EBE784F81080EEE725
:10BBF00002235CE70020F4E6DF4A01017FB501463D
:10BC000060B91822684606F09FF8064B07219A880B
:10BC10001868ADF800206A4606F004FE07B05DF82B
:10BC200004FB00BFE8340021BFF35F8F084AD2E86D
:10BC30004F3FDBB2834203D0BFF32F8F002070470A
:10BC4000C2E8431F002BF2D1BFF35F8F0120704782
:10BC50003044002113B5042184690220FFF7E4FF7A
:10BC600070B1084B0020009322686318062106F08B
:10BC700038FE0121042002B0BDE81040FFF7D4BF18
:10BC800002B010BDFDBB00010122094B00201A705B
:10BC900000230021074A1370074AC2E90001074A3E
:10BCA00007481370074AC2E90033936008F019BBD4
:10BCB0003044002127440021501300212644002154
:10BCC00028130021E83400212DE9F04791F806807F
:10BCD00081460E4686B0B8F1000F76D1FEF72AF8FD
:10BCE000002872D03C4C2378002B6ED0012823D141
:10BCF00099F800106B46013103224846C9B206F09C
:10BD0000F9FCC8B19DF80700FF2815D0009D334A03
:10BD1000AB78117803F00C03A3F10C077A427A4157
:10BD2000914252D10C2B14BF022208222C492844E4
:10BD300005F0D8FF002848D108F0CCFA294FD7E900
:10BD40000032834272EB010531D3914208BF984221
:10BD50003BD12378122B27D9FEF708F80446A0B36D
:10BD600002210120FFF760FFD0B101251E4B1F48C3
:10BD7000C3F8009032889A8072795A727288DA8099
:10BD800032799D721A72D7E90021121941F100012E
:10BD9000C0E90421164A05770262836104F016FFA8
:10BDA000404606B0BDE8F087FDF7D4FFD6E7C51AD8
:10BDB000237861EB020A122B0AD9FDF7D7FF002383
:10BDC000A84273EB0A030446CAD24FF00108E7E722
:10BDD000FDF7C0FFF3E700BF264400212744002100
:10BDE0002844002150130021E834002128130021A9
:10BDF00055BC000130B587B0044608F06BFA164B0D
:10BE00000322C3E9000121786B4601312046C9B203
:10BE100006F070FC114A98B100999DF807508B7894
:10BE200003F00C03A3F10C0CDCF1000040EB0C0060
:10BE3000FF2D05D00C2B2944107007D0022206E0FC
:10BE400000231070064A137007B030BD0822054861
:10BE500005F06FFF2378F5E75013002127440021F8
:10BE6000264400212844002110B5062986B019D0A7
:10BE7000D8B108210220FFF7D7FE78B10F4B182266
:10BE8000002168469C6905F05FFF0D4B6A469B8860
:10BE90000621ADF80030206806F0C4FC01210F2017
:10BEA000FFF7C2FE012006B010BD064B1B7813F051
:10BEB000060F0CBF01200020F5E700BF281300216A
:10BEC000E8340021304400210020044B83F8210095
:10BED00083F8450083F86900704700BFF8340021FB
:10BEE0002DE9F843C6680446002E48D10379032B98
:10BEF00047D8274DB0462F4600F104094946284649
:10BF000006F020FC00283ED108F10108B8F1030F2B
:10BF100005F12405F2D197F8213033B197F8453077
:10BF20005BB397F8693083BB02262425754307EB82
:10BF3000050821681022404605F0FBFE227905F134
:10BF40001000531E022B88F8192096BF9200002281
:10BF5000033AA168384405F0ECFE242303FB067382
:10BF60002269DA61227D83F82020BFF35F8F0122EE
:10BF7000002083F82120BDE8F8830126D5E70420BE
:10BF8000F9E70520F7E70320F5E70120F3E700BF15
:10BF9000F8340021F8B50B4D064600242F463146F3
:10BFA000284606F0CFFB30B12423002003FB0477A2
:10BFB00087F82100F8BD0134032C05F12405EED1EA
:10BFC0000220F7E7F8340021014B1860704700BFEA
:10BFD000F4340021094B1A6882420ED2BFF35F8FFE
:10BFE00053E8001F8A4202D0BFF32F8FF3E743E8E4
:10BFF00000010029F4D1BFF35F8F7047F4340021B2
:10C000002DE9F041164E0746884600243546414644
:10C01000304606F097FB78B124235C432B1993F844
:10C0200020308BB91C342C4454E8002F531C0DD104
:10C03000BFF32F8F062005E00134032C06F1240600
:10C04000E5D10220BDE8F081064CEDE7013244E87D
:10C0500000200028E8D12368013B3B60F2E700BFE5
:10C06000F8340021F43400210022034B1A70BFF38E
:10C070005F8F024804F0E2BD3144002158130021D3
:10C0800013B50F4C237843B10E4B01A81B680193E5
:10C0900006F054FC18B10023237002B010BD0A4A08
:10C0A0000A48136803F5FA731360D0E9043213F5F4
:10C0B000FA7342F10002C0E9043204F087FDECE7B4
:10C0C00031440021643500216835002158130021D6
:10C0D000D222064B06481A600023064A1360064A1D
:10C0E0001370064A136008F0FCB800BF9C020021E0
:10C0F00058130021683500213144002164350021A6
:10C1000038B50F4C0F4D206008F0E4F82368012487
:10C110001A780D4B1B6803EB42130C4A03F5C073EE
:10C1200013600B4A1B1841F10001C2E90431094BAD
:10C130001046147715621C7004F048FD204638BD87
:10C140006435002181C000019C0200216835002176
:10C15000581300213144002108B5054B1B7823B149
:10C16000042902D010B1FFF77FFF012008BD00BFF6
:10C17000314400212DE9F04322B1012A13D00020DF
:10C18000BDE8F083234AA3B90224D2F8A470013297
:10C190000025BC462E46B44515DA6B1CB34208BFD9
:10C1A00035460D60EBE71C4A43B90B24D2F8C07149
:10C1B000EEE7D2F8A87008242132E9E7D2F8C4717A
:10C1C0001124B032E4E7ACEB060506EB6505AF429F
:10C1D000E3D905FB04FE02EB0E0883B152F80EE032
:10C1E000D0F80090CE450FD811D3D8F804E0D0F89D
:10C1F0000480F04508D30AD801200D60C0E7B0F8EC
:10C20000008032F80EE0F4E705F1FF3CC3E76E1C56
:10C21000C1E700BF343700216C35002110B5094C4F
:10C22000AC220021204605F08FFD4FF4E47200217E
:10C23000054805F089FD012300222370034B1A7085
:10C2400010BD00BF343700216C350021324400217D
:10C25000014B1870704700BF343700212DE9F04FB3
:10C260009846002385B00D4603930B4603A99246DA
:10C270009DF838700190FFF77DFF58BBBAF1000FB1
:10C2800005D0BAF1010F39D005B0BDE8F08F002D0F
:10C290003AD00826274C04F18709D9F80020102A43
:10C2A000F2D0039901FB0660831B04EB030B521AC7
:10C2B00072435946204405F025FD002D14BF082285
:10C2C00002225846019905F034FDD9F800300133B7
:10C2D000C9F80030BAF1010F0ED1039C164EEDB132
:10C2E00004EB041404F1B8003A464146304405F02A
:10C2F00020FD321982F8C0700120C5E74DB10F4C06
:10C30000112604F58A79C8E70D4C022604F1A30929
:10C31000C3E7094C0B2604F5E079BEE70B235C4329
:10C32000A01C30443A464146264405F002FDB7724F
:10C33000E2E700BF553700216C3500211C36002193
:10C3400035370021F7B500270B460D4601A91646E3
:10C350000197FFF70FFF044618B12EB1012E19D037
:10C360003C46204603B0F0BDD5B90226124B03F17E
:10C37000A3052968F1B1019A06FB02F0891A4A1E49
:10C38000311819441844724305F0BCFC2B68013B7A
:10C390002B60E6E74DB9094B0B2603F5E075E8E79E
:10C3A000074B082603F18705E3E7064B112603F543
:10C3B0008A75DEE70C46D4E7353700216C3500215D
:10C3C000553700211C36002111B1012908D07047D2
:10C3D000084B10B1C3F8A8107047C3F8A400704709
:10C3E000054B18B10022C3F8C4217047C3F8C0013F
:10C3F000704700BF343700216C35002102289CBFF4
:10C40000014B1870704700BF3244002113B5224A17
:10C4100003461278012A18D0022A39D0002A39D1CD
:10C42000407AFF2834D01D490978002930D01C6893
:10C43000A378204403F0C003A3F1C0014B424B4159
:10C4400001A9FFF797FE02B010BD14490878F8B1B2
:10C450001A685C7A5178FF2C01F007010CBF0024A8
:10C46000A418032916D11B7CFF2B13D0D35C042BFB
:10C4700010D1937803F0C003802BE4D10023204631
:10C480001A4601A9FFF776FE80F00100C0B2DAE794
:10C490000120D8E70020D6E73244002134370021BC
:10C4A00073B50E461546D0B10B46012201A9FFF720
:10C4B00061FE98B1019C0B484EB104EB04140319C2
:10C4C00093F8C030B8342B70204402B070BD0B23F9
:10C4D0005C4303199B7A02342B70F5E72870002027
:10C4E000F3E700BF6C35002108B5FFF78FFF20B1DF
:10C4F000024A537843F01003537008BD34440021BE
:10C5000010B50A4C80220021204605F01DFC0022B7
:10C51000074B1146204606F0EDF80023054A13604C
:10C52000054A1370054A137010BD00BF3444002142
:10C53000E4370021E037002133440021B4440021D6
:10C540002DE9F04F814E0446337887B0022B05D099
:10C55000032B00F0F3812BB9022333707C4F257934
:10C560003B791DB9002007B0BDE8F08F002B55D1F5
:10C57000DFF8E08198F8013043F0020288F80120EA
:10C5800022685278110744BF43F00A0388F801304B
:10C5900023685B785A0642BF98F8013043F04003A5
:10C5A00088F8013023689B78DB0742BF98F8023097
:10C5B00043F0010388F8023023689A7898F8023033
:10C5C00002F0C002C02A24D143F00C0388F80230E4
:10C5D00098F80230052D43F0200388F8023002D984
:10C5E0002046FFF781FF98F8001001228B1C0331D1
:10C5F0005748C9B288F8003006F09CF8022DB1D92E
:10C600002268DFF85091937813F0010F16D00022C2
:10C6100018E0802ADCD143F00803D7E7022DA1D926
:10C62000022BEDD9042D9DD9042B62D9062D99D169
:10C630002046FFF759FF032346486CE1D27889F87A
:10C640000320012299F80010A0790A4489F80020FB
:10C65000BA7994F809C0FF2A16BF39684FF000086C
:10C6600001EB0208FA79A37CFF2A16BF39684FF064
:10C67000000B01EB020B217A0193FF2916BF226800
:10C6800000225218FF2816BF216800210918BCF1AA
:10C69000FF0F33D1B8F1000F47D199F80020904433
:10C6A000627A89F80080FF2A16BF2068002080186F
:10C6B00022689178284A01F0C001A1F1C00CDCF198
:10C6C000000141EB0C01FFF7EBFE244A106028B19A
:10C6D00099F8022042F0020289F8022099F800102D
:10C6E000032201311A48C9B206F024F8042D7FF65E
:10C6F00039AF397DFF2933D1002163E0206800EB99
:10C700000C0AB8F1000F12D1BBF1000FC5D0BAF17D
:10C71000000FC2D058465146019A05F00AFBDDF8D9
:10C7200004B0C3445FFA8BF8B7E74FF0000A52B980
:10C7300011B9FDF77FFA01464046022205F0F9FAE9
:10C740004FF00208E0E71146F6E700BFB4440021CD
:10C75000E43700213444002133440021E037002134
:10C76000A37A3A68FF2B02EB010AC5D0206800EBE0
:10C770000308BAF1000FBFD0B8F1000F00F0DA8063
:10C78000C35C6F48535401310422C9B205F0D2FF93
:10C79000A37AFF2B03D02168CA5C520769D194F8B1
:10C7A000159008F10101A9EB03095FFA89F909F174
:10C7B000FF32D2B20AF1010005F0BBFAFB7D9944C9
:10C7C0005FFA89F1DFF87C81DFF87CA198F800300E
:10C7D00005221944C9B288F800100131C9B258487D
:10C7E00005F0A8FFDAF80010DFF8609131B1787D2C
:10C7F0003B6899F80020184405F09BFA98F800303F
:10C8000099F80090DAF800104B4488F8003011B322
:10C81000D7F800A09AF80130C3F3C0011B071AD55E
:10C82000BB7AFF2B00F088801AF8031011F0070183
:10C8300011D04FF47E537F7D022204A903A8ADF8E6
:10C84000103005F076FA09EB070003A902225044E4
:10C8500005F06FFA022198F80030062202331944DD
:10C86000C9B288F800100131C9B2354805F062FF3D
:10C87000DCE6237B3A7BFF2B14BFC9180021FF2A7B
:10C88000BB7A27D1FF2B2CD000203A6812F8038006
:10C89000C8F3C10808F1FF33022B1FD84FEA8808FC
:10C8A000A8F103085FFA88F818B111B1424605F003
:10C8B00040FA97F80B9008F10108B9F1FF0F5FFA01
:10C8C00088F803D03B6813EB09090DD1FB7D434485
:10C8D000D9B277E73868FF2B1044D6D14FF0000863
:10C8E000E2E74FF00008E4E7BA7A04A9FF2A0CBF98
:10C8F00000229A5C02A818BFC2F3C1028DF8102072
:10C900003A7BFF2A0CBF00239B180593FFF778FBA7
:10C9100018B100200123337025E6029B03A90422ED
:10C920004846039305F005FAFB7D043308EB030149
:10C93000C9B247E7414645E700218CE7014812E6C6
:10C94000E437002134440021E03700213344002142
:10C9500007B5074B062218689B8800906946054872
:10C96000ADF8043005F0E5F903B05DF804FB00BF55
:10C97000F6460101B544002110B50279052A0FD908
:10C9800003689A78D2070BD4DB78064CE370FFF784
:10C990003DFD00280CBF022312232046637010BD0A
:10C9A0000020FCE7B544002170B50446EFF3108386
:10C9B000084D2B6072B6084E304605F071FD0470CC
:10C9C000304605F073FD0122044B1A602B6883F397
:10C9D000108870BDFC370021003800210040014163
:10C9E000F8B50D4C07460E4620461521154605F0B4
:10C9F000EFFEFF2803464FF000000CD0282202FB78
:10CA00000344607063F07F00C0B2A7602673657353
:10CA1000FFF7CAFF0120F8BD20140021F8B5104B24
:10CA2000002A104C18BF1C460D46064614BF0421B0
:10CA30001521204614BF0027802705F0C9FEFF28D6
:10CA40000CD0282303FB004301243843C0B25C70A0
:10CA50001E72DD60FFF7A8FF2046F8BD0020FCE74E
:10CA60008013002120140021F8B5104C07460D4614
:10CA70002046152105F0ACFEFF28064613D02823DA
:10CA800003FB00440223A760637010340FCD0FC472
:10CA900095E8030084E8030066F07F00C0B2FFF76A
:10CAA00083FF0120F8BD0020FCE700BF2014002117
:10CAB0002DE9F041114C80460F46204615211546C0
:10CAC00005F086FEFF28064616D0282303FB004407
:10CAD0000323C4F808806370277310340FCD0FC48C
:10CAE00095E8030084E8030066F07F00C0B2FFF71A
:10CAF0005BFF0120BDE8F0810020FBE7201400214E
:10CB000038B50B4C05461521204605F061FEFF287F
:10CB10000CD0282303FB0044042360F07F00C0B244
:10CB200063702572FFF740FF012038BD0020FCE74D
:10CB30002014002138B50B4C05461521204605F080
:10CB400047FEFF280CD0282303FB0044052360F098
:10CB50007F00C0B263702572FFF726FF012038BD49
:10CB60000020FCE72014002138B50B4C05461521A8
:10CB7000204605F02DFEFF280CD0282303FB00449F
:10CB8000062360F07F00C0B263702572FFF70CFFD0
:10CB9000012038BD0020FCE72014002138B50B4CE3
:10CBA00005461521204605F013FEFF280CD028234A
:10CBB00003FB0044072360F07F00C0B2637025725E
:10CBC000FFF7F2FE012038BD0020FCE72014002111
:10CBD00008B51A2201230649064805F058FC01222F
:10CBE000054BC3F80423BDE80840FDF725B900BF95
:10CBF000BB4400210038002100400141F8B52C4B16
:10CC0000D3F800215AB10022C3F80021D3F8003133
:10CC1000284D294E294FAA79EB799A4200D1F8BDC7
:10CC2000284605F04CFC037803F07F0413F0800FD6
:10CC30004FF0280314BF03FB047403FB0464637800
:10CC4000072B0BD8DFE803F00412171D24282C3023
:10CC5000627B94F90C10A068FBF746FD284605F0AE
:10CC600034FCBFF35F8F00232370D4E7E168207AA0
:10CC700000F0EEFDF2E7A06804F1100100F004FE00
:10CC8000ECE7217BA06804F1100200F059FEE5E713
:10CC9000207A00F073FDE1E7207A00F083FDDDE704
:10CCA000207A00F043FDD9E7207A00F053FDD5E764
:10CCB0000040014100380021801300212014002190
:10CCC000EFF31082024B1A6072B6024805F0E8BB1F
:10CCD000083800210C38002108B5054805F0E6FBAE
:10CCE0000122044B9A60044B1B6883F3108808BD33
:10CCF0000C380021004001410838002108B54022CD
:10CD000020230649064805F0C2FB0422054BC3F860
:10CD10000423BDE80840FDF78FB800BF6817002165
:10CD20000C3800210040014173B5474BD3F808216E
:10CD30004AB10022C3F80821D3F80831434DAA793B
:10CD4000EB799A4201D102B070BD284605F0B7FBDD
:10CD500003780446122B43D8DFE803F00A101A24A4
:10CD6000292F424234393E464A4F535C606A6F0075
:10CD7000C668007AFCF764FC307031E022694669CD
:10CD8000837B417B007B0092A268FCF785FCF3E784
:10CD9000A3688669417B007B0093D4E90423FCF7F8
:10CDA000A5FCE9E7D0E90206FCF720FDE4E7D0E9BD
:10CDB0000361007AFCF748FDDEE7C668007A05F0FB
:10CDC00035FBD9E7D0E90206FCF762FDD4E7C66877
:10CDD000007AFCF779FDCFE78468FCF799FD2070B5
:10CDE000284605F072FBAAE78468FCF7A1FDF6E788
:10CDF000D0E90206FCF7B8FDBEE78468FCF7D6FD73
:10CE0000EDE7D0E906360093D0E904238068FEF709
:10CE10002BFCB1E78468FEF7D1FCE0E78269C669C4
:10CE2000037D00920269D0E90201FEF77DFCA3E7D1
:10CE3000D0E90206FEF7D6FC9EE7C6688068314658
:10CE4000FEF750FA98E700BF004001410C3800217E
:10CE50002DE9F04FB2F5004F87B081460C461546DC
:10CE60009846109EC0F02C8205F0B9FE16234FF0B4
:10CE7000FF370360AFE1533A252AF5D801A353F8F1
:10CE800022F000BFE7CF00013FD20001D9D000015E
:10CE900069CE000169CE00011FD0000169CE0001FA
:10CEA00069CE000169CE000169CE000169CE0001A2
:10CEB00069CE000169CE000169CE000169CE000192
:10CEC00051CF0001D1CF000185D1000173D0000105
:10CED00069CE000169CE000169CE0001A3D0000136
:10CEE00069CE000169CE000103D0000169CE0001C6
:10CEF00069CE000169CE000169CE000169CE000152
:10CF000069CE0001E7CF00013FD2000169CE0001E8
:10CF100069CE000169CE00011FD00001433A092A01
:10CF2000A2D801A353F822F0D1CF000185D100018E
:10CF300049D0000169CE000169CE000169CE00012F
:10CF400069CE000169CE000169CE000103D0000165
:10CF500033681A1D32601A681DB905F040FE8B2334
:10CF600085E722B12378003B18BF012313700137F6
:10CF70000134013D404605F076FE804698F80020D9
:10CF8000002A00F02881292A00F02581782A3FF61E
:10CF90006BAF522A3FF66FAF4C2A3FF665AF422A7D
:10CFA000BCD82E2AE6D0362A7FF45EAF0F2DD4D916
:10CFB00033681A1D3260B9F1000F40D0186818B1FB
:10CFC0001022214604F0B5FE10371034103DD1E791
:10CFD00033681A1D32601B68002DBED0002BC6D0EE
:10CFE00022781A70C3E73368012D03F1040232601E
:10CFF0001B68B2D90BB122881A8002370234023D75
:10D00000B8E73368032D03F1040232601B68A4D92A
:10D010000BB122681A6004370434043DAAE7336870
:10D02000072D03F1040232601B6896D91BB12168F9
:10D030006268C3E9001208370834083D9AE71B68A4
:10D04000002BC1D01C60BFE7072D86D933681A1D9D
:10D050003260B9F1000F07D018680028EBD0082221
:10D06000214604F066FEE6E71B68002BE3D01C6057
:10D07000E1E7052D7FF671AF33681A1D3260B9F113
:10D08000000F09D0186818B10622214604F051FE9D
:10D0900006370634063D6DE71B68002BF8D01C6090
:10D0A000F6E7336829461A1D32601A68204605F0F3
:10D0B00098FD3AB11268834B9A4203D905F08FFD6F
:10D0C0002223D4E6002840F386808542C0F2838084
:10D0D000074404442D1A4DE7002D3FF43EAF0023D2
:10D0E000E25C9A46013332B90AF1010A5545FFF470
:10D0F00034AF20461DE09D42F2D1AA46F4E718065F
:10D1000018D559067FF5B0AE980629D5D90629D588
:10D110001B073FF5A9AE032304E001F0C0018029FD
:10D120007FF4A2AE013BDBB2FF2B104612F8011BCD
:10D13000F3D1024612F8013B002BE0D133681A1DEF
:10D140003260B9F1000F18D01A4652F8080B32605D
:10D150005B6868B19A4507D905F041FD0C2386E666
:10D160000123DFE70223DDE75246214604F0E1FD1B
:10D1700057445444A5EB0A05FCE61B68002BF7D086
:10D180001C60F5E70023ADF81630336840461A1DE1
:10D1900032601A4652F808BB3260D3F804A005F09A
:10D1A00062FD98F800200378642A02D0BBB1292BD5
:10D1B00015D029460DF116032046434A05F07CFDA3
:10D1C0000028034604EB000105DD40F21352BDF8D0
:10D1D0001600904207D9384607B0BDE8F08F2146C7
:10D1E0000023ADF81650BDF81620D018A8423FF71E
:10D1F000B4AEB9F1000F12D0BAF1000F3FF434AE63
:10D20000DAF800009042FFF42FAE5846039304F082
:10D2100090FD039BBDF81620CAF8002007E0BBF183
:10D22000000F01D0CBF80010BAF1000FF2D1BDF819
:10D23000162013449BB21F441C44ED1A9AE60023A7
:10D240004046ADF8163005F00EFD98F80020037842
:10D25000742A02D063B3292B2AD0294620461A4AC1
:10D260000DF1160305F028FD0028824604EB0001AD
:10D27000B1DD40F21353BDF816209A42ABD8BDF889
:10D28000162002EB0A03AB423FF767AE0020009680
:10D2900008F10203FFF7DCFD0028FFF65EAEBAF1ED
:10D2A000000F0BD0BDF816309A441FFA8AF00FE732
:10D2B00021464FF0000AADF81650E0E780B207E7CC
:10D2C00000275BE6FEFF1F008D4C0101B1F5004F0A
:10D2D0002DE9F74F05460C4690461F4609D305F049
:10D2E0007EFC16234FF0FF360360304603B0BDE8E6
:10D2F000F08F002808BF0024002698F80030002B8B
:10D30000F3D0292BF1D0782BE9D8522B1ED84C2BF7
:10D31000E5D8422B6CD82E2B00F09280362BDED134
:10D320003B680F2C03F104023A6006F1100640F24C
:10D3300094812A461B6803F1100153F8040B8B42B9
:10D3400042F8040BF9D11035103C79E0533B252B02
:10D35000C5D801A252F823F05BD40001EDD500013D
:10D3600055D50001DFD20001DFD20001A5D40001B4
:10D37000DFD20001DFD20001DFD20001DFD20001E5
:10D38000DFD20001DFD20001DFD20001DFD20001D5
:10D39000DFD2000129D400014BD400018BD500015C
:10D3A000E5D40001DFD20001DFD20001DFD20001AD
:10D3B0002FD50001DFD20001DFD200017DD40001B2
:10D3C000DFD20001DFD20001DFD20001DFD2000195
:10D3D000DFD20001DFD200015BD40001EDD50001F6
:10D3E000DFD20001DFD20001DFD20001A5D40001AD
:10D3F000433B092B3FF673AF01A252F823F000BF65
:10D400004BD400018BD500010BD50001DFD2000108
:10D41000DFD20001DFD20001DFD20001DFD2000144
:10D42000DFD200017DD400013B6801361A1D3A604D
:10D4300034B11B68003B18BF012305F8013B013CD8
:10D44000404605F010FC804657E73B6801361A1D40
:10D450003A60002CF4D01B68EFE73B68012C03F125
:10D4600004023A6006F1020640F2F7801B68023CB3
:10D47000C3F307226A7005F8023BE1E73B68032C1F
:10D4800003F104023A6006F1040640F2E6801B68EC
:10D49000043C1A0EEA701A0CAA701A0A6A7005F88F
:10D4A000043BCDE73B68072C03F1070323F0070398
:10D4B00003F108023A6006F1080640F2CE80D3E993
:10D4C0000023190EE971190CA9712B71190A130E99
:10D4D000EB70130CAB70130A69716B7005F8082BB5
:10D4E000083CADE73B68052C03F104023A6006F105
:10D4F000060640F2B2801B6806351A68063C45F8FD
:10D50000062C9B8825F8023C9AE73B68072C03F120
:10D5100004023A6006F1080640F29F801A68083556
:10D52000136845F8083C536845F8043CD8E73B6865
:10D530001A1D3A601A684A4B9A423FF6D0AE21460D
:10D54000284605F07AFB84420644C0F286800544F2
:10D55000241A75E73B681A1D3A60D3F800A0BAF1A7
:10D56000000F0DD0504604F08EFB00F101094C4530
:10D570004E4472D34A465146284604F0DAFB31E065
:10D580004FF00109DFF8DCA0F1E73B6840461A1DC7
:10D590003A601A4652F808AB3A60D3F8049005F0A6
:10D5A00062FB98F800200378642A02D0ABB1292BE3
:10D5B00013D04B46214628462B4A05F08FFB002806
:10D5C0007FF78DAE09EB00039C421E4445D3054412
:10D5D000241ABAF1000FCDD104E04C454E443CD39F
:10D5E000002DF6D14D44A4EB090429E7404605F08F
:10D5F0003AFB98F8013090F80090282B7FF46FAE3A
:10D6000000213B6808F1020A0193524601AB08462B
:10D61000FFF75CFE98F800308346742B05D0B9F113
:10D62000000F18D0B9F1290F15D021465B462846C6
:10D630000D4A05F053FB011E7FF751AE8B44A34505
:10D640005E440ADC0D44641A3B4652462146284695
:10D65000FFF73CFE7BE70021F0E70024F0E600BF87
:10D66000FEFF1F007F4C01018D4C010100487047F7
:10D670008C3A0021004870475438002107B5102229
:10D680000B490C4805F0D3FB04230B4A0B490C480B
:10D6900005F088FBFAF7D0FDFAF774FD002803DAED
:10D6A000019001A803F046FD03B05DF804FB00BF44
:10D6B0001438002154380021683800216C3A0021C8
:10D6C0008C3A002100B589B007AB029306AB0193F9
:10D6D00005AB0093084A0DF1130305F0EDFA00289D
:10D6E00007DBDDE90612059805F0A6FC09B05DF838
:10D6F00004FB6FF00200F9E7EC4A010107B5094BA2
:10D70000186858B100221A6003780622CDE9000398
:10D71000802143F61943044805F059FC03B05DF835
:10D7200004FB00BFA83A0021F04A01011FB543F6EF
:10D730001243009006228021054805F048FC00288D
:10D7400003DA039003A803F0F5FC05B05DF804FBD1
:10D75000F54A01011FB543F61343009006228021CC
:10D76000054805F034FC002803DA039003A803F011
:10D77000E1FC05B05DF804FBFA4A01011FB543F670
:10D780001543009006228021054805F020FC002862
:10D7900003DA039003A803F0CDFC05B05DF804FBA9
:10D7A000FA4A01011FB543F6164300900622802174
:10D7B000054805F00CFC002803DA039003A803F0E9
:10D7C000B9FC05B05DF804FBFA4A0101014B186091
:10D7D000704700BFA83A0021F0B58BB005460E4651
:10D7E0001746FFF78BFF041E0BDBFFF743FF2946AD
:10D7F00008AA05F026FB50B9284604F045FD6FF055
:10D80000080409A8099403F095FC0BB0F0BDDDE90C
:10D810001023CDE90367CDE906232B7806220433D4
:10D82000CDE90153089B80210093084843F6174334
:10D8300005F0CDFB041EE8DAFFF71CFF089905F0A0
:10D8400018FB284604F020FDDBE700BFFF4A01017A
:10D8500030B585B004460D46FFF750FF00280ADBBF
:10D8600043F6184306228021CDE90045054805F01E
:10D87000AEFB002803DA039003A803F05BFC05B0BD
:10D8800030BD00BF0B4B01012DE9F04700230546D9
:10D8900092B00C468E681093FFF7E8FE29460FAA57
:10D8A00005F0ADFA002845D086B1FFF7E3FE31461A
:10D8B00010AA05F0C6FA48B9284605F0ADFB6FF08E
:10D8C000080411A8119403F035FC2EE02A7827787B
:10D8D00094F801C094F80CE094F90D8094F80E903F
:10D8E000D4E90401A4680F9EDDF840A00532FCB124
:10D8F00023780533CDE90B43CDE9080143F61D43F9
:10D900008021CDE904CECDE90227CDE906890622A2
:10D91000CDE900650948CDF828A005F058FB04467C
:10D92000284605F079FB002CCBDB12B0BDE8F08770
:10D930000423DFE76FF00704C3E700BF114B0101C9
:10D9400070B5044688B00E461546FFF78FFE214697
:10D9500006AA05F054FAE8B16B78062205932B78F5
:10D960008021CDE9036323780C480533CDE90143D9
:10D97000069B009343F61E4305F029FB054620460F
:10D9800005F04AFB002D03DA07A8079503F0D2FB48
:10D9900008B070BD6FF00705F6E700BF254B010129
:10D9A00030B5A3B00FAB01930EAB00939D4A0DAB06
:10D9B00005F082F90028C0F23A840D9BA3F570535C
:10D9C000013B3F2B00F23384DFE813F040005400AA
:10D9D00086008C00910183019C00AA00C500E00034
:10D9E000EE00050118013E0151015F016D01310496
:10D9F0003104730131043104310431043104FD0276
:10DA000052029A01310431041B035D038303240392
:10DA1000300347039C02E7025A007600A403B103D7
:10DA2000D5033104CE01DF01E501F601FC010A0254
:10DA30000204310431044B0031043104100221028C
:10DA4000270235023E024C023104250404F0D9FBC2
:10DA500043F60143009006228021734805F0B7FA8F
:10DA600099E204F0D1FB43F6364300900622802170
:10DA70006E48F3E704F0D0FB43F602430090EAE778
:10DA800014AB029312AB019313AB0093684A16AB2D
:10DA9000DDE90E0105F010F90028C0F2C883DDE9C8
:10DAA0001601149B139A00939DF8483004F0E1FB93
:10DAB00043F627430090CEE75E4A16ABDDE90E0140
:10DAC00005F0FAF80028C0F2B283169804F0D3FBF0
:10DAD00043F628430090BEE704F07BFB43F6034384
:10DAE0000090C3E7544A16ABDDE90E0105F0E4F8F7
:10DAF0000028C0F29C839DF8580004F05AFB0023D4
:10DB0000009361E04D4A16ABDDE90E0105F0D4F853
:10DB10000028C0F28C839DF8580004F0C9FBEEE7A2
:10DB200016AB0093464A14ABDDE90E0105F0C4F8CC
:10DB30000028C0F27C83169B082B0AD0022B40F0F1
:10DB4000E6820021149804F0B5FB43F608430090E8
:10DB500081E70121F6E716AB0093394A14ABDDE902
:10DB60000E0105F0A9F80028C0F26183169B082B6E
:10DB70000AD0022B40F0CB820021149804F0A3FBC2
:10DB800043F60943009066E70121F6E72B4A16ABFE
:10DB9000DDE90E0105F090F80028C0F248839DF8F9
:10DBA000580004F093FBAAE7234A16ABDDE90E0107
:10DBB00005F082F80028C0F23A839DF85800022848
:10DBC00006D9032300930023062280211D4845E740
:10DBD00004F060FB93E716AB0093194A14ABDDE940
:10DBE0000E0105F069F80028C0F22183169B022B74
:10DBF00040F08D82149804F0FEFA80E716AB009393
:10DC00000F4A14ABDDE90E0105F056F80028C0F20A
:10DC10000E83169B022B40F07A82149804F0EFFAE0
:10DC20006DE700BFED4A0101F54A0101FA4A010121
:10DC3000314B0101344B01016D4B01017E4B010160
:10DC4000EE4A0101364B010116AB0093A34A14AB17
:10DC5000DDE90E0105F030F80028C0F2E882169BDD
:10DC6000082B40F05482149804F0C7FA47E79C4A06
:10DC700016ABDDE90E0105F01FF80028C0F2D782CF
:10DC80009DF8580004F004FB39E7954A16ABDDE92E
:10DC90000E0105F011F80028C0F2C9829DF8580065
:10DCA00004F0F4FA2BE704F0ECFA43F61143009089
:10DCB000D1E68C4A16ABDDE90E0104F0FDFF002829
:10DCC000C0F2B582169804F0D8FA43F614430090D7
:10DCD000C1E6854A16ABDDE90E0104F0EDFF002830
:10DCE000C0F2A5829DF9580004F075FA07E704F028
:10DCF00074FA43F605430090062280217B48ADE686
:10DD000013AB059312AB049311AB03930DF15B03BB
:10DD100002930DF15A0301930DF159030093744AD4
:10DD200016ABDDE90E0104F0C7FF0028C0F27F82C8
:10DD3000FFF79CFCDDE9111214AB0093139B043B2D
:10DD400005F043F8002800F02481149816A9FAF78A
:10DD5000B9FC044620B9FFF789FC149905F057F87F
:10DD600043F61C43009476E6624A16ABDDE90E01E9
:10DD700004F0A2FF0028C0F25A829DF8580004F077
:10DD8000B1FA43F62D43009065E604F0ADFA43F690
:10DD90002E4300906AE6574A16ABDDE90E0104F007
:10DDA0008BFF0028C0F243829DF8580004F09EFAD1
:10DDB00043F62F4300904EE604F09AFA43F63043C0
:10DDC000009053E64B4A16ABDDE90E0104F074FFF8
:10DDD0000028C0F22C829DF8580004F08BFA8EE6E1
:10DDE00004F08AFA43F6324300903FE6414A16AB0C
:10DDF000DDE90E0104F060FF0028C0F218829DF8F2
:10DE0000580004F07DFA43F63943009023E604F00D
:10DE100075FA43F63A43009028E6374A16ABDDE937
:10DE20000E0104F049FF0028C0F20182BDF858003D
:10DE300004F06AFA63E604F065FA43F63C430090A6
:10DE4000062280212D4809E62B4A16ABDDE90E019A
:10DE500004F032FF0028C0F2EA81BDF8580004F057
:10DE600057FA4CE604F052FA43F63E430090E7E7D7
:10DE700013AB069312AB059311AB049317AB03934B
:10DE80000DF15B0302930DF15A0301930DF1590358
:10DE900000931B4A16ABDDE90E0104F00DFF0028CC
:10DEA000C0F2C581FFF7E2FBDDE9111214AB00936C
:10DEB000139B043B04F089FF00286AD0149816A92C
:10DEC000FAF7D2FB044620B9FFF7D0FB149904F00F
:10DED0009EFF43F61B430094BDE500BFEE4A0101DF
:10DEE0007E4B0101344B01013E4B01013B4B0101D3
:10DEF000464B01016D4B01018D4C0101404B01016D
:10DF0000454B010112AB089311AB079310AB06937D
:10DF100016AB05930DF15503049315AB03930DF167
:10DF2000530302930DF15203019314AC0DF151030D
:10DF300000939C4A2346DDE90E0104F0BDFE002853
:10DF4000C0F27581FFF792FBDDE9101213AB00936D
:10DF5000129B043B04F039FFD8B19DF853301BB934
:10DF600004F037F98DF8530000941398DDE9162377
:10DF700004F05FF9044640B9FFF778FB139904F009
:10DF800046FF43F62543009465E5874B139A1A60D4
:10DF9000F7E76FF0080023B030BD04F068F90446DD
:10DFA00018B943F62643009455E57F4D2B6813B905
:10DFB0006FF00700EFE7FFF759FB296804F027FF30
:10DFC0000028EED1F4E7794A14ABDDE90E0104F044
:10DFD00073FE0028C0F22B81FFF74CFB149916AAA0
:10DFE00004F03BFF00283FF48AAD169804F04CF98A
:10DFF000FFF740FB149904F03CFF00287FF47FAD4D
:10E00000D6E704F087F943F61F43009006228021EB
:10E01000674823E504F08EF943F62243CDE9000179
:10E0200006228021634804F0D2FFB4E716A804F06A
:10E0300057F99DF85B30062203939DF85A308021F2
:10E0400002939DF859305C4801939DF85830009335
:10E0500043F6234304F0BBFF9DE70DF15B030293FE
:10E060000DF15A0301930DF159030093534A16AB76
:10E07000DDE90E0104F020FE0028C0F2D88016A8C9
:10E0800004F027F93BE511AB039316AB029314ABF5
:10E09000019313AB00934A4A12ABDDE90E0104F081
:10E0A0000BFE0028C0F2C380139B082B0FD0022B5D
:10E0B0002DD100219DF84430149A00931298BDF898
:10E0C000583004F0E9F843F620430090C3E40121FE
:10E0D000F0E713AB019316AB00933A4A14ABDDE9BA
:10E0E0000E0104F0E9FD0028C0F2A180169B082B68
:10E0F0000BD0022B0BD100219DF84C20149804F07A
:10E10000D5F843F621430090A5E40121F4E76FF030
:10E11000060040E7254A16ABDDE90E0104F0CCFD10
:10E120000028C0F28480169804F006F9E7E418226B
:10E13000DDE90E45002116A803F006FE1BAB069391
:10E140001AAB059319AB049314AB039318AB02936A
:10E1500017AB019313AB0093294620461A4A16AB1E
:10E1600004F0AAFD002862DB16A804F0E9F843F6E3
:10E170002A4300907AE40023DDE90E01149316ABE4
:10E18000159313AB019315AB0093104A14AB04F035
:10E1900093FD00284BDB14A804F0D4F843F62B437E
:10E1A000009063E4504B0101AC3A0021344B010173
:10E1B0005D4B0101624B0101674B01016A4B01019B
:10E1C0006F4B0101704B0101734B0101804B010149
:10E1D00016A8FBF723FEDDE920238021CDE90A23E1
:10E1E000DDE91E231348CDE90823DDE91C23CDE931
:10E1F0000623DDE91A23CDE90423DDE91823CDE95F
:10E200000223DDE91623CDE9002343F6334306223A
:10E2100004F0DDFEBFE6084A16ABDDE90E0104F0AE
:10E220004BFD002803DB169804F088F867E46FF0D4
:10E230000200B0E6864B0101344B01010022D300FD
:10E2400003F1FF7303F58033D3F80013013107D0D6
:10E25000D3F800130132D3F80433202A0B60EED137
:10E26000224BD3E94C32072B26D1023A032A204B0A
:10E2700028D9D3F80024D10732D41C4BD3F830214D
:10E28000072A19D1D3F83431023B032B02D8194A9B
:10E29000D35C8BB17F23184A1849C2F81831002388
:10E2A000C1F8043EC1F8083EC2F82431C2F82C314E
:10E2B00002F57F22C2F81031114B1A68114BC3F8D6
:10E2C0004425704710498A5C002AD2D0D3F8002434
:10E2D000D207CED50022C3F81421C3F81821C8E70D
:10E2E0006FF00102C3F80024C7E700BF0000FF0180
:10E2F00000500041904B0101002000410000084106
:10E300000080FF0100600041944B010170B50125C0
:10E310000268B2FA82F3C3F11F03DBB205FA03F419
:10E3200022EA0404D0E8EF6F964204D1C0E8EC4F33
:10E33000BCF1000FF6D1EBD101480B7070BD00BFEE
:10E340000000AD0B10B50368CB40DB0710D40123F0
:10E350008B40026843EA0201D0E8EF4F944204D1B7
:10E36000C0E8EC1FBCF1000FF6D1F2D1014810BD9E
:10E370000148FCE70000AD0B0400AD0B036803F09F
:10E380001F020260034A04485B09012B18BF1046B4
:10E39000704700BF00058C4100088C41034B0830DA
:10E3A00033F81000C0F34010704700BFA0020021F6
:10E3B00070B50D4C00F1080334F813300546DA054A
:10E3C0000E4607D5C3F3432304EBC302526854F847
:10E3D00033309847A3682BB131462846E268BDE840
:10E3E0007040184770BD00BFA002002110B4124A4F
:10E3F000083032F81030D9051BD5C3F3432123F47C
:10E40000F85322F81030002002F10E0434F8023FD5
:10E4100013F4807F03D0C3F34323994209D0013022
:10E420003028F3D1002342F83130044810BCFFF704
:10E4300089BF10BC704700BFA00200211403002157
:10E4400038B50246FFF7AAFF0B4C02F1080560B190
:10E45000002134F815305B0B9B0003F1824303F578
:10E460002043C3F81015C3F810151046FFF7BEFF80
:10E47000002324F8153038BDA00200212DE9FF410A
:10E48000044690461D4601B3504E00F1080736F889
:10E4900017309B0702D5FFF781FF28BB00232046DA
:10E4A000CDE900338DF80E308DF80F300DF10F02ED
:10E4B0000B460DF10E0104F0CAFD36F8173023F0BB
:10E4C000020343F0010326F81730B8F1000F2DD0F6
:10E4D0003E4E04F1080736F8173098F80000990707
:10E4E000D8F8042002D5CAB1394821E023F020032E
:10E4F000DB04DB0C26F8173082B10328F4D8D8F8F7
:10E50000042092F800C04FEA8C0202F1824202F528
:10E51000204280B9C2F81005C2F8100536F817304D
:10E5200023F01C0343EA800326F817301DBB29485B
:10E5300004B0BDE8F081D2F8101543EA4C3321F065
:10E540000301C2F81015D2F8101543F0200321F48E
:10E550004F3121F44071C2F810152102D2F810E5B4
:10E5600001F47C5141EA004141EA0E01C2F8101564
:10E5700026F81730D2E72046D5E90067FFF736FFC7
:10E58000002ED4D0114DD5E90023964201D19F42EF
:10E5900019D011480DF10F01FFF7B8FE0D4B98424D
:10E5A000C6D19DF80F2005EBC20304F108005F609F
:10E5B00035F8103045F8326043EA422343F4807363
:10E5C00025F81030B3E70022EDE700BFA0020021DC
:10E5D0000400AD0B0000AD0B14030021F0B50446A0
:10E5E000164685B019B3344D00F1080735F81720E9
:10E5F000930703D4FFF7D2FE00285AD112F01C0F64
:10E6000002D04B78012B54D001238DF80F3000231A
:10E610004A1CCDE9001320468B1C0DF10F0104F0BC
:10E6200016FD35F8173043F0030325F8173016B9F7
:10E63000224805B0F0BD204A04F1080732F817005F
:10E64000830736D5002396F800C020F020004FEA5B
:10E650008C0101F18241C00401F52041C00CC1F8D8
:10E66000103522F81700C1F810357578002DDFD06D
:10E67000D1F81035B67823F4991323F4F853C1F880
:10E680001035D1F810E5230203F47C532D0443EA3E
:10E690000E0305F4403534052B4304F4801440EA9E
:10E6A0004C30234340F02000C1F8103522F8170009
:10E6B000BEE70348BDE700BFA00200210000AD0B8C
:10E6C0000400AD0B014BC3E902017047A002002119
:10E6D00008B50246FFF762FE38B1054B083233F841
:10E6E000123004485B0B0B7008BD0348FCE700BF09
:10E6F000A00200210000AD0B0400AD0B38B50F4C9B
:10E7000094F87850BDB96022294604F1100003F056
:10E710001BFB0A20F8F790F8094B0A48C3F87C5114
:10E72000D3F87C214FF00042C3F80423012384F87E
:10E730007830636738BD0448FCE700BFA0020021C1
:10E7400000A000410000AD0B0500AD0B034B93F89A
:10E750007800003818BF0120704700BFA0020021D8
:10E7600001460148FFF7EEBD1003002101460148B4
:10E77000FFF7CCBD1003002137B50446FFF70EFEAE
:10E780001E4B04F1080233F81230E8B113F0020511
:10E790001AD15B0B9A0002F1824000F5214002F190
:10E7A0008242056002F520420068D2F8100540F070
:10E7B0000100C2F8100529B1012202FA03F3104A40
:10E7C000C2F8043303B030BDC3F38203042B11D06D
:10E7D000052B11D001A80194FFF7D0FD019B016921
:10E7E000D94001F001010231204603B0BDE83040BC
:10E7F00004F076BC0321F7E70221F5E7A00200212F
:10E8000000A0004108B50246FFF7C8FDC0B10F4B9C
:10E8100002F1080133F81130990711D401225B0B82
:10E820009A400B499B0003F18243C1F8082303F58A
:10E830002043D3F8102522F00302C3F8102508BDA9
:10E840000021BDE80840104604F04ABCA0020021A7
:10E8500000A0004113B5104B00F1080233F812304C
:10E860000446DB0716D5FFF7CDFF2046FFF7E8FD8E
:10E8700001A80194FFF782FD019B00EB8300D0F813
:10E88000003203F0E04343F00203C0F800320348D3
:10E8900002B010BD0248FBE7A00200210000AD0B52
:10E8A0000400AD0B2DE9F04F002601223446654BE4
:10E8B0006548664987B01D6835B1D0F804531542E4
:10E8C0001EBF1C601D68164304338B424FEA420290
:10E8D000F1D15D4BD3F87C31002B00F09680DFF84E
:10E8E0007091DFF87081D9F820300493C9F8203096
:10E8F000D8F820300593C8F820304FF0000A0DF109
:10E90000100B4FEA4A13009348E094FAA4F4B4FAC7
:10E9100084F4009B504A1C4404F1080332F813703D
:10E920000123E00804F0070203FA02F21BF80030AA
:10E93000039423EA02030BF8003003A8FFF71EFD3F
:10E94000039BB908803350F82330C7F382054A0788
:10E950002F46C3F301432BD520463946DDB2FFF7DE
:10E9600027FD03A80394FFF709FD039B803350F8AC
:10E970002330C3F301439D4207D10021204604F018
:10E98000AFFB2946204604F0ABFB03A80394FFF736
:10E99000F5FC0122039B02FA03F303625BF82A40B1
:10E9A000002CB2D1BAF1000F1DD14FF0010AA8E737
:10E9B000022B0CD10321204604F092FB05F0050345
:10E9C000012BE2D139462046FFF7F2FCDDE70221B8
:10E9D0002046019304F084FB032DF3D0019B032B0D
:10E9E000D3D1022DEDE7184BC3F87C41D3F87C312D
:10E9F000D9F820300493C9F82030D8F820201343E8
:10EA00000592C8F820207FF478AF012416B907B02A
:10EA1000BDE8F08F96FAA6F3B3FA83F304FA03F293
:10EA20009B0003F1824303F52043D3F81005D3F88C
:10EA30001015C0F30520C1F3014126EA0206FFF7D5
:10EA4000B7FCE3E700A1004100A0004120A1004184
:10EA500000058C4100088C41A002002170B5084CD3
:10EA60000E462379154643B91220F7F7E5FE012338
:10EA7000044823712660A56070BD0348FCE700BF11
:10EA8000B03A00210000AD0B0C00AD0B002330B5F7
:10EA90000D4A50F8234003F5A2710133102B42F8C0
:10EAA0002140F6D10023084A00F13C0103F5B2747D
:10EAB00051F8045F0133102B42F82450F6D1D0F8FE
:10EAC0008030C2F8043330BD002001410123024AE6
:10EAD0008340C2F804337047002001410123024AF9
:10EAE0008340C2F80833704700200141F8B5012681
:10EAF00000270B4B0B4DD3F80C4304B9F8BD94FA27
:10EB0000A4F0B0FA80F006FA00F324EA0304064BFE
:10EB100082009F502B68002BEFD0A9689847ECE744
:10EB200000200141B03A0021002101412DE9F041CE
:10EB30000E4617460C4D55F8184FAC4203D16FF0F6
:10EB40001200BDE8F081314654F8440CA4F14408A9
:10EB500003F0A9F830B9C7F800804046BDE8F0419D
:10EB600004F0CCBB2468E8E7BC3A002110B5D0E93A
:10EB700009124A60416A00F124031160C0E90933B7
:10EB80004368044603B19847054B1A78062A05D90D
:10EB90005B681BB10720226802499847002010BD1E
:10EBA000BC3A0021AE4B01012DE9F04107460D466C
:10EBB0000B4E56F8084FB44202D16FF001000AE044
:10EBC000394654F8240CA4F1240803F06CF820B959
:10EBD0001DB1C5F80080BDE8F0812468EBE700BFF7
:10EBE000BC3A002110B5044610B96FF0150010BDF5
:10EBF00000680028F9D003F046F80028F5D000217D
:10EC00002068FFF7D1FFC8B104F11C03C4E9073342
:10EC10000C4B04F12402D96803F10800DA60A16208
:10EC200060620A601A78062A01D95B680BB9002075
:10EC3000DDE70720226804499847F8E76FF01000E5
:10EC4000D5E700BFBC3A0021B04B010110B5044626
:10EC5000006810B96FF0150010BD03F014F800281B
:10EC6000F8D0A368012BF5D8064B04F1440163608A
:10EC7000054BDA6903F118006064A264D9610020D1
:10EC80001160E9E71C030021BC3A002138B50546B4
:10EC90000D4C20222046002103F056F82B68284610
:10ECA000636023462A7903F8082BC4E9023304F190
:10ECB0001003C4E9043304F11803C4E90633BDE8C2
:10ECC000384000F00FB800BFBC3A002108B500F092
:10ECD00011F8BDE8084020220021014803F034B8B3
:10ECE000BC3A002108B50248FFF77CFF002008BDB0
:10ECF0001C0300210148FFF739BF00BF1C0300219E
:10ED00000EB4431E062B33B588BF0020094B05AC5B
:10ED100054F8045B53F82010074802F00EFA21461D
:10ED200028460194F6F70AFD02B0BDE8304003B072
:10ED3000704700BFC0480101C34B01012DE9F04FEE
:10ED40009A46836A06469342174687B041D3002508
:10ED50004FF0180BBD4203D1002007B0BDE8F08F83
:10ED60000BFB05F8D6F82C90B26909EB0804231DBB
:10ED70000593CAB9606961680368B4F80CC0C91A20
:10ED8000A3680CF1030E5C1E04EB0C145B4204EB55
:10ED90004E041C4004EBCC0384680633A14228BF18
:10EDA0004FF0FF3104F076FA59F8083030460293FC
:10EDB000336AA9B21B6A0193109B53F82530009364
:10EDC0005AF82520059B04F0DEFA0028C5D101354C
:10EDD000C0E70148C1E700BF40F4FFFF10B504469B
:10EDE00090B1828C43899A4209D0084B1A78032A41
:10EDF00005D95B681BB14268054904209847204645
:10EE0000BDE8104005F00BB910BD00BFBC3A0021B1
:10EE10005E4C010130B544898C4212D9036A013C31
:10EE20005D882C4003EBC40359609A60BFF35B8F8D
:10EE3000026A538801335380C38C0133C38400209A
:10EE400030BD0148FCE700BF41F4FFFF70B4039EF2
:10EE5000144658B1006A48B143B1013406D0002EBF
:10EE600004DB046F14B1A44670BC6047014870BC59
:10EE7000704700BF2DF8FFFF70B4039E144660B1C9
:10EE8000006A50B14BB1013407D0002E05DBD0F839
:10EE9000804014B1A44670BC6047014870BC704704
:10EEA0002DF8FFFF70B50C46114605461E460C4B6B
:10EEB0002022002908BF1946204602F0D0FE049BFC
:10EEC0006662A362059B2562E362069B23636A6810
:10EED00004F13403C4E90D526B60A26B136070BD82
:10EEE0007F4C01012DE9FF47DDF834900D46924635
:10EEF0001F46064600286CD000296AD0B9F1000FE1
:10EF000067D001F15808404604F0A6FB781C40D1B8
:10EF1000AC6C05F1480314F001040BD0002401345B
:10EF2000802C54D0620953F8222004F01F01CA40FB
:10EF3000D107F4D40121600953F8202004F580673B
:10EF400004F01F04A1400A4343F820200E9B5246C0
:10EF5000CDE901930C9B3146009328463B46FFF7D1
:10EF6000A1FF404600F032FC347874B195F8884037
:10EF70005CB1B36A01332ED10021304604F09BFB13
:10EF8000044610B1304604F06DFB204604B0BDE8E5
:10EF9000F087B7F5806FD9D3A7F580637F2B05F194
:10EFA00048010FD8580951F8204003F01F0324FAF4
:10EFB00003F2D2070BD4012202FA03F3234341F8F0
:10EFC0002030C3E7054C404600F000FCDDE7044C70
:10EFD000F9E7024CD9E70024D7E700BF2DF8FFFF7F
:10EFE00029F8FFFF2DE9F04385B00F46904603A9AD
:10EFF0000D9A0546994604F06CFD0446E0B10C9E5E
:10F00000039BD5F8A4009E42A8BF1E460168D0F815
:10F0100008C0611A33464A46614528BF4FF0FF31A8
:10F0200004F0FEF82346424639462846009604F08E
:10F03000F0FC05B0BDE8F0830048FAE72EF8FFFFCA
:10F0400038B50446E0B100F15805284604F0C1FB8C
:10F05000D4F898309B6953B9D4F88C40103C002CFC
:10F0600000DC084C284604F0B2FB204638BD012BDA
:10F07000F7D1D4F8A00004F0D7FAA0F11004EEE71D
:10F08000014CF2E72EF8FFFF2DF8FFFF2DE9F047C6
:10F090008AB00D46DDE9129790461E46044620B917
:10F0A000804F38460AB0BDE8F0870029F8D0002B21
:10F0B000F6D08C22002102F047FE012204F1580014
:10F0C000114604F0E4FD784BC4F89850C4F8688009
:10F0D0006C622367754B6367754BA367754BE3677A
:10F0E000754BC4F88030754BC4F88430D4F8983030
:10F0F000D3F81880B8F1000F6ED1002FD0D097E868
:10F10000070004F18C0383E80700D4F89800036A31
:10F110009B6898470023286100F001006B6184F828
:10F120008800B8F1000F6DD13B7A002B68D009F14F
:10F130000C03C4F8A830B9F1000FB1D0D9F80820F9
:10F14000002A00F0AD809B68002B00F0A9805C4B8A
:10F1500004935C4B05935C4B06935C4B0793EB6A03
:10F160001B68C4F89C30EB6A9B69C4F8A03004F1BA
:10F17000AC03C4E92B3306ABC4F8A46000930222AD
:10F180000021D4F8980004ABFFF7D8FD074600280B
:10F1900087D1D4F8A00004F0E2F9EB6A1B689E6204
:10F1A000EB6A9B699E62B8F1000F61D1C246D4F848
:10F1B00090300993D4F89C305B89534534D894F847
:10F1C0008830C4E90044002B59D1D4F898000421B8
:10F1D000036A5B68984764E7B8F1010F95D1D4F8EA
:10F1E0009800036A1B689847420606D5D4F8980031
:10F1F0000021036A5B689847F1E74307EFD584E78E
:10F200004B4696E7B8F1010FB1D12E4B04932C4B2E
:10F2100005932E4B06932C4B0793EB6A9B69C4F81E
:10F220009C30EB6A1B68A0E74846D4F8901004F0C5
:10F2300041FC0546C8B131680890411AB068002207
:10F24000814228BF4FF0FF31D4F89030304604F0AF
:10F2500021F8009501230022D4F89C0008A904F0AD
:10F26000BFF818B90AF1010AA4E71948074618E7D8
:10F2700094F88830C4E90044002B3FF412AF002317
:10F280000293144B204601933523134A009304F153
:10F290000801FFF707FEB8F1000F7FF402AF94E713
:10F2A0000B4FFEE62DF8FFFFE5EF0001BF37010130
:10F2B000D3390101D33A0101133A0101DF370101CA
:10F2C000804C0101864C01011F390101CD3701013C
:10F2D0002EF8FFFF213801018C4C0101F0B50546E5
:10F2E0000E46174687B0074A03AC07CA84E80700F2
:10F2F0000C9A3146009228463A460194FFF7C6FE22
:10F3000007B0F0BD88460101014B98686030704736
:10F31000DC3A0021104B70B553F82040013053F80F
:10F320002060A64200D870BDD4E900358DB12846D2
:10F33000984738B10028B8BF4042FF28A8BFFF2037
:10F34000EB681870EA68537843F00103537008348F
:10F35000E7E79847FBE700BFE4480101012208B551
:10F36000094B03201A70FFF7D5FF01F003F90420C1
:10F37000FFF7D0FF00F018F904F05CFE034A137B9E
:10F3800023F00103137308BDD54400212818002180
:10F3900008B50348034A0021121A04F04EFC08BDC8
:10F3A000A0040021E84400210023012270B586B0AA
:10F3B000CDE904230F220193CDE9023214230F4D2E
:10F3C0000F4E03FB00550F4906EBC016044601EB38
:10F3D00000214FF4807230460B4B009500F088F806
:10F3E000737B2C7423F004037373084B013403EB19
:10F3F000C423EE606B6006B070BD00BFDC3A002134
:10F40000A8170021E8580021593C0101E8500021CB
:10F4100080B50020A6B0FFF77DFF2E4B03F50062FC
:10F4200082F3088883F30A88E0232B4D002485F8B3
:10F4300022302023EB772C766C76AC7685F8204052
:10F440006B6A264E43F4E0236B6285F82340F7F79E
:10F4500017FCF7F7C5F94FF0FF33AB62EB62F7F734
:10F4600019FEF7F7BFFC40F2011306AD2846ADF8D0
:10F470002430CDE91F4401F077F8B56004F0DDFDDC
:10F480000120FFF747FF0220154DFFF743FF00F073
:10F49000EDFD144B756105930123134F13494FF490
:10F4A0008062CDE9034328463B46CDE90144009400
:10F4B00000F01EF806466A7B284622F004026A73B2
:10F4C00004F0ABFC2046FFF76FFF3A463146284672
:10F4D000F7F788FAE850002100ED00E0DC3A00215F
:10F4E000281800218F4C01015DF30001E85900212B
:10F4F0002DE9FF410E9E00F1580506730426C0E970
:10F5000016550025044646730D9EC0E906558673C0
:10F51000D61D0C9A26F00706C0E919168560C5733A
:10F52000C56602920B9A01EB060801920A9A0092B4
:10F530004246F7F73BFA054B65659B6803B11B6FC5
:10F540004046236704B0BDE8F08100BFDC3A0021EB
:10F55000F0B5002587B00595109DDDE9127604957C
:10F560000F9D044603950E9D02950D9D01950C9DE2
:10F570000095FFF7BDFFB6F1FF3F08BFB7F1FF3FB2
:10F5800005D056EA070305D1204600F0EFFC2046DF
:10F5900007B0F0BD3A463346024904F1180000F0C6
:10F5A000E1FEF4E77F3E01012DE9F043294C2A4DAD
:10F5B00087B02646AE4204F12C040FD300F026FD9E
:10F5C0004FF4004640F2E737224CDFF89090AC420F
:10F5D00020D307B0BDE8F04300F02CBD54F8043C44
:10F5E000059354F80C3C049354F8103C039354F8DE
:10F5F000143C029354F8183C019354F81C3C0093BB
:10F6000054E9092354E90B01FFF772FF54F82C3C2D
:10F610005E65CEE7636A5A1C0DD00021384623EAA6
:10F62000E373C3FB060151EAC333D4F8008004D16D
:10F63000404600F09BFC2C34C9E74FF47A7200235B
:10F64000F0F78AFD02460B4608F11800494600F023
:10F6500089FEF0E798450101C44501017F3E0101A3
:10F660002DE9F341044617461E464FF04003EFF3E1
:10F67000118883F31288BFF36F8FC368334A7BB15D
:10F6800080689168884219D057EA060318D188F338
:10F690001188BFF36F8F6FF00F0002B0BDE8F081EB
:10F6A000916891F90E100133E36093682161A360C2
:10F6B00088F31188BFF36F8F0020EEE72169F2E72E
:10F6C00091F90E1090F90E306FF07E029942A8BFAA
:10F6D00019469142B8BF11468B422EDD04F0C8FA9C
:10F6E000054622464146CDE90076194800F0C8FBA0
:10F6F0000028E1D04FF04003EFF3118683F3128826
:10F70000BFF36F8FA068D0B1236821699C420AD0F3
:10F710004BB193F90E309942A8BF19466FF07E03A2
:10F720009942B8BF194604F0A3FA40B131460848DF
:10F7300000F00AFC6FF00A00AFE70025D1E7002DCA
:10F74000F4D186F31188BFF36F8FF3E7DC3A002121
:10F75000D644002138B5836804466BB3194A9268D1
:10F7600093422CD1C368012B03D9013BC360002015
:10F7700038BD4FF04003EFF3118583F31288BFF3D8
:10F780006F8F0169806804F073FA204604F07BFBF8
:10F79000A06058B190F90E2022610022826704F027
:10F7A0003CFB2946084800F0CFFBE0E7E06085F32A
:10F7B0001188BFF36F8FDAE76FF01500D8E74FF0CD
:10F7C000FF30D5E7DC3A0021D644002138B50446A5
:10F7D0004FF04003EFF3118583F31288BFF36F8F6F
:10F7E00004F051FB48B10022826704F016FB294661
:10F7F000BDE83840044800F0A7BBD4E902329A4281
:10F8000018BF0133A360F2E7D644002113B54FF0CF
:10F810004004EFF3118184F31288BFF36F8F846883
:10F8200044B1013C846081F31188BFF36F8F0020E5
:10F8300002B010BD52EA030406D181F31188BFF370
:10F840006F8F6FF00F00F3E7CDE900230246024807
:10F8500000F016FBECE700BFD64400212DE9F04F85
:10F8600004464FF0FF384FF0FF39484E85B04FF057
:10F870004003EFF3118783F31288BFF36F8FD4F83F
:10F8800080508DB9022104F1980004F00CFA002890
:10F8900043D100233946CDE90089029304F188025F
:10F8A0003B4800F0EDFCE2E7D4F884202B68954259
:10F8B000C4F8803008BFC4F88430D4F8983043F0DE
:10F8C0000203C4F89830EB6823F0040343F001030B
:10F8D000EB606B6887F31188BFF36F8F28469847FA
:10F8E0004FF04003EFF3118B83F31288BFF36F8F58
:10F8F000EB68990723F0010219D4EA60D4F8983034
:10F9000023F00203C4F898308BF31188BFF36F8F94
:10F91000DB05ACD400F0B2FBA9E704F190050022AE
:10F920000121284604F009FB0028F8D1B1E730682E
:10F9300023F00303EB600028E0D000273B46D0F81B
:10F9400000A00028DAD04268014695420CD1016837
:10F950009FB972683160824200D1716040F8083B03
:10F96000FFF734FF39460023BAF1000F0BD0DAF865
:10F97000002050460F469246E3E7396072688242A3
:10F9800008BF7760EAE75246F3E700BFFC3A002180
:10F99000D6440021F8B5C36804469A070F46C3F35E
:10F9A00040062CD45B071AD40B680BB983680B6034
:10F9B000E368DD0742BFA36802263B603D6858BF8D
:10F9C0000126002D3AD01F4B9B68AB420AD0D5F8D8
:10F9D0009830D807C3F3800214D46FF012060023C6
:10F9E0003B6025E004F02DF9D5F898300028F0D1DF
:10F9F000D907C3F3C002F0D552B15B0708D46FF04A
:10FA00000F06ECE7002AFAD1C3F3C003002BF6D1AE
:10FA100000232360D5F8843063B9C5E92044284623
:10FA200004F05BF9E36843F00403E3603B68A36020
:10FA30003046F8BD1C60C5F88440F0E76FF015064D
:10FA4000CDE700BFDC3A0021F0B50446002089B0C4
:10FA5000C4E920000E9D04F18800C4E9220004F1ED
:10FA60009000C4E924001DB32879002840F2011059
:10FA700008BF0120C4F8980000204FF0FF364FF077
:10FA8000FF37CDE90330CDE90100CDE90667204617
:10FA9000084B0094FFF75CFD25B1296811B12046A1
:10FAA00004F0D5F8204609B0BDE8F04004F0D2B823
:10FAB0000120DFE75DF8000130B50A46044685B055
:10FAC0004FF04003EFF3118583F31288BFF36F8F7C
:10FAD000D0F8983013F0060F1DD1B1B143F00C03EC
:10FAE000C4F89830204604F0F8F800234FF0FF32B5
:10FAF00002934FF0FF332946CDE900230C4804F16F
:10FB0000900200F0BDFB05B030BDD0F8800048B1D8
:10FB100043F00403E4E743F00401C0F89810002A1E
:10FB2000E0D0DBE785F31188BFF36F8FEBE700BF11
:10FB3000D644002137B5019008464FF04001EFF35D
:10FB4000118481F31288BFF36F8FC16811F00E0F1B
:10FB500016D153EA020508D101A9FFF71BFF84F370
:10FB60001188BFF36F8F03B030BD41F00801C16051
:10FB7000019910308161034900F0F4FB0120EEE7A8
:10FB80000020ECE7E93C010101460148FFF7D2BF44
:10FB9000C8180021F7B50C4616461D4601904FF0D7
:10FBA0004003EFF3118783F31288BFF36F8F08468A
:10FBB00004F084F855EA060309D1204601A9FFF7AD
:10FBC000E9FE87F31188BFF36F8F03B0F0BDE368E0
:10FBD00004F1100043F00803E360019B3246A36286
:10FBE00002492B4600F0BEFB0120EAE7E93C010197
:10FBF00001460148FFF7CEBFC8180021C3897F2BFB
:10FC000012D80A4B1B6863B1094B90F90E201B6890
:10FC10009A4209DB437BDB0606D1064BC31A18BFA9
:10FC2000012303F0010070470023FAE70C3B002199
:10FC3000083B0021A81700210122044BC01A044BE5
:10FC4000C0105843034B1A54704700BFA818002136
:10FC5000ABAAAAAAD644002170B50E4B0E4C1E7C4E
:10FC6000182303FB06440546204604F089F90022C8
:10FC70000A4B28469A55FFF7C1FF48B1084B20466A
:10FC8000BDE870401A680749013AD31700F06ABB13
:10FC900070BD00BFDC3A0021A8180021D644002125
:10FCA0000C3B002139FC000138B50D4D2B4653F8B3
:10FCB000184F9C4200D004B9EC68AB6838B95A7B45
:10FCC000D20604D1A26912B9DA897F2A05D89C42EA
:10FCD00002D02046FFF7C0FF23466B6138BD00BF4E
:10FCE000DC3A002170B590F90D200146002A437BD3
:10FCF00004DA03F07F03437304F055F8154A4B7B95
:10FD0000104663F07F034B7350F8183FD469834269
:10FD100008BF002323B9C1E900042160D1610CE0D0
:10FD200091F90E5093F90E60B5420ED0AE420CDD43
:10FD30005868C1E90030016059609068BDE87040C2
:10FD4000431A58425841FFF7AFBF9C42E3D01B68AB
:10FD5000E0E700BFDC3A002170B490F90D30427B3F
:10FD6000002B29DBD30627D183692BBB134962F013
:10FD70007F0242730A4652F8184F944218BF234636
:10FD8000CC6923B9C0E900242060C8610CE090F977
:10FD90000E5093F90E60B5420AD0AE4208DD5A68A3
:10FDA000C0E9003210605860002070BCFFF77CBFD3
:10FDB000A342E7D01B68E4E770BC7047DC3A00213F
:10FDC00008B590F90D200146002A437B04DA03F0C0
:10FDD0007F03437303F0E7FF044B9868431A5842CC
:10FDE0005841BDE80840FFF75FBF00BFDC3A002183
:10FDF00070B515461C46064603F0E7FFB4F1FF3F19
:10FE000008BFB5F1FF3F08D02A46234606F1180087
:10FE10000249BDE8704000F0A5BA70BD7F3E010107
:10FE200038B54FF04003EFF3118583F31288BFF329
:10FE30006F8F104B104A9C681068A04206D1FFF7E4
:10FE40000BFF85F31188BFF36F8F38BD00211B7C3A
:10FE500011600A4AD35C002BF3D02046FFF7CEFE98
:10FE60000028EED0637BDB0602D12046FFF73AFF85
:10FE70002046E4E7DC3A0021043B0021D64400217F
:10FE800070B50C480C4D86680C462E601146DDE9B5
:10FE900004234FF04006EFF3118586F31288BFF379
:10FEA0006F8F8068FFF7A4FF2046BDE87040F6F72B
:10FEB00027BD00BFDC3A0021043B0021F8B5044611
:10FEC0004FF04003EFF3118683F31288BFF36F8F77
:10FED000437B49B2DA0619D18569BDB903F07F03C6
:10FEE000437303F060FF437B164A63F07F03437361
:10FEF0001346817353F8180F984218BF0546D0690E
:10FF00005DB9C4E900300460D46111E00020A17340
:10FF100086F31188BFF36F8FF8BD95F90E70B94263
:10FF20000BD08F4209DD6B68C4E900531C606C6024
:10FF30000120FFF7B9FE0120EAE7A842E1D02D68D1
:10FF4000DEE700BFDC3A002149B9EFF3058030B9A4
:10FF5000054B5A699B689A4201D0F6F7D1BC81F3F0
:10FF60001188BFF36F8F7047DC3A002110B54FF056
:10FF70004002EFF3118482F31288BFF36F8F427B4C
:10FF8000510704D484F31188BFF36F8F10BD22F0A2
:10FF900004024273FFF7E0FE2146BDE8104001482D
:10FFA000FFF7D2BFD744002170B50446183003F0E4
:10FFB000E7FF4FF04003EFF3118683F31288BFF39E
:10FFC0006F8F94F90D20637B002A05DA03F07F031D
:10FFD0002046637303F0E7FE0B4D637BA86843F094
:10FFE00010036373031B58425841FFF75DFE86F30D
:10FFF0001188BFF36F8FAB68A34203D1BDE8704097
:020000040101F8
:1000000003F081BF70BD00BFDC3A00214FF0400318
:10001000EFF3118183F31288BFF36F8F044B9A685B
:10002000D37B013BD37381F31188BFF36F8F70478C
:10003000DC3A002110B54FF04003EFF3118483F355
:100040001288BFF36F8F084B00209A68D37B01336F
:10005000D373FFF729FE84F31188BFF36F8FBDE8D8
:10006000104003F050BF00BFDC3A0021024B03F107
:100070001802C3E906227047DC3A0021F8B54FF0B8
:100080004003EFF3118583F31288BFF36F8F194993
:100090008868437B03F07F03437303F084FE0846C4
:1000A0008B685A7B62F07F025A7350F8182FCC6924
:1000B000824208BF002222B9C3E900042360CB6159
:1000C0000CE093F90E6092F90E70BE420ED0B7426A
:1000D0000CDD5168C3E900210B6053600120FFF77C
:1000E000E3FD2846BDE8F840F6F70ABCA242E3D09B
:1000F0001268E0E7DC3A002150EA01032DE9F04103
:1001000005460E4603D1FFF7B9FF00202CE0831C03
:1001100071F1FF332ADB03F049FF2C184FF0400345
:10012000EFF3118883F31288BFF36F8F114F124BD7
:10013000B8681860FFF744FEB86810492A4633468D
:10014000183000F00FF9BA684046537B43F01003B3
:100150005373F6F7D5FB03F029FF201A63EB030373
:10016000012873F10003D0DBBDE8F0816FF00104DA
:10017000241AD3E7DC3A0021043B00217F3E010131
:10018000B1F1FF3F08BFB0F1FF3F08B506D1084B02
:100190009868FFF709FF4FF0FF3008BDFFF7ACFF8D
:1001A0004FF47A7380FB0303C00B40EA4340F4E74B
:1001B000DC3A0021014B9868704700BFDC3A00210F
:1001C0002DE9F04104464FF04003EFF3118683F32D
:1001D0001288BFF36F8F037BD9070BD586F3118885
:1001E000BFF36F8F404080F311884FF0040002DFAF
:1001F000BDE8F081437B1A0704D586F31188BFF36D
:100200006F8FF5E723F0200242F00801D20920D1D8
:100210004173A36813B1204603F0CDFD04F118002B
:1002200003F0AEFE4FF0000804F15807A56DBD4283
:1002300000D0B5B90120FFF737FD104B9B68A342F2
:10024000DBD1EFF30583002BD7D13046F6F758FB0F
:10025000D3E703F05F0343F00803437303F0A3FD08
:10026000D7E7284603F0A7FD05F1180003F088FE44
:100270002846C5F87880FFF76FFDD7E7DC3A002104
:10028000D3B5DDE90667089CCDE90067FFF7F8FD07
:100290001CB1034B9B685B69236002B0D0BD00BFFB
:1002A000DC3A002108B50648064A0749121A03F04D
:1002B000C6FCBDE80840054A0549064803F0BFBC36
:1002C000000000219C040021D04C0101000000002E
:1002D000D04C010100000021034B1B680BB9F7F75C
:1002E000B1BD0020704700BF103B002110B50E4B80
:1002F0001C689C4204D1FFF7EFFF6FF0004010BD77
:10030000FFF7EAFF002CF8D0D4E904321B1A62EBA5
:10031000E072B3F1004F72F10001EEDA002AACBFD7
:1003200018460020EBE700BF4803002130B570B14C
:100330000B4B5B6898420AD0036843B1D3E90421B0
:10034000D0E90445121941EB0501C3E90421D0E9C4
:10035000003213605A600023C0E9003330BD00BF93
:1003600048030021B3F1FF3F08BFB2F1FF3FF8B5EA
:1003700004461D4616465CD081604FF04003EFF303
:10038000118783F31288BFF36F8F013275F1FF334A
:1003900024DA6FF001032C49D1E900209B1A4FF0B9
:1003A000FF3262EB00009E1B60EB0500012E70F136
:1003B000000301DA01260020C4E90460234ED6F8C8
:1003C00000C07568B44508BF4FF0000CBCF1000FC9
:1003D0000DD1C4E900652C6074601CE0FFF77CFF60
:1003E000013645F10005361845EBE070E4E7DCE93D
:1003F0000420D4E90431934271EB000E1ADAD21AC8
:10040000DCF8043060EB0100CCE90420C4E900C34F
:100410001C60CCF804403368B34206D09C4204D13F
:10042000FFF764FF0021F7F7DBFC87F31188BFF3C8
:100430006F8FF8BD9B1A61EB0001AC45C4E9043134
:10044000C7D0DCF800C0C1E7C01800214803002174
:100450002DE9F84F4FF04003EFF3118C83F312882E
:10046000BFF36F8FDFF8B0A0DFF8B0900024C9F8B9
:100470000000DAF800000025504508BF0020284F92
:10048000E046D7E90021D9F8003080B3D0E9046C08
:100490004FEAE37EB3427EEB0C0B05DAF61A6CEB07
:1004A0000E04C0E9046422E0B21841EBE671C0E931
:1004B0000445C7E90021FFF739FF88F31188BFF32E
:1004C0006F8F836898474FF04003EFF3118883F3F1
:1004D0001288BFF36F8FD9F80030DAF800009B1B49
:1004E0005045C446C9F80030CAD1D7E900210024DC
:1004F0009A1841EBE373C7E90023C9F80040FFF7FE
:10050000F5FE2146F7F76CFC88F31188BFF36F8F77
:10051000BDE8F84FFFF784BC48030021103B0021E1
:10052000C018002110B54FF04003EFF3118483F39E
:100530001288BFF36F8FFFF7CFFE0346054AD2E95B
:100540000001181841EBE37184F31188BFF36F8F3A
:1005500010BD00BFC01800210A460146014803F043
:100560004BBD00BF54040021014B0367704700BF1F
:1005700054040021014800F0E0BD00BF974C010188
:1005800038B5064C064DAC4201D3002038BD20469C
:10059000D4E9011203F052FD1434F4E754040021AD
:1005A000680400211FB50024084B4FF480620293B9
:1005B00002AB009306494FF0FF3306488DF80C401C
:1005C000FFF742FA204604B010BD00BFC54C010140
:1005D000E86D0021C8180021014B1860704700BF6A
:1005E000143B00210246002310B5054951F8040BC5
:1005F000046C944203D00133042BF7D1002010BDCA
:10060000183B0021EFF3108272B6054B99698142C5
:1006100000D008B90021996182F31088704700BFAB
:1006200068190021034610B5EFF3108272B6104826
:1006300084691CB182F31088002010BD836182F3AD
:100640001088022202774FF0FF32596B4262D3E9E1
:100650000A23521843F10003C0E9042300F0B6FA5C
:1006600018B12046FFF7CEFFE6E70120E5E700BF1F
:10067000681900212DE9F8432A4D2B4E284603F036
:10068000C7FE002845D0377803F024FE00229446A8
:10069000DFF8988058F8049B99F838E0D9E90A34D3
:1006A00099F83A90B9F1010F09D1B3F5F07344F11B
:1006B000FF34984271EB040438BF4FF0000E7245CE
:1006C0000CF1010C38BF7246BCF1040FE2D1184B9B
:1006D000DFF860801C78944238BF1446E4B2A74229
:1006E0000CD03470BCB9F7F789FC204688F800407C
:1006F00000F0ECFCF3F7BEFA88F8014098F80130FE
:1007000013B1204600F0E2FC284603F090FE0028DA
:10071000B4D1BDE8F883002FF0D1F7F75BFCF3F715
:1007200013FBEBE7283B0021DA440021183B0021B2
:10073000D9440021DB44002110B58469FFF79AFFFA
:10074000D4E90A23C4E9042301230A4AA4612262EA
:1007500094F83020237742B1204684F84930FFF7DF
:1007600061FF10B9042384F849302046BDE81040E9
:1007700000F02CBAF5410101F8B50024F3F744FA72
:10078000224803F042FE224803F03FFE4FF0FF37BD
:100790000222204B20481C70204B214E1C70214B04
:1007A000214D1C70214B80F838401C7007645C7030
:1007B00080F848409A70306003F093FD284685F831
:1007C00038402F6485F84840756003F08AFD05F1D4
:1007D0005000B06085F88840C5F8907085F8984062
:1007E00003F07FFD124880F83840076480F84840E5
:1007F000F06003F076FD0F4803F073FD2046FFF72D
:1008000001FFBDE8F84000F055BC00BF2C3B0021C3
:10081000283B0021DE440021801A0021D944002118
:10082000183B0021DA440021E0190021DB440021BB
:1008300090190021681900210022044B1A70044B02
:10084000197811B11A70F3F739BA7047D7440021FB
:10085000D844002138B51C4D1C4C284603F0D8FD67
:1008600018B32378032B8CBF04202078637898BFBB
:10087000C0B2984288BF6078A37888BFC0B2834274
:10088000134B38BFA0781A7838BFC0B282420DD05F
:100890001870B0FA80F30F4A5B09137000F02AF960
:1008A000284603F0C4FD0028D7D138BD1B78002BA3
:1008B000F6D1084B1B78002BF2D1074B1B78002B8D
:1008C000EED0FFF7B9FFEBE72C3B0021DB44002122
:1008D000DE440021D7440021D844002108B5054B4F
:1008E0001870BFF35F8FFFF7C5FEBDE80840FFF744
:1008F000B1BF00BFD94400212DE9F041437C074638
:10090000012B38D0022B39D0002B63D101213D4877
:1009100003F032FC044600285CD0002380F8493004
:1009200097F81280B8F1000F56D0B8F1010F4DD1F1
:1009300003F0D0FCD7E90032B3F5F07E42F1FF3C82
:10094000704571EB0C051CD23E4604F128050FCE14
:100950000FC596E80F0085E80F002B4BC4E904ECA7
:10096000A46184F81C802362204600F02FF968BB44
:100970000120BDE8F08102212448C9E70121244873
:10098000C6E7244D2D780DB3984291411ED23E46C4
:1009900004F128050FCE0FC596E80F0085E80F007B
:1009A000D7E90023C4E904231B4BA461236284F824
:1009B0001C80FFF75FFE94F83030002BD4D0204627
:1009C00084F84980FFF72EFE0028CDD10121204672
:1009D00003F0EDFB0020CCE73E4600F128050FCEEA
:1009E0000FC596E80F0085E80F00D7E90023C4E99A
:1009F000042301232377084BA4612362FFF73AFE07
:100A0000B2E700BF801A002139070101E019002177
:100A100090190021DA440021F541010101460948FD
:100A200010B584694CB194F84930022B05D103F01C
:100A30005FFC20B1052384F84930002010BD01205F
:100A4000FCE700BF68190021034B185C884234BFE3
:100A500000200120704700BFDB44002108B500F0F2
:100A60005DFB0422044B5A70FFF704FEFFF7F2FE11
:100A7000BDE80840FFF7FEBDDB440021012208B5B8
:100A8000054B1A7003F04EFC0022044B5A70BDE86F
:100A90000840FFF7DFBE00BFD8440021DB4400213F
:100AA000042208B5034B1A70FFF7E4FDBDE80840C7
:100AB000FFF7D0BEDB440021042208B5034B9A7037
:100AC000FFF7D8FDBDE80840FFF7C4BEDB440021B6
:100AD000022208B5034B9A70FFF7CCFDBDE8084031
:100AE000FFF7B8BEDB440021FF22014B1A707047AC
:100AF000DF44002137B5114D04462B681B68984729
:100B00000F4B58B11A78FF2A08D12046F8F7DAF8C7
:100B10002B685B6803B0BDE830401847D3E84F2F1F
:100B2000D2B28DF807209DF80720C3E8424F002A73
:100B3000F4D10028ECD103B030BD00BF143B00213C
:100B4000DF440021FF23064AD2E84F0FC2E8413FAD
:100B50000029F9D1C0B2FF2801D0F8F7B3B8704727
:100B6000DF440021024B1878FF3818BF012070477E
:100B7000DF44002138B50C4CA4F10805204603F0F1
:100B800047FC60B1284603F03EFC48B1D0E90001C3
:100B9000F7F7DCFB204603F04AFC0028EED138BD15
:100BA000F7F7DCFBF6E700BF383B002110B5064C39
:100BB000204603F0B9FB04F1080003F026FCBDE871
:100BC0001040F7F79DBB00BF303B002110B5044635
:100BD00040B3037FDA0701D5036A1BB3BFF35F8F0E
:100BE00000232372BFF35F8F0122D4E9040101F0D7
:100BF000CCFA0B460246C4E90023237F9B0707D5A6
:100C0000626AF7F715FC01280ED002280ED078B9D9
:100C100008480C222146084B03F08AFBFFF7AAFF85
:100C2000002010BD0120FCE70220FAE70320F8E7CE
:100C30000420F6E7303B00219B42010110B5044639
:100C400070B101460C22084803F09AFB50B1237F93
:100C50009B0701D5F7F778FCFFF78CFF002010BD4C
:100C60000120FCE70520FAE7303B002137B50F4AA9
:100C7000CDE900016B460C210D4803F0A1FB0446B1
:100C8000FFF778FF7CB1257FAA0707D5BFF35F8FF9
:100C900001232372BFF35F8FF7F756FCEB0702D5F2
:100CA0002046236A984703B030BD00BFBF42010110
:100CB000303B002143F6095CF0B5430B154D43EA88
:100CC000C143A3FB05344E0B05FB06441B0F43EA4F
:100CD0000413240F650245EAD3555E02A3FB0C37CB
:100CE0000CFB0474C01A61EB040440F2314141432F
:100CF000094B03FB0411A0FB03030B4422B147F68D
:100D0000FF72013843EB0203DB0B981945F1000138
:100D1000F0BD00BFD07B63087B2DE8BD4FF40052CF
:100D2000064B10B5C3F80825F7F7B2FA0024C0F84F
:100D30008040F7F771FBC0F8804010BD00F0004123
:100D400008B50E4B1A7992B100220D4BC3F89020D2
:100D5000C3F89021F7F7C0FA00220A4BC0F88020B0
:100D6000C3F88C204FF40062C3F8082508BD1B6847
:100D7000002BEFD0C3F88020ECE700BF3C3B002104
:100D80000040014100F0004108B50023074A1370FC
:100D9000074A1360074A1370F7F75AFA064AD2F85F
:100DA000043843F40063C2F8043808BDE24400216B
:100DB000443B0021E044002100F0004110B5F7F76A
:100DC0002BFB0446F7F764FA4FF400520A4BC0F8C5
:100DD0008030C4F88030094BC3F804250022084B4A
:100DE0001A70F7F749FAF7F757FAF7F7F9FA012205
:100DF000044B1A7010BD00BF0D00008000F00041D0
:100E0000E1440021E2440021002208B5054B1A709C
:100E1000F7F738FAF7F7FAFAFFF792FFBDE808405C
:100E2000FFF77CBFE244002108B503460F4A59682A
:100E3000006803C219790E4AA1B11B780D4943F02D
:100E40000043C1F89030C1F89021F7F745FA084AFD
:100E5000094BC0F88020C3F88C204FF40062C3F81F
:100E6000042508BD1B68C3F88020EEE73C3B002149
:100E70000B0000800040014100F00041274B2DE9AC
:100E8000F0411B78064603F0FF08002B37D0F7F738
:100E900027FA234FBB68C51A224B187828B3224B78
:100EA0001968A5FB01ECCB1711F5800205FB03CCFB
:100EB00043F1000311F5800FACBF00210121B1EB1C
:100EC000DC7F4FEAD3741DD0A41843F100016408FD
:100ED00044EAC17464424FEA610161EB410114EBE1
:100EE0000E004CEB0101EFF7E7F8D7E90023AD184E
:100EF00043F100032D1A63EBE073C6E9005340464B
:100F0000BDE8F081A41843F10001640844EAC1740B
:100F100014EB0E004CEB6101E5E700BFE14400215A
:100F2000D01A0021E0440021443B00212DE9FF4775
:100F30006D4610220021284600F006FF404B1B782A
:100F4000002B77D002A8F7F7B7F9002875D03D4EEF
:100F50003D4C3378002B0CBF4FF480074FF0807767
:100F6000F7F760FA01F013F9DFF8E0C0CDE900010E
:100F70009CF800302BB32268A168C2F5001E521AFB
:100F8000029986440A44101A90EA9E524FEA9E53F0
:100F90004FEADE5E4BBFA0EB0E00864490FBF3F001
:100FA0009EFBF3F033782A4A43B11368C3EBC303C3
:100FB00018182BD5031F48BFC31CD810012310607D
:100FC00033704FF000088CF80080BFF35F8F95E816
:100FD0000F0084E80F00BFF35F8F4FF001098CF81A
:100FE0000090F7F759F903F075F9D4E90032B0EB46
:100FF000030A61EB020501F0DAF8A7EB4007574559
:1010000078EB050505D2F7F7EBF913E00430C010D3
:10101000D4E73378D4E90001002B0CBF4FF48003F0
:101020004FF08073C0184A4641F1000101F0ADF85D
:10103000F7F7E4F904B0BDE8F087F7F72DF9E2E738
:10104000E2440021E0440021D01A0021E1440021C3
:10105000443B0021002373B5134D144C144E8DF8FE
:101060000730284603F0D4F9A0B10DF10700F2F7DC
:10107000F9FC9DF8073013F004030DD0237823B951
:10108000012330782370FFF717FD284603F0CFF9CE
:101090000028E6D102B070BD2278002AF5D0307861
:1010A0002370FFF715FDF0E7483B0021E3440021E2
:1010B000E444002108B5034803F0A7F90020024BDF
:1010C000187008BD483B0021E3440021032807B500
:1010D000114A09D801280BD81BD00023137003B084
:1010E0005DF804EBF2F7B8BC0428F6D1022301E066
:1010F00001230220137001238DF8053000238DF8A1
:10110000040001A88DF80630F2F7A0FC03B05DF8EA
:1011100004FB0346EEE700BFE444002108B50448A1
:10112000F2F7A6FCBDE808400020FFF793BF00BF20
:10113000551001017047002070470FB407B504A98E
:1011400051F8040B0191F4F7F9FA03B05DF804EBE0
:1011500004B07047044608B5084611461A46A04731
:10116000FFF728F8F5F728FE00EBC100408840089B
:101170007047F8B50346FFF7F7FFB0FA80F0C0F10B
:101180001F0003EB800CDCF81060CA00171D0C4632
:1011900006328DB256B9012101FA00F0D968014337
:1011A000D960CCF81040DD539D52F8BDF1000431F8
:1011B000585AD85303EBC0009E52C5805D52F4E7E5
:1011C00010B500EBC104E388994202F104010AD191
:1011D000012303FA02F2C36823EA0203C360002377
:1011E00040F8213010BDA28840F8213000EBC20148
:1011F00000EBC300CB808280F4E708B50346FFF71D
:10120000B3FFB0FA80F21846BDE80840C2F11F02F1
:10121000FFF7D6BF2DE9F843B1FA81F5C5F11F09F3
:1012200000EB8908D8F8102003460E46C2B1032708
:10123000D8F8104018462146FFF796FFB04206D373
:101240004A461846FFF7BCFF2046BDE8F88303EB8B
:10125000C404E088013FC8F8100001D08242E7D101
:101260004FF0FF34C5F120029440DA681440EBD00F
:1012700094FAA4F2B2FA82F2111D53F821402146E9
:10128000DFE738B50346FFF76FFF0D46044611460A
:101290001846FFF769FF0444600003EBC50568804A
:1012A0001846FFF761FF014423F8314038BD38B5D7
:1012B0000C460346FFF758FFA51A511A054403EBE5
:1012C000C4044800608003EBC2006C00448023F833
:1012D000321018461146FFF747FF014423F83150FA
:1012E00038BD38B50546FFF73FFF0C46014405EB16
:1012F000C1035B88DA070AD42846FFF77EFF214640
:101300002846FFF731FF22182846FFF7BAFF35F8C5
:101310003410611A05EBC1035B88DB070CD4284647
:10132000FFF76BFF35F834102246611A2846FFF7A5
:10133000A8FF35F83430E41A21462846BDE8384085
:10134000FFF717BF61B100680439091A21F00703DC
:1013500003445A88C90822F001025A80FFF7C1BF2E
:10136000704770B5056809B9002070BDAB68B3EB74
:10137000D10FF9D90B31CC0821462846FFF74AFF97
:1013800006460028F0D001462846FFF7EDFEA042B1
:1013900007D928463219FFF78AFF11462846FFF77A
:1013A000E8FE05EBC60210465388043043F0010303
:1013B0005380DAE72DE9F84301F1FF3919EA010911
:1013C0000F46144606680CD04B420B40042B1A46BD
:1013D0004F4628BF0422994664B900252846BDE837
:1013E000F883042904D8BDE8F8431146FFF7B9BFD4
:1013F0000422F1E7B368B3EBD40FEED904F10B018B
:101400003944891A3046C908FFF704FF804600288E
:10141000E3D009F1040505EBC0057B1E35441D44EE
:101420007F423D40A5EB09052C442B1F07349B1B35
:1014300024F00704A41BB0EBD30F4FEAD3074FEA05
:10144000E40408D201463A463046FFF730FF4146F1
:101450003046FFF78EFE39463046FFF785FE3844AA
:10146000844207D230462246FFF721FF214630460C
:10147000FFF77FFE06EBC706738843F00103738016
:10148000ACE7F0B40446043AC81D114420F007004C
:1014900021F007010E1AF308B3FA83F22060002747
:1014A0000446C2F12405AD008360073544F80C7F83
:1014B000C2F12002E90804EB820244F8047F94425E
:1014C000FBD14A0042F0010242805A1A550000EB5B
:1014D000C10407806580841920F8311000EBC30334
:1014E000678082535A8842F001025A80F0BCFFF7AD
:1014F00040BE002203680BB9184670478B4210D1DA
:101500000B6842B942680360914200D143600023F6
:1015100001200B60704713604368994208BF426026
:10152000F5E71A461B68E6E7038B13F0070305D1BE
:101530000368002B0CBF002003207047022B05D14D
:10154000408BB0FA80F0400980007047012B05D134
:101550000368002B0CBF0020052070470020704757
:1015600010B50C4600B111B96FF0150010BD081D83
:1015700000F0D6F80028F9D1A368032BF6D9F3E7D9
:101580002DE9F0410D4607461946281D90461E4696
:1015900000F0D7F8044638B133464246294638466B
:1015A000A446BDE8F0416047BDE8F08110B44FF0BB
:1015B0004004EFF3118284F31288BFF36F8F41610F
:1015C00010BC0121F4F7C8B838B50C46054658B12F
:1015D00051B10B6843B14B6833B11C22002100F0BC
:1015E000B3FB00202C6138BD6FF01500FBE770B530
:1015F00005460E46FFF7B4FF041E15DB4FF040030F
:10160000EFF3118283F31288BFF36F8F4FF6FF71F0
:101610006B8B2C8B8B4204F0070407D182F311886B
:10162000BFF36F8F6FF00A04204670BD022C0CD1FF
:1016300001336B8382F31188BFF36F8F002322463F
:1016400031462846FFF79CFFEEE7062C14D8DFE86A
:1016500004F004131313041A0400002333606B68AE
:101660003BB9C5E90066ACB902212846F4F774F825
:10167000DAE71E606E60F6E782F31188BFF36F8FC2
:101680006FF00404D0E782F31188BFF36F8F6FF01F
:101690008504C9E782F31188BFF36F8FC4E710B5E3
:1016A0004FF04003EFF3118283F31288BFF36F8F83
:1016B000048B04F00704022C0AD0012C0CBF6FF03D
:1016C00004006FF0850082F31188BFF36F8F08E08C
:1016D000438B013B9BB2438323B92146F4F73CF88B
:1016E000204610BD2046EEE738B5B0B1A9B14FF0A5
:1016F0004002EFF3118582F31288BFF36F8F048BE2
:10170000FFF7F7FE30B104F0070085F31188BFF34F
:101710006F8F38BD6FF07700F7E76FF01500F8E7CF
:10172000034658B1426802F00302012A03D0032A9B
:1017300004D1026812B10020986070476FF0150064
:1017400070474268034602F00302032A4FF000028A
:10175000816014BF104600685A6070472DE9F84F49
:101760009A46D37880466F2B0F461546A3F1410B5E
:1017700029D024D8582B0CBF10260A26DDF8289033
:101780003246002340463946EEF7E6FC092AD4B239
:101790001ED83034B045E4B277F1000709F8014DA6
:1017A00001D3D14511D82B789B0605D5082E15D12C
:1017B000AB7843F00803AB704846BDE8F88F03F000
:1017C000F703702BD7E70826D8E780460F46D7E700
:1017D000BBF1190F94BF37345734DBE7102EEBD130
:1017E000AB7843F01003E6E72DE9F0410746884661
:1017F00015461E461446B44205D30EB1601B08E0E0
:101800002378002BFAD0414614F8010BB847002882
:10181000F1DABDE8F081704720B183682BB11B6815
:1018200033B118476FF0150070476FF00400704730
:101830001846704730B450B149B142B1846854B1D0
:10184000E56845B141F8040BE36830BC18476FF018
:10185000150030BC70476FF00400FAE730B413464F
:10186000044650B1006860B182686AB195685DB1A4
:101870000A46AC46616830BC60476FF0150030BC6A
:1018800070476FF00100FAE76FF00400F7E70369B3
:10189000D3F8600370476FF085007047084608B5BD
:1018A000114618B101F028FF002008BD6FF00100BB
:1018B000FBE7084608B5114618B101F015FF0020F6
:1018C00008BD6FF00100FBE713B504460846216927
:1018D00001F55771D1E8AF1F022909D15BB168B199
:1018E00000931346D0E90912FDF7C6FA02B010BD05
:1018F0006FF00F00FAE76FF04C00F7E76FF00100B0
:10190000F4E72DE9F8431C46DDE9085316469846EE
:101910000F46006939B34AB344B36A1C43F100036C
:10192000022A73F1000324D2226842B1D0F8603356
:101930009A4204D96FF00B002360BDE8F88305EAF2
:10194000080909F101035A425A412146384601F07B
:10195000DBFE88B9B8F1FF3F08BFB5F1FF3FF0D01B
:101960006FF06800E9E76FF00100E6E76FF015003F
:10197000E3E76FF08500E0E730600020DDE701F08D
:1019800007BF38B50D46044600F14001284600F077
:101990008AF930B1284604F1B00100F084F920B989
:1019A0000120702303FB004038BD0020FCE702F556
:1019B0002A7102F52E7002F0D3B9D0F8B030A0F53C
:1019C0002A70003B18BF012300EB8300D0F894027B
:1019D00001F03CBECB6833B1C86883681B6813B1A3
:1019E0000022096918477047FDF7B4BED0E8EF3F01
:1019F000C0E8E21F002AF9D1704710B543680469B6
:101A00001B68C4F8583304F5D47002F039F900218A
:101A100004F55770FFF7EAFF084610BD2DE9F341C2
:101A200017460D4679B30B786BB3D0F8A840A4F5F0
:101A3000CA7814344FF0FF324FF0FF332046FDF7E1
:101A40000FFE2A46404601A9F4F7B2FB019E2EB9CB
:101A5000204602B0BDE8F041FFF7C6BF58B12046AE
:101A6000FFF7C2FF3B462A463146404602B0BDE87A
:101A7000F041F4F77BBB2022294606F1400000F03C
:101A8000EEF83766E4E702B0BDE8F08110B508462D
:101A9000029B114652B993F864202AB901221846D4
:101AA00083F86420F4F7D6FC002010BD9A6E5468C9
:101AB000002CF9D0DA6EA047F6E710B50C460369A2
:101AC00003F55773D3E8AF3F022B0AD161B1084643
:101AD00001F05EFE70220021204600F035F9002062
:101AE00010BD6FF00F00FBE76FF00100F8E701F0A9
:101AF0004FBE38B50D46044660B1E03002F074F8D0
:101B00000DB1002038BD0C22294604F5CA7000F042
:101B10001BF9F6E76FF01500F4E70268D2F8E03041
:101B200013B1D2F8DC10184770477047836913B9B6
:101B3000D0F8883019707047012070478369012BF5
:101B400004D1D0F888301878C0B2704704207047AC
:101B500038B5C4003434204602F068FA054618B19E
:101B60002246002100F0F0F8284638BD38B504467A
:101B70003022002100F0E8F81822002104F1BC0016
:101B800000F0E2F81822002104F1A40000F0DCF8D3
:101B9000D4F8D800FDF722F9D4F8D400FDF71EF9E7
:101BA000002304F13400C4F8A03001F0D0FAFDF7AE
:101BB0008DF8E36E04F140050BB1284698473822B2
:101BC0000021284600F0C0F8002038BD02F01AB805
:101BD0000146006802F016B800210120FFF7F6BFA9
:101BE00038B504460D4611461A46F4F7EFFD204677
:101BF0002946049AF4F750FE204638BD08B5F4F79C
:101C000065FEBDE80840F4F715BF436E83F30B880B
:101C1000704740E800F313F4803FD8B208BF6FF07C
:101C2000150070477FB50A894E890B684D6802F030
:101C30001F0242EA461200938DF8082023F01F038A
:101C40006A1E134423F01F030728039304D8694630
:101C5000F5F7E4F804B070BD6FF01500FAE703463D
:101C600010B5013922B900211A44934208D110BDA0
:101C700011F8014F002CF6D003F8014B013AF1E7BF
:101C800003F8011BF1E7034600201A5C02B9704714
:101C90000130FAE7034600201A5C0AB1884200D1FD
:101CA00070470130F8E7431E013913F8012F11F88E
:101CB000010F824201D1002AF7D1101A704770B586
:101CC0000B46054662B110F8016B1C780131B44235
:101CD00000D11CB92A781B78D01A02E0013AEFE74C
:101CE000104670BD10B55AB10139841810F8012B97
:101CF00011F8013FA04201D09A42F7D0D01A10BD8E
:101D00001046FCE7431A934210B500EB020308D3D8
:101D1000024601399A420BD011F8014F02F8014BEB
:101D2000F8E70A4412F8014D8A4203F8014DF9D14F
:101D300010BD10B5431E0A44914200D110BD11F8E8
:101D4000014B03F8014FF7E70346C9B2024493423F
:101D500000D1704703F8011BF9E70C220369C9B2EF
:101D600001FB0233186C00F0070070474FF040038E
:101D7000EFF3118283F31288BFF36F8F036803F0D0
:101D8000C00343F00203036082F31188BFF36F8F37
:101D9000704770B5C9B203694FF04004EFF3118585
:101DA00084F31288BFF36F8F0C2606FB0134246C7A
:101DB00014F0C00408D0A24206D085F31188BFF306
:101DC0006F8F4FF0FF3070BD012206FB01331A64A4
:101DD00085F31188BFF36F8F436803EBC1035B6822
:101DE00098470020EFE78022FFF7D3BFF8B5069FA2
:101DF0000469C9B24FF04005EFF3118685F31288EC
:101E0000BFF36F8F0C2505FB0144256C05F0070C13
:101E1000BCF1010F0CD1276486F31188BFF36F8FDB
:101E2000C4E90E23436853F8313098470020F8BDC9
:101E300005F0C005AF4286F31188BFF36F8F0CBF6A
:101E40006FF077004FF0FF30F1E713B58024009476
:101E5000FFF7CCFF02B010BD10B41C240069CBB258
:101E600003FB0400002110BC10470020F6F75EB809
:101E7000002000F02BB91046FDF7A8BC43680020F5
:101E80005B681B690B607047436802EA01005B688E
:101E900021EA020198600020D96070474368002061
:101EA0005B6899607047436800205B68D960704741
:101EB00043685A68536821EA03000B409060002091
:101EC000D360704710B503695868F8B1884219D1DA
:101ED0009C680868A142586000D1986000200860A2
:101EE0002AB15A680A609A68596002B9996000205C
:101EF00010E0814206D10868206098688142EDD1E7
:101F00009C60EBE7044600680028F2D1002AE8D183
:101F10006FF0150010BD30B451F820500C4601EBA5
:101F200080023DB10146AC46D4F88000002330BCAD
:101F3000126C604730BC704710B500690F299FBF15
:101F400000EB810440F821202364002088BF6FF05B
:101F5000150010BD00207047102070470F290ED8C3
:101F600043685B68CB40DB0709D501228B00DBB2FD
:101F700003F1824303F5903300201A6070476FF03D
:101F80001500704738B50F290C46056933D84368EA
:101F90001B68CB40DB072ED5D5F8841021FA04F35B
:101FA00003F001031AB99BB96FF0770022E0002B10
:101FB000FAD111B91220F4F73FFC0122D5F8843090
:101FC000A2401343C5F88430E0B2FCF77FFD0AE07D
:101FD000E0B2FCF783FD0122D5F88430A24023EA69
:101FE0000203C5F88430D5F8843013B91220F4F711
:101FF00031FC002038BD6FF01500FBE7002200F136
:1020000050039B009BB203F1824303F5B0331A6087
:102010001B687047F5F7A8BCF5F7EABCF5F764BD97
:1020200008B5F5F73FFD08BD002008B5F4F77AFEC6
:10203000404080F311884FF0030002DF704768468C
:1020400020F007018D4601B5F0F7A2FDF4F7F2FC90
:10205000BDE801408546704708B54FF0FF314FF0AD
:10206000FF30F5F7F9FEF3F7F8F9BDE80840F5F7AA
:10207000FBBE684620F007018D4601B5F0F706FD6E
:10208000BDE8014085467047684620F007018D464F
:1020900001B5EFF731FEF4F7CDFCBDE80140854610
:1020A000704708B5F3F77FFA002008BD07B501A80F
:1020B00000F016F92D2301A88DF805308DF80630B3
:1020C00000F007F9002003B05DF804FB012801D1FE
:1020D000F1F75CB870477047F1F7A8B80020704777
:1020E00010B53929046901D00C2904D1F1F706FB98
:1020F0002060002010BD6FF08500FBE7704713B52E
:102100000029AEBF00240124002100230094FFF722
:1021100067FD02B010BDF4F78FBBF4F79BBB7047AF
:102120004FF04002EFF3118382F31288BFF36F8FF9
:102130000360704780F31188BFF36F8F704700F022
:102140005FBF08B5F6F762FAFBF798FA002008BD02
:1021500008B5F5F7A7FCBDE80840FEF787BD73B5E5
:1021600000210191016804460091006916461D4650
:10217000FFF754FFEFF3108372B6C4E9026583F3EF
:10218000108802B070BDF5F78DBCFEF793BD43F625
:102190000952A0FB020302FB013140F2FF13C018F9
:1021A00041F10001400A40EAC150490A70471F202E
:1021B000704738B50446F7F723FD05462046F7F784
:1021C00025FDA54204D0BDE83840002000F029BC20
:1021D00038BDF7F715BDF7F727BD002307B501A8F0
:1021E000ADF804308DF8063000F0E3F903B05DF887
:1021F00004FB00F032BCF7F721BDF7F72BBDF7F772
:1022000035BD012000F024BB08B5002000F020FB04
:1022100080F00100C0B208BD6FF0010307B50022D5
:10222000009301231146184600F02EFB03B05DF821
:1022300004FB7FB51D4600230293ADF80C3001234B
:102240000899044616468DF80A3021B9F7F7D8FCEC
:1022500002A98DF80B0048780B7800B92BB93246EB
:102260002B462046009100F012FC04B070BD00F037
:1022700034BC00F04CBC00F077BC0146002000F0FC
:1022800079BB002000F095BB00F0AFBBF7F798BC1E
:10229000F7F7AEBCFAF7B2B810B41446DBB29DF84B
:1022A00004200193234610BCF9F7D8BFFAF74AB8C7
:1022B000F9F7CEBF002307B51A460093F9F7CEFF12
:1022C00003B05DF804FB0022FAF73CB80021FAF7EE
:1022D0007BB808B5F7F7D2FCBDE8084000F0BDBBFD
:1022E000F7F7EABCF7F7FABCF7F702BDF7F706BD58
:1022F000F7F70EBDF7F712BDF7F716BDF7F71ABDE2
:10230000F7F71EBDF7F726BDF7F72ABDF7F72EBD85
:10231000F7F732BD08B501F016FF430000F00702E1
:1023200003F050031343C20654BF43F0080043F0C8
:10233000280008BD01F0CEBFF9F746BEF9F74ABE46
:10234000F9F7CEBDF9F726BE7047704708B5F6F726
:10235000F1F9BDE8084001F09EBF70B504460D4696
:102360001646F7F747FB30B1324629462046BDE80E
:10237000704000F057BA70BD7FB501786B460131EF
:102380000122C9B200F0B6F918B1009B5878C0F329
:10239000401007B05DF804FB08B5F8F727F900F026
:1023A0009DF8404240B208BD37B50024002568467C
:1023B000CDE90045FEF762FD28B9CDE90045DDE92C
:1023C000000103B030BDDDE900321343F7D1012233
:1023D0000023CDE90023F2E708B500F050F820B162
:1023E000F6F76EFA10B9F7F737FB002008BD00F0DA
:1023F00043B808B5F6F7CAF9BDE808400020F6F77B
:10240000F1B9F6F711BB10B504460220F6F7EAF968
:1024100000210846F6F7BCFAF7F794FB204600F0D7
:1024200007FABDE81040F7F739BB704738B50546E5
:10243000FFF7D2FF044668B1012228461146F6F79D
:10244000C5FB044620B10820F6F7CCF9F6F708FBE7
:10245000F7F702FB204638BDF9F736BC012070477C
:1024600010B5044600F08AF92046BDE81040F9F79F
:10247000C1BC7047F9F7E8B900F082B97047002095
:10248000F7F730BB0120F7F72DBB01F05EBEB2FBC2
:10249000F3F203710023016083714271C3717047CD
:1024A00081790279006801FB0200704783794279E3
:1024B0000133DBB29A4298BF002383717047C17920
:1024C0000279006801FB02007047C3794279013349
:1024D000DBB29A4298BF0023C371704710B504461F
:1024E000F7F750FC2044C0B210BD10B50446F7F712
:1024F00049FC201AC0B210BD10B50446C0B2F7F7AF
:1025000041FC201A00B210BDFFF7EFBF08B5FFF77E
:10251000F3FF21231238C0EB002090FBF3F000B250
:1025200080F30800C0B208BD08B5F8F765FCFAF7FB
:1025300065FBFAF7F9FB08BD8000002100F0FC0004
:10254000F8F7EEBC08B504200121F8F7E9FCBDE876
:1025500008400C20F8F76EBD08B5F7F797FDBDE809
:102560000840F7F769BCF7F759BDF7F73BBD08B569
:1025700000F001F808BD0F207047704700BF00BF92
:1025800000BF00BF00BF00BF704737B5ADF80410F3
:10259000C9B20446154641B19DF905102A462046A8
:1025A00003B0BDE83040F2F776BFF7F737FB0146DE
:1025B000F4E738B50546F7F723FB0446F7F72EFB9B
:1025C0002A4601462046BDE83840F2F764BF037A48
:1025D000012B01D900207047BFF35F8FD0E84F3F38
:1025E000DBB28B4202D0BFF32F8FF3E7C0E8432F5B
:1025F000002BF3D1BFF35F8F01207047582370B5D4
:10260000044603FB0105AC4201D1002608E0204648
:1026100002220121FFF7DBFF264658340028F2D0C2
:10262000304670BDF8B5846901F054FED4E91067F6
:10263000BFF35F8F94F8483094F8492001335B0171
:102640007AB9A0339D1947F10002A84291410BD2FB
:10265000C4E90852A36304F11000BDE8F840FEF796
:10266000B5BA03F53073EDE761680022082000F089
:10267000CCF84FF0FF3363602046BDE8F8400122FC
:102680000421FFF7A4BF03785A0607D14278DB097B
:1026900043EA42037E3BDBB2012B04D9884234BFBC
:1026A00000200120704701207047837AFF2B12D051
:1026B0000268D25C012302F00702934013F0220F5C
:1026C0000BD113F0440F0AD113F0880F14BF01206F
:1026D0000020000170470020704704207047082048
:1026E0007047022804D0C31E58425841C0007047AA
:1026F0000420704738B515461C46D0B11860597192
:1027000000230A222371FF21A01DFFF71DFB0122D8
:10271000FF2104F11000FFF717FBFF2104F1110066
:102720000722FFF711FB29462046BDE83840F9F79C
:1027300049B938BD0B46114642799A4238BF4371B8
:10274000F9F740B910B5034690F8210098B10C781C
:102750005A7EA24210D172B1486860B103F11001F3
:10276000531E022B96BF92000022033AFFF7BAFADB
:10277000B0FA80F0400910BD0020FCE7F9F774BC06
:10278000F9F772BC08B5F9F76FFC012008BD08B570
:10279000FAF7DEF8BDE8084000F018B808B500F018
:1027A00016F8BDE80840F9F7ABBE036802469B780F
:1027B00003F03003102B02D0202B03D023B9104696
:1027C000FAF7DAB8F9F7BCBE0020704770477047D7
:1027D00070B500232826012406FB0305D5E84F2FFA
:1027E000D2B242B1BFF32F8FBFF35F8F0133994253
:1027F000F2D1FF2070BDC5E8424F002AEED1BFF3F1
:102800005F8FD8B2F6E7FAF7EBB8FAF707B938B541
:1028100004460D46F8F744FC29462046BDE83840FA
:10282000FAF722B9FAF744B9FAF76AB9FAF782B9AE
:10283000FAF79AB9FAF7B2B910B5F7F735F90446CD
:102840001420F5F71BFC84428CBF0020012010BD32
:10285000002337B504468DF80730FFF7EDFF054636
:1028600040B12046F6F7ECFE8DF807009DF8070012
:1028700003B030BDFAF724FA0DF1070205700472B7
:10288000C260FAF729FAF1E72DE9FF411C4600235F
:1028900007460E461546DDF828808DF80F30FFF705
:1028A000CBFF70B123462A4631463846CDF800802A
:1028B000F6F7F2FE8DF80F009DF80F0004B0BDE8AA
:1028C000F081FAF7FDF9012303700DF10F0307738F
:1028D000467385608473C0F810804361FAF7FCF991
:1028E000EAE72DE9FF411C46002307460E46154640
:1028F000DDF828808DF80F30FFF79EFF70B123467A
:102900002A4631463846CDF80080F6F7EFFE8DF8BE
:102910000F009DF80F0004B0BDE8F081FAF7D0F980
:10292000022303700DF10F03C0E9045407734673CB
:10293000C0F808808361FAF7CFF9EAE7002313B5FE
:1029400004468DF80730FFF777FF40B12046F6F7D1
:102950004DFF8DF807009DF8070002B010BDFAF793
:10296000AFF9032303700DF107038460C360FAF726
:10297000B3F9F0E7002337B505460C468DF807306C
:10298000FFF75AFF48B121462846F6F75DFF8DF85C
:1029900007009DF8070003B030BDFAF791F9042352
:1029A00003700DF1070305720461C360FAF794F92F
:1029B000EFE7002313B504468DF80730FFF73CFF1F
:1029C00040B12046FFF732FD8DF807009DF8070063
:1029D00002B010BDFAF774F9052303700DF1070377
:1029E0000472C360FAF778F9F0E7002313B50446E0
:1029F0008DF80730FFF720FF40B12046F6F748FF7B
:102A00008DF807009DF8070002B010BDFAF758F9DD
:102A1000082303700DF107038460C360FAF75CF9C3
:102A2000F0E7002313B504468DF80730FFF704FFE5
:102A300040B12046F6F748FF8DF807009DF80700E3
:102A400002B010BDFAF73CF9092303700DF107033A
:102A5000C3600472FAF740F9F0E7002307B58DF878
:102A60000730FFF7E9FE40B1F6F752FF8DF8070097
:102A70009DF8070003B05DF804FBFAF721F90A237B
:102A800003700DF107038360FAF726F9F0E7F0B55C
:102A90001C46002385B0064615460A9F8DF80F3068
:102AA000FFF7CAFE58B12A46234630460097F8F78A
:102AB000DBFD8DF80F009DF80F0005B0F0BDFAF7B3
:102AC000FFF80E2303700DF10F03C0E90454866074
:102AD0008761C361FAF700F9EDE7002307B58DF8C8
:102AE0000730FFF7A9FE40B1F8F768FE8DF8070040
:102AF0009DF8070003B05DF804FBFAF7E1F80F2337
:102B000003700DF107038360FAF7E6F8F0E72DE9AB
:102B1000FF411C46002307460E461546DDF8288077
:102B20008DF80F30FFF788FE70B123462A463846ED
:102B30003146CDF80080F8F7F7FD8DF80F009DF8CD
:102B40000F0004B0BDE8F081FAF7BAF81023037063
:102B50000DF10F03C0E9027605610475C0F8188015
:102B6000C361FAF7B9F8EAE7002313B504468DF814
:102B70000730FFF761FE40B12046F8F733FE8DF8CD
:102B800007009DF8070002B010BDFAF799F811236D
:102B900003700DF107038460C360FAF79DF8F0E756
:102BA000002337B505460C468DF80730FFF744FE85
:102BB00048B121462846F8F795FB8DF807009DF8A7
:102BC000070003B030BDFAF77BF8122303700DF154
:102BD0000703C0E902540361FAF77EF8EFE7FCF758
:102BE00093BB0023F0B5054618468842C0EBC007EA
:102BF0000CD005280AD02E5C013006F07F04BC40C2
:102C000023433406F1D402B11360F0BD4FF0FF301E
:102C1000FBE77F280BD9B0F5804F0AD3B0F5001F32
:102C200009D3B0F1805F2CBF05200420704701203C
:102C300070470220704703207047034610B51046C6
:102C4000FFF7E7FF814207DB441E1C44A342D1B2D9
:102C500003D101F07F01197010BD61F07F0103F80D
:102C6000011BD209F2E7002110B54278431C282A43
:102C700004D0292A0DD01846C9B91CE018460446CC
:102C800010F8012F0131282AF9D0292A0FD1034643
:102C9000204604460139002918460BD00BDD13F8F5
:102CA000012F282AEAD0292A0446F3D01846002A00
:102CB000DBD100E0A01C10BD0CB41FB506AC54F86D
:102CC000043B0A4603A90091014600200394FAF749
:102CD000BFF804B0BDE8104002B070470CB407B5AF
:102CE00004AB53F8042B019301ABFAF7EFFA03B0EE
:102CF0005DF804EB02B0704707B5019301ABFAF73A
:102D0000E5FA03B05DF804FB8123B2FBF3F2002384
:102D100010B51C460160426042689A4200D810BD5E
:102D200003EBC3120A4482F880400133F4E7002326
:102D300073B50193D0E9006500239D4201D10020C5
:102D400012E003EBC314344494F8802092B901A834
:102D5000FFF7E6F994F8803043B90123019884F82D
:102D60008030FFF7E7F9204602B070BD0198FFF709
:102D7000E1F9E1E70133E0E773B5002605680C46A9
:102D800001A80196FFF7CCF98123611BB1FBF3F198
:102D900001EBC1110D44019885F88060FFF7CAF975
:102DA00002B070BD73B51C46042316460546E2000A
:102DB000009300F07FF8314604EBC41205F11400D3
:102DC00002B0BDE87040FFF79FBF2DE9F341054613
:102DD0001430DDF8208016461F460191FFF7A7FF4B
:102DE000C8F8000040B13A463146FEF7A2FF41461E
:102DF000284601AA00F06AF802B0BDE8F08107B5E4
:102E0000019101A900F0C0F803B05DF804FB37B5EB
:102E1000019101A9054600F093F8044620B10199FB
:102E200005F11400FFF7A8FF204603B030BD0023D2
:102E300007B592000093042300F03CF803B05DF85E
:102E400004FB13B514460191002201A900F03EF8DD
:102E500008B1019B236002B010BD13B51446019167
:102E6000002201A900F090F808B1019B236002B094
:102E700010BD07B5019101A900F062F803B05DF83B
:102E800004FB2DE9F0410446D0E9033288460025D1
:102E900006689F18A368AB4202D82846BDE8F081B7
:102EA00041463046E268FEF71DFF0028F5D00135A7
:102EB0003E44EFE710B5029C01601919B2FBF1F234
:102EC000C0E9033400234260836010BDF7B50446B7
:102ED0000F46002501A816460195FFF721F939464E
:102EE0002046FFF7CEFFA168814211D9226942B185
:102EF000E368991800FB0133206831461844FEF757
:102F000018FF01250198FFF715F9284603B0F0BD19
:102F100063689942F6D2D4E903232568134401FB80
:102F2000035539462846FEF704FF226922B1E068BE
:102F300031462844FEF7FDFEA3680133A360E0E7B5
:102F400073B504460E46002501A80195FFF7E8F881
:102F500031462046FFF795FFA16881420ED901391D
:102F60008142A16009D92368D4E90324224402FBE9
:102F7000013102FB0030FEF7DCFE01250198FFF76E
:102F8000D9F8284602B070BDF7B504460F460025B3
:102F900001A816460195FFF7C3F839462046FFF70A
:102FA00070FFA36883420CD956B1226942B1E1682F
:102FB0008B1800FB0311236830461944FEF7B9FE55
:102FC00001250198FFF7B6F8284603B0F0BD0FB40D
:102FD00000B5CDB04EAB53F8042B4FF4947102A85A
:102FE0000193FFF789FE011E07DB02A8F5F7EEF853
:102FF0004DB05DF804EB04B070476FF00100F7E7E7
:1030000007B5FAF75FFB002803DA019001A8FEF785
:1030100091F803B05DF804FB13B50446FAF726FBFC
:103020002146FFF7F4FE28B96FF0070301A80193CA
:10303000FEF780F802B010BD0346032B0846114688
:1030400001D1FAF7ADBC6FF0020070470047F7B549
:103050001646DDE90847019001A81D46FBF78EF9E9
:10306000019BB6F1000C18BF4FF0010C00EB830080
:103070000B1E18BF0123002D43EA4C0314BF4FF071
:103080000C0C4FF0000C002C43EA0C0314BF4FF45F
:10309000706C4FF0000C002F43EA0C0314BF4FF488
:1030A000403C4FF0000CD0F8002243EA0C0322EA27
:1030B000030301B109780EB13678760019430DB1DA
:1030C0002D78AD0031430CB12478240229430FB18F
:1030D0003F783F040C433C43C0F8004203B0F0BDCE
:1030E0001FB50DF10F03019300238DF80F101A4641
:1030F00019460093FFF7ABFF05B05DF804FB73B50D
:103100000C461546064618B96FF0150002B070BDA2
:10311000FEF7B9FD0028F7D0002CF5D02046FEF7C9
:10312000B2FD0028F0D0002DEED0304601A9FBF70B
:103130003BFD0028EAD1019883682BB12A4621463D
:1031400002B0BDE8704018476FF01200DEE701469C
:103150004068C36803B1184770472DE9F04389B050
:10316000109E0446894690460021202268461F464C
:10317000129DFEF7E9FD1F2E97BF01234FF0FF338D
:10318000B34003F1FF332361119BC4E90098C4E904
:1031900002766361183445B10FCD0FC495E80F0076
:1031A00084E80F0009B0BDE8F0836D46F4E773B51D
:1031B0000468661C31D08568A9422ED264182CD0D0
:1031C0005E18AE4288BF6B1A056A35B100930523BD
:1031D000A8470346184602B070BDBFF35B8F19467F
:1031E000A41A101919B140EA0205AD070AD1032942
:1031F0000DDC013811448A42ECD010F8014F02F87E
:10320000014BF8E70078013902F8010BE9E750F8C3
:10321000044B043942F8044BE9E76FF02103D9E786
:1032200073B50468651C32D08568A9422FD2641832
:103230002DD05E18AE4288BF6B1A456ACDB100939F
:103240000523A84702B070BD12F8015B0139057073
:103250001546A01819B140EA0206B607F4D10329B1
:103260000ADC013D014488420CD1BFF35B8F184654
:10327000E8E71946A41AEBE755F8042B043940F89F
:10328000042BECE715F8012F00F8012BEBE76FF0AA
:103290002100D7E773B504681D46661C2BD08368F0
:1032A000994228D2641826D06E189E42866A88BF3A
:1032B0005D1A2EB105230095B047284602B070BDB7
:1032C00021462B464BB90B44994211D1BFF35B8F7A
:1032D000F3E701F8012B013BF4E78807F9D14FF040
:1032E00001305043032BEEDD41F8040B043BF9E7BA
:1032F00001F8012BE8E76FF02100DFE700207047BD
:1033000010B4046B02460B4684B9C1681F2998BFEC
:1033100023FA01F4416861B18068834209D21069DF
:10332000184051F82430184410BC7047234610BC94
:1033300018474FF0FF30F7E770B5436B05460E4670
:10334000E3B90469621C09BF43680C401C680C1B8C
:1033500021462846FFF7D4FF864207D02B69013368
:103360001C44AB689C42F3D34FF0FF342868431CE5
:1033700007D0AB68A34204D9204470BD98470446E7
:10338000F4E70020F9E730B5059CC4E90002039A90
:1033900021811989E260049A6181A1842261D3E9C3
:1033A000002502EB0113C4E905128A1CE36103EB5B
:1033B00042036A1C13446D422B402362836953B954
:1033C0000139A2698B4202EB031206DB00239373DF
:1033D0006FF07F03D373002030BD0133D381F0E75A
:1033E0002DE9F04FB0F82CA004465546002685B0D4
:1033F00002EB030891460E9A00EBCA031FFA88FB02
:103400005A63A3F838B008F1FF3283690F1D0192A7
:10341000B0451ADCA38CA585A3EB0B03A384E36959
:1034200061895A8801390A4003EB4203A3F804A0DA
:10343000BFF35B8F0020E269538801335380E38C34
:103440000133E38405B0BDE8F08FA06A2A0157F884
:10345000041C03EB0515029303680392C91A8368E1
:103460000837994228BF4FF0FF31FFF749FFDDE9E8
:103470000232985000226A6057F8082CAA60019A1C
:103480009642ACBF00220122B145D8BF42F00202F1
:10349000AA810136ED89BBE7F0B550B3056AC48D4A
:1034A0006B88A34230D0631CC3854389BFF35B8F15
:1034B000013B1C4005EBC4056B689EB209B1AD68C9
:1034C0000D60D0F818C09BB20CEB031100EBC303E6
:1034D0001D8F878C2F44013D87841D878D896F0741
:1034E0000ED5858DCD8100218685586B596302B13B
:1034F0001480F0BD1D8FC989013D0CEB01111D87A2
:103500008D89ED07F6D4ECE70020F2E7836903EB41
:1035100001139868704770B5BFF35B8F0D46C169A2
:103520001646038E4A8804469A4216D05A1C0286D2
:103530004289013A134001EB43018A882A8093B201
:1035400082691B01D158806AFFF7F6FE2A88A369B9
:1035500003EB02139B68336070BD0020FCE710B5DD
:10356000026893691269920017D543B9C38DC26985
:1035700041694489013B1B1B02EB410293800368B4
:103580009B69012B08D1038E026A41694089013B86
:103590001B1A02EBC102938010BD23B9C2691388C4
:1035A00043F00103138003689B69012B01BF026A8A
:1035B000138843F001031380EEE710B5BFF35B8F70
:1035C000036804461A699B6912F0005F1AD07BB940
:1035D000C369026A5B884169013B02EBC1029288C0
:1035E0009B1AE28C9BB29A4214D80023E38410BD4C
:1035F000012BFAD1036AC2695B884169013B02EB86
:103600004102ECE763B9036A1B88DB4303F0010363
:10361000002BEAD02369002BE7D020469847E4E747
:10362000012BE2D1C369EFE7C369028E5988914249
:103630000AD0418901390A4003EB42039A88836921
:1036400003EB02139868704700207047BFF35B8F4D
:10365000C36803B1184770474FF0FF324FF0FF3394
:10366000FCF7D4B870B50446056A05F15806304633
:10367000FFF7F2FF636AA3F580637F2B0BD801226B
:103680005909483503F01F039A4055F8213023EAC1
:10369000020345F82130D4E90D124A60616B04F150
:1036A00034031160C4E90D33002323623046BDE8C2
:1036B0007040FCF78BB810B58CB0436A04460B9190
:1036C0002022014602A80A93FEF7C9FA2823012204
:1036D000CDE9003220463522616A02ABFBF7B6FB2A
:1036E00000EAE0700CB010BD28B1006A18B111B149
:1036F000436F03B11847704728B1006A18B111B180
:10370000836F03B11847704728B1006A18B111B12F
:10371000C36F03B11847002070472DE9F8430646F0
:103720008846174699460468A64201D1002523E041
:103730007A1CA4F1340502D06B6ABB421CD0B8F1EC
:10374000000F01D12468EFE7202241462846FEF70A
:10375000B6FA0028F6D1B9F1FF3F02D0AB6A4B456B
:103760000AD07B1C0BD02468B442DFD054F8103C44
:10377000A4F134059F42E7D12846BDE8F883AB6A3F
:103780000133F9D02468B442D0D0A4F13405D6E78F
:1037900010B5044690B1036A83B102784AB193F838
:1037A000883033B1436AB3F5806F02D30121FFF74C
:1037B00082FF2046BDE81040FFF754BF10BD51F80E
:1037C000083C43F0004341F8083C70477047FBF762
:1037D000FDBF4FF0FF324FF0FF33FCF717B8F8B5DD
:1037E0000C46054651F8086C00F158073846B6B249
:1037F000FFF7EFFF24F8086CD5F8B020A4F1100310
:1038000044F80C2C05F1AC0244F8102CC5F8B0308B
:1038100054F80C2C38461360FFF7D9FF0020F8BD90
:103820002DE9F041056A282A0F46D5F8A40088B092
:1038300026D101688468791AA14228BF4FF0FF3170
:1038400020236A46FFF7B3FC05F15806D7F820801D
:103850003046FFF7BEFF43464FF0FF326946284629
:10386000FFF75BFF7B6A0446DB0719D560B930467A
:10387000FFF7ADFFEB6E1BB14246694628469847FD
:10388000002008B0BDE8F0814FF0FF33836230467E
:10389000FFF79DFF236B002BECD020469847E9E70C
:1038A00020B93046FFF793FFAB6EE4E7C0F82880FD
:1038B0003046FFF78CFFE3E730B4D0F8985013465A
:1038C000AD6925B930BCD0F89C00FFF7E5BD012DEE
:1038D00006D130BC0A46D0F89C001946FFF71BBE43
:1038E000002030BC70477FB50C461946D0F89830A0
:1038F0009D695DB90094CDE9024201232A46D0F8C2
:103900009C0002A9FFF76CFD04B070BD012DFBD136
:10391000D0F89C0004B0BDE87040FBF77BBA2DE9FD
:10392000FF4103685F6A07F158063046FFF751FF11
:1039300038460DF10A0203A9FFF7BEFF04463046E0
:10394000FFF745FF002C41D0BDF80A303046A36098
:10395000FFF73FFF4FF0FF33002138466268FFF763
:10396000DCFE05463046FFF732FF7DB1AB6AE96BFE
:10397000013308BF2368284608BFAB622368A289C9
:103980000091D5F82C8004F11001C0473046FFF7B4
:1039900020FFA368002B06DB21463846BDF80A301D
:1039A000039AFFF7A0FF38460DF10A0203A9FFF7BB
:1039B00083FF044618B13046FFF709FFC4E7D7F884
:1039C0009C00FFF7FAFD3046FFF701FF04B0BDE8A9
:1039D000F081F8B5044651F8086C00F158073846F4
:1039E000B6B20D46FFF7F5FE3146D4F89C00FFF75E
:1039F0008DFD33460246A5F110012046FFF773FF07
:103A0000D4F89C00FFF7D9FD3846BDE8F840FFF731
:103A1000DEBE2DE9F041A3F1100653F8085C002347
:103A200088B00693ADF81E3004461023CDE9041289
:103A30000E9FD0F8A400ADF81C700168D0F808C043
:103A4000711A0DEB0302614528BF4FF0FF3104F1FD
:103A50005808FFF7E5FB4046FFF7BBFED4F8983067
:103A6000ADB29B69CBB9D4F88C20D4F89830D4F897
:103A7000A0009B69C3B9CDE902620096012202A9A8
:103A8000FFF7AEFCD4F8A000FFF797FD4046FFF724
:103A90009EFE384608B0BDE8F0812946D4F8A00063
:103AA000FFF734FD0246E0E7012BEBD12946FBF797
:103AB000B1F9E7E710B548B149B143688B4206D385
:103AC00082680468D21A5B1A4360A01810BD0020F7
:103AD000FCE72DE9F3470546D0F898000E46036A47
:103AE00017461B689847430703D4002002B0BDE87F
:103AF000F08743F69823002F18BF1F4605F158089A
:103B000005F1AC0A4046FFF764FED5F8AC40D5F8A5
:103B100098305445D3F8189025D024B3D4E9002325
:103B2000536022681A60C4E90044B9F1000F0ED155
:103B3000D5F88C3033604046FFF749FEBDF80630BB
:103B400004F11000A3603368103B3360CEE7B9F195
:103B5000010FF0D12189D5F8A000ADF80610FFF7CC
:103B6000D5FC3060E7E7B9F1000F2AD13146D5F82E
:103B7000A0000DF10602FFF78FFC04460028DAD101
:103B8000D5F8A0309B8C53B94046FFF720FE002F9C
:103B9000ABD021200021FCF7F3FA013FB2E7D5F8C2
:103BA0008C10D5F8A800FFF785FF0446D5F88C30B7
:103BB000ADF8069033604046FFF709FE002CE6D0D2
:103BC000BCE7B9F1010FDFD13246D5F8A0000DF105
:103BD0000601FFF7A0FC0446EDE720B119B112B1D0
:103BE000C0E901220160704710B5044618B910BD44
:103BF0003438FFF7CDFD20688442F9D10023C4E9B1
:103C00002733F4E7F8B505460E464FF04003EFF3CF
:103C1000118783F31288BFF36F8FFCF7CBFA31461D
:103C200004462846FEF700FA87F31188BFF36F8F2A
:103C30002046BDE8F840F3F7BFB8FEF785B8FEF7B9
:103C400078B8EFF30580003818BF012070476FF097
:103C500057007047FCF78AB908B54FF04002EFF300
:103C6000118382F31288BFF36F8FF2F7BFFDF4E781
:103C700090F90E308B4201D0FCF720B9002070473C
:103C800003460020C3E90033C3E9020070473AB19C
:103C90008A4205D3C0E90212C0E900000020704743
:103CA0006FF015007047012302688B4022EA03037E
:103CB000036022FA01F000F00100704710B5032103
:103CC00004460C30FFF7EFFF30B104F1100000F0B4
:103CD00057F9B0FA80F0400910BD20B100228830B9
:103CE000114600F02AB9704773B504464FF04003FF
:103CF000EFF3118583F31288BFF36F8F0023A0F1D8
:103D00001006032104380193FFF7CDFF28B1A36902
:103D1000304601A90193FBF73DFE85F31188BFF3FF
:103D20006F8F02B070BD38B504460D4610220021D9
:103D3000FEF70AF8656038BD13B5019008464FF0EC
:103D40004003EFF3118483F31288BFF36F8F01A94F
:103D5000FBF720FE84F31188BFF36F8F02B010BD14
:103D600010B5FFF7E9FF041E09DD4FF04003EFF344
:103D7000118083F31288BFF36F8F00F0B8F82046EC
:103D800010BD08B5A0220021FDF7DEFF08BD38B543
:103D900030220D4600210446FDF7D6FF4FF4807314
:103DA0006560E36038BDD0E9003213605A600023DB
:103DB000C0E90033704708B5FFF7F5FF437B23F0F8
:103DC000020343730023836008BD38B504460D46E3
:103DD000FBF7F6FF637B43F002036373E5B1A56075
:103DE0002B689D4209D16B68C4E900531C606C606C
:103DF00012E06A689342F6D01B68002BF3D094F966
:103E00000E2093F90E108A42F3D09142F1DD5A68E8
:103E1000C4E9003214605C6038BD10B54FF0400357
:103E2000EFF3118483F31288BFF36F8FFBF794FFD6
:103E300084F31188BFF36F8F10BD38B504464FF07F
:103E40004003EFF3118583F31288BFF36F8F437B39
:103E500013F0280F0BD183680BB1FFF7ACFF637B26
:103E600051B903F0FB0320466373FBF775FF85F33D
:103E70001188BFF36F8F38BD03F0EB03F3E7012127
:103E80001838FFF7DABF38B54FF04003EFF311856C
:103E900083F31288BFF36F8F0468A0420DD034B152
:103EA0002046FFF788FF04F1180000F069F885F359
:103EB0001188BFF36F8F204638BD0024F7E7014615
:103EC00010B54FF04003EFF3118483F31288BFF372
:103ED0006F8F83680BB1FFF76EFF84F31188BFF318
:103EE0006F8FBDE8104001F1180000F049B803469B
:103EF00020B9EFF305820AB9F2F702BD83F3118806
:103F0000BFF36F8F70474FF04003EFF3118083F3DF
:103F10001288BFF36F8FFFF7EABF38B50546002060
:103F20002C68A54200D004B938BD2046FFF7C7FF72
:103F30002046FFF772FF0120F2E738B54FF040034B
:103F4000EFF3118583F31288BFF36F8F0468A042EB
:103F500012D09CB1A16762612046FFF72CFF04F1EB
:103F6000180000F00DF82046FBF7F6FE012085F35F
:103F70001188BFF36F8F38BD0020F8E72046F6E7C1
:103F800010B54FF04002EFF3118482F31288BFF3B3
:103F90006F8F03683BB1FCF7C9F9002084F31188E7
:103FA000BFF36F8F10BD6FF01500F7E708B5FCF792
:103FB000B9FA08BDB1F1FF3F08BFB0F1FF3F38B516
:103FC0000C46054614D0084303D1BDE83840FCF741
:103FD000A9BA6FF001004FF0FF33401B63EB010102
:103FE000002904DAFCF79EFA401941EB040138BDC0
:103FF0004FF0FF300146FAE70432D3B5044608D249
:104000000026002741F00401CDE9006700F01EF80A
:1040100010B9002002B0D0BD40F8044BFAE720B13F
:10402000011F50F8040C00F05EB8704701460420F0
:10403000FCF792BA00BF00207047704710B400F13F
:104040000C04C0E9034410BCFDF71BBA2DE9F04F86
:1040500085B0DDE90EA407468846504621469146C4
:10406000FFF7A8FFB4F1FF3F08BFBAF1FF3F0546D5
:104070000E4604BF4FF0FF356FF0004607F1140AFB
:104080004FF04003EFF3118483F31288BFF36F8F77
:1040900007F10C0B4A4641463846FDF78BF9039071
:1040A000FCF740FA039B3BB184F31188BFF36F8F99
:1040B000184605B0BDE8F08F281A66EB010101280B
:1040C00071F10002F0DBCDE900015A46214650466D
:1040D000FBF7D6FE4FF04003EFF3118483F3128811
:1040E000BFF36F8FD6E738B504464FF04003EFF3C8
:1040F000118583F31288BFF36F8FFDF723F904F165
:104100000C00FFF70AFF30B1294604F11400BDE8A6
:104110003840FBF719BF85F31188BFF36F8F38BDA7
:104120007047002070470020704770477047704705
:1041300070477047704700207047704770470020F5
:1041400070470220704737207047704710B5BFF3A3
:104150005F8FD0E84F3F0C78DBB29C4204D00B70ED
:10416000BFF32F8F002010BDC0E8432F002BF0D1EC
:10417000BFF35F8F0120F6E7502373B50446002696
:1041800003FB0105AC4201D100200CE001220DF13E
:10419000070104F148008DF80760FFF7D7FF04F12D
:1041A000500310B1204602B070BD1C46EAE773B55B
:1041B00000F1480604468DF80710032230460DF141
:1041C0000701FFF7C3FF98B100254FF0FF332046EA
:1041D000236484F8385084F84950FCF713FA032319
:1041E0002A4630460DF107018DF80730FFF7AEFF84
:1041F00002B070BD37B5846994F84930256C012B45
:1042000012D0042B14D0012302220DF1070104F176
:1042100048008DF80730FFF799FF58B12846E36B47
:1042200003B0BDE830401847022384F84930EAE77C
:104230000523FAE703B030BDF1F724B938B50D46D0
:10424000FCF7D0F904467DB110B90024204638BDF2
:10425000FCF7F4FC02212046FFF7A9FF0446FCF717
:1042600009FAFCF7F7FAF1E70028EED0FCF7E6FCD4
:104270000028EAD10121EEE710B50C46FCF7B2F9AF
:10428000034628B190F8380010B1012083F8384077
:1042900010BDEFF72FBDFCF721BB10B5D0E90442EC
:1042A000D1E90403844272EB030105D3A042934198
:1042B00034BF0120002010BD4FF0FF30FBE710B5E8
:1042C000D0E90042D1E90003A04293412CBF012074
:1042D000002010BD08B5FDF756FFBDE80840FDF70A
:1042E00056BFBFF35F8F00230372BFF35F8F70472A
:1042F00008B5034608467BB11A7F92070CD5BFF379
:104300005F8F1B7ABFF35F8F43B9F4F745F900382D
:1043100018BF0120400008BD0120FCE70220FAE799
:1043200001207047EFF798BB0023036003717047CB
:104330002DE9F84F04460D4617469946BFF35F8FA7
:1043400001EB020BA04694F804A05FFA8AFA58E841
:10435000006F3EB131462846C847002802DB06EB15
:104360000708F4E723795345ECD1CBF8006048E81F
:104370000053002BE6D1201DBDE8F84F00F065B8D2
:10438000F8B5BFF35F8F05460679F6B255E8003FF2
:10439000A3B18B4203EB02040ED101249B58077991
:1043A000B742F0D145E80036002EECD114B104300C
:1043B00000F04BF82046F8BD2546E7E71C46EEE73F
:1043C0002DE9F84306460F4690469946BFF35F8FA6
:1043D00056E8005F2DB9BFF32F8F2C462046BDE86D
:1043E000F88349462846C047044610B1EB592C468D
:1043F0001D4646E80053002BEAD1002CEED0301DBC
:1044000000F023F8EAE70068704700230360704774
:1044100050E8003F5A1C18BF013340E80032002A20
:10442000F6D1BFF35F8F013B584258417047BFF34D
:104430005F8F002350E8002F40E800310029F9D1B8
:10444000012A94BF002001207047D0E84F3F01337C
:10445000DBB2C0E8423F002AF7D1BFF35F8F70475D
:104460001C0DFF7F01000000D9600001000000006A
:1044700055710001F04401018105010100000000B7
:1044800055770001084501015577000120450101DC
:10449000857E000100000000A32001010000000053
:1044A0009D75000138450101FD7B00010000000001
:1044B000D57E000100000000A505010100000000FC
:1044C000FB19010150450101FD780001684501011A
:1044D0004321010100000000DD20010180450101B0
:1044E000A180000100000000AD20010100000000DB
:1044F000AC49010198470101A84701014604002188
:104500001C1B0021EC450101D9490101CC470101E7
:10451000EC4701014A040021B41B0021E6450101DA
:10452000E7490101DC470101EC4701014C0400218E
:10453000C01B0021E0450101C94901010000000044
:10454000C447010148040021701B0021DA45010124
:104550008249010150020021084701014404002161
:10456000580C0021D2450101F54901017C020021CE
:10457000104801014E040021CC1B0021CA45010155
:10458000464A0101000000002448010150040021B6
:10459000781C0021C4450101E0100021E84C0021F5
:1045A000000400001D810001000000000000000068
:1045B00000000000F0FFFFFF00000000000000000E
:1045C0007A4A010100800080FF7F008000800500A2
:1045D000FF7F060000800080FF7F00800080FF7F5B
:1045E00000800080FF7F00800080FF7F00800080CF
:1045F000FF7FFFFF984B010100000000A24B01016B
:10460000000000005B49010100000000BB490101FE
:1046100000000000114A010100000000764901017C
:1046200000000000034A010100000000274A0101C8
:10463000000000009949010100000000314A010119
:1046400000000000634A010100000000944C0101D9
:10465000000000007249010100000000A64A0101AB
:1046600000000000B94A010100000000544A0101A5
:1046700000000000FFFFFFFFFFFFFFFFFFFFFFFF46
:1046800001ED000106000000000200000002000031
:10469000000000000000000000000000000000001A
:1046A00000000000000000000101010102020202FE
:1046B000030303030405060708090A0B0C0D0E0F7C
:1046C000D8ECF0F4F8F9FAFBFCFDFEFF0001020360
:1046D00000100200FA00000065540001715400014E
:1046E000755400017D540001815400018D49000181
:1046F000114A0001FFFF0512000000000000000049
:104700000338FDD870470000D961000191630001B2
:1047100085640001D1640001BB1A01018F180101F9
:104720000319010197180101C9180101B31801010A
:104730009D1801013D1B01012D1B0101391B0101C8
:104740002B1B010100000000000000000000000021
:10475000000000001B1B0101000000210000000000
:1047600006000100020000006C470101000000018A
:104770009D49010106000000E0FF03010000002147
:10478000A549010121000000E0FF00211171000195
:10479000E170000100000000FD7100019572000150
:1047A0006B1E0101711E010161720001E71D010113
:1047B0004B1E0101000000005B1D01010000000014
:1047C000000000004575000199740001FFFF000022
:1047D00000088C410000000001000000FFFFFFFF07
:1047E00000058C410000000000000000D9770001A6
:1047F0007D1E0101891E01019D1E0101A71E0101EF
:10480000B11E01017D760001C51E010100000000FE
:104810005D1F0101391F0101551F0101591F0101D0
:10482000851F0101000000000000000000000000E2
:10483000E12001015D7F00017F240101599A0001FF
:10484000E5B3000101C100010000000091B30001C7
:10485000852701010000000055B3000159C1000186
:1048600029B8000169BE0001000000000C00000032
:104870000100000030810041000000000400000041
:10488000010000000100000009000000000000001D
:1048900000000000000000000000000000C0004117
:1048A00000000000280000000500000000000000DB
:1048B00000C00041000000002800000005000000CA
:1048C000C64B0101D94B0101EC4B0101FF4B01012A
:1048D000124C0101254C0101384C01014B4C0101E6
:1048E000F5FFFFFF6844010168440101A84401018C
:1048F000B0440101E8440101F04401012F6A656EF2
:104900006B696E735F776F726B73706163652F771E
:104910006F726B73706163652F6F6F6E5F736F661D
:10492000746465766963655F636F6E74726F6C6CD7
:1049300065725F6D61737465722F6275696C645F17
:104940006E726635332F6E7266782F68616C2F6ECB
:1049500072665F74696D65722E6800636270726959
:104960006E74665F7061636B61676500286E696C69
:104970002900736F63006970635F736572766963A2
:10498000650069706330007372616D302E73686DFD
:104990000067656E65726963006D707500464C4115
:1049A00053485F30005352414D5F3000636C6F637A
:1049B0006B40343130303530303000636C6F636BB6
:1049C0005F636F6E74726F6C0072616E646F6D40C6
:1049D0003431303039303030006770696F403431F5
:1049E000386330383030006770696F403431386375
:1049F00030353030006D626F7840343130313230D4
:104A00003030006D626F785F6E7266785F697063D8
:104A100000666174616C5F6572726F72004D505315
:104A20004C20576F726B006D70736C5F696E6974A8
:104A3000006E72665F3830323135345F636F6E6698
:104A400069677572650074656D704034313031305E
:104A50003030300074656D705F6E7266355F6D70FA
:104A6000736C006E72665F3830323135345F746556
:104A70006D7065726174757265007370696E656CD6
:104A80005F7061636B65745F73656E645F74687299
:104A9000656164006E72665F3830323135345F7341
:104AA00070696E656C007370696E656C5F697063C8
:104AB0005F6261636B656E64007370696E656C5FE5
:104AC0006970635F6261636B656E645F7273705F70
:104AD0006E7466000000000000000100000000008D
:104AE000FFFFFFFFFFFFFF02FFFFFF0843694400D6
:104AF000436969440043696962004369694300434B
:104B0000696974284C442963435800436969434CDC
:104B10000043696974284C442962624363435874B2
:104B2000284C44290043696974284C442943626233
:104B300000584C434C00436969690043696963004C
:104B40004369695300626262626374284C442900BD
:104B50006262624362635874284C44290043696965
:104B60004C00436969580043696943434343006407
:104B70006443007428442974284344294C4C62003F
:104B800074284344290043696958585858585800B4
:104B900000000001010000004E5246585F44505092
:104BA00049004E5246585F4750494F544500756E74
:104BB0007265676973746572656420257320627518
:104BC000730A002573006D6574616C3A20656D652C
:104BD0007267656E63793A20006D6574616C3A2086
:104BE000616C6572743A2020202020006D6574612C
:104BF0006C3A20637269746963616C3A2020006DBD
:104C00006574616C3A206572726F723A20202020C0
:104C100020006D6574616C3A207761726E696E6711
:104C20003A202020006D6574616C3A206E6F7469C3
:104C300063653A20202020006D6574616C3A20691C
:104C40006E666F3A202020202020006D6574616C14
:104C50003A2064656275673A202020202000257381
:104C60003A2066726565696E67206E6F6E2D656DA0
:104C7000707479207669727471756575650D0A00B6
:104C800072785F76710074785F7671004E53006DB4
:104C900061696E006F73002A2A2A20426F6F74695F
:104CA0006E67205A6570687972204F53206275696B
:104CB0006C642076332E332E39392D6E6373312098
:104CC0002A2A2A0A00737973776F726B71000000C9
:104CD000D8460101010505000C000021BD3E000180
:104CE00085450001793F0001A94500016D410001A2
:104CF000A54600012D430001E95400012F55000194
:104D00005545000171450001D9480001E543000106
:104D1000575500017F550001994700010000000030
:104D20000000000000000000000000000000000083
:104D30000000000000000000000000000000000073
:104D40000000000000000000000000000000000063
:104D50000000000000000000000000000000000053
:104D60000000000000000000000000000000000043
:104D70000000000000000000000000000000000033
:104D80000000000000000000000000000000000023
:104D90000000000000000000000000000000000013
:104DA0000000000000000000000000000000000003
:104DB00000000000000000000000000000000000F3
:104DC00000000000000000000000000000000000E3
:104DD00000000000000000000000000000000000D3
:104DE00000000000000000000000000000000000C3
:104DF00000000000000000000000000000000000B3
:104E000000000000000000000000000000000000A2
:104E10000000000000000000000000000000000092
:104E20000000000000000000000000000000000082
:104E30000000000000000000000000000000000072
:104E40000000000000000000000000000000000062
:104E50000000000000000000000000000000000052
:104E60000000000000000000000000000000000042
:104E70000000000000000000000000000000000032
:104E80000000000000000000000000000000000022
:104E90000000000000000000000000000000000012
:104EA0000000000000000000000000000000000002
:104EB00000000000000000000000000000000000F2
:104EC00000000000000000000000000000000000E2
:104ED00000000000000000000000000000000000D2
:104EE00000000000000000000000000000000000C2
:104EF00000000000000000000000000000000000B2
:104F000000000000000000000000000000000000A1
:104F10000000000000000000000000003711010147
:104F200001000000000007200000010068450101A9
:104F300001000000684501010000000002000000BF
:104F4000000000000000000000020000FFFF000061
:104F5000FFFF0000944A0101000000007981000178
:104F60003F2101010000000000000000D20000000D
:104F70000000000000000000000000000000000031
:104F80000000000000000000000000000000000021
:104F90000000000000000000000000000000000011
:104FA0000000000000000000000000000000000001
:104FB00000000000000000000000000000000000F1
:104FC00000000000000000000000000000000000E1
:104FD00000000000000000000000000000000000D1
:104FE000FF000000000000000000000091490101E6
:104FF000000000002DEB0001000000000000000098
:1050000000000000000000000000000000000000A0
:1050100000000000000000004803002148030021B8
:1050200014FFFFFF00000000D91B01010000000079
:10503000D91B010100000000D91B01010000000084
:10504000D91B010100000000D91B0101D920010179
:105050004D30010100000000D91B010100000000DB
:10506000D91B010100000000D91B0101701B0021A8
:1050700009760001A5E800014D30010100000000A3
:10508000D91B010100000000D91B01010000000034
:10509000D91B010100000000D91B01010000000024
:1050A000D91B010100000000D91B01010000000014
:1050B000D91B0101EDEA00014D30010100000000A3
:1050C000D91B010100000000D91B010100000000F4
:1050D000D91B010100000000B97C000100000000A4
:1050E000D91B010100000000D91B010100000000D4
:1050F000D91B010100000000757E000100000000C6
:10510000D91B010100000000D91B010100000000B3
:10511000D91B010100000000000000000000000099
:105120000000FFFF00000000E85D0021001000000B
:105130000000000000000000680400216804002155
:1051400000000000000000000E0000007C040021B0
:105150007C04002100000000010000008C040021FC
:105160008C040021000000001000000015E015E094
:00000001FF
