:020000040000FA
:1000000000E70020B15900008F77010085590000FA
:100010008559000085590000855900008559000068
:10002000000000000000000000000000DD520000A1
:100030008559000000000000495200008559000069
:100040008153000081530000815300008153000060
:100050008153000081530000815300008153000050
:100060008153000081530000815300008153000040
:100070008153000081530000815300008153000030
:100080008153000081530000815300008153000020
:100090008153000081530000815300008153000010
:1000A0008153000081530000815300008153000000
:1000B00081530000815300008153000081530000F0
:1000C00081530000815300008153000081530000E0
:1000D00081530000815300008153000081530000D0
:1000E00081530000815300008153000081530000C0
:1000F00081530000815300008153000081530000B0
:10010000815300008153000081530000815300009F
:10011000815300008153000081530000815300008F
:10012000815300008153000081530000815300007F
:10013000815300008153000081530000815300006F
:10014000815300008153000081530000815300005F
:1001500081530000FFFFFFFF53B94AB9002908BFD0
:1001600000281CBF4FF0FF314FF0FF3000F00CB8FB
:10017000ADF1080C6DE904CE00F09EFBDDF804E063
:10018000DDE9022304B07047704700BF2DE9F14F4D
:1001900003F11C0402EB840C4FEA930B8A68CB68D2
:1001A0000868496800F046F93CE9F00060406940A1
:1001B00072407B400BF1060E4EE083EA134480EA66
:1001C000134582EA134746BA96EA3444604000F089
:1001D0000F1684EA063420F00F1684EA161054BA7B
:1001E00094EA0106724002F00F1486EA043622F007
:1001F0000F1486EA14124CBA6540694001F00F14DE
:1002000085EA043521F00F1485EA14115CBA6740C1
:100210007B4003F00F1487EA043723F00F1487EABA
:10022000141344BA44404DBA4D4056BA56405FBAD2
:100230005F4087EA174886EA174B84EA17464FEA79
:1002400038488BEA1B4485EA1B4788EA1B4580EA4D
:100250003440694072407B4000F0703400F08035DB
:1002600000F00F3040EA440040EAD50080EA9004F4
:1002700004F0332480EA8400604001F0703401F01F
:10028000803501F00F3141EA440141EAD50181EAAC
:10029000910404F0332481EA8401614002F0703457
:1002A00002F0803502F00F3242EA440242EAD502FF
:1002B00082EA920404F0332482EA8402624003F06A
:1002C000703403F0803503F00F3343EA440343EA0C
:1002D000D50383EA930404F0332483EA8403634060
:1002E000C943DB4381EA000483EA044686EA02014B
:1002F00083EA014382EA334583EA14435C4084EA9B
:1003000000077FEA040A8AEA024A8AEA010B87EABE
:1003100011488AEA374A80EA060181EA1A418AEAE4
:10032000030A04EA0A00454088EA040707EA0B00CA
:1003300041408AEA0B0608EA060084EA34428AEA67
:100340003A4602EA060358404540414087EA3743AF
:100350008BEA3B4003EA000985EA090582EA0309C2
:10036000464006EA0906714085EA010005EA35467D
:10037000464006EA314181EA304181EA364606EAE2
:10038000304686EA354634400F4086EA010508EAE1
:10039000050886EA3640024088EA020881EA3142CE
:1003A00013405C4080EA020309EA030987EA09076F
:1003B000674088EA040806EA0A0601EA0B018AEAAD
:1003C0000B0425408AEA3A44204045408BEA3B4BE7
:1003D00002EA0B02564084EA0B04234059406E4067
:1003E000694087EA364080EA384080EA060380EABE
:1003F000104481EA134585EA344585EA17427D4079
:1004000082EA354180EA05403CE9F00060406940FD
:1004100072407B40BEF1010E3FF6CFAE20BC00F033
:100420005FF828606960AA60EB60BDE8F08F00BFEC
:1004300000F000BA80EA101404F0F01480EA04100E
:10044000604081EA111404F0F01481EA0411614063
:1004500082EA121404F0F01482EA0412624083EA81
:10046000131404F0F01483EA0413634080EA1024A8
:1004700004F47F4480EA0420604081EA112404F4FB
:100480007F4481EA0421614082EA122404F47F441B
:1004900082EA0422624083EA132404F47F4483EA5C
:1004A0000423634081EA500404F0553480EA440098
:1004B000614083EA520404F0553482EA4402634006
:1004C00082EA900404F0333480EA8400624083EAD4
:1004D000910404F0333481EA84016340704700BF23
:1004E00082EA900404F0333480EA8400624083EAB4
:1004F000910404F0333481EA8401634081EA5004BA
:1005000004F0553480EA4400614083EA520404F068
:10051000553482EA4402634080EA102404F47F44A4
:1005200080EA0420604081EA112404F47F4481EAD7
:100530000421614082EA122404F47F4482EA042206
:10054000624083EA132404F47F4483EA0423634073
:1005500080EA101404F0F01480EA0410604081EA8C
:10056000111404F0F01481EA0411614082EA1214BB
:1005700004F0F01482EA0412624083EA131404F0D7
:10058000F01483EA04136340704700BF2DE9F14F74
:1005900094464FEA930B8A68CB6808684968FFF76E
:1005A00049FF0BF1060E33E083EA134480EA13455A
:1005B00082EA134746BA96EA3444604000F00F16C8
:1005C00084EA063420F00F1684EA161054BA94EA2E
:1005D0000106724002F00F1486EA043622F00F146E
:1005E00086EA14124CBA6540694001F00F1485EA9E
:1005F000043521F00F1485EA14115CBA67407B4082
:1006000003F00F1487EA043723F00F1487EA14135A
:10061000BCE8F0006040694072407B4000F0E0348C
:1006200000F0103500F00F3040EA540040EAC500F9
:1006300080EA900404F0332480EA8400604001F0F2
:10064000E03401F0103501F00F3141EA540141EA84
:10065000C50181EA910404F0332481EA84016140F8
:1006600002F0E03402F0103502F00F3242EA540298
:1006700042EAC50282EA920404F0332482EA840248
:10068000624003F0E03403F0103503F00F3343EA27
:10069000540343EAC50383EA930404F0332483EA52
:1006A0008403634081EA324787EA134581EA35468D
:1006B00090EA060484EA034B82EA1B4280EA04447F
:1006C00084EA054483EA144A85EA14448BEA044B1D
:1006D00084EA374481EA0B4181EA164104EA0A00C0
:1006E000454082EA04082BEA080041408AEA0B06EA
:1006F00002EA060084EA34438AEA3A4603EA060735
:1007000078404540414088EA38478BEA3B4007EA59
:10071000000985EA090583EA0709464006EA090651
:10072000714085EA010005EA3546464006EA314156
:1007300081EA304181EA364606EA304686EA3546A5
:10074000344008EA010886EA01052A4086EA364074
:1007500003405A4081EA31431F407C4080EA03074E
:1007600009EA070988EA0908544088EA020806EA03
:100770000A0601EA0B018AEA0B0215408AEA3A42AC
:10078000104045408BEA3B4003405E4042401740EA
:1007900079404D404E40E443F64386EA18435D40BD
:1007A00085EA054083EA134386EA034183EA384237
:1007B00084EA114383EA04435FEA3343BEF1010E46
:1007C0003FF6F2AE1ED4BCE8F000604069407240D3
:1007D0007B4020BCFFF784FE28606960AA60EB6064
:1007E000BDE8F08F2DE9E0414FF2F00280EA1031D0
:1007F000114080EA0130484041088208C3084FF0A8
:10080000000E4FE700F0113001F0113102F011320B
:1008100003F0113340EA410040EA820040EAC3009D
:100820004FF2F00280EA1031114080EA0130484076
:10083000BDE8E0812DE9F04F02F11C0506460746B0
:1008400000EB850851F8040B043A46F8040BF9D183
:100850004FF0010CFFF7C6FF5FEA302080EA0C0082
:100860001ECF41404A4053405C401EC620004645D2
:1008700017D04FEA4C0C1CF4807F18BFACF1E50C8C
:100880002C2DE7D03C2D06D1FFF7ACFF06CF414021
:100890004A4006C6100006CF41404A4006C6100036
:1008A000D8E736E90F00FFF7C5FD043D86E80F00E5
:1008B000F7D1BDE8F08F00BF2DE9F04786468C46A2
:1008C0000846089E154674461946002B40F0C18024
:1008D0008542B2FA82F245D94AB1C2F1200300FA48
:1008E00002FC954094402EFA03F343EA0C0C4FEAC5
:1008F000154EA8B2230CBCFBFEF80EFB18CC08FB6F
:1009000000F943EA0C43994528D9EB1808F1FF3761
:1009100004D2994502D9A8F102072B44A3EB09039D
:10092000A4B2B3FBFEFC0EFB1C330CFB00F044EA4C
:100930000344A04214D92C190CF1FF3304D2A04275
:1009400002D9ACF102032C44241A43EA07401EB139
:10095000D440002334607360BDE8F0874746DDE78C
:100960006346F1E792BB431B01214FEA154EAFB23C
:10097000200CB3FBFEFC0EFB1C330CFB07F840EA1B
:100980000343984561D9EB180CF1FF3004D2984528
:1009900002D9ACF102002B44A3EB0803A4B2B3FBD1
:1009A000FEFC0EFB1C330CFB07F744EA0344A74292
:1009B0004DD92C190CF1FF3304D2A74202D9ACF166
:1009C00002032C44E41B43EA0040C0E7C2F12003C9
:1009D0009540944020FA03F12EFA03F34FEA154EA6
:1009E0009040AFB20343B1FBFEFC0EFB1C10190C90
:1009F0000CFB07F841EA0041884522D969180CF13F
:100A0000FF3004D2884502D9ACF102002944A1EBA1
:100A100008019BB2B1FBFEFC0EFB1C110CFB07F79F
:100A200043EA01439F420ED9EB180CF1FF3104D287
:100A30009F4202D9ACF102012B44DB1B41EA004189
:100A400093E76046E3E76146F7E76046A4E763465D
:100A5000B8E7834206D916B9002108467CE7C6E903
:100A600000E0F9E7B3FA83F78FB9834201D3724507
:100A700008D8BEEB020460EB030301209C461EB9BC
:100A8000002169E73846FAE7C6E9004CF8E7C7F104
:100A9000200CBB400EFA07F522FA0CF42EFA0CF1EA
:100AA000BA401C4320FA0CF3B8404FEA1449014302
:100AB0001FFA84FEB3FBF9F809FB18300B0C08FB96
:100AC0000EFA43EA00439A4540D9E31808F1FF3093
:100AD00004D29A4502D9A8F102002344A3EB0A03E9
:100AE00089B2B3FBF9F809FB183308FB0EFE41EAA3
:100AF00003418E452CD9611808F1FF3304D28E458D
:100B000002D9A8F10203214443EA0040A1EB0E01FF
:100B1000A0FB02984145CE46434602D306D14D453F
:100B200004D20138B9EB020E68EB0403002EA7D003
:100B3000B5EB0E0261EB030101FA0CFC22FA07F39C
:100B4000F9404CEA0303C6E9003199E74046C5E79E
:100B50004346D9E710F8012B11F8013B012A28BFC1
:100B60009A42F7D0D01A7047034613F8012B002A97
:100B7000FBD1181A013870472DE9F04F824616460E
:100B80001C4600259FB00391307810B9284600F02C
:100B900085BD731C2528069306D00399D0470028ED
:100BA000C0F27C8501351BE21822002110A81AF042
:100BB000ACFC7378252B00F0BA80002398469E4643
:100BC0009C461846711C0F4611F8012B2B2A00F089
:100BD000DD8000F2D480202A00F0DB80232A00F0A0
:100BE000DB802BB19DF8483043F040038DF848304E
:100BF000B8F1000F05D09DF8483043F020038DF880
:100C00004830BEF1000F05D09DF8483043F0100386
:100C10008DF84830BCF1000F05D09DF8483043F006
:100C200008038DF8483028B19DF8483043F004039C
:100C30008DF848309DF8483003F04401442903D131
:100C40006FF386138DF848309DF848302A2A43F018
:100C500080030E978DF8483040F0A3809DF849300E
:100C600043F001038DF849307B1C1A782E2A0CBF03
:100C7000012100219DF8492061F341028DF84920AE
:100C80000CD15A1C0E925A782A2A40F09A809DF86C
:100C90004920023342F004028DF849201A786C2A68
:100CA00000F0BB8000F29D80682A00F0A3806A2AD1
:100CB00000F0BC804C2A00F0C18013F8012B782A88
:100CC00006938DF84B2000F201816D2A00F2C3805B
:100CD000692A00F2FB80572A00F2DA80412A04D008
:100CE000A2F14503022B00F2F18004219DF84A3065
:100CF00002F0DF02A2F1410761F302037A429DF89C
:100D000049107A4162F3C7110A068DF84A308DF80E
:100D10004910CBB200F1198103F07802182A40F093
:100D200003816FF3C6038DF849300023F2E0B21C53
:100D300006928DF84B309DF84930D90740F1078174
:100D400054F8042B002A049208DA9DF8482042F057
:100D500004028DF84820049A524204925A0740F146
:100D6000FE8054F8047B002F80F2FD809DF849300E
:100D70006FF341038DF849304FF0FF37F3E02D2A30
:100D80000DD0302A7FF42DAF01231CE74FF0010C6A
:100D900019E74FF0010E16E74FF0010813E70120A5
:100DA00011E70EA801F0F4FA0E9BBB423FF45DAFD1
:100DB0009DF848201390C00F60F341028DF8482041
:100DC00053E70EA801F0E4FA9DF848301490C3F3FD
:100DD000400242EAD07262F341038DF848300E9B24
:100DE0005CE7742A26D07A2A7FF467AF06219DF843
:100DF00049200CE05A78682A9DF8492006D1012143
:100E000061F3C6028DF84920023356E7022161F3EF
:100E1000C6028DF8492001334FE75A786C2A9DF8B5
:100E2000492001D10421EBE70321F0E705219DF8DA
:100E30004920ECE707219DF84920E8E7BDF8482064
:100E400022F4F04222F0020242F4804242F0020216
:100E5000ADF84820DFE76E3AD3B201229A4040F263
:100E600082431A429DF8493037D112F0240F5FD1E6
:100E7000D1072BD503219DF84A2003F07803A3F175
:100E8000400061F3020243428DF84A20434141E0B1
:100E90000120A2F15801C9B200FA01F111F4624F28
:100EA0007FF423AF40F6010319429DF849301AD16F
:100EB00011F4043F0AD09DF84A2060F3020203F0C7
:100EC0007803402B8DF84A207FF42FAF9DF84830EF
:100ED00043F001038DF8483027E702219DF84A20AE
:100EE00061F30202EBE702209DF84A1003F0780359
:100EF00060F30201402B8DF84A1002BF9DF84810A4
:100F000041F001018DF84810632A7FF40EAF003BD9
:100F100018BF01239DF84820C2F340010B4363F33F
:100F200041028DF8482006E713F0380FCED1FCE6D9
:100F300003219DF84A2013F0780F61F3020214BFD9
:100F4000012300238DF84A20E4E70123E2E79DF91D
:100F50004820002AACBF4FF0FF32139AFDE69F07EE
:100F60007FF50AAF149F00239DF84A20CDE9133383
:100F700002F00703042B9DF8493007D1980705D4E8
:100F80009DF949100029ACBF06270D2702F0070282
:100F9000012AC3F3C30333D1DA1E042A04D8DFE8DD
:100FA00002F02146462121002268012B4FEAE2711E
:100FB000CDE910211CD19DF94020D117CDE9102198
:100FC00004349DF848209107079250D0324650468D
:100FD000069B039915F0F1FE0028C0F25F830544DB
:100FE000069ED1E554F8042BD117CDE91021E8E78E
:100FF000022BE5D111B242F3C032CDE91012DFE786
:10100000022A24D1DA1E042A04D8DFE802F01810DC
:1010100010181800012B4FF0000154F8042B14D0C5
:10102000022BCDE91021CCD192B21092C9E707343E
:1010300024F00704F4E80201CDE91001C1E754F8F7
:10104000042B109200221192BBE7D2B2CDE7042A02
:1010500008D1073424F00704D4E900010834CDE9AD
:101060001001AEE7032AACD154F8042BDDE79DF85C
:101070004BB0BBF1780FB3D8BBF1570F49D8BBF1D8
:10108000250F00F09180BBF1240FA9D9BBF1410FCE
:1010900003D0ABF14503022BA2D8DDE91013002BDE
:1010A000C0F23781079A160700F13681C2F30019A2
:1010B0004FEA4919C3F30A50C3F31303002840F061
:1010C0002E8151EA030614BF01260026DB0243EA03
:1010D0005153C902BBF1460F40EA010E43EAE07CDE
:1010E00008BF4FF0660B5EEA0C0CCDE90C1300F064
:1010F0009C81002E40F04A810D9BA0F2FE3843F007
:1011000000430D930020DDE90C1306464FF0050C5B
:1011100056E1ABF1580120293FF662AF01A050F82B
:1011200021F000BFB1120000E10F0000E10F00004C
:10113000E10F0000E10F0000E10F0000E10F0000EF
:10114000E10F0000E10F00009B100000E10F000024
:1011500035120000491200009B1000009B10000097
:101160009B100000E10F000049120000E10F000099
:10117000E10F0000E10F0000E10F0000EB120000A2
:10118000B1120000B7120000E10F0000E10F0000F3
:10119000AF110000E10F0000B1120000E10F0000EC
:1011A000E10F0000B112000058460399F6E4002F49
:1011B000109E3BDB394630461AF06FFA002E3FF4A2
:1011C0000FAF4FF000093718BB1B9DF84A2012F0F3
:1011D0001001059100F05782023312F04002DDF851
:1011E0004C80089218BF149A434418BF9B18049A65
:1011F000CDF81C80002A40F36182D31A04939DF835
:1012000048305807C3F3800B00F15882590640F16B
:101210004882B9F1000F07D048460399D04700280B
:10122000C0F23C82D946013530233BE23046FFF71D
:101230009BFCC6E7109B4FF000098DF85C300DF168
:101240005D07012317AEC0E7079B1A0754BFC3F31E
:1012500000194FF02B09DDE9102358BF4FEA491957
:10126000002B06DA4FF02D09524263EB4303CDE920
:101270001023DDE910010DF17503009312AA17ABDD
:1012800001F09CF80646002F0CDB9DF848200DF17C
:1012900075039B1B6FF386129F428DF8482001D97E
:1012A000FB1A1393002E3FF49BAE0DF175075BE024
:1012B0004FF00009DDE71098002800F0DF810DF104
:1012C00075030093002117AB12AA01F077F8BDF85F
:1012D0004A30064603F0EF0343F4F04343F01003B3
:1012E0004FF00009ADF84A30CDE7109A072B3FF6D2
:1012F00077AEDFE803F00C04060C08080C0C157040
:101300006EE615806CE6EB17C2E9005368E61560DF
:1013100066E64FF02D09CDE64FF02B09CAE640F204
:10132000FF76B0422FD1A0480BF10102D2B2825C0D
:101330000B4302F003021ED1012A0BBF492369238C
:101340004E216E210CBF462266228DF85C309DF83E
:1013500048308DF85D106FF386138DF85E208DF8A0
:1013600048300DF15F0717AEBB1BB9F1000F3FF41A
:101370002CAF013329E7012A15BF6E234E236121CB
:1013800041211A46E1E70026A0E6013849185B41F1
:10139000002BFADACDE90C13AEE6490841EAC37135
:1013A0005B08B3F1333F404608F10108F5D200F184
:1013B000020801200CFB03FEA1FB0C13013E734449
:1013C00018F1020FE9DB08B1CDE90C13DDE90C31AE
:1013D000B8F1000F2CDCC8F10400A0F1200C08F1DA
:1013E0001C08C34001FA08F821FA0CFCC1400BF0BC
:1013F000DF0043EA0803472843EA0C0338D1F01C16
:1014000001DBB7422ADAABF10202002F5FFA82FB5E
:101410007BDD9DF84800013F820676D43A1E18BF56
:101420000122059207F101082CE04FF0000869E65F
:10143000023341F100010CA808F1FF380136CDE973
:101440000C3115F08BFCDDE90C31DB18494100292A
:1014500008F1FF38F9DACDE90C31B7E79DF84820FB
:10146000BF1B90064FD43A1E18BF0122059204E01C
:101470000022BBF1660F0592D4D117EB06084FF09E
:10148000660B44D4B8F1100FA8BF4FF010089FEDC1
:10149000447B10208DED0E7B0B90DDE90E02B8F140
:1014A000000F37D1C01842EB0103B3F1805F41D286
:1014B000CDE90C03079BBBF1660F03F0200340F05E
:1014C000BC80002E41DC30218DF85C10002B6DD1EA
:1014D000002F40F3B4812E238DF85D3086B1734226
:1014E000BB42A8BF3B46002B1393A7EB0307D4BF17
:1014F000002301239DF84A1063F345118DF84A102B
:101500000DF15E0839E00022B0E7002289E74FF0D4
:101510000008BCE7400840EAC2705208CDE90E025C
:101520000EA8CDE9083108F1FF3815F017FCDDE908
:101530000831B2E7400840EAC3705B08CDE90C030C
:101540000CA815F00BFC0136B4E70DF15C080B9903
:10155000002909DD0BA90CA8079315F017FC013E23
:10156000079B08F8010BF2D113969BB9002F40F3AB
:1015700064812E2108F8011B0026002F1FDD0B9B24
:10158000002B1CDD0BA90CA815F000FC013F08F88E
:10159000010BF2E72E2308F8013BEDE7AFF30080E3
:1015A0000000000000000008321F02002E238DF80A
:1015B0005D30002EA4D0002F91DC0DF15E08059B5C
:1015C000002B4ED1149747460BF0DF03452B23D158
:1015D000002EBABF76422D232B23632EC8BF642171
:1015E0007B70C4BFB6FBF1F301FB13664FF00A0139
:1015F000C8BF03F13000B6FBF1F3D2BFBA1CFA1C2E
:10160000B87087F800B0174603F1300001FB136390
:10161000303307F8020B5370139B002B2CDC149B08
:10162000002BD4BF002301239DF84A2063F38612C8
:1016300000238DF84A203B7095E60BA90CA8079370
:1016400015F0A4FB079B30288DF85C0018BF06F14D
:10165000FF3613B9002F40F3F2802E238DF85D3052
:101660004EE7474617F8013C08F1FF38302BF8D019
:101670002E2B08BF4746A7E70123D5E7714F8146C8
:1016800005237E1FA1E5110748BF0133A5E51846D4
:1016900009930399D0470028099B05DA1FB0BDE8DC
:1016A000F08F2023DDF810B05A46002A0BF1FF3BE3
:1016B000EDDC049BCDF810B02B449D1AB9F1000F5E
:1016C00005D048460399D0470028E7DB0135089B41
:1016D000002B77D09DF94930002B28DB3346DFF80B
:1016E000689118789B4619F80020013352073FD4BF
:1016F0009DF84A30AE1B98065E4407D44246002A45
:1017000008F1FF383BDC079B33449E1A9BF800002E
:101710002E280AD10399D0470028BFDBB8F1000F6B
:1017200006F1010631DC0BF1010B5D4638E0B146F4
:1017300099F80000C846702809F1010913D1AE1BC1
:10174000149D46443544AB1B002B33DC3B464246DC
:101750005046039915F031FB00289FDB3044049E6E
:101760000546064464E00399D0470028E0DA95E78F
:1017700005930399D0470028059BB2DA8EE7302005
:101780000399D0470028B9DA88E730200399D04779
:1017900008F1FF38C0E70399D0470028FFF67EAF75
:1017A0002878A84619F8003001355907F3D4A6EB7C
:1017B0000B06C5E730200399D0470028FFF66EAF2F
:1017C0000136C0E79DF84A30DA0601D41B0706D57A
:1017D00030200399D0470028FFF660AF0135059B04
:1017E0003BB103999DF84B00D0470028FFF656AF58
:1017F0000135A84406E030200399D0470028FFF6C1
:101800004DAF0135A8EB0503002BF4DC3B46324617
:101810005046039915F0D1FA0028FFF63FAF28444F
:101820009DE720200399D0470028FFF637AF013508
:10183000731B002BF5DCFFF7D3BB1E46BFE60DF193
:101840005D08BCE62D030200331F0200000000000B
:101850002DE9F047054699460024282386B088469E
:101860009246CDE9024316F0A2FE284602A917F0DF
:10187000CDF80746002800F0AF8083793A2B18D1C5
:101880000423039928460494059316F0F6FE28468F
:1018900004A917F0BBF818B190F90130A34205DB99
:1018A0006FF01505284606B0BDE8F087284616F00B
:1018B0007EFEBB79112B58D0062B58D00020AB6888
:1018C000002B4ED19FED487B022295F840308DEDE4
:1018D000007B02FB03013A23A869043105F082F979
:1018E000044600287BD095F84020E96B17F073F888
:1018F000061E31DBA3682046DB68636495F8482048
:10190000696C17F068F8061E26DBA06895F8481089
:101910000C3015F0DCFFA06850F80C3FE36395F83D
:10192000401015F0D4FF95F8483007F1180184F8FD
:10193000403095F8403084F848303B7EFF2B03D18F
:10194000A06904F027FF0146204607F1080217F0BE
:1019500092F970B16FF00406204616F0D8FD3546B6
:10196000A0E71A8A5B681044AAE73020AAE73C2067
:10197000A8E741465246204617F0CAF8014600281B
:10198000E8D1B8F1040F22D199FA89F342462046F2
:1019900004A9049317F01FF80646204616F0DBFD55
:1019A0000246002ED8D12946204616F021FF0546D2
:1019B0000028D1D1204616F0FAFD3A21204617F032
:1019C000A2F9204616F084F80028C5DB6AE7042255
:1019D000204616F0F9FEDFE76FF0040562E76FF0CE
:1019E0000B055FE7AFF300800080000000000000FF
:1019F0002DE9F0472DED028B07469FED2D8B4FF023
:101A00000009DFF8B880DFF8B8A084B04FF0FF32EB
:101A10004FF0FF3307F57E700DF09CFF43680446DE
:101A20001E78002331461A468DED008B386805F08C
:101A3000EBF8616832460131054616F0CCFF0646E8
:101A400038BB237C85F86130637C85F86230A27CEA
:101A500095F8633062F3410385F86330D4E90201FD
:101A600042464B46FEF778FB4FF47A735A43C5E97A
:101A70000801AA622946386816F095F8002811DA9C
:101A8000334601223046CDE9016A0B49009617F032
:101A9000C6FB0023606863600AF09EFD284616F0CE
:101AA00036FDB3E7606866600AF096FDAEE700BFFA
:101AB000FFFFFFFFFFFFFFFF64F2010040420F0046
:101AC00068140200000000002DE9F04F3A4B85B089
:101AD000D3F8042392070BD5D3F8042142B1002296
:101AE000C3F80421354AD3F8043113680133136075
:101AF000334D0024A8464FF480362F4FD7F80433D7
:101B000006FA04F919EA030F2DD00123A340DB43A1
:101B10002C49D1E8EF2F02EA0300C1E8EC0FBCF139
:101B2000000FF6D122FA04F3DB0703D4264B53F857
:101B30002430C3B1204617F089FD08F063F84FF058
:101B40002002EFF3118382F31288BFF36F8F08EB4B
:101B5000041CDCE902AB504571EB0B010AD283F3A4
:101B60001188BFF36F8F103514B105B0BDE8F08F49
:101B70000124C3E70020D5E900129FED0D7B28600A
:101B80000D4803938CED027B0292C0F848932046E7
:101B900017F05CFD039B83F31188BFF36F8F00295F
:101BA000E1D0029A5B46009252468847DBE700BFCD
:101BB000FFFFFFFFFFFFFFFF00500150C044002068
:101BC000B8160020B444002040510150000000002D
:101BD0002DE9F0472DED028B04469FED498B4A4ECF
:101BE00084B04FF02003EFF3118783F31288BFF323
:101BF0006F8FD4F8C8508DB9022104F1E00019F0BC
:101C000048F9002843D100238DED008B394602931B
:101C100004F1D0023D480EF0F7FBE2E7D4F8CC2007
:101C20002B689542C4F8C83008BFC4F8CC30D4F84B
:101C3000E03043F00203C4F8E030EB6823F0040323
:101C400043F00103EB606B6887F31188BFF36F8F7C
:101C5000284698474FF02003EFF3118983F3128849
:101C6000BFF36F8FEB68990723F0010219D4EA6084
:101C7000D4F8E03023F00203C4F8E03089F311888F
:101C8000BFF36F8FDB05ACD40EF0A2FAA9E704F125
:101C9000D80500220121284619F0C5FA0028F8D1FC
:101CA000B1E7306823F00303EB600028E0D00027A1
:101CB000BA46D0F800800028DAD042680146954242
:101CC0000BD1016897B972683160824200D17160AE
:101CD00040F808AB0DF070FE3946B8F1000F0BD09C
:101CE000D8F8002040460F469046E4E73960726815
:101CF000824208BF7760EBE74246F3E7AFF300802C
:101D0000FFFFFFFFFFFFFFFF486900203AA100200F
:101D10007FB50BAB05930393054B0322029300237E
:101D20001846CDE9003301F093F907B05DF804FBE4
:101D30004E0202001FB50024064B204602930322E8
:101D40002346CDE900440449FFF7E2FF204604B0F2
:101D500010BD00BF4E02020044F2010038B5044C31
:101D6000044DAC4200D338BD54F8043B9847F8E723
:101D70001CF201001CF2010038B5054C256804EB8B
:101D8000850405B938BD54F80439013D9847F8E792
:101D900010F201002DE9F04F91B0009302F004031E
:101DA0000293C2F3C2030133840705460E46DDF8F1
:101DB00068800392059340F0BD81041D30B107296E
:101DC00009D86FF01B0011B0BDE8F08F01F00706D5
:101DD000341DC6F10806009B4FF000094FF0040ABD
:101DE000591E4FF0FF334F460193CB465346CDF873
:101DF00010900DB1009820600598002800F3EB804A
:101E00009948009A824203D398488242C0F0E38006
:101E1000039AA4EB050E92074FEA9E0000F106819B
:101E20000F2F00F2B480002D00F0088107F140026E
:101E30000DEB020C019A0CF8200C0CF8102C0498F5
:101E400001300490EAE07A2860D84B280ED8472861
:101E50005CD829282FD8252855D057D820287DD0C0
:101E60002338D0F1000B4BEB000B77E0A0F14C0CCA
:101E7000BCF12E0F4AD8DFE80CF0714949494949B5
:101E80004949494949494C49494949494949495AAE
:101E9000494C4C5A5A5A714C6E497149184C184960
:101EA0004983804C49494C49800000204FF0000B89
:101EB0004FF0040A39E00122A0F12A0C5FFA8CFCF1
:101EC00002FA0CFC1CEA0E0F48D11CF062502ED115
:101ED0001CEA020B42D0013C5444CAF1000C04EA53
:101EE0000C04002D61D0A3EB050CA4446645FFF45F
:101EF00068AF002868D1042B47D158F8043B236011
:101F0000042304342AE0019A013A01924FF0000BB5
:101F100024E011F8010C6C2834D1002011F8023CA7
:101F200083466C2BC4D14FF0080A5346D3E708F11F
:101F3000070828F00708073424F00704F8E802AB84
:101F400035B106982044B0423FF63BAFC4E900AB40
:101F50004FF0000B08344FF0080A534611F8010FF8
:101F6000002878D0BBF1000F7FF46DAF2528F5D1A4
:101F70004FF0010B019B013301934FF0040AECE792
:101F8000584693E700208346A5E7082B02D06FF060
:101F9000150018E708F1070828F00708B8EC027BDD
:101FA00084ED007B08230834D8E768B9042B02D1FC
:101FB00008F10408A4E7082BE9D108F1070828F084
:101FC000070808F10808EDE705980138059058F86A
:101FD000040B00900DE7039A900720D54FF0010CF9
:101FE000A4EB050E4FEA9E00BEF5007FCFD20F2F67
:101FF000CDD8F5B107F140020DEB020E019AC0B247
:102000000EF8200C0EF8102CBCF1000F3FF417AFA7
:1020100060F07F000EF8200C09F101090137C5F1CD
:1020200008024FF6DA7E0434069297E74FF0000C70
:10203000DAE7BCF1000F01D00136EFE7029A023671
:10204000002AEBD10098CDE90631FEF78DFDDDE9E0
:1020500006310644E2E7631BB3F5806F97D23DB9C2
:10206000A6F10804E018AEE6C8ED0100F82602006B
:10207000029A9B0828602B709DF81030C2B1EB705B
:1020800085F80290B9F1000F05D0002208A8C5F12B
:10209000010C97420ED14FF0000AC5F101030DF17A
:1020A000200801930DF1300B574512D1601B8AE6D1
:1020B0006B70E5E710F8013B190608D504EB0C0E30
:1020C000764503F07F03FFF47CAE04F8013B013258
:1020D000DFE7B9F1000F03D098F90020002A17DBE1
:1020E000029BD3B11AF80B2004F8012B0022019BAC
:1020F000981820448642FFF464AE98F800000099D6
:1021000004F8010B2046039219F0C5F9039A144410
:102110000AF1010A08F10108C6E798F8002055F80D
:1021200022300093029B009845F82230FEF71CFDF8
:10213000421CDCE76FF00D0045E600BF014B186064
:10214000704700BFB000002030B5002587B0CDE952
:1021500003010446009503A905480595FEF70CFD0B
:10216000DDE904309842B8BF255407B030BD00BF48
:10217000096501002DE9F047858B04462807904644
:1021800011D4022905F0070540F0CD80204614F057
:10219000BBFC78B10138A18B042811D8DFE800F02E
:1021A000C3106D85950001290CBF45F0100545F061
:1021B0002005A58388F31188BFF36F8FBDE8F087F2
:1021C00001F0070AAA4500F0A6800027B9463E465E
:1021D000A368002B00F0BD8041F00801A18388F3C3
:1021E0001188BFF36F8FA168002900F0BB800D68D4
:1021F000002900F0B780334652462046D1F80480CB
:10220000C047002D76D02B6829461D46F0E701F027
:1022100007035A1F012A1BD8002221F00701062BB1
:10222000276889B2C4E9002209D13B4603E0E28B6A
:102230000132E2831B68002BF9D141F002012046F4
:10224000A18314F061FC00287BD041F0200177E0ED
:10225000042B0AD121F0070189B22046A18314F092
:1022600053FC10B141F02001A183A18B01F0070ABA
:10227000AA4550D00027B946AAE7236921F00701F3
:1022800041F00601062DD3F80090A1832DD1B9F1BC
:10229000000F40D041F00801A18388F31188BFF3FB
:1022A0006F8F20463949C84729E021F0070123698B
:1022B00041F0040189B2042DD3F80490A183E6D043
:1022C00000274FF0040A3E4682E721F00701236908
:1022D00041F0050189B2052DD3F80890A183D6D02D
:1022E00000274FF0050A3E4672E700274FF0060A26
:1022F0003E466DE72B4687E7B9F1000FD1D14FF08D
:102300002003EFF3118883F31288BFF36F8FA38B41
:1023100023F00803A383A58BEA062ED525F010032E
:10232000A38305F00705A669A18B002EBFF66FAF4A
:1023300000232768C4E9003321F0070141F00101BF
:10234000A183A18B4FF0000901F0070AAA457FF491
:102350003FAF002F9BD041F00801A18388F3118883
:10236000BFF36F8F002FC7D03D68394633465246C2
:10237000204614F0F5FB2F46F4E7AB067FF51AAFC5
:1023800025F02003A38305F00705FFE68D6B010010
:10239000F0B5024601680A270020074E0B461C785C
:1023A0000131355D6D0701D41360F0BD07FB0043BB
:1023B000A3F13000F2E700BF331F02002DE9F84F10
:1023C00015469A46D378224A6F2B12F803B08046FE
:1023D0000F460BF0030B29D024D8582B0CBF102626
:1023E0000A26DDF828903246002340463946FDF79C
:1023F000B3FE092AD4B21ED83034B045E4B277F126
:10240000000709F8014D01D3D14511D82B789B065F
:1024100005D5082E15D1AB7843F00803AB704846BC
:10242000BDE8F88F03F0F703702BD7E70826D8E74D
:1024300080460F46D7E7BBF1010F0CBF3734573446
:10244000DBE7102EEBD1AB7843F01003E6E700BFDB
:10245000331F0200044608B54FF02002EFF311834A
:1024600082F31288BFF36F8F07F032FD204603F02E
:10247000D5FA034814F05DF802F09AFDFCE700BFBE
:102480002E03020010B5094B094C00F01F02400951
:10249000012818BF234603EB8203D3F8002222F061
:1024A000E04242EA0172C3F8002210BD00288450C5
:1024B0000025845070B54FF02003EFF3118683F3AD
:1024C0001288BFF36F8F0124134B144DC3F80045DE
:1024D00002230321C5F8D0360020FFF7D3FF2046A2
:1024E000FFF7D0FF2146C5F804472120C5F804496D
:1024F000C5F8004BFFF7C6FF2020FFF7C3FF0B20F6
:10250000FFF7C0FF0A20FFF7BDFF86F31188BFF376
:102510006F8F002070BD00BF0010005000400050C1
:10252000052370B5144D154E2C780134B4FBF3F32C
:1025300003EB8303E41A17F0A0F8114A137823B1D0
:1025400056F82430C01A072814D94FF05023D3F876
:10255000141141B10021C3F81411D3F814312C70B7
:102560000CB9012313702C7817F087F846F8240073
:10257000012070BD0020FCE747740020982F002048
:102580004674002048B1054B054A1B68B3FBF2F3C3
:102590005843044B43F0010318477047AC02002036
:1025A00040420F00F0F30100062807D10122044B3E
:1025B000C3F80025BFF34F8F20BFFDE7704700BF72
:1025C000004000507FB50BAB05930393054B0122F0
:1025D000029300231846CDE9003300F039FD07B01F
:1025E0005DF804FB5B03020070B586B005A80AF035
:1025F00003FD284B984249D107F002FC041E0FDA74
:102600009DF814000AF0FEFC234B012202930023E4
:1026100022491846CDE900330394FFF7D3FF32E097
:1026200040F607031E4D8DF81540AE68ADF8163024
:102630007468059B14B96FF05704E5E70821284634
:10264000184AA047041EDFDB3369002BF3D00122B8
:10265000082128469847041ED6DB01239DF8145014
:10266000114AAB40C2F804359DF815009DF817607B
:1026700016F0F8FF0D4B45F00045B600C0F880504D
:102680009D51002CC0D1204606B070BD6FF01204E1
:10269000BAE700BF0000AD0B5B03020074F301005A
:1026A00038EF0100F52600000070015080A10250B3
:1026B00038B5049CC4F30725284607F093FA002197
:1026C0000A4BA20B02F0FC02C0F8801099500123C3
:1026D000E4B2074AA3402846C2F8083507F0AEFB2B
:1026E0002046BDE838400AF08DBC00BF80A00250F3
:1026F00000700150F7B5144683681B690BB10022C6
:102700009847C4F30726304607F074FA054630466A
:1027100016F0A8FF0027104B220E9200C0F8807020
:102720009F50304607F05EFAA20B0C4B02F0FC0201
:102730001344E2B242F000421A60094BC0F8802014
:1027400005F13202009330463B460194520016F0E8
:1027500092FF03B0F0BD00BF80A1025080A00250E4
:10276000B12600000AF0A6BA1FB5034660B9114AA7
:102770000090CDE901021049012214F0DEFB6FF058
:10278000150005B05DF804FB83685BB90B4A184679
:10279000CDE9013208490122009314F0CEFB6FF01D
:1027A0000400EEE71B681BB105B05DF804EB1847A9
:1027B0001846E6E7930302006CF20100A40302004E
:1027C00030B585B008B101B16AB9134B012202934B
:1027D000002312491846CDE9003314F0AEFB6FF028
:1027E000150005B030BD84680CB1E56865B90C4BC7
:1027F00001220293002309491846CDE9003314F061
:102800009CFB6FF00400ECE741F8040BE36805B0B3
:10281000BDE83040184700BFC20302006CF201005F
:10282000A403020030B51346044685B060B9194BC5
:102830000090CDE9010301220346174914F07DFB06
:102840006FF0150005B030BD006858B9134B00900B
:10285000CDE90103012203460F4914F06EFB6FF02E
:102860000100EFE782680AB1956865B90C4B012257
:102870000293002308491846CDE9003314F05DFBAC
:102880006FF00400DEE70A46AC46616805B0BDE8BB
:1028900030406047EE0302006CF20100FF030200CB
:1028A000A40302000020014B1860704700000720BD
:1028B00030B50C460E4985B00291D0F8AC110546F2
:1028C000CDE9003100F1E0014FF0FF3320460CF07C
:1028D000C1F850B9012384F86430D5F8A83123B188
:1028E000204605B0BDE83040184705B030BD00BFF8
:1028F0004B70010038B50C461146054614F0A7FB95
:10290000034638B92846044914F0A1FB03460020C9
:10291000236038BD0120FBE73B2202002DE9F04F88
:10292000012381460569466885B005F56B77D7E8D0
:10293000EF2F002A03D1C7E8E13F0029F7D140F08B
:10294000B880B368B26A043B2632B3EB420F4FEA59
:10295000420126BFB3FBF1F3B3FA83F300234FF038
:10296000010428BFC3F12003013B9C4005F5E47836
:1029700000F099801022082170689A4002EB44020E
:10298000043099400932C5F86002063122F0030292
:102990000A44B16A01FA03FC510001EB4C01C5F88D
:1029A0006412B16A994000EB4103C5F85832033311
:1029B000134423F00303C5F854327368C5F85C422E
:1029C000C5F850323C4B4046C5E9A963316800F078
:1029D000BBF9044630BBD9F804A0D9F81090DAE965
:1029E000073409F5307B012B584608BF103C18F01E
:1029F00001FB0023DAF8240030494FF4806201EB38
:102A000080210093584623460DF0A0F809F52C705C
:102A10002B4918F0B1FADAF8140083685C681CB925
:102A20006FF05704002137E04B46264ADAF81810B9
:102A3000A04704460028F5D1DAF8140083681B6922
:102A4000002BEDD00122DAF8181098470446002830
:102A5000E8D11D4B2846C5F8A8311C4BC5F8AC3150
:102A60001B4B0393D5F810320293D5F80832CDE909
:102A70000083D5F86832B26AD5F8A81300F02CF9B3
:102A800004460028CED105F1E0000CF08FF80028B4
:102A9000C5F8B0030ADB0221384614F00DFB2046CE
:102AA00005B0BDE8F08F6FF00B04BBE76FF01504C5
:102AB000B8E76FF07704F2E7A170010040A10020B1
:102AC000877001007B700100D52A00000F720100A1
:102AD000E970010013B5044640B100230122CDE99D
:102AE0000032074BD0E909120BF068FFA36E1B6898
:102AF00023B1E06E02B0BDE81040184702B010BD2F
:102B00003B22020013B504460846216901F56B71AA
:102B1000D1E8AF1F022910D193B1A0B10121CDE9B5
:102B200000311346D0E909120BF048FF074B9842D9
:102B300008BF6FF00B0002B010BD6FF00F00FAE796
:102B40006FF04C00F7E76FF00100F4E72EF8FFFF9D
:102B50002DE9F74388461546066906F56B73D3E8F9
:102B6000AF3F022B5FD1136823B96FF0150003B09C
:102B7000BDE8F0831B78002BF7D0D6F8A893B9F105
:102B8000000F33D106F5D8774FF0FF324FF0FF3307
:102B900038460CF029FE30462A6801A9FFF7AAFE44
:102BA000019C1CB9384614F085FADEE705F10803EC
:102BB000A3666B6984F86490E366E46360B13846A9
:102BC00014F078FA21463046236E2A68FFF770FE2B
:102BD0000020C8F80040CAE72022296804F140001C
:102BE00018F048FD384614F065FAF1E730460F4911
:102BF00014F02DFA04460028B7D005F108038366C7
:102C00006B69C063C366002380F8643020222968A2
:102C1000403018F02FFD22460121304600F03EF8EA
:102C20000028D5D0A1E76FF00F00A0E73B220200FB
:102C30002DE9F04F05460E4690460027D0F8B0A08B
:102C400085B0AAF5AE7421463046FDF783FFE0B9A2
:102C5000114BA4F1400B0293DAF810303246CDE963
:102C6000008329464FF0FF335846AAF5CE790BF082
:102C7000F1FE60B97023012203FB079383F86420FF
:102C8000DAF80C300BB158469847703417B105B0DC
:102C9000BDE8F08F0127D6E7717201001FB5144619
:102CA00090B18AB1012912D10A4B00F1E0010293DF
:102CB000D0F8AC31403201934FF0FF3320460093FF
:102CC0000BF0C8FE04B010BD6FF01500FAE700204D
:102CD000F8E700BF717201002DE9F04387B00E469E
:102CE000DDE90E811446DDE910251F4630B329B316
:102CF000DFF850C000F1E009002D08BF65469EB91D
:102D0000CDE9034400F5CE742046059617F0A8FEE1
:102D100003ABCDE900432A463B46414648460BF00B
:102D20006BFF07B0BDE8F083002241460E92484693
:102D30002A4607B0BDE8F0430CF088B86FF01500E4
:102D4000EFE700BF312C0000F0B50E46044689B015
:102D500000286FD001230246C3630023D0F89810E7
:102D6000364F403040F80C7C42F8301FCDE901333B
:102D70004FF0FF330093C36D17F030F9304A06ABC4
:102D800092E8030083E8030018460BF037FD054680
:102D9000D8B904F134000BF013FD0546A8B9394643
:102DA000284805AA17F0F6F8054670B9059B9A68F9
:102DB00072B10C33D4F89400C4F8A03014F089FA3E
:102DC000C4F8D40030B96FF00B05284609B0F0BD47
:102DD0000346EFE7D4F8940014F07BFAC4F8D80067
:102DE0000028F0D0D4F88C30D4F8A010C4F8A83063
:102DF0000423C4F8AC30C4F8C4300223A362124BDD
:102E0000B4F89420D4F8D470C4F8B810C4F8D01032
:102E1000D4F89010236204F1A403A4F8B020C4F8FD
:102E2000A470C4F8C010A4F8C820C4F8BC00A661FF
:102E3000E362CAE76FF01505C7E700BF2904020087
:102E4000C0F301003304020024F401002DE9F84F1F
:102E500081462F480F4614F07EFA064670B92D4C75
:102E60000546A0464FF0010BDFF8ACA0544507D350
:102E7000B9F1000F02D04FF0010AE5B9BDE8F88FB3
:102E8000237B73B12368DB680BB120469847236826
:102E90001B6943B9636804222046196800F0C4F82E
:102EA00001361034E2E7204698470028F2D00BFAAA
:102EB00006F31D43F4E7A94695FAA5F4B4FA84F4A1
:102EC0000AFA04F3260108EB04146FEA030B25EA5F
:102ED0000305237B63B158F806301B6993B9464458
:102EE000736804222046196809EA0B0900F09CF86F
:102EF000002DE1D127B14FF4A47000210DF0EAF9C3
:102F00004D46BAE7204698470028F1D1E7E700BFD1
:102F1000B42F0020ACF30100BCF30100014B53F8C7
:102F20002000704748F4010008B5034608462BB15D
:102F3000044A136000F07CFA002008BD6FF0150011
:102F4000FBE700BFE00000200023054A4FF40041EA
:102F50001370044A04481360044A1360FFF7E4BF87
:102F600048740020AC2F002053730100B02F0020C4
:102F700070B50B4D297841B90120FFF767FF094C67
:102F8000094EB44202D301232B7070BD63685B7994
:102F90001BB1236820469B6898471034F1E700BFB7
:102FA00048740020ACF30100BCF3010010B50446E6
:102FB000064814F0D0F93CB1054BD3E8EF1F0139B6
:102FC000C3E8E21F002AF8D110BD00BFAC2F0020DB
:102FD000B02F002070B50A4B05461B689847094C76
:102FE000094EA860B44200D370BD63685B7923B119
:102FF0002368294620461B6898471034F2E700BF33
:10300000E0000020ACF30100BCF30100044A054BD2
:103010009B1AB1EBD30F34BF52F831000020704738
:103020001CF20100ACF30100084B10B4C31A446851
:103030001B110133237143689A710122436819609F
:1030400043685A715DF8044B14F0A3B9ACF3010066
:103050002DE9F04F85B002AF0446D7E90EA90E4620
:10306000934698463D6BBAF1000F33D0C7F80490F1
:10307000CDF800901021534600207A6BFEF78AFEAF
:103080000146154A04F007040BF0070BE40044EA7C
:103090008B1402EA4122144344EA055417350D44C7
:1030A00025F00705ADEB050D02ADBAF1000F07D015
:1030B000CDF8009053467A6B05F11000FEF76AFEDA
:1030C000434622463146284614F066F90C37BD4681
:1030D000BDE8F08F5146D4E700FE0F000EB403B5F3
:1030E00003AB53F8042B01460448019314F096F9FE
:1030F00002B05DF804EB03B0704700BFCB73010072
:10310000CA0605D48B064CBF02490349FFF7E6BF48
:10311000704700BF3A220200392202002DE9F04F29
:103120008BB09A46DDE915739DF850B00693179B56
:1031300004460D46189E08920593BBF1000F00F05F
:10314000858006F00103099306F00803079314F045
:1031500021F906F002090246002847D0204684499A
:10316000FFF7BCFF8046B9F1000F08D016F0440FFE
:103170003ED12A4620467F49FFF7B0FF8044099B95
:1031800053B17D4B204653F82B207C4B7C49002AC1
:1031900008BF1A46FFF7A2FF079B002B54D0794BBC
:1031A000204653F82B207849FFF798FF0546089BE7
:1031B0002BB11A4620467549FFF790FF0544BAF136
:1031C000000F05D0524620467149FFF787FF05449E
:1031D0004544002F48D1059B002B4ED1F30700F149
:1031E000C08031462046FFF78BFFB4E08046BAE747
:1031F000684B18680028C1D0674B4FF47A791B6878
:103200004FF46161B5FBF3F5B5FBF0F300FB13552B
:1032100009FB05F5B3FBF1F2B5FBF0FE4FF03C0CFA
:1032200001FB123100FB1E55B1FBFCF309FB05F558
:10323000B5FBF0F50CFB131120460091CDE901E53B
:103240005649FFF74BFF99E7079DB0E7BAF1010F29
:1032500006D1002F65D1059B002B7CD000250CE00A
:10326000002FF8D04E485DE04E483B4622464E497E
:1032700013F017F9059B002B69D0DFF84081DFF8C8
:103280004091059F3146102F204628BF10274FF050
:10329000000AFFF735FF554546DC069B49462046A8
:1032A0001A78FFF71BFF4FF0010A1AF0070F03D13E
:1032B00041462046FFF712FF57453CD9069B494639
:1032C000204613F80A20FFF709FF0AF1010ABAF1B4
:1032D000100FEAD14FF0000A20463449FFF7FEFEF6
:1032E0005246069B20469A5C314B995C11F0970F31
:1032F00008BF2E222F49FFF7F1FE0AF1010ABAF1A9
:10330000100F1DD01AF0070F03D141462046FFF7DA
:10331000E5FE57455246E4D841462046FFF7DEFE1B
:10332000EBE720485D46A0E741462046FFF7D6FE82
:103330000AF1010AAFE720461F49FFF7CFFEC4E7B5
:10334000069B3B440693059BDB1B059399D1BBF180
:10335000000F7FF443AF20460BB0BDE8F04F14F0F0
:1033600064B82046054A0649FFF7B8FE39E700BFB2
:103370004D0402005104020058F401004804020008
:10338000652302006CF40100760402007C04020054
:10339000B4200200BC2F0020B82F00205A040200E5
:1033A000E7730100CB7301001D7401008604020065
:1033B000331F020088040200C81D0200CA1D02005B
:1033C000800402002DE9F0410F884B6805460C4649
:1033D00090468E6886B0C7F382175BB1134A9B1A7A
:1033E00043F3CF0100291FDB2078C0F3C200FFF7B1
:1033F0000DFE0346214651F8102B6088C2F34A2285
:10340000002A01EB020408BF0021C0F30B10CDE934
:103410000308CDE901140022314628460097FFF742
:103420007DFE06B0BDE8F0810023E3E71CF2010059
:1034300000210123064A904206D8064A01B9012319
:103440001360054B18607047012140085B00F2E7EC
:1034500040420F00B82F0020BC2F00200122014B5A
:103460001A70704749740020014B002019607047A2
:10347000D42F00200122024B02481A7013F0D5BF4E
:103480004A7400209CF4010010B5064B0C461868E5
:10349000FFF744FD2146BDE8104003460F220248D5
:1034A000184700BFD42F00209CF40100F8B5074650
:1034B0000E460424174D3246394600200BF00CFD11
:1034C000C8B101232B70144B1B782BB93046F8BDC3
:1034D0005CB92C704FF0FF3400200BF071FD002818
:1034E000F4D02B78002BF3D1F0E7013C41F2883087
:1034F00017F0E8FEF0E72B7813B1013C04D12C70F3
:103500002B78002BD7D1E1E741F2883017F0DAFEB3
:10351000F6E700BF497400204A7400202DE9F84303
:1035200005464FF02003EFF3118683F31288BFF3B3
:103530006F8F4FF00C090D4B0D4F1C68DFF8348076
:103540002CB986F31188BFF36F8FBDE8F883D4E9F7
:103550000123002D18BF13462BB198F8142009FB46
:1035600002F2B85C98472468EAE700BFF02F002019
:10357000E42F002018690020012270B5164B1C7D35
:1035800004F01F039A40D043144B610903EB8103FD
:10359000D3E8EF1F01EA0005C3E8E65F002EF7D18C
:1035A0000A4213D00E4B0F4D8BB10C236343EA1824
:1035B0005178E85C13F0BBFC0020FFF7AFFF0C2351
:1035C0005C4300232A192B51C2E9013370BD83F3F8
:1035D0001188BFF36F8FEFE718690020F82F0020E4
:1035E0002F6F0100E42F00202DE9F041324B0746F8
:1035F0001D7D4FF02003EFF3118883F31288BFF392
:103600006F8F0C246C432D4B2D4E195D1A19002918
:1036100047D007CA06EB040C8CE8070000221A55B5
:1036200088F31188BFF36F8F0C236B43F05CF218A3
:10363000A8B37B1C10D04FF400400021D2F808C082
:10364000204C0023ECFB00411F4A2046FCF784FD80
:103650000121381A06F000FC0CF082FD0120FFF772
:103660005DFF1A4B6A0903EB8203012205F01F017B
:103670008A40D3E8EF0F1043C3E8E10F0029F8D1E7
:10368000134B3BB10C2303FB05F033185978305C26
:10369000FEF78AFFFFF770FF0CF076FD0120BDE812
:1036A000F0810146284600F015F80028B8D007C878
:1036B000344484E80700B3E718690020D82F0020BD
:1036C000E42F00203F420F0040420F00F82F00205F
:1036D000A92500002DE9F04F85B00E4603A900F0A2
:1036E00043F84FF4004704464FF0000B1B4B039D7B
:1036F000D3F800A0431E1BB203EB4303DFF8648042
:1037000005EB830524B9A146484605B0BDE8F08F16
:10371000C446594668680023E0FB07C1104A60466A
:10372000FCF71AFDC44659460190A8680023E0FB47
:1037300007C10B4A6046FCF70FFDBAF1FF3FA946EF
:1037400001D0824505D9731CDED0019B1844B042DC
:10375000DAD9013CA4B20C3DD4E700BFE40000205C
:1037600040420F003F420F0008B9024B0B6000209F
:10377000704700BFACF40100F0B40C4B0C4E5F6A14
:103780000C4BB34203D36FF08500F0BC70475D680B
:10379000BD4209D31C693CB195F802C00579AC451E
:1037A00002D12346F0BC18472433EAE7FC2F00205F
:1037B000DC070020B80700202DE9F04705460E463B
:1037C0001746124CDFF84880DFF84890444503D391
:1037D0006FF08500BDE8F0876268D9F824309A421E
:1037E00012D3A36983B190782979884205D13A46EA
:1037F00031462846BDE8F04718475279012A03D1DF
:103800003A463146284698472434DFE7B807002077
:10381000DC070020FC2F00202DE9F04105460E4674
:1038200017460A4CDFF82880444502D36FF0850024
:1038300009E063690BB92434F6E73A463146284675
:1038400098470028F7D1BDE8F08100BFB8070020F5
:10385000DC0700200022024B1A605A60704700BF4C
:10386000B730002070B50B4B0B4CA34201D30020A6
:1038700070BD0022196A1E7F0439D5B2AE4201D84C
:103880002433F2E7013211F832508542F5D101209C
:10389000EEE700BFB8070020DC07002008B50948A4
:1038A0000378C3F341130A3350F823303BB100F1DE
:1038B000080200F110019847C043C00F08BD184628
:1038C000FCE700BFFC2F002010F0700F1FB500F0C8
:1038D0007F030ED000240B4B039002932046234617
:1038E0000122CDE90044084913F0ACFD204604B0A4
:1038F00010BD10F0800F4FF0010018BF103398403A
:10390000F5E700BFBE04020094F3010030B585B0B6
:10391000054615F0CBFA10F1780F044616D1134B7B
:1039200002220293002312491846CDE90033039581
:1039300013F088FD2846FFF7C7FF0E4A0024D2F88F
:10394000C43023EA0003C2F8C4300CE00028F1D0F0
:10395000094B01220293002305491846CDE90033A3
:10396000039513F06FFD204605B030BDD904020069
:1039700094F30100FC2F0020FA04020004282DE932
:10398000F74F04460F46DFF8A09015D001282FD13D
:10399000DFF8908098F8B93053B300F0F9FE204D6D
:1039A0004D4522D24FF0000A2A6A2B7F5FFA8AF631
:1039B000B34204D82435F3E7FFF74CFFE8E702EB06
:1039C000C6063079019215F071FA83463079FFF717
:1039D0007BFFD8F8C430BBF1000F23EA0003019A43
:1039E000C8F8C4300AF1010ADFDA002388F8B930D8
:1039F0000B4D4D4508D30B4B1B6A6BB13946204626
:103A000003B0BDE8F04F1847EB681BB13A462146BA
:103A1000284698472435ECE703B0BDE8F08F00BF97
:103A2000B8070020FC2F0020DC07002070B5C4B2CE
:103A300086B063060D468DF8174007D02046FFF785
:103A400011FFD8B1194B93F8BA00B8B1174E0394CF
:103A5000B5B1174B03220293002316491846CDE94E
:103A6000003313F0EFFC9DF8170004F0D3F8F3696E
:103A70001BB108200DF117019847012006B070BD59
:103A80000D4B03222846CDE901530A492B460095E8
:103A900013F0D8FC9DF8170004F0F4F8F369002B3C
:103AA000EBD009200DF11701E6E700BFFC2F002045
:103AB0001C05020094F301002F05020070B50446B6
:103AC000807886B08DF8100023796279324D43EA10
:103AD0000223ADF81230E37803F003038DF81430BD
:103AE000FFF7F2FED5F8C430064618420CD0A47891
:103AF000204600F02FFE2046FFF708FF17F001F9DF
:103B000010B996200CF000FC04A804F04FF810F156
:103B1000780F9DF8103027D10393204B0222029397
:103B200000231F491846CDE9003313F08BFC9DF8A4
:103B3000100004F0E3F810F1780F25D19DF8103053
:103B400002220393174B1649029300231846CDE92E
:103B5000003313F077FC0120D5F8C43085F8B900A4
:103B60003343C5F8C4300DE00028E0D003930E4B7A
:103B70000293002301221846CDE90033084913F0CF
:103B800061FC002006B070BD0028E4D09DF8103024
:103B90000393064BECE700BFFC2F00204405020016
:103BA00094F301008B05020067050200AB050200DB
:103BB0002DE9F047924D0446AB690E461746C3B94E
:103BC000207800F01F00012876D0022800F0DC8069
:103BD00000BB94F900103A68002963782EDA062BAE
:103BE0000CD0082B25D0ABB95370012313700223DE
:103BF00003E198470028E3D100200DE06388190A0B
:103C00000A1F012A8C4605D9072903D8DAB26B6A44
:103C10001C781CB96FF01500BDE8F0875D7865452C
:103C200003D1824200F0E48001302344F0E71B78A6
:103C3000E3E095F8BA3013700123DEE0052B11D0D4
:103C4000092BE7D163886E6A002B32D1FFF702FEA1
:103C5000638885F8BA30EB69002BCDD00320694921
:103C60009847C9E7A07803F05DFF0028C4D0D1E7EA
:103C70007378042B10D0052B11D0022B04D1777947
:103C80006388BB4208BF012033781E443378002B81
:103C9000EED10028BED0D9E796F80380F4E7638818
:103CA000BB42F1D1B8F1000FEED13046FFF706FF6D
:103CB000EAE7FF27B846E9E795F8BA30D7F800C039
:103CC000002BA7D06F6AA2883B4694F804E01878CE
:103CD00000289FD05978022904D193F80480F04538
:103CE00000F292800344F2E78CF800308CF8013047
:103CF000316081E71F4493E00B2B8BD100264FF0FE
:103D0000FF08B246C14606E07B78042B0FD0052B96
:103D100021D03B781F443B78002BF5D1EB6913B1E0
:103D2000514607209847002E7FF466AF72E797F858
:103D30000280A38897F803909845EAD16388994553
:103D4000E7D1B8F1070F1CD805EB0803BA460126E6
:103D500083F8BB90DDE7A3884345DAD1A3784B45D0
:103D60000AD0BE78304600F0F5FC3046FFF7CEFDB5
:103D7000B0FA80F67609CCE73846FFF79FFE064694
:103D8000C7E7BA460026C4E794F900206378002A02
:103D900018DA002B7FF43EAF24793F6863060AD01F
:103DA0002046FFF75FFD00283FF434AF95F8BA30A6
:103DB000002B3FF42FAF3946204603F083FF00234A
:103DC0007B7014E7012B08D0032B7FF423AF6388AB
:103DD000002B7FF41FAF012103E0618800297FF4ED
:103DE00019AFA088FFF722FE00287FF405AF11E786
:103DF00002293B607FF41BAF5B883360FCE600BFA9
:103E0000FC2F0020B630002094F9000063780028D1
:103E1000BFF672AF002B3FF467AF0A2B7FF4FAAE08
:103E20003B78002B3FF4F6AE797804297FF462AF3B
:103E3000B9788A427FF45EAF072A8EBF00235219F9
:103E400092F8BB308CF80030F6E600BF2DE9F04F59
:103E500005460F469046994604264FF0000ADFF8C3
:103E600040B085B04B4642463946284603F070FFC5
:103E700010F10B0F04460DD1002302221846CDE9A4
:103E800002B5CDE900AA054913F0DCFA0CF0A0F95F
:103E9000013EE7D1204605B0BDE8F08F94F3010064
:103EA000CC05020013B5134C237DCBB9E26801ABFE
:103EB0008020A1680192FFF7C9FF019AA36813440B
:103EC000A360E3689B1AE36043B93AB12369E288CF
:103ED0009A4203DD9B0601D10123237502B010BD78
:103EE000002380201A461946237502B0BDE8104011
:103EF00003F02EBFFC2F0020002370B588B00D46C4
:103F000006460593002866D100293ED10B460822BB
:103F100006A914F0E4FF002804DA802003F07AFEFA
:103F200008B070BD314C069AC4E903552260079A67
:103F3000BDF81E30626004F13802A2609DF91820BD
:103F40002575002A14DB802B0ED9294B0122284627
:103F5000CDE9015327492B46009513F073FA8020D1
:103F600003F058FE2846D9E713B1C4E90333D7E775
:103F7000FFF794FC0028D0D0E28823699A42D4BF8E
:103F8000E260E360FFF78EFFCAE7184C05ABD4E9A7
:103F90000212002A05DC024614F0A1FF0028BFDA55
:103FA000BBE714F09CFF002804DA802003F032FE07
:103FB0003046B3E7059AA3681344A360E3689B1AED
:103FC000E360002BACD104F13803A360FFF766FC7B
:103FD0000028D7D1A1E78028A2D1044BDA68002AB3
:103FE000D0D11B7D002BCDD19AE700BFFC2F002044
:103FF000F305020094F30100054B064A58629A62E9
:10400000054A0020DA62054A1A63054A9A61704738
:10401000FC2F0020B13B0000793700001938000068
:10402000B93700001FB50D4B93F8B8409CB900F0AC
:10403000F3F8034658B90A4A0090CDE9010209494C
:10404000012213F0FFF94FF0FF3004B010BDFFF76D
:10405000D3FF2046F9E76FF07700F6E7FC2F00204A
:104060000C06020094F301002DE9F041044686B0ED
:104070003F4D4FF0FF324FF0FF333E480BF0B4FBA3
:1040800095F8B86096B13C4B0222029300233B495D
:104090001846CDE9003313F0D5F96FF077043548B1
:1040A0000BF01CFC204606B0BDE8F08134482C62C1
:1040B000E86103F0A5FF03F003FD041EEFDB00F051
:1040C0008BFB041EEBDB402304A8ADF812308DF807
:1040D00014608DF8106003F069FD041EDFDB80279B
:1040E00004A88DF8107003F061FD041ED7DB304684
:1040F000244903F071FF041ED1DB3846214903F047
:104100006BFF041ECBDB204CDFF8808044451AD3C4
:10411000002003F0F3FD041EC1DBD5F8C43080207D
:1041200043F00103C5F8C43003F0E8FD041EB6DB1C
:10413000D5F8C430002443F48033C5F8C4300123DB
:1041400085F8B830ABE70026276A227FF3B29A429F
:1041500001D82434DAE707EBC30257F8331010799B
:1041600003F03AFF01360028EFD04FF0FF3496E716
:10417000FC2F00207C0500203106020094F3010092
:104180007D390000F93E0000B8070020DC07002060
:1041900030B51F4B8BB005AA03F110051446186803
:1041A0005968083303C4AB422246F7D11B7810226A
:1041B0002370002101A817F0A8F912220021154848
:1041C00017F0A3F9102101A814F0EBFF00281BDD64
:1041D0000828B8BF082001AB09381A1800200D497B
:1041E00012F8013F0AAC04EB131403F00F03283359
:1041F0006B4414F8144C13F8143C013008280C706C
:104200004B7001F10201EBD102480BB030BD00BF91
:104210005F0602004C7400202DE9F04F7F4C89B0FE
:1042200000264FF0011BB2463546374623783BB98E
:104230007B4B02349C42F3D1784809B0BDE8F08F43
:104240006378052B05D8DFE803F0A30403A307393F
:10425000274623781C44E9E7E378002BF9D1A378BB
:104260001BB30AF1010A5FFA8AFAF2E76B689C4213
:104270001DD024356B4B9D42F8D36B4B012202932A
:1042800000236A491846CDE90033039413F0E9F896
:104290000024674B2046029301222346CDE90044C7
:1042A000624913F0DEF82046C7E7624DE2E7AB68EB
:1042B000002BD6D0514620469847D2E7002D64D136
:1042C0005D4B0095CDE901532B4601221846574915
:1042D00013F0C7F8DCE72A6A94F802C002EBC302C5
:1042E0001079844509D001332A7F9342F3D3534B8D
:1042F00002930023CDE90033E7E74FF00108E078AF
:104300005FFA88F900F003008DF81C00207994F81A
:1043100005C040EA0C20ADF81A0094F9020000280C
:1043200026DA08F1100001FA00F010EA0B0F26D18E
:1043300049F080008DF8180006A8CDE9043203F09A
:1043400003FCDDE904320121C8B99DF8183013F0EF
:10435000800FA37013710B461DBF09F110095FFA9E
:1043600089F901FA09F303FA08F34BEA030B70E742
:1043700001FA08F010EA0B0F01D14846DAE708F11C
:104380000108B8F1100FBAD1ADE700230121ABE766
:10439000032E29D1FFF7FCFE804670B1FCF7E4FB49
:1043A00058B1102815D0264B0122029300231F4933
:1043B0001846CDE9003313F054F86FF0020123786A
:1043C000091BE21804EB5303D14216D50136F6B2AD
:1043D0003FE74046A31C08F1100250F8041B90422E
:1043E00043F8041BF9D1E8E7002EE6D177B9154B65
:1043F0000097CDE901733B4667E74FF0000002F8F4
:10440000010C13F8010902F8020DDDE7E31BBB7094
:10441000C3F30723FB7087F804A0D7E7D806002072
:10442000B7070020DC070020700602008CF30100B3
:1044300056070200B807002090060200D1060200CD
:10444000EE06020039070200094B00211A4610B59A
:104450001C78844205D15C681CB1482303FB012011
:1044600010BD0131042903F14803F1D10020F7E721
:10447000C43000202DE9F04150F8303C04461033A0
:1044800010F8345C88B011D1036950F8282C13F06F
:10449000020648D002BB13F0040304D11A461946A1
:1044A0002846FFF7D3FC002344F8303C54F8303C56
:1044B00010330ED054F8206C5EB154F8247C54F8BC
:1044C0001C8C16F01EFC00285FD02146344816F0E4
:1044D00080FD08B0BDE8F08150F82C1C07AB2846E1
:1044E000FFF7B4FC70B12F4BCDE903050293002315
:1044F000CDE90033184601222B4912F0F0FF6FF08E
:104500001503D1E7079A54F82C3C134444F82C3C8B
:1045100054F8283C9B1A44F8283C54F8243C134493
:1045200044F8243CC2E750F82C1C07AB284603F0A3
:10453000A3FC38B11B4BCDE90305CDE9016300961F
:104540003346D7E7079E54F82C3C334444F82C3CC0
:1045500054F8283C9B1B44F8283C54F8243C334432
:1045600044F8243C002E9ED0284603F04FFDB6FBB5
:10457000F0F303FB1066002E95D154F8283C002B75
:1045800091D0284603F0D6FC90E744F8200CA4F123
:1045900018000BF011FA424639462846B04798E712
:1045A000980B002084070200A4F3010070B54B1E95
:1045B000012B06460D4686B018D8FFF745FF044686
:1045C000B0B9012D12D105AB012230460DF1130116
:1045D00003F052FC059B002BF5D10F4A1846CDE99C
:1045E00001320E490122009312F079FF06B070BD2E
:1045F00016F087FB04F1340108B1012D05D10846FE
:1046000006B0BDE87040FFF735BF054806B0BDE80D
:10461000704016F0DEBC00BFA1070200A4F3010049
:10462000980B00202DE9F04F87B0064617469846B4
:10463000049112F064FF044600287BD14FF0200360
:10464000EFF3118283F31288BFF36F8FDFF8FC90D2
:1046500005920023002248460BF0D4F90346C8B95E
:104660004FF0480C0CFB04FCDFF8E4A00AEB0C0B49
:10467000DBF8045015F1100F26D1304A3049CDE94E
:10468000010203960122009012F029FF48460BF028
:1046900093F910E00134042C09F14809D9D1294BD0
:1046A00001220293002326491846CDE9003312F077
:1046B00016FF6FF00B05059B83F31188BFF36F8F17
:1046C000284607B0BDE8F08F109B049ACBF8143051
:1046D000119BCBF81000CBF818306FF00F03304669
:1046E000CBE902270AF80C60CBF84480CBF8043001
:1046F00003F08CFC68B1304603F088FCB7FBF0F3A4
:1047000003FB10772FB1DBF8443043F00403CBF800
:10471000443018F0020F08D0482303FB04A10A48D4
:10472000343116F056FC0025C5E7304603F002FC94
:104730000546C0E76FF00F05C2E700BFD6070200CD
:10474000A4F30100BB070200980B0020E03000201A
:10475000C430002010B54FF02003EFF3118483F331
:104760001288BFF36F8FFFF76FFE50B143681033AD
:1047700007D16FF08B0300F134014360034816F05A
:1047800028FC84F31188BFF36F8F10BD980B0020B5
:1047900070B504250E4C4FF02003EFF3118683F320
:1047A0001288BFF36F8F6368103307D16FF08B03EC
:1047B0000848636004F1340116F00BFC86F311889D
:1047C000BFF36F8F013D04F14804E4D170BD00BF19
:1047D000C4300020980B002070B50025094C0A4E0B
:1047E0003146204616F0C8FB0122A4F118001146FC
:1047F000013516F03EFB042D04F14804F0D10020F1
:1048000070BD00BFF830002075440000012301692D
:1048100081F84B300B6833B191F849301BB1024835
:10482000083116F0D6BB7047980B002001230169B0
:1048300081F84A300B6833B191F848301BB1024817
:10484000083116F0C6BB7047980B0020F0B5D0F8C1
:104850008C3005465B6885B01B6A1F7D384612F0B8
:104860004EFE0646E0B94FF48062A86F03A912F02D
:104870000CFB0446A0B18306A5F1180385F830604F
:104880000193084B08BF00F1FF34039900932246BF
:1048900002233846FFF7C6FE2146A86F12F011FB2F
:1048A00005B0F0BDE5480000002103460C4AA0F821
:1048B0004810106883F89C10C3F89400908892798F
:1048C000A3F8980083F89A2083F89B104022A3F85D
:1048D0009E1083F8A01003F14C0016F016BE00BF26
:1048E000DCF30100012310B582F848301368144648
:1048F0003BB192F84A3023B10A4802F1080116F0A0
:1049000068FBD4F890301A699B689A4208D004F189
:1049100018010022BDE81040002302480BF08CB9BA
:1049200010BD00BF980B002030B5046987B094F823
:104930009E308DF8171013B194F89F305BB11F4B68
:10494000032202930023CDE9003318461C4912F0DC
:1049500061FE07B030BD0122D4F8900084F84830E1
:104960000DF1170112F072FA0546F8B9154B032242
:10497000CDE9010312490346009012F04BFE0122DB
:104980002946D4F8900012F0B1FA30B90E4B01224A
:1049900002930023CDE90033D7E70122D4F8900039
:1049A0000DF1170112F052FA0028EFD02122002356
:1049B00004F1180105480BF03FF9CAE70C080200A2
:1049C00084F301002C0802004B080200980B002021
:1049D000F0B50669154696F89E3085B013B196F885
:1049E0009F7077B10024154B022202932046234684
:1049F000CDE900441249039512F00CFE204605B0A3
:104A0000F0BDD6F8900086F8487012F01FFAA84260
:104A100004460BD20B4B2D1ACDE9017302223B4603
:104A2000384607490395009712F0F4FD0022002351
:104A300006F1180104480BF0FFF8DFE762080200F6
:104A400084F3010094080200980B00201FB5014672
:104A500004460A4812F02DFD034650B9084A094998
:104A6000CDE9010203940222009012F0D3FD04B0BC
:104A700010BD012200F8072CF9E700BFE431002047
:104A8000B508020084F301007FB504460E460179A3
:104A90001B48154612F000FD034668B9A288194963
:104AA0000392194A0090CDE90102022212F0B2FDF0
:104AB0006FF0120004B070BD94F900106278002904
:104AC00016DB202A04D0222A0ED06FF08500F1E7F1
:104AD0002A68116840F8101C918820F80C1C927903
:104AE00000F80A2C0020E5E7628800F8092CF9E7B5
:104AF000212AEAD1A0F110032B6007233360F1E7EC
:104B0000E431002084F30100DB080200F0B50D1E43
:104B10000646144685B002F14C072EDD2A4639467A
:104B2000D4F88C0012F092F9A8420BD2184B2D1A2F
:104B30000293002301221846CDE90033154903955D
:104B400012F068FD012384F8493023683BB194F8E2
:104B50004B3023B1104804F1080116F03AFAD4F8AA
:104B60008C104B684A699A1ACB699B1A3F2B04D860
:104B7000012384F8A03005B0F0BD084B402200931B
:104B80003946012330460194FFF74CFDF3E700BF9F
:104B90009408020084F30100980B00200D4B0000E4
:104BA000F0B506460D4685B00146464812F069FC50
:104BB000044658B9444B0222CDE901034349034658
:104BC0000396009012F026FD05B0F0BD064656F89B
:104BD000A439691E5F680529F6D801A353F821F0AE
:104BE000654C0000C94B0000F94B0000514C00001F
:104BF000714C00008D4C0000354B3449029300236A
:104C000003221846CDE9003312F004FD14F8061C07
:104C100039B93B6A3246187BFFF778FF012304F865
:104C2000063C14F85C3C002BCED1012304F85C3C1C
:104C300054F8A43C002BC7D014F85A3C002BC3D026
:104C40002448A4F19C0105B0BDE8F04016F0C1B9BC
:104C5000214B0322029300231C491846CDE900335F
:104C600012F0D8FC304605B0BDE8F040FFF71CBE9E
:104C70001A4B03220293002314491846CDE900334E
:104C800012F0C8FC012304F8053C9DE70025144BF5
:104C90000322029328462B46CDE900550B4912F01A
:104CA000B9FC14F8053C002B8ED00E4B0322CDE945
:104CB000015328462B460549009512F0ABFC04F839
:104CC000055C81E7E43100200209020084F3010061
:104CD00023090200980B002035090200490902004F
:104CE0005A09020069090200002310B50469C4F8DA
:104CF000A8300C4BC4F8A400596804F1A80269B9A3
:104D0000C3E9002204F10800074916F035F904F15F
:104D10001800064916F074F9002010BD0A605A60A8
:104D2000F0E700BFE4310020297501004D48000084
:104D300030B54FF400334268056942F2A10085B0F6
:104D4000CDE90103002385F89D30106AADF80C1001
:104D50000A22007901A9FFF779F8054C95F89D30F2
:104D600023B9012016F0AEFA013CF7D105B030BDF1
:104D7000A186010037B50024084D4FF0FF334FF4F2
:104D800080622846064900940AF0E0FE054928465C
:104D900015F0BDFF204603B030BD00BF980B0020CA
:104DA00040A500208F09020001480EF015BC00BF8D
:104DB00000F5010038B5044618B90F4B0F485B6881
:104DC00098476168B1F5683F0FD0B1F5680F0CD016
:104DD0000B4DA94209D011F4686107D0214609485A
:104DE00015F066FF00232360656038BD142220683B
:104DF00016F08BFBF8E700BF54030020980902006F
:104E00002C5F5CA9EC36002008B560B34368B3F5AD
:104E1000683F0ED0B3F5680F18D0144A934220D0E3
:104E200000684FF0FF324FF0FF330AF0DDFC58B15D
:104E300015E001220368D3E8EF1F002903D1C3E87E
:104E4000E02F0028F7D10AD1002008BD0368084AE6
:104E50001B7803F5807352F82330002BF4D00548FB
:104E6000F3E70548F1E76FF4E040EEE72C5F5CA95B
:104E700000000350E98FFFFFEA8FFFFF08B520B362
:104E80004368B3F5683F09D0B3F5680F13D0114AF2
:104E900093421DD000680AF021FD14E0002203684F
:104EA000D3E8EF1F012903D1C3E8E02F0028F7D191
:104EB00009D0094808BD00210368084A1B7803F59A
:104EC000807342F823100020F4E76FF4E040F1E72C
:104ED0000348EFE72C5F5CA9E98FFFFF0000035058
:104EE000EA8FFFFF10B5044618B91D4B1D485B68DB
:104EF00098476368B3F5683F2FD0B3F5680F2CD09F
:104F0000194A934219D1236803BB4FF0FF324FF087
:104F1000FF33214615480AF05BFB08B923681BB92B
:104F20000F4B13485B68984714220021206816F045
:104F3000ECFA4FF46863636008E0B3F5683F0DD89E
:104F40003A2B03D040F6BA629342DED1206815F0C6
:104F5000F4FE636843F03A03636010BD054AF3E76B
:104F600054030020980902002C5F5CA9EC36002055
:104F7000BE0902003A00003A08B50649402314224F
:104F8000054815F086FEBDE80840044904480EF0C7
:104F9000E7BB00BFEC310020EC36002008F5010033
:104FA0001CF50100014910220A60704710ED00E075
:104FB00072B6404080F31188BFF36F8F01B5FDF7E3
:104FC000AFFA002802D0BFF34F8F30BFBDE80140D9
:104FD00062B6BFF36F8F704772B6494081F3118894
:104FE00001B5FDF79DFA002802D0BFF34F8F20BF17
:104FF000BDE8014080F3118862B670472DE9F047A3
:1050000080460D468CB0002977D000248B680122A1
:1050100005934B68204604930B683B4903933B4B35
:10502000CDE900440293234612F099FB6B690122FB
:1050300005932B6920460493EB6833490393344B63
:105040000094CDE90143234612F089FBEB6901226C
:105050000393304B2046CDE901432B49234600946E
:1050600012F07DFB2F462646DFF8B490DFF898A0BB
:10507000D7ED0B7AFCEEE77AE31C0993CDED0A7AC3
:10508000D7ED0A7AFCEEE77AA31C0793CDED087AF8
:10509000D7ED097AFCEEE77A631C0593CDED067A2D
:1050A000D7ED087A0023FCEEE77ACDE90294CDED46
:1050B000047A012251461846CDE90066043412F004
:1050C0004EFB102C07F11007D2D12B6E0122039357
:1050D000114B0D49CDE9016300230096184612F0EB
:1050E0003EFBAB69012203930C4B0749CDE90163F9
:1050F00000230096184612F032FB294640460CB0B9
:10510000BDE8F0470AF0EAB83CF30100EB09020001
:105110001A0A0200490A02009B0A0200AA0A0200B7
:10512000580A020040B2002807DB01234109034A64
:1051300000F01F00834042F82130704700E100E09A
:1051400040B200280CDB01220649430900F01F0091
:105150008240203341F82320BFF34F8FBFF36F8F7E
:10516000704700BF00E100E0054B420953F82220E0
:10517000012300F01F0003FA00F01040704700BF49
:1051800000E100E040B2002801F10101ACBF00F1F4
:105190006040064B4FEA4111C9B2ABBF00F5614018
:1051A00000F00F0080F800131954704714ED00E070
:1051B00030BFFFF7FDBF00BF144A08B5144B22F003
:1051C0007F029A60BFF34F8FBFF36F8FD3F88820B1
:1051D00022F47002C3F88820D3F8882042F4A00299
:1051E000C3F888204FF04042C3F83422BFF34F8FFA
:1051F000BFF36F8F0023E1EE103A0AF013F90BF0C2
:1052000015F900F0C9FB0AF04DF900BF00000000DD
:1052100000ED00E0094A0A49936809689867D96770
:1052200008494B6843F080534B60002383F3118897
:10523000BFF36F8F9368D86F704700BF1869002065
:10524000C8F7010000ED00E022498A6882F8C1E059
:105250004FF030001044EFF3098C80E8F01F1EF08F
:10526000100F03D102F1800080EC108A202080F31F
:105270001288BFF36F8F184F4FF000660A6A8A607A
:105280003E6092F9C1E0906F0023936780F311882C
:105290001EF0100F03D00023E1EE103A03E002F1FC
:1052A000800090EC108AEFF3148323F0040383F35F
:1052B0001488BFF36F8F02F1300090E8F01F8CF379
:1052C000098802F1000004B512F068FABDE8044054
:1052D000704700001869002004ED00E01EF0040F84
:1052E0000CBFEFF30880EFF30980816911F8021C0D
:1052F0000229FFD001B512F042FA01BD42F8203C6C
:10530000009B0D4942F81C3C019B21F0010142F831
:10531000183C029B42F8081C42F8143C4FF0807382
:1053200042F8043C002383674FF47D43203A026532
:10533000C0F8C030704700BF676501000023E1EE90
:10534000103AEFF3148323F0040383F31488BFF3BC
:105350006F8FBFF36F8F094B9860836E83F30B8859
:10536000104681F30988002163B681F31188BFF3E9
:105370006F8F0022002311F0F6F800BF186900209B
:1053800001B572B60B4AD06900281EBF0021D16159
:1053900015F0C4FC62B6EFF30580A0F110004FEAEF
:1053A000C0000549014409C99847BDE801400349C7
:1053B000084700001869002080EF0100C153000079
:1053C000044B9968186A884203D003494FF0805211
:1053D0000A6070471869002004ED00E0F0B5002471
:1053E000414B85B00293074623460E4601222046D4
:1053F000CDE900443D4912F0D5F93D4B9B6ADD06ED
:105400006FD53C4B2046CDE9014301222346374965
:10541000009412F0C7F91120354B9B6A1C070AD57E
:10542000354B01220293002330491846CDE9003361
:1054300012F0B8F912202E4DAB6A99071FD500243F
:105440002E4B0122029320462346CDE900442749F2
:1054500012F0A8F96B6BAA6A12060FD50393284BBA
:105460000122CDE90143204623462049009412F051
:1054700099F91FB1AB6A23F08003AB6213201C4B78
:105480009B6ADD070AD51F4B0122029300231749AF
:105490001846CDE9003312F085F91420144B9B6AAD
:1054A0009C060AD5184B0122029300230F49184687
:1054B000CDE9003312F076F915200D4B9A6AD1062A
:1054C00058BF9A6A9A6A920642BF5A6A22F40052F8
:1054D0005A629A6A42F0FF029A620023337005B062
:1054E000F0BD102098E700BFD80A02003CF301008D
:1054F00000ED00E0EE0A0200210B0200340B020076
:105500004C0B0200620B0200810B0200F0B500247C
:10551000434B85B00293074623460E4601222046A0
:10552000CDE900443F4912F03DF93F4B9B6ADB0453
:1055300065D53E4B2046CDE901430122234639493A
:10554000009412F02FF91720374B9B6A1D050AD5DE
:10555000374B01220293002332491846CDE900332C
:1055600012F020F91820304DAB6A9C051FD500249D
:10557000304B012220460293CDE9004423462949BD
:1055800012F010F9AB6BAA6A10040FD503932A4BE3
:105590000122CDE90143204623462249009412F01E
:1055A00001F91FB1AB6A23F40043AB6219201E4B13
:1055B0009B6A59050AD5214B012202930023194900
:1055C0001846CDE9003312F0EDF81A20164A936A16
:1055D00013F4807315D01A4B012202930023114952
:1055E0001846CDE9003312F0DDF81B200E4A936A0D
:1055F00043F47F4393620023337005B0F0BD16205F
:10560000A2E7926A9204F1D50E4A1846CDE901321A
:1056100004490122009312F0C5F81C20E6E700BF00
:10562000B00B02003CF3010000ED00E0C60B0200ED
:10563000210B0200D70B0200F00B0200050C020048
:10564000200C0200810B02001FB500243E4B3F4995
:105650000293012223462046CDE9004412F0A2F82D
:105660003B4B9B6A99016DD53A4B2046CDE90143EE
:10567000012223463549009412F094F81E20344B41
:105680009B6ADA010AD5344B0122029300232F4989
:105690001846CDE9003312F085F81F202C4B9B6A89
:1056A000DB020AD52D4B012202930023274918461D
:1056B000CDE9003312F076F80220254B9B6A1C03DB
:1056C0000AD5274B01220293002320491846CDE931
:1056D000003312F067F821201D4B9B6A59030AD54D
:1056E000204B01220293002318491846CDE90033CC
:1056F00012F058F82220164B9B6A9A030AD51A4BCF
:1057000001220293002311491846CDE9003312F01B
:1057100049F823200E4B9B6ADB030AD5134B012269
:105720000293002309491846CDE9003312F03AF8F4
:105730002420074A936A6FEA03436FEA1343936294
:1057400004B010BD1D209AE7380C02003CF30100A4
:1057500000ED00E0500C0200630C02007D0C020022
:10576000A70C0200C50C0200EA0C0200040D0200A6
:105770002DE9F041714B06465F68A2B00023C7F3E4
:10578000080483F31188BFF36F8F02F07F40B0F1FC
:105790007F4F0CD102F00C00082819D1684A184636
:1057A000CDE9013267490122009311F0FBFF00258A
:1057B0002E464FF00008E31E8DF81F80092B00F2E3
:1057C000A480DFE803F00B989C94A2A2A2A2A2A05E
:1057D000120746BF0E461D460125EAE75A4B012235
:1057E000CDE90183002357491846544FCDF8008076
:1057F00011F0D8FF8DF81F80FC6A14F0020405D068
:10580000524BCDE90183CDF8008006E0FB6A002B06
:105810000BDA4F4B0094CDE90143002301221846D7
:10582000484911F0BFFF002439E0FB6A5B00FAD55C
:10583000484B0122CDE901432046234641490094CB
:1058400011F0B0FF7B69B26943F480737B61BFF3F1
:105850004F8FBFF36F8F7B6932F8022C23F4807374
:105860007B61BFF34F8FBFF36F8F4DF602739A4288
:1058700008D0BB6ADBB263B301200DF11F01FFF753
:10588000ADFD36E0336820460393334B0094CDE9F9
:105890000143012223462B4911F084FF34689DF80F
:1058A0001F309BB96822314608A815F0F4FD0F9B04
:1058B000002D3ED0C3F3080222B96FEA53236FEAEA
:1058C00043230F93204608A9FFF798FB22B0BDE8B9
:1058D000F081BB6A13F47F4F05D001200DF11F0149
:1058E000FFF714FE05E0BB6AB3F5803F9BD3FFF7DB
:1058F000ABFE0446D3E700200DF11F01BFE70020F7
:105900000DF11F01ECE7154B7BE7154A17F4F87F03
:10591000144B18BF1346103CCDE90334124B01223F
:105920000293002307491846CDE9003311F03AFFEE
:1059300079E723F4FF7323F00103C2E700ED00E0F1
:105940005D0D02003CF30100880D02009F0D020076
:10595000C00D0200CE0D0200ED0D0200090E020086
:10596000440D02002F0D02002D0E0200044B5A6957
:1059700042F010025A615A6942F480625A617047DB
:1059800000ED00E0EFF30880EFF3098101B5724606
:10599000FFF7EEFE01BD00BF002320210348C2181F
:1059A0000133452B82F80013F9D1704700E100E084
:1059B000002080F31488BFF36F8F002080F30A88E3
:1059C00080F30B88FCF7CEFE002011490860BFF37E
:1059D0004F8F104880F3088800F044F8202080F3AF
:1059E00011880D484FF0AA014FF4006215F0C4F879
:1059F00009484FF40061401880F30988EFF31480E0
:105A00000221084380F31488BFF36F8FFFF7D4FBA4
:105A100094ED00E000E70020C0D30020BFF34F8FDB
:105A20000549064BCA6802F4E0621343CB60BFF33A
:105A30004F8F00BFFDE700BF00ED00E00400FA0556
:105A4000002318460649D1F89020C2F3072293425A
:105A500000DB7047C1F89830C1F8A0000133F6E7C9
:105A600000ED00E010B572B6002484F31388FFF750
:105A7000E7FF23464FF0FF300C4A03F120010133CA
:105A8000102B42F82100F8D100234FF0FF30074AD5
:105A900003F160010133102B42F82100F8D162B606
:105AA000BFF34F8FBFF36F8F10BD00BF00E100E069
:105AB000084B9B6883420BD1EFF3058343B1064B40
:105AC0005A6842F080525A605A6A22F400425A627E
:105AD0000AF03ABC1869002000ED00E01FB5094C3F
:105AE000094A23460121094800F018F900230393CD
:105AF000074B0121E41A01A80193029400F018F960
:105B000004B010BD00000720000000202CF50100AB
:105B1000E007002010B50C7A0B6804F01F0223F098
:105B20001F031A43CB68640923F01F03054943EAA6
:105B3000440343F00103C1F89800C1F89C20C1F868
:105B4000A03010BD00ED00E007281FB504460FD9B6
:105B5000094B03900293002301221846CDE900333C
:105B6000064911F038FE6FF01504204604B010BD50
:105B7000FFF7D0FFF9E700BF440E02008CF20100EE
:105B80002DE9F04F8946144606464FF00008544D63
:105B900089B0C8452DDAD6F804A0BAF1000F4AD072
:105BA000BAF11F0F17D91AF01F0F14D1D6F800B091
:105BB0001BF01F0F0FD1584611F004FE07460AEBE9
:105BC0000B00013811F0FEFD874216D06FF015076B
:105BD000444B039702E0444BCDF80C800293002322
:105BE00001221846CDE90033404911F0F4FD6FF071
:105BF0001504204609B0BDE8F08F17F1160FE7D065
:105C0000BC42E5DDC5F89870D5F89C10C5F89870D1
:105C1000D5F8A03021F01F0143F01F0BD6E9003268
:105C20001A44994202F1FF3A1DD1D34507D13146BA
:105C3000F8B211F0E0FD08F101080C36A9E7314691
:105C4000C5F89870D5F89C3022F01F0203F01F03AE
:105C50001343C5F89C30E0B211F0CDFD10F1160FE2
:105C6000C5D0441CE7E7C5F89870D5F8A020013BE3
:105C700023F01F0302F01F021343D3453146E0B265
:105C8000C5F8A030E8D011F0B6FD10F1160FAED077
:105C9000C5F89870D5F89C209DF818300BF1FF3BA3
:105CA00062F304038DF81830D5F8A0309DF8182061
:105CB0005B0863F347128DF81820D6E900321344CD
:105CC000049323F01F035B44A3EB0A03013023F08A
:105CD0001F0304A9C0B20793FFF736FFBEE700BF5A
:105CE00000ED00E08D0E02006A0E02008CF2010051
:105CF0000522044BC3F89420BFF34F8FBFF36F8F7F
:105D0000704700BF00ED00E0BFF35F8F0022024B41
:105D1000C3F89420704700BF00ED00E010B5034CBD
:105D20002278FFF72DFF207010BD00BF5E740020A9
:105D30002DE9F74F294D8A4606464FF00008AB463D
:105D4000274FD0451BDAD6F80490B9F1000F3FD0A9
:105D500031680846019111F035FD0199044609EBBF
:105D60000100013811F02EFD84424FF014021D4B4A
:105D700008D002FB08F36FF015024BF8032003B0C4
:105D8000BDE8F08F14F1160F2C60F8D01978A142FD
:105D9000F5DD02FB08B0C7F89840C7F89840D7F87F
:105DA0009C4000F10801007B64F304000871D7F8FF
:105DB000A0000C79400860F347140C71D7F89C10D0
:105DC00021F01F016960D7F8A01021F01F0129619F
:105DD00008F1010814350C36B3E700BF0C3700207A
:105DE00000ED00E05E74002038B50E4D2C68082CE4
:105DF00015D80020FFF788FF0B4B0C4AC3F8C020D2
:105E0000844205D10A4B00201C70FFF771FF38BD9A
:105E1000696801EB0011FFF77DFE0130F0E74FF0FC
:105E2000FF30F4E738F5010000ED00E0AAFF440080
:105E30005E740020014B1860704700BF64010020B1
:105E4000F8B506460D460024064FAC4208DA3B681A
:105E500098470A28305504F1010401D00D28F4D1E7
:105E60002046F8BD60010020F8B50D46094F461EDA
:105E7000C0F10104A3199D4201DC2846F8BD7378E6
:105E80000A2B02D10D203B6898473B6816F8010F9A
:105E90009847EFE76401002008B505210148FFF7A6
:105EA000E3FFFEE7B00E020010B5074C2368C218EE
:105EB0000648C0F1005101F5E0218A4236BF226058
:105EC0004FF0FF30C01810BD20370020F033012004
:105ED00008B51D210448FFF7C7FF404080F3118833
:105EE0004FF0030002DF00BFB60E02001022044B89
:105EF0000020C3F840244FF05023C3F81406704725
:105F00000030005007B5042207480DEB02018368FA
:105F10001B689847002802DA13F0AFFB0190019844
:105F200003B05DF804FB00BFC0EE01003021827AAF
:105F3000064B01FB0233DA6A93F82230801A1B33D6
:105F400023F00303B0FBF3F0704700BF44060020CA
:105F500038B53024827A094B04FB02339B6A0C6803
:105F60005B681A68944294BF0C600A60D3E90054DD
:105F7000FFF7DCFF05FB004038BD00BF44060020F2
:105F80002DE9F74F0546019110461946914698466E
:105F900017461E4615F09AF982468B464FF02003AD
:105FA000EFF3118183F31288BFF36F8F2B8C002BDB
:105FB0005BD0EA8B9A423DD900910022002328460B
:105FC00009F0C8FC00990446002833D081F31188F9
:105FD000BFF36F8F019B002B58D058EA09030FD0F5
:105FE000B8F1FF3F08BFB9F1FF3F09D00AF05EFBEF
:105FF000BAEB00076BEB0106002EBCBF00273E4644
:106000003022A37A274D204602FB03539B6A3A466F
:106010001B6801A9D3F800803346C047606100289F
:1060200035D1A07A214600EB400005EB001014F0BA
:1060300016FF26E0288C431E2B8481F31188BFF3C2
:106040006F8F95F82230EA8BEC6A1B3323F0030341
:10605000121A02FB0344134B134AEB1A1B1153434E
:10606000A37295F82230E372B4E781F31188BFF38D
:106070006F8F4A464346284609F06CFC04460028C8
:10608000A8D10024204603B0BDE8F08F636100234F
:106090000122636022812382019A63696282E36044
:1060A000F0E700BF44060020ABAAAAAA2DE9F04100
:1060B000044600263027164D0CB9BDE8F081237A3E
:1060C000D4F80480013BDBB22372002BF5D1616967
:1060D00059B1637ADB0707D4A37A204607FB035341
:1060E0009B6A1B689B6898476661A07AE66007FB1D
:1060F000005366605B6A1BB1204698474446DBE765
:1061000000EB4000214605EB001014F0A8FEF5E777
:1061100044060020034B08461B681A79196815F0DD
:10612000BAB900BF2437002008B5034800F0AAF927
:1061300008B10368986808BDC80600202DE9FF4132
:10614000036802AE9C681D4B054693E8030004F10A
:10615000380886E8030004F59C77404614F0EDFD0E
:106160003846174914F008FF2B68164A10332046AA
:10617000136011F013FC0021084613F094FA16F096
:1061800037FEC4E9000504F057FF54F8500B0E49E0
:106190000BF058FA404611F0F0FB6FF007034FF494
:1061A000C35220460949009609F0D0FC39462046E2
:1061B00014F00FFF04B0BDE8F08100BFC8F3010088
:1061C000AB79010024370020F578010040A90020B8
:1061D00002460B46014809F007BB00BF1805002026
:1061E000014809F07BBB00BF1805002038B54FF00F
:1061F000FF3105464FF0FF30FFF7EAFF1B4B1B68EE
:1062000073B11A684FF0FF344FF47A7053B9631CBE
:106210001AD1174814F000FFBDE83840FFF7E0BF7F
:106220001A46EFE7D9691B8C491B00FB0313002BAF
:1062300009DD9C4228BF1C461AB1116813460A4664
:10624000E4E71146FAE700244FF4004540F2E73056
:1062500000214FF47A720023E4FB0501F9F77CFF7B
:1062600002460B46024809F03FFDD5E754390020AD
:10627000E00C00202DE9F84F11F02EFD4FF0FF311A
:1062800080464FF0FF30FFF7A3FF234B1C68002C24
:106290003DD054F8145905B1143D4FF0FF364FF07E
:1062A000020BDFF874A001E02C461D4604F114092E
:1062B0004146484611F005FF074680B94946504619
:1062C00084F825B011F0A5FC3A463946484611F04D
:1062D000D9FE4DB16B69002BE6D0143BE4E7864252
:1062E00028BF0646AC42F4D1731C10D04FF40044D2
:1062F00040F2E73000214FF47A720023E6FB0401FC
:10630000F9F72AFF02460B46044809F0EDFCBDE808
:10631000F84FFFF765BF00BF4C390020B00C0020DC
:106320002DE9F04F054600283FD0061D00204FF014
:10633000280E0746DFF89C80DFF89C900EFB075381
:106340005B6A08EA03034B452AD136F8043C022B6A
:1063500026D148F2FE0334889C4221D0002301F16B
:10636000FF3B06F1FF3A1BF8014F1AF801CF6445D5
:106370001DD10833DBB2802BF5D114789C420FD8A5
:106380000EFB075494F82640640707D53F2B05D829
:106390000C78FF2C04D14C78032C01D130461370BB
:1063A0000137062F06F12806C8D1BDE8F08F84EA30
:1063B0000C0414F0800FE0D103F1080C5FFA8CFCA0
:1063C0000133DBB264009C45E4B2D6D014F0800FF8
:1063D000F6D0D2E700FF020000010200F8B511F08C
:1063E0007BFC4FF0FF3106464FF0FF30FFF7F0FE29
:1063F0001A490B682BB100224FF47A7E17461C68AD
:1064000033B93046FFF7F2FEBDE8F840FFF7E8BECB
:10641000DD69188CAD1B0EFB0055002D9C460EDC73
:10642000186892B94D680860AB4200D14860944644
:1064300093F822001F6067F3000083F8220054B134
:106440002068234662460446DAE7106048688342C3
:1064500008BF4A60EBE72046F3E700BF543900204D
:10646000002808DD431E054800EBC300044B98429A
:1064700028BF002070470020704700BFA4060020FE
:10648000AC060020024608B50649074B8B4202D3F2
:106490000023184608BD184611F0D6FB8242F8D0FA
:1064A0000833F3E7AC060020A406002038B5044604
:1064B0000D464FF0FF304FF0FF31FFF789FE072107
:1064C000204611F026FCA0B1636853B105B12B60E2
:1064D0000024FFF785FE204638BD6360C3F81042F4
:1064E000F4E7054BD3F81022002AF6D06FF002042F
:1064F000EFE76FF08504ECE7303700202DE9F84F27
:1065000081460F464FF0FF304FF0FF31FFF760FE3E
:106510004FF0280B164DDFF85CA0554501D3002441
:1065200019E06C680CB3002604F104080BFB064369
:1065300093F826309B0713D538F8043C022B0FD173
:1065400080224146484611F09DFB48B107B13D60AD
:10655000282303FB0644FFF743FE2046BDE8F88FDF
:106560000136062E08F12808E0D10835D5E700BF2E
:10657000A4060020AC0600202DE9F04F80460C4612
:106580004FF0FF304FF0FF3185B0FFF721FED8F814
:10659000047037B90025FFF723FE284605B0BDE893
:1065A000F08F0026282307F1040A03FB06F907EB06
:1065B000090292F826B01BF0020F3FD02146504648
:1065C00011F082FB28230546C0B31BF0010F0DD14B
:1065D00009F11401DFF874903944484611F019FBB1
:1065E000D9F8003013B9184814F016FD282303FB1E
:1065F000067393F826206FF3410283F8262040F2B9
:10660000FF2300930023ADF80430ADF80630ADF859
:1066100008304FF48073ADF80A30FF238DF80C304A
:10662000637BE27B8DF80D30A37B43EA0223ADF858
:106630000E306946404611F0F3FBACE70136062EFA
:106640000AF1280AB1D1A5E7B00C00204C3900208E
:10665000F7B511F041FB4FF0FF3107464FF0FF3027
:10666000FFF7B6FD224B1C680CB325684FF0FF36D0
:1066700024B33946204611F024FDD0B994F82530D2
:1066800001A960F3410384F82530206AFFF70EFF6B
:10669000002807DB94F824300199206A04F11002E5
:1066A00011F0EFFB15B32B682C461D46E0E725469D
:1066B000DCE7864228BF0646AC42F3D1731C10D0FB
:1066C0004FF4004440F2E73000214FF47A72002387
:1066D000E6FB0401F9F740FD02460B46054809F0C8
:1066E00003FB03B0BDE8F040FFF77ABD2B46DBE7C4
:1066F00044390020800C00202DE9F84F82460E46D8
:106700004FF0FF304FF0FF31FFF762FD4FF0180BF5
:106710001E4CDFF87C904C4535D26EB133685BB1CE
:10672000A3422DD165684DB908344C45F6D3FFF727
:1067300057FD2846BDE8F88F6568FDB1002705F1D3
:10674000F4080BFB075393F80431DB0711D538F835
:10675000043C022B0DD180224146504611F092FAA2
:1067600038B106B13460182303FB075303F1F00579
:10677000DDE70137082F08F11808E2D10834CAE72D
:1067800008344C45CAD30025D1E700BFA406002039
:10679000AC0600200023F7B50D4604464FF0FF314C
:1067A0004FF0FF308DF80730FFF712FD48F2FE037F
:1067B0002A889A4223D02B78FF2B02D16B78022BA8
:1067C0001DD0CCB1294660680DF10702FFF7A8FD86
:1067D00004460BE0706829460DF10702FFF7A0FDA3
:1067E000002818BF04460836BE42F3D3BCB1FFF7F9
:1067F000F7FC204603B0F0BD0C4E0D4FF4E794B10A
:106800000121204611F076FBE2E70121284611F034
:1068100071FB04460028EAD10835B542F5D300F0F3
:10682000E7F80446E3E7014D014EF6E7A406002031
:10683000AC060020F8B505460E464FF0FF304FF08D
:10684000FF311746FFF7C4FC0A4B1B680BB11C68ED
:106850001BB9BDE8F840FFF7C3BC3A4631462846AD
:106860005B6898471CB1226823461446F0E722462D
:10687000FAE700BF283700200023F0B585B00546B1
:106880000C46CDE90033A9B31D4B1B68A3B1496C7D
:1068900094F8486081B1062E0ED80DF10A0318460F
:1068A00032468DF8096014F0F6FD94F849300090F6
:1068B0008DF804608DF8053009212846676911F0CC
:1068C00028FAC8B1284611F0BFF921464368284686
:1068D0009847061E02DA204611F019FE1FB1314614
:1068E000384611F0B6F9009B23B132466946284676
:1068F000FFF7A0FF05B0F0BD6FF07206EBE700BF39
:1069000028370020F8B5244C4FF0FF304FF0FF310E
:10691000FFF75EFC274612F0ACF8204EB44228D3B5
:106920001F4B204ADB1BDB08964238BF0023E3B134
:106930001D491E4814F064FB1D491E4814F060FBFD
:1069400040231D4C84F80C3247F230532046C4F8E3
:10695000003211F0FEFA1949C4F80402184814F084
:106960004FFB0022174BC3E90022BDE8F840FFF7B8
:1069700037BC206803689D685DB12B684BB1072167
:1069800011F0D0F90921206811F017FA20462B6880
:1069900098470834C2E700BFA4060020AC060020D8
:1069A000B30600209D06002075620000B00C002098
:1069B00051660000800C002030370020DD630000AD
:1069C000E00C00205439002038B5074C074DAC428C
:1069D00000D338BD0321204611F09BF910B92046A1
:1069E00011F029FB0834F2E7A4060020AC060020D1
:1069F000004870476CF501004FF0FF32012101485B
:106A000014F037BA5C3900200146014811F064BD2A
:106A10007406002073B5054616461C4614F071F93D
:106A200008B10026344601A932462346284608F01C
:106A3000CFFD0146A8B9019C6822204614F065FDEF
:106A4000FF22012384F85720074A20469542A3637A
:106A5000656008BF84F8643011F0A9FD204602B0DB
:106A600070BD0024FAE700BF9004002002460B46E8
:106A70000148FFF7CFBF00BF900400202DE9F74F7A
:106A800007468A46DDE90C01164605460C4614F019
:106A90001DFC80468946BAF1000F05D126B997F84A
:106AA0004F305B0900F08F8014F02BF908B10025FE
:106AB0002C46384611F04FFD97F84F20002853D14F
:106AC000530953D0022B0CBF28230023112E45D18C
:106AD0000833BE69534452090EB131680E8B022A45
:106AE00046D1B6F5A06F38BF4FF4A066361A9E4265
:106AF00028BF1E467A68384B38483949824214BF4D
:106B00008A469A4655EA04030FD0B4F1FF3F08BF06
:106B1000B5F1FF3F09D009F0C9FDB8EB000569EBFD
:106B20000104002CBCBF00252C462846214614F049
:106B3000CDFB002381468B46984601932A46234687
:106B4000504610F0A8FE0199034698B9B8F1000F1D
:106B50003DD16FF00B0003B0BDE8F08F012E01D0E6
:106B60003A2EB6D10433B4E70023B2E70346B0E7C8
:106B70001E46BBE7B8F1000F00D131B34B605A8A13
:106B8000B24288BF5E825A8AB61A55EA040211D010
:106B9000B4F1FF3F08BFB5F1FF3F0BD0019309F0FF
:106BA00085FDB9EB00056BEB0104012D74F10002CA
:106BB000019B01DB002EC0D1B8F1000FC9D04146C6
:106BC000384611F00AFD0020C5E78046D7E7404669
:106BD000FFF76CFABDE700BF7406002090040020A8
:106BE0004406002030B585B00093DDE90845134622
:106BF000CDE902450A460146024811F0FFFC05B006
:106C000030BD00BF9004002030B585B00093DDE9B1
:106C100008451346CDE902450A460146024811F0EF
:106C2000EDFC05B030BD00BF70040020034BC0EB8D
:106C3000001003EB001014F007B900BF100D002086
:106C4000082828BF0020014B185C70479A0F0200EB
:106C500010B588B00F4C204614F0E9F84FF0FF3221
:106C60004FF0FF33CDE9062300230B49CDE9032381
:106C7000CDE901334FF4BC62084B009404F12000CD
:106C800008F00EFD20B108B0BDE8104014F044B883
:106C900008B010BD100D0020A0C10020538A0100D3
:106CA0002DE9F04F994690F84F3089B05B09049375
:106CB000013B012B05468846069200F2B58013463B
:106CC000112A15BF4FF0000AD9F80030CDF814A0F2
:106CD0001A8804BF0592B3F802A0049B022B32D19C
:106CE000086800210830FFF709FCD8F80040064684
:106CF000102204F1180104F1080014F0BCFB00B1EB
:106D00001EB1059B9A4500F08F80237EA3F1FF0CF6
:106D1000DCF1000343EB0C034FF0000B03934B4BF0
:106D20005E461C684FF0FF33079374B9039B002B3A
:106D30006ED0BBF1000F79D0284611F0E8FB204659
:106D400009B0BDE8F08F0023E6E7A36B002B36D136
:106D500094F84230002B3FD1B4F84030069A934269
:106D600038D1E38813B1059A934233D1E38B0BB149
:106D700053452FD194F84370B80706D501234146F7
:106D80002846221D11F086FE20B3790707D500237F
:106D90004146284604F11C0211F07CFED0B11EB120
:106DA00096F843301A0715D4079B07F07807BB42C3
:106DB00010DA039BA3B93BB2264607930AE0B3F867
:106DC00070201705C4D5AF6993F97200FFF748FB2F
:106DD0008742BDD02468A8E7049A9A42BCD0F9E75C
:106DE00040F6CD420023284611F0D9FD8346D8B1A4
:106DF000E36B0146009342464B462046676BB8471B
:106E0000022802D1584611F082FBDDF80CB0E1E710
:106E100076B995F84F305B09022B05D13346042231
:106E200001212846FAF714FD022089E7002EFBD045
:106E3000F36B4246009329464B463046746BA0479D
:106E4000831E5842584140007AE700BF7439002041
:106E500000230B4A10B5C2E900330A4A184611460E
:106E600014460133042B086002F1440202D00846A4
:106E70001146F6E7044B054AC3E9002410BD00BFE4
:106E800074390020843900207C390020503A0020D9
:106E9000034B1A6802605A68186002B9586070475C
:106EA000943A00200022042373B50E466946054635
:106EB000CDE9002311F0AAFD044610B9022002B06A
:106EC00070BDA86911F0B5F8B8B92846019911F05C
:106ED000D4FB0D4B1B68002BF0D0197A227891421D
:106EE000F8D15A7A6178914201D0002AF2D1224633
:106EF000314628465B689847E1E73A21284611F079
:106F00008CF90028E1D0D9E7943A00200148FFF736
:106F1000BFBF00BF680100202DE9F04F28230026E5
:106F20008DB0CDE9066308AB0A9308230446884672
:106F30000B93836903938368002B40F0A68020465F
:106F400006A911F063FD0546002800F0C38087887C
:106F50007FBABFB22837B74200F3BC8003DA3946A4
:106F6000204611F096FCAB683BB9EB682BB92B6956
:106F70001BB96B69002B00F0AD802B7AFF2B00F062
:106F8000A980297E05F11806FF2903D16B7E002B0D
:106F900000F0A080B8F1000F7BD06B782A781B0935
:106FA00043EA0213DAB2C3F3850343EA821384F897
:106FB0005830AB79002184F857302823022284F816
:106FC0004E30A368A4F85210DB68DB7984F85130A6
:106FD00094F84F3062F3471384F84F302B7EFF2B29
:106FE00007D03046FFF78AFA002873D02B7EFF2B9C
:106FF00002D16B7E012B79D12046079911F03DFB20
:1070000095F80690B9F12C0F00F0848066D8B9F19C
:10701000000F00F08180A9F12B08D8F1000646EBA3
:107020000806B6004FF006084FF0000AB9F13A0F13
:10703000A4F8548000F0FE80B9F1110F00F0FA803E
:10704000B9F1060F00F0F680B9F13B0F42D02046AF
:1070500011F02FFC012280460DF10B01204611F0AA
:10706000BEFBB8BB9DF80B302C2B00F0AD8055D883
:107070002BB12B2B03D0112B56D0062B54D02046EE
:1070800011F017FC0122431ECFE01A8A5B681644F8
:1070900052E7304611F0BAFDE0B905F1080011F0F1
:1070A000B5FDB8B9FF2902D16B7E012B12D0FFF7D5
:1070B0009FFC0146304611F0BAFD00283FF46DAF49
:1070C0002B7EFF2B7FF469AF6B7E052B02D0082B44
:1070D0007FF463AF02200DB0BDE8F08FA9F13C0C46
:1070E000DCF1000646EB0C0676009BE7022B06D18E
:1070F00030465F4911F09BFD00287FF47DAF30469C
:1071000003A9FFF7F9FA0028E4D0037D98073FF5BB
:1071100073AFDFE7082685E7012683E73C2B59D1CB
:10712000B1074BD446F00206B9F1000F02D0B9F115
:107130003C0FA4D100230122204605A91FFA87FB9A
:107140008DF8143011F04BFB0028C3D19DF814309A
:107150000133BBEBC30F4FEAC309BBD34FF0020BA4
:10716000A9F103030193204611F0A3FB0122009033
:1071700004A9204611F033FB0028ABD19DF8102064
:1071800072BB9DF810209AB3012A9DF8141034D0D8
:10719000019B8B429EDD02F0C002802A43D0C02AB0
:1071A0003DD0002A96D1204611F067FA002891D1EF
:1071B0009DF8142002320BEB02031BE072063FF530
:1071C0005EAF46F04006AFE733073FF558AF46F0F5
:1071D0000806A9E7A3F13B02012AA5D93A2B4DE7FE
:1071E0000122204605A911F0FAFA0028C9D071E75A
:1071F0000BF101031FFA83FB07E08A1C0BEB020370
:1072000020461FFA83FB11F038FAD945ABD8D14498
:107210001FFA89FA5FFA88F89DF80B9006E72B7E33
:10722000FF2B3FF457AF0222009B04212046FAF7C0
:107230000FFB4FE7B9F1110FA4F852A008D0B9F134
:107240003A0F7FF447AF29462046FFF72BFE42E76F
:1072500020460AA911F0D3FD049000283FF43AAF6C
:107260004A46204604AB05A90595FFF719FD32E70C
:107270009CF50100020600F07F0312D5082B05D112
:10728000010700F00F0306D50E48704710F0780F85
:1072900012D100F00F034C2000EB43100A4B1844AE
:1072A0007047082B05D1020700F00F0306D50748E9
:1072B000704710F0780FF6D000207047044800EBBC
:1072C00043107047E83B00209C3A0020083D002016
:1072D000083C00200149024813F07BBEC43A00205C
:1072E000000E00200146014813F0AEBD2806002024
:1072F00000220023014808F02DBB00BF2806002013
:1073000010B5054CFFF7F4FF20B1011D204613F026
:10731000CFFCF7E710BD00BF5004002010B586B0C9
:1073200000220023184805A908F052F940B30024B0
:10733000164B0122204616490293CDE9004423460C
:1073400011F0A1FDFFF7DCFF002200230E4805A984
:1073500008F03EF958B10F4B0122CDE90143204618
:1073600023460B49009411F08EFD00200AE004230F
:10737000059840600374FFF7B5FFFFF7ABFFF4E734
:107380000598406006B010BD50040020D60F0200E2
:107390009CF30100F40F020002281FB512D8104B15
:1073A0001C5CFFF7BBFFC0B1002204720274FFF740
:1073B00099FF0C4B93F824307BB104B0BDE810402A
:1073C000FFF788BF084B0390029300230122184661
:1073D000CDE90033054911F056FD04B010BD00BFE2
:1073E000E71102009C3A0020101002009CF30100FB
:1073F000F0B58778064687B03846FFF73BFF3B0677
:107400000546F47822D57CB1032C0BD02A4B0122FF
:1074100002930023CDE903471846CDE900332749FD
:1074200011F031FD07B0F0BDFFF778FF03460028EB
:10743000F8D00122AC770274032202739D60FFF73B
:1074400051FF07B0BDE8F040FFF744BF54B1012C35
:10745000DCD1FFF763FF03460028E3D06C770474A8
:107460000473EBE7FFF75AFF0028DBD0B278144B28
:1074700012F0800F02F0080111D041B1D3F8A83604
:10748000EB6001230374022385600373D7E71421A3
:1074900002F00F0201FB0233D3F80836F0E711B116
:1074A000D3F8A837ECE7142102F00F0201FB0233F6
:1074B000D3F80837E4E700BF2B1002009CF301006B
:1074C0000060035013B5002201213720FDF75AFE5A
:1074D0003720FDF727FE124806F010FC114B9842AA
:1074E0001AD10024104805F047FE104807F09EF816
:1074F0004FF0FF334FF480620D490E48009408F0BE
:1075000025FB0D490B4813F002FC0C480C4913F005
:1075100033FD204602B010BD6FF00400FAE700BF53
:107520007D7500000000AD0BEA110200ACF5010012
:1075300080C70020000E002057100200C43A00202F
:1075400049770000002310B50B49D1E8EF2F012A3D
:1075500003D1C1E8E03F0028F7D10CD151F8044C29
:10756000143920460FF0B1FB783004D12046BDE835
:1075700010400FF085BB10BDBC3A00202DE9F04152
:1075800006468EB01422002109A813F0BEFF3378FE
:10759000013B052B21D8DFE803F09703141487166D
:1075A000032300248DF82C30FFF7B8FE0346A0B16A
:1075B00000F108020474DDE90B0182E803001846BB
:1075C0002BE00423EDE7B7783846FFF753FE837AC4
:1075D00005462BB1013B022B60D90EB0BDE8F0810E
:1075E0003A06F47820D56CB1032CF6D0374A184609
:1075F000CDE90132CDE9034701223549009311F06D
:1076000042FCEAE7FFF78AFE03460028E5D00122A4
:10761000AC770274032202739D60FFF763FE0EB025
:10762000BDE8F041FFF756BE54B1012CDED1FFF7A3
:1076300075FE03460028D0D06C7704740473EBE722
:10764000FFF76CFE07460028C7D04FF00108022361
:1076500080F8108003738560B07805F10C0112F09A
:107660006BFC50B11B4B0390CDE9014342462346CE
:1076700020461749009411F006FC174AE968B2F851
:107680008C328B4206D95B1AA2F88C3206F068FD68
:107690003846C2E70023A2F88C32F9E730460EB034
:1076A000BDE8F041FFF7A4BE07A806F037FD9DF83E
:1076B0001D30052B04D19DF81C3013F0600F8CD0C9
:1076C000064B01240B936FE702246DE72B10020099
:1076D0009CF30100621002009C3A0020083C00204C
:1076E00038B5002464F07F00C0B2FFF7C3FD013459
:1076F00011F0B6FB082CF5D100240E4DE0B2FFF7D7
:10770000B9FD036903B90561013411F0A9FB082C27
:1077100005F14005F2D1084811F0A2FB074BD3F860
:107720007C2212B9064AC3F87C22064811F098FB65
:10773000002038BD2C410020E83B00209C3A00206E
:107740002C3D0020083D00202DE9F0430746A64CC3
:10775000DFF8989289B0FFF7CBFD064610B909B063
:10776000BDE8F08394F82520337C06F104083AB98B
:10777000002B00F0A48041469C4813F099FAEAE7F8
:10778000042B00F28481DFE813F09A000500180151
:107790004301680117F8043C5BB9B2681846527A95
:1077A00093490392934A0093CDE90132012211F0EB
:1077B0006AFB337BB568032B37D8DFE803F0023D63
:1077C000686D00226E698C4B32607260D3F8801451
:1077D0003170D3F884147170D3F88814D3F88C0402
:1077E00041EA00217180D3F89014D3F8940441EA5F
:1077F0000021B180D3F89814D3F89C3441EA0323D4
:10780000F3800823EB60306871687C4B03C311463A
:107810002B68687A984796F90030002B08DBF388CC
:1078200033B1A4F88C3206F09BFC41464846A4E7ED
:107830000023A4F88C32F8E76B7F002BF5D02B7F68
:10784000002BF2D000264FF0FF324FF0FF336C4890
:107850006E772E7711F026FB6B6905A905936B688F
:10786000CDE90636687A06F08BFA664B98420AD064
:10787000654B0390CDE901630122334630465C49F4
:10788000009611F000FB5E4811F00EFBCDE70121E0
:107890002B68687A9847C8E7AB7A6BB9EB7F5BB91E
:1078A00057484FF0FF324FF0FF3311F0FBFA06F06C
:1078B0008BFC534811F0F8FA02212B68E9E7337A80
:1078C000042BB2D8DFE803F055031F636F0006F006
:1078D000DFF905460028A8D106F086F901234B49B7
:1078E000D1E8EF2F002A03D1C1E8E03F0028F7D10B
:1078F0009BD141F8085C41F8105CE0691439636180
:107900000FF066F991E7002565F07F00C0B2FFF740
:10791000B1FC037A13B1407A06F004FE0135082D5C
:10792000F2D194F854311BB194F8550106F0FAFDE8
:107930000025E8B2FFF79EFC037A13B1407A06F007
:10794000F1FD0135082DF4D194F874321BB194F88F
:10795000750206F0E7FD012006F07CF9012384F8AA
:1079600025302368002B3FF460AF002102209847A8
:107970005BE7002584F8255006F092FDFFF7E2FD55
:107980002368002B3FF451AF29460420EFE7002A7B
:107990003FF44BAF06F086F92368002B3FF445AF68
:1079A00000210520E3E72368002B3FF43EAF002AC7
:1079B0003FF43BAF00210620D9E707F110054FF057
:1079C000FF334FF0FF32284611F06CFAFFF788FEC4
:1079D000284611F069FA57F8283C002B3FF425AFF0
:1079E00000210120C3E700BF9C3A00205004002082
:1079F0009CF301008210020000600350A03A0020B6
:107A0000D43A00200000AD0BA8100200BC3A0020C0
:107A100094F8743283B1012584F8895284F888522D
:107A2000FFF77CFC034678B91F4A2049CDE90102E3
:107A300000902A4611F027FA57F8283C002B3FF413
:107A4000F4AE00210A2092E7194A0574057382609A
:107A5000FFF748FCFFF73EFCEEE7164B01220293CE
:107A6000002312491846CDE9003311F00CFA06F054
:107A7000C5FD06F015FD06F0ADF8FFF741FCFFF778
:107A80002FFE06F0B3FD0C4806F038F9CDE603935F
:107A90000A4B01220293002304491846CDE9003322
:107AA00011F0F1F9C1E600BFCE1002009CF3010015
:107AB000083D0020E21002007D750000F910020070
:107AC00038B5154D95F8244024BB05F1380013F066
:107AD00034F9022000F0AEFB22460121E861362095
:107AE000FDF750FB06F082FDFFF7FAFD044610B9E2
:107AF000012385F82430094B1B680BB1FFF7EAFB23
:107B0000074BD3F80034DB0702D50020FFF744FC15
:107B1000204638BD0024FBE79C3A002028060020C0
:107B200000700350074B93F824203AB193F82530A6
:107B3000002B14BF00206FF0120070476FF012008E
:107B4000704700BF9C3A00201FB5034602781B799E
:107B500002F00F0073B950B1104A02920122CDE930
:107B6000003318460E4911F08EF94FF0FF3005B082
:107B70005DF804FB082803D90A4B02930023EDE7C4
:107B8000012B08D112F0080305D1074A0093CDE973
:107B900001320222E5E70020E9E700BF11110200EF
:107BA0009CF30100301102004F11020030B5164B5A
:107BB000044693F8243085B013B305782846FFF7C0
:107BC00059FBA8B14572237983726388436020789A
:107BD000618810F008030FD14A1E0A420CD00B4AEC
:107BE0001846CDE901320A490122009311F04BF900
:107BF0006FF0150005B030BD12F099F90020F9E7DB
:107C00006FF01200F6E700BF9C3A002065110200F9
:107C10009CF3010030B5184B054693F8242085B03D
:107C20003AB393F8253023B3FFF724FB044618B981
:107C30006FF0150005B030BD827A012A0FD007D948
:107C4000023A012A07D900206369E060A361F1E7E5
:107C500006F0C2FAF7E7284606F032FAF3E7074BD8
:107C60000749029300231846CDE9003311F00BF9C0
:107C7000DEE76FF01200DDE79C3A00208D11020074
:107C80009CF3010038B50E4B054693F8242082B1D1
:107C900093F825306BB1FFF7EDFA68B115F00804E1
:107CA0000AD1284606F02EFA284606F08FFC204618
:107CB00038BD6FF01200FBE76FF01500F8E700BF6A
:107CC0009C3A002038B50C4B054693F824200C460E
:107CD00062B193F825304BB1FFF7CCFA48B144B10B
:107CE000284606F0F5F92070002038BD6FF012002C
:107CF000FBE76FF01500F8E79C3A002070B5134ED3
:107D0000044696F82430C3B1FFF7B4FA0546B8B17B
:107D1000230705D4204606F0F5F9204606F056FC68
:107D20002B7A83B901232B7296F825300BB90020EA
:107D300070BD204606F0F6FBF9E76FF01200F7E79A
:107D40006FF01500F4E76FF07700F1E79C3A002040
:107D50002DE9F043DFF81C811E4698F824300746D1
:107D60008946154689B0002B76D098F82530002B2F
:107D700072D003060FD5FFF77DFA044658B1037A97
:107D80007BB9374A1846CDE90132364901220397BB
:107D9000009311F078F86FF01504204609B0BDE8A3
:107DA000F0834FF0FF334FF0FF3208F1380011F04D
:107DB00079F8A37F33B108F1380011F075F86FF04E
:107DC0000A04EAE7A37A2DB3A3B301234FF0000816
:107DD000A377384605A9CDE90595CDF81C8005F0B7
:107DE000CFFF214B984233D084F81E800EB1C6F8E5
:107DF00000801E4B03900293002301221846CDE918
:107E00000033184911F03FF86FF00404184811F0DE
:107E10004BF8C2E7E27F02B1E577002BD5D106F03F
:107E2000E3F98742D1D006F0CFF9114811F03CF8C0
:107E30000024B2E7B8F80A30AB42F0D96268B5FB6B
:107E4000F2F302FB1353002BE9D10123E377E6E7BA
:107E500006B135600024D9E76FF012049DE700BF3A
:107E6000AF1102009CF301000000AD0BCE11020027
:107E7000D43A00209C3A00202DE9FF411D46294BB1
:107E8000174693F8242080460E46002A47D093F8E0
:107E90002530002B43D010F0800F01D129B927B134
:107EA0006FF0150004B0BDE8F0814046FFF7E2F93D
:107EB00004460028F4D0037A5BB91B4A1846CDE982
:107EC00001321A490122CDF80C80009310F0DBFF3B
:107ED000E6E74FF0FF334FF0FF32154810F0E2FFB6
:107EE000E368BB42984628BFB8463EB937B905B1EA
:107EF0002B600F4810F0D8FF0020D3E742463046F1
:107F0000A16913F0C8FAA3694344A361E368A3EB32
:107F10000803E360002DECD0C5F80080E9E76FF0BE
:107F20001200BFE79C3A0020AF1102009CF3010051
:107F3000D43A00207FB5244D064695F82430002B16
:107F40003FD095F82530002B3BD003060FD4FFF728
:107F500091F9044658B1037A6BB91C4A1846CDE929
:107F600001321B4901220396009310F08CFF6FF041
:107F7000150004B070BD4FF0FF334FF0FF3205F134
:107F8000380010F08FFFE368B3B9012663692677E4
:107F9000A361637F83B1FFF7C1F930B905F1380000
:107FA00010F082FF6FF00B00E3E706748460067345
:107FB000FFF798F9FFF78EF9064810F075FF0020DB
:107FC000D7E76FF01200D4E79C3A0020AF1102000F
:107FD0009CF30100D43A002010B5084B0C4693F8EE
:107FE00024302BB1FFF746F928B10460002010BD02
:107FF0006FF01200FBE76FF01500F8E79C3A0020E5
:10800000014B1860704700BF9C3A002008B5074B31
:1080100093F8243023B1FFF72DF920B1406808BD53
:108020006FF01200FBE76FF01500F8E79C3A0020B4
:1080300070B50D4606490446411A491140220548CB
:1080400010F079FF2B4601462046BDE870401847E6
:1080500040430020A8EE010037B540230C460A49F2
:108060000093411A491105462346084A084810F072
:1080700090FF011E05DA2846234603B0BDE83040D4
:10808000184703B030BD00BF4043002001900100FD
:10809000A8EE01002DE9F843002201210646052043
:1080A000FDF770F8114804F029FF114B984219D1DF
:1080B00004F034FF00244FF00C080127DFF834905F
:1080C0003569494605EB44100EF06FFD002807DBCB
:1080D00008FB04550134042CC5F88870F0D1002049
:1080E000BDE8F8836FF00400FAE700BF31810000BB
:1080F0000000AD0BB4F5010001460C2300224B43F8
:1081000070B50948C41888331844D4E92056C4F817
:10811000802010F0FDFE2DB132462B46BDE87040A8
:108120000248184770BD00BF40430020A8EE010080
:10813000052812D8DFE800F0030F11110D0B074BD3
:10814000D3F8880010F0070007D1FFF7D5BF022051
:10815000FBE70320F9E70120F7E7704740430020E1
:1081600008B54FF02003EFF3118183F31288BFF3BA
:108170006F8F124A136843F002001060DA0708D4C8
:1081800081F31188BFF36F8FBDE80840012011F023
:10819000F1BD4FF05023D3F80C24D3F80C34D3079F
:1081A000EED5074810F0B4FE81F31188BFF36F8F4E
:1081B000BDE808400020FFF79FBF00BFF04300204C
:1081C000C84300207FB500220123CDE9022304AB80
:1081D000CDE90433094A6B46CDF800D0CDF804D080
:1081E00010F007FF002805DB4FF4804200236846AB
:1081F00007F008FC07B05DF804FB00BF31900100F8
:1082000010B54FF02003EFF3118483F31288BFF30E
:108210006F8F074A136823F00201DB07116002D455
:10822000012011F006FE84F31188BFF36F8F10BD9B
:10823000F0430020024BC0B203EB4010704700BF78
:10824000404300202DE9F041012207463749D1E89B
:10825000EF3FC1E8E02F0028F9D133B93449354860
:108260004B60CB608A600EF0B3FC7B1E012B2BD8D9
:10827000012F07D14FF05023D3F81C3403F0030330
:10828000022B21D012F03DFD0546F8B92A4B1B7890
:10829000E3B14FF0502302220646C3F808234FF003
:1082A0005024DFF89880D4F81834D4F81824D20376
:1082B00016D503F00303022B01D0012F10D175B3A3
:1082C00086F31188BFF36F8FBDE8F0814FF0200374
:1082D000EFF3118683F31288BFF36F8F0125DEE77A
:1082E000C5B13046FCF778FED4F81835DBB2012B67
:1082F000D9D1D4F80421002AD5D00022C4F8042111
:10830000D4F804210222C4F818252022C8F88021BC
:10831000A360C8E70021212007F0DCFFE4E74FF06D
:1083200050230222C3F80423CEE700BF3C430020C1
:108330002C4300206043002037A1002000E100E032
:1083400010B5044C2046F9F7F9FE2046FDF772FD02
:10835000002010BD59830000F7B504460325124ED6
:108360008DF8070006F036FE012200200DF107010E
:1083700006F0FAFD074606F037FE27B101233370F9
:10838000204603B0F0BD3378002BF9D0013D08D072
:1083900012F0B7FC0028E5D10021422007F09AFF37
:1083A000E0E73570ECE700BF5F74002000F1744037
:1083B00000F5A6000A289ABF024B33F910006FF0AF
:1083C0000F00704714000200024B0B600123136082
:1083D000704700BF80F601000048704714F60100A6
:1083E000054B994206D14FF0FF324FF0FF3330304A
:1083F00007F008BB704700BF0000AD0B70B54C68BC
:10840000054688B0ECB1D4E900438868D8B1D0E91A
:108410000060C8B1C3B183420FD10133092B097881
:1084200015D9CDE90313194B0222029300231849F1
:108430001846CDE9003310F031FE6FF0150008B09A
:1084400070BD2346E1E7064601330344E6E78DF8B5
:10845000193040F20113ADF81A30002328698DF865
:108460001C308DF818108DF81D2010F026FE2146C6
:10847000324606A805F0F0F80446286910F035FEEB
:10848000204608B0BDE87040FFF790BF3E120200E2
:108490004CF3010038B50569044695F86030FBB926
:1084A000284610F00AFE0022002305F1480007F0DC
:1084B000A9FA2B6D4BB90B4D05F01AF9A84209D159
:1084C00005F038F90022084B1A702069BDE83840E1
:1084D00010F00BBE002140F2676007F0FBFEEBE7F7
:1084E00038BD00BF0000AD0B60740020F8B5066910
:1084F000054696F86040D4B9304610F0DEFD0D4FC9
:1085000006F1480007F058FA3B785BB932460A4951
:10851000686804F0B7FFFFF749FFB0FA80F304463C
:108520005B093B70286910F0E0FD2046F8BD00248F
:10853000FBE700BF60740020919001002DE9F04F2F
:10854000002906461546D0F804A087B005DBDAF806
:1085500018308A189A42884611D9464BCDE903153E
:108560000293002301221846CDE90033424910F05E
:1085700095FD6FF01504204607B0BDE8F08FC1F3FC
:108580000B02002DF5D0C5F30B031343F1D1FFF718
:10859000ADFF044660BB306910F0A1FD21463046B6
:1085A00010F0AEFD044600BB306910F086FDDFF828
:1085B000D8B0DAF81830AB421ED111F055FCA946FC
:1085C000074639463069FFF70BFF5F4540D1B5EBF1
:1085D0000905C844EDD1306910F087FD012130460E
:1085E00010F08EFD002C08BF0446306907F0E4F956
:1085F0003046FFF74FFFBEE7B5F5803F0AD31FFABD
:1086000088F353B94146012005F0E2F84FF4803970
:108610000746D6E7B5F5805F09D3C8F30B0030B93C
:10862000414605F0D5F84FF480590746C9E7134B8A
:1086300001220293002310491846CDE90033CDE909
:10864000038510F02BFD0E493069FFF7C9FE0C4F72
:108650000C4B012202930023CDE903851846CDE996
:108660000033054910F01AFD3846FFF79FFE044617
:10867000B1E700BF611202004CF30100AB1202002F
:108680000400AD0BC91202000000AD0B2DE9F04152
:10869000436890B01E6A0546002130460DAA10F0CE
:1086A00048FE041E4CDB0D9B32681979186800F0F7
:1086B000CFFF041E44DB4FF050240127002201218C
:1086C0002B20FCF75FFD6E682A693046C4F8B87548
:1086D0005D4904F0D7FE0223C4F8B835FFF766FE03
:1086E000041E2DDB0022AB2328460DA9CDE90D2267
:1086F0000F928DF83430FFF781FE041E20DB23201B
:1087000012F0E0FDF37A023BBB421DD996F80A80D5
:10871000A8F10308B8458CBF4FF000084FF00108DE
:10872000284610F002FD041E10DA484B0122029385
:10873000002347491846CDE90033039410F0AEFCFE
:10874000204610B0BDE8F081B846E9E7E2B2C4F3D4
:108750008014A0450AAE0BAF2FD0002382F0400258
:10876000ADF828308DF82820012228460DA9CDE942
:108770000C230B960F938DF834200E97FFF73EFED7
:10878000041E13D0DCDA334A334B3149B8F1000F01
:1087900018BF1346CDE90334304B01220293002366
:1087A0001846CDE9003310F079FCC9E7284610F0EF
:1087B000BCFC041EE7DBE307F8D42846FFF76AFE9B
:1087C00003240023CDE90C430E939F2328460B96E8
:1087D0008DF834300F97FFF789FE024628B12846FE
:1087E000FFF758FE6FF01204AAE728460DA9FFF71D
:1087F00005FE07462846FFF74DFE002FF2D16D68B3
:108800002246314605F11C0012F035FE04460028D0
:1088100096D0AB7F012208936B7F384607932B7F5E
:108820000B4906939DF82A30009705939DF829304F
:1088300004939DF828300393094BCDE901733B461F
:1088400010F02CFCCEE700BF91900100F112020065
:108850004CF30100E7120200EB12020001130200C8
:10886000121302002DE9F04705460F461E469046BA
:1088700088B0CAB1C3B1042B01D99A0714D1BB0780
:1088800012D1002F6A6803DB9269BB19934211D998
:108890003F4B012202930023CDE903761846CDE930
:1088A00000333C4910F0FAFB6FF01504204608B085
:1088B000BDE8F0872846FFF719FE044600285FD17F
:1088C000286910F00CFC2146284610F019FC0446DB
:1088D000286910F0F2FB002C40D1032E1CD83A4638
:1088E000042107A811F0BDFA044601462869FFF7E4
:1088F00077FD294B9C4231D13246414607A812F000
:10890000CAFD3A46042107A811F0A8FA0446014618
:108910002869FFF765FD21E008F06043B3F1005FCF
:1089200032D0DFF874A0042EB14628BF4FF00409FE
:1089300041464A4607A812F0AEFD3A46042107A870
:1089400011F08CFA044601462869FFF749FD5445A9
:1089500004D1B6EB0906C8444F44E4D1286910F0AD
:10896000C4FB0121284610F0CBFB0646286907F01E
:1089700023F8002C14BF20463046FFF717FD0446AD
:108980002846FFF787FD91E73A4631464046BBE768
:10899000441302004CF301000000AD0B2DE9F04F31
:1089A00081460E461C4690468BB0AAB1002B00F0C3
:1089B0009E800029426803DB9269CB18934211D94B
:1089C0004C4B012202930023CDE903641846CDE904
:1089D0000033494910F062FB6FF0150528460BB0D3
:1089E000BDE8F08FFFF782FD054600287BD1754278
:1089F00005F00305D9F8100010F05FFBA54228BF71
:108A00002546D8F1000303F0030308F0030758BF1D
:108A10005F427F4207F00307A74228BF2746631B38
:108A2000E41B24F0030423F0030AA245C8BFA246B6
:108A300003F0030BC8BFA3EB040BBAF1000F19D06E
:108A400008EB0703721951461846079311F009FA0B
:108A500004460146D9F81000FFF7C2FC274A9442A9
:108A600039D1BD4206D0079B5246194608EB050096
:108A700012F031FDADB1C5F104070421F21B08A8C5
:108A800011F0EFF904460146D9F81000FFF7A8FCF1
:108A90001A4B9C421FD108AB2A464046D91912F006
:108AA000FAFCBBF1000F15D072190821524408A836
:108AB00011F0D7F904460146D9F81000FFF790FCF1
:108AC0000E4B9C4207D10AEB05005A4608A94044C8
:108AD00012F0E1FC094CD9F8100010F006FB20461A
:108AE000FFF764FC05464846FFF7D4FC76E71D46D1
:108AF00074E700BF8E1302004CF301000000AD0BC1
:108B0000024B0B6001231360704700BFF443002049
:108B1000004870479CF6010070B50D4686B01946B6
:108B200028461C46164610F01BFB034668B90B4A44
:108B30000090CDE90102CDE903540122084910F06B
:108B400020FB6FF0150006B070BD24B12246294607
:108B5000304612F0A0FC0020F5E700BFED13020044
:108B600054F2010010B501220648114612F081F9B5
:108B700011F067F9044C206011F060F9606000208A
:108B800010BD00BFFC430020F4430020F0B587B0C7
:108B90000E46144611F052F921460546304610F0B3
:108BA000DFFA3746034688B3B6FBF5F305FB1363DC
:108BB00023B9B4FBF5F305FB134373B1184B012242
:108BC000029300231846CDE90364CDE9003315492B
:108BD00010F0D7FA6FF0150002E0A54202D900208C
:108BE00007B0F0BD4FF0FF324FF0FF330E4806F0F4
:108BF00009FF11F023F90546384604F08FFA641B8B
:108C00002F44F9D1084806F0D7FEE8E7074ACDE936
:108C10000364CDE90102034901220090D8E700BFB7
:108C20000A14020054F20100FC430020ED1302007C
:108C3000F0B50E4687B0194630461C46174610F070
:108C40008FFA034668B91D4ACDE90364CDE90102F4
:108C500001221B49009010F094FA6FF0150007B044
:108C6000F0BD46EA040515F003050AD0154B0122B4
:108C700002930023CDE903641846CDE9003310497F
:108C8000E9E7A4B14FF0FF324FF0FF330E4806F092
:108C9000B9FE24F00304A54205EB060009D10B4AF6
:108CA000D2F80034DB07FBD5074806F085FE00202C
:108CB000D5E7795904F050FA0435ECE7ED130200DA
:108CC00054F2010029140200FC43002000900350DC
:108CD000014BB3F8780670473810002038B50B4DBB
:108CE000D5F8704664B94FF47A704843C5F87026D9
:108CF00003F066FB38B9C5F870064FF0FF3038BD99
:108D00006FF07700FBE72046F9E700BF381000203E
:108D10002DE9F04114468AB00B290DD8DFE801F0A7
:108D200006182F33373C787CB0BAAA80137843B149
:108D3000507820B1012802D06FF0150005E003F053
:108D4000D7F9207803F04EFA00200AB0BDE8F08190
:108D500053791179106833B103F060FA0028F3D128
:108D60006FF00B00F1E730B103F082FA0028EBD18D
:108D70006FF00100E9E7084603F0A4FAE4E7107891
:108D800003F07EF9E0E7107803F096F9DCE712686B
:108D9000424BC3F87426D7E70025414FA8463C460E
:108DA000166863684BB12046013503F02FFD032D93
:108DB000C4F8048004F10804F3D14FF00008394DE1
:108DC00006F10A042E3654F80A3C002BBCD0B442FB
:108DD000BAD0049314F8013CCDE906488DF814305C
:108DE000CDF8208014F8023C04A883F001038DF82C
:108DF000243003F0D7FC069B0C341A782B4605F878
:108E0000012B9DF8142007F8082B47F8043CDAE7FB
:108E1000106803F08FFC97E7106803F0A7FC93E756
:108E2000D388916804AA1646ADF80C3001F1080306
:108E300013F8010D8B4202F8010BF9D1A38873B12D
:108E4000012500952268002103A803F06DF9009523
:108E500029463046A388226803F066F974E719466C
:108E6000012203A803F092F901223046114603F0D3
:108E70008DF969E7106810F0AEF903F00DFD63E7B6
:108E8000506810F0A8F9002300932378A26803F03B
:108E900071F859E7108803F0E3FC55E7381000201B
:108EA00014440020617400201FB503F041F803460C
:108EB00060B9074A0090CDE901020649012210F08D
:108EC000AEF96FF0040005B05DF804FB0020FAE78E
:108ED0008414020064F201001FB5044603F006F892
:108EE00038B10A4BD3F8743633B100220221204640
:108EF0009847002004B010BD054A1846CDE901325C
:108F000004490222009310F08AF9F2E73810002099
:108F1000A214020064F201002DE9F04F1F4604691B
:108F200093F81090DB6889B0059304F2D15A09F1E7
:108F3000020380460D46164650464A46059984F877
:108F4000D03512F0A8FA04F5B76B584606F082FD4A
:108F5000022D4FF0000336D012D9EA1E012A44D95F
:108F6000894A0395CDE901321846012287490093C9
:108F700010F055F96FF08505284609B0BDE8F08F6F
:108F8000ADF81B3096F8633005F00105C3F380029D
:108F900006A9C3F3C00304F5BA608DF818208DF854
:108FA00019308DF81A5003F079FA002846D1784A22
:108FB0000346CDE9010275490122009010F02FF916
:108FC0006FF00405D8E7ADF81A3096F8633006A9BB
:108FD000C3F3800204F5BA60C3F3C0038DF8182010
:108FE0008DF8193003F010FADFE7ADF81B308DF87B
:108FF0001D3096F86330C3F38002C3F3C0038DF8CD
:1090000019302B1F5D425D418DF818208DF81A50E4
:1090100003F090F94FF47A7200238DF81B00D6E923
:109020000C01F7F799F810F0D6F80B4606A902469E
:10903000009104F5BA6003F07DFAB6E7554BD3F81A
:1090400074361BB13A460021404698474FF0FF3333
:109050004FF0FF32584606F0D5FC4A465146059877
:1090600012F019FA94F87A2696F8633062F38203C4
:1090700086F8633094F87B26DBB262F3C30386F88C
:10908000633094F85036052B9AD801A252F823F099
:10909000AF900000A99000007D9100008391000036
:1090A000C18F00007D9100006FF00F0564E7D4F8D8
:1090B0005C56002D3FF460AF002200232D7820681D
:1090C000CDE90023002329461A46FDF79DFD0646FB
:1090D00090B9314B0122CDE901032C4903460090A0
:1090E00010F09DF86FF00B05D4F85C0603F074FAED
:1090F0000023C4F85C363FE7D4F85C162A460131F9
:109100000FF069FC00280FDA244B012202930023A0
:109110001E491846CDE9003310F081F86FF00B05B9
:1091200030460FF0F4F9DFE794F8683604F5CC61C7
:1091300086F8613094F86936194A86F86230D1E9C8
:1091400000010023F7F708F84FF47A735A43C6E991
:109150000801B26230460FF02AFA3146206801F069
:10916000E3F848B10F4B0322029300230749184646
:10917000CDE9003310F053F80025D1E76FF0220558
:10918000FAE66FF06805F7E6CF14020064F201001A
:10919000E814020038100020FA140200141502002E
:1091A00040420F003115020070B5054688B0466890
:1091B000046904F57E7011F03AFE0122002104F5E5
:1091C000B76011F056FE0122002104F29C5011F00C
:1091D00050FE10F0F0FC03F049FA82B2D301D10046
:1091E00001F4816103F4807352020B4302F40062C4
:1091F000134343F42D73174A43F00303A2F8783660
:1092000033682846984704F54C7600220023002551
:10921000CDE906236FF00D034FF44872CDE9033515
:109220003046CDE901550C4B009404F1100106F0D5
:1092300037FA0A49304611F06AFD094B2846CDE954
:10924000015303222B46074900950FF0E8FF2846FB
:1092500008B070BD38100020F1190000551502004B
:109260005D15020064F201001C4B2DE9F041002461
:109270001E4607468C46DDE90601D3F81C5435B17D
:109280000134102C03F11803F7D1BDE8F0814FF041
:10929000180808FB0465C5F81C7485F829C485F80E
:1092A00028243A7810F091FC05F58465C5E90001A1
:1092B00008FB04F47B78321913F0200318BF96F8EA
:1092C000983504F5836482F82A34002386F89835AB
:1092D00031190348BDE8F04111F0B6BD3810002047
:1092E0003014002073B5164D04462B680A461B68DF
:1092F0001E68D5F8743621B9022130469847082CEB
:1093000016D0013C072C17D8DFE804F01804141617
:109310001616161801238DF80730002385F89835A6
:10932000D5F8743623B1012130460DF10702984774
:1093300002B070BD0223EEE70323ECE70023EAE767
:10934000381000204378034AC3F3001382F898359D
:10935000704700BF38100020002310B50F4C84F870
:1093600050360B7884F87A364B7884F87B368B68E5
:10937000C4F85C366BB191F90D2004F5CC646272CF
:109380008A7B22721A78D1E9040110F01EFCC4E92C
:109390000001BDE81040024806F00EBB3810002066
:1093A000F0150020064880F85016137880F87A36B9
:1093B000537880F87B3600F5B76006F0FDBA00BF41
:1093C00038100020034B83F8B40503F29C5006F0DC
:1093D000F3BA00BF381000200023034880F8B435EA
:1093E00000F29C5006F0E8BA3810002070B5094C25
:1093F000D4F8705665B10023C4F8703610F0DDFB68
:10940000236801461B6818682B46BDE87040184762
:1094100070BD00BF38100020064BD3F8702642B153
:109420000021C3F870161B6847F6FF711B681868A7
:10943000104770473810002010B504460269A6B0E6
:10944000C2F880002449002003F0EAFD0022012137
:109450002A20FBF797FE64688422002105A812F0F9
:1094600054F86368B3F5803F09D31C4B0222029382
:1094700000231B491846CDE900330FF04AFF23684B
:10948000B3F5803F09D3174B0222029300231449FE
:109490001846CDE900330FF03CFF0023012025934F
:1094A00005AA61680432D940C90744BF00FA03F134
:1094B00042F8041C2168D940C90748BF00FA03F1EB
:1094C00003F1010348BFD163102BEAD105A803F0D3
:1094D000BFFD002026B010BD399500009615020092
:1094E00084F20100C215020030B505460C4685B075
:1094F0004AB10F4B0222029300230E491846CDE9D0
:1095000000330FF006FF0F2C0FD86B685B68E34049
:10951000DB070AD501230020A400E4B204F1A04433
:1095200004F52834236005B030BD6FF01500FAE76C
:10953000EE15020084F201007FB5D1F880600F289B
:1095400004460D46736803D81B68C340DB0709D483
:10955000144B02220293002313491846CDE900332D
:109560000FF0D7FED5F88430E34013F0010308D1A3
:109570000E4A1846CDE901320B49022200930FF042
:10958000C8FE05EB840255F8245045B1002321465E
:109590003046AC46126C04B0BDE87040604704B081
:1095A00070BD00BF0916020084F2010025160200FA
:1095B00030B50F290C46056985B041D843681B6852
:1095C000CB40DB073CD5D5F88430CB4003F001031A
:1095D0001AB90BBB6FF0770030E0002BFAD155F8C9
:1095E000213043B9184A1846CDE901321749022201
:1095F00000930FF08EFED5F8843013B92A20FBF7C4
:1096000091FD0122D5F88430A2401343C5F884307F
:10961000E0B203F03DFD0AE0C8B203F041FD0122D3
:10962000D5F88430A24023EA0203C5F88430D5F887
:10963000843013B92A20FBF783FD002005B030BD2C
:109640006FF01500FAE700BF4216020084F2010035
:109650004FF0010C2DE9F0475B4E5C4F00EB8101B0
:10966000814202D10020BDE8F087046804F07F0346
:10967000C4F343257F2B4FEA144408BF4FF0FF3358
:10968000222C00F29D80DFE804F0122328422B3EBA
:10969000429B9B9B9B45729B9B9B9B9B9B9B9B9BF2
:1096A000757D80839B9B9B868C8F92959800C2F8DA
:1096B0000C354FEA5318B8F1010F14BFB646BE4639
:1096C00003F01F040CFA04F4CEF80840012402E071
:1096D000C2F814350024A64623E0C2F80835E8E7AE
:1096E0000024C2F808354FEA5319B9F1010F14BF2D
:1096F000B046B84603F01F0E0CFA0EFEC8F80CE098
:109700004FF0010E0DE0C2F80C350124EBE7C2F872
:109710001035DFE7C2F80835002DDBD1002406251F
:10972000A64650F804AB03F01F090AF40058B8F13C
:10973000000F4FEA53131CBF01244FF0000E012B02
:109740000CBFB846B04608EB8908D8F80032CAF317
:10975000C11A03F0E0492B0243EA8A0343EA0E03ED
:1097600043EA440343EA0903C8F8003278E7C2F841
:109770000C35D1E7C2F860350468C4F38034002C9E
:10978000C3D096E7C2F86435F6E7C2F86835F3E768
:10979000C2F86C35F0E7C2F8243501244FF0000E12
:1097A000BFE7C2F8283584E7C2F83035F5E7C2F8DC
:1097B0003435F2E7C2F83835EFE7C2F83C35ECE76C
:1097C0006FF085004FE700BF0025845000288450CB
:1097D0007FB50BAB05930393054B01220293002346
:1097E0001846CDE90033F9F733FC07B05DF804FB08
:1097F0008B160200F0B54B79012B29D0032B24D115
:1098000010278B79032B20D1CE790EB1012E1CD1DC
:109810000A79012A1ED0022A20D0B2B914460B6858
:109820004568B3F5164FD5F800C06ED033D8B3F500
:10983000165F6DD01CD8B3F5966F6BD010D8B3F50A
:10984000967F6AD0B3F5167F6AD06FF085005BE033
:109850000027D6E74FF480740E22E0E70024FBE7F0
:10986000B3F5166F5FD0B3F5965FEED1384B3CE0A1
:10987000B3F5E14F5AD007D8B3F5615F58D0B3F5CF
:10988000964FE2D1334B30E047F61225AB42DCD1A4
:109890004FF4000329E0B3F5613F4BD013D8B3F583
:1098A000963F4AD009D84DF6C025AB4247D0B3F514
:1098B000614FCAD14FF46B0317E0B3F5E13FC4D158
:1098C0004FF0EB7311E0B3F5612F3BD008D8224D78
:1098D000AB423AD0B3F5E12FB7D14FF0E86304E0E3
:1098E0001E4DAB42B1D14FF080530569CCF8243501
:1098F00043683A431B6834432243C3F86C252B1D4D
:1099000003C983E803000020F0BD4FF41D03ECE71A
:10991000134BEAE74FF49E23E7E74FF4A033E4E765
:109920004FF41C33E1E74FF41D23DEE70D4BDCE77A
:109930000D4BDAE74FF06C73D7E70C4BD5E74FF4DC
:109940006503D2E74FF07063CFE74FF08063CCE759
:1099500000B0130000A04E0090D0030040420F0062
:109960000050270000C0750000F03A0000903A0156
:109970002DE9F043804687B0002201210820FBF743
:1099800001FC0820FBF7CEFB0021D8F80470D8F8C2
:1099900010603D6805AAC5F80015C6F80080D7F824
:1099A0000C9048460FF0C5FC041E24DB059BD9F83B
:1099B000002019791868FFF74BFE041E1BDB404698
:1099C000311DFFF717FF0446A8B97B68990723D517
:1099D00006F11C0003F010FB234B98420FD0234BE1
:1099E0002046CDE901430094234601222049FFF798
:1099F000EFFE6FF00404204607B0BDE8F083337F2C
:109A000043F00043C5F8A031C5F88C300123327F04
:109A10009340184AC2F804350823C5F800353B7A4C
:109A200053B9C5F81031D5F81031B369C5F83435DC
:109A30000123C5F838352B607B689A075CBF4FF46B
:109A40008073C5F804337B68DB0644BF4FF48003A2
:109A5000C5F804337369C5F844350023C5F84835A3
:109A60000123AB60EB60C6E70000AD0B8B16020074
:109A70007CF3010000700150F8B504460D460769FB
:109A800011F03FF9B0B9214B1B789BB16426606897
:109A90000FF031FD00BB012010F0A7F8013EF6D118
:109AA0000021212006F016FCF0E781F31188BFF3B6
:109AB0006F8FF5E74FF02003EFF3118183F31288E6
:109AC000BFF36F8F60680E460FF015FD90B981F3FC
:109AD0001188BFF36F8FEDE74FF02003EFF3118193
:109AE00083F31288BFF36F8F60680E460FF003FD9B
:109AF0000028DAD07B6901221D70204679690FF0B9
:109B00003AFC86F31188BFF36F8FF8BD37A10020B0
:109B10000123834070B5DC430B4AD2E8EF1F01EA12
:109B20000405C2E8E65F002EF7D14FF48032824090
:109B30000648C0F80823BFF35F8FBFF36F8F0B4257
:109B400014BF0120002070BDBC4400200050015013
:109B500070B40E4922F07F46D1E90034D01AC31800
:109B600044F10004C1E90034A6F50013B3F5400F39
:109B700009D2074B1B681A0A1B069C19054B42F1B8
:109B80000005C3E9004570BC06F026BDD8160020CC
:109B9000C0440020E0160020D9B101230D4A8340C3
:109BA000D2E8EFCF4CEA030CC2E8E1CF0029F7D1AD
:109BB0004FF48033084A8340C2F80433074BD3E89C
:109BC000AF3FC340DB0742BF4FF40012044BC3F862
:109BD00000217047BC44002000500150B4440020D4
:109BE00000E100E0C3B202489B001844704700BF88
:109BF00040510150024B00F5A87053F82000704707
:109C0000005001500D4B1868010A0006BFF35F8F2A
:109C10000B4BD3F80435181841F10001B3F5801F40
:109C20000AD2084BD3E90023904271EB030303D21D
:109C300010F1807041F10001704700BFC044002066
:109C400000500150E01600202DE9F74F16461F4640
:109C50000446FFF75DFF0090FFF7D4FFB04271EBC1
:109C6000070351D2384B301A67EB0101984271F16A
:109C7000000166D2354B03EB0413D3E902239F4264
:109C800008BF96424AD04FF48039314909FA04F9A5
:109C9000204626F07F4BC1F848930FF0D7FC4FF0D9
:109CA000030A584604F15005AD00ADB205F1502548
:109CB00004F5A873DFF8A0C005F580350193019A7B
:109CC00020F07F4341F82230C1F84493D1F8048555
:109CD000A0EB0800033820F07F4060451ED92868BB
:109CE00068B1D1F80485A8EB0B0020F07F40B0F5F7
:109CF000000F13D920460FF0A9FCDFF85CC00AEB77
:109D000008000AF1010ADAE70123124AA340D2E867
:109D1000EF0F1843C2E8E10F0029F8D100250B49E5
:109D20000C98230101EB0412C850C2E902670D9B95
:109D3000536020460099FFF72FFF284603B0BDE887
:109D4000F08F6FF01505F4E701008000B8160020D1
:109D500000500150B4440020FDFF7F0073B54FF464
:109D6000803200254FF0FF304FF0FF311C4C1D4B6F
:109D70000226C4F80833C4F848331B4BC4F808550E
:109D8000C3E90201C4F80423C3E906014FF4003318
:109D90004FF40012C4F80433144B0121C4F80463D7
:109DA0001520C3F880212A46FBF7ECF91520FBF7B4
:109DB000B9F901230322A36023600D4B28461A60E2
:109DC0000C4B0D4A1E600D4B019500930023FFF7CD
:109DD0003BFF3046FEF736FA284602B070BD00BFA2
:109DE0000050015003000F00B816002000E100E011
:109DF000BC440020B8440020FFFF7F00519B0000BE
:109E000070B501240C4B186890B1B0FA80F0C0F125
:109E10001F0004FA00F1C943D3E8EF2F02EA01055D
:109E2000C3E8E65F002EF7D1C240D207EBD570BD84
:109E30006FF00B00FBE700BFB84400200123054A88
:109E40008340D2E8EF0F1843C2E8E10F0029F8D1B0
:109E5000704700BFB8440020431C13B521D001282F
:109E600021DD124A124B9042D4BF04461C46FFF734
:109E7000C9FE104B0E49D3E90023801AB0F5000F3C
:109E800028BF002404448C4228BF0C4600200A4905
:109E9000A2180190009143F10003FFF7D5FE02B034
:109EA00010BD034CE3E70124E1E700BFFEFF7F00A4
:109EB000FFFF7F00D8160020519B000008B5FFF778
:109EC000A1FE024B1B68C01A08BD00BFD8160020B7
:109ED000012310B5074C15206360FBF731F94FF4EF
:109EE0000012054BC4F80833C4F84833034BC3F8D9
:109EF000802110BD0050015003000F0000E100E080
:109F00007FB50BAB05930393054B0122029300230E
:109F10001846CDE90033F9F79BF807B05DF804FB6C
:109F2000C41602001FB50024F9F722F8064B20469C
:109F3000029301222346CDE900440449FFF7E0FFE4
:109F40002046FBF76BFD00BFC41602004CF2010077
:109F50000122024B1A700DF01EBD00BF8774002055
:109F60000122024B1A700DF016BD00BF867400204E
:109F700010B50D4B04461A781AB100221A7008F079
:109F800073F80A4B1A7872B100221A7000F082FF3F
:109F900020B12046BDE8104013F0DEB82046BDE8F1
:109FA000104008F03DB810BD867400208774002072
:109FB00008B511F085F94FF47A72A0FB020302FB99
:109FC0000133C00B40EA4340014B1B68C01A08BD77
:109FD000C444002037B58C18FFF7EAFF241A002C80
:109FE00016DD4FF4004540F2E73000214FF47A725D
:109FF0000023E4FB0501F6F7AFF802460B4600210B
:10A000000020CDE90001064806F0DCFB03B030BDBE
:10A010000122044B1A7003B0BDE830400DF0BBBC08
:10A02000E003002087740020014811F071B900BFDF
:10A03000E0030020014811F06BB900BF18040020B4
:10A0400008B511F03DF9064AA0FB020302FB0133FB
:10A05000C00B40EA4340034B1B68C01A08BD00BF59
:10A0600040420F00C844002010B5FFF7E9FF044646
:10A0700000200FF032FB054B201A18604FF47A7362
:10A0800090FBF3F0024B186010BD00BFC8440020E5
:10A09000C444002037B58C18FFF7D2FF241A002CD7
:10A0A00014DD4FF4004500210C480023E4FB0501BA
:10A0B0000B4AF6F751F802460B4600210020CDE985
:10A0C0000001084806F07EFB03B030BD0122064BBC
:10A0D0001A7003B0BDE830400DF05DBC3F420F0088
:10A0E00040420F00180400208674002070B50D4611
:10A0F000044678B171B1094E304610F022FD58B1D6
:10A10000B3682A46214630461B689847003818BF76
:10A11000012070BD0720FCE70120FAE7C0EE010036
:10A120000D4BA0F10B020F2A93F9003003D97F2BBE
:10A130000BD100207047094A7F2B024412F90B0C07
:10A1400004D17F2808BF002070477F209842A8BF15
:10A15000184640B2704700BF9C7400208A740020EB
:10A16000024B1980024805F027BC00BF3C74002058
:10A17000C0050020034BD3E8AF3F43FA00F000F0E6
:10A1800001007047CC44002001238340DB43044A94
:10A19000D2E8EF0F1840C2E8E10F0029F8D170476C
:10A1A000CC4400200123054A8340D2E8EF0F184336
:10A1B000C2E8E10F0029F8D10DF0EDBBCC4400203E
:10A1C000044B834204D1044B06201980FFF7EABFF9
:10A1D000704700BF68EF01003C740020012908D0DF
:10A1E00002291AD0D9B90E4B1878032817D1FFF7D6
:10A1F000D9BF0B4B1B78022B11D11378012B08D040
:10A20000022B08D0002B08BF1221064B0220197028
:10A21000EDE71121F9E71621F7E70720E7E7704797
:10A220001C750020897400202DE9F041374F384D0E
:10A23000BB882A68374C023B13822368B979364EB3
:10A24000DB6836483180984723683078D3F814802B
:10A25000FFF766FF01463148C047314EFB7E31684B
:10A26000C3F30002C3F300139B0043EAC20391F857
:10A2700063202A4822F00C02134381F863302368DC
:10A280005B689847C00519D53B69BBB179693268ED
:10A290000B444FF47A71A3FB0131C2E90C31042164
:10A2A00020682B6884691D48A047431D1CD0E0B17D
:10A2B00010F1230F0CBF0E200F2016E0F97E23684B
:10A2C00011F004011ED05B68144898470107236809
:10A2D00004D59C6902212B683268E4E79B680F482B
:10A2E000984748B1421DE3D10B200E4B1870BDE8D2
:10A2F000F0410420FFF756BF236801469C6932688D
:10A300002B68D0E79C6932682B68CCE7F0170020F7
:10A31000D4440020D04400204074002068EF0100A5
:10A32000D844002088740020F8B58B680C461D4680
:10A3300000261DB97F2E05D90120F8BD2A8A6D6837
:10A340001644F6E7DB681B7803F00703022BF3D112
:10A35000134F3246394620460EF041FA0028EBDB17
:10A36000104894F861301049837594F86230868003
:10A370004375236A666AA3FB013201FB0622A16AC8
:10A380004FF47A74B1FBF4F1203B42F1FF325B18D9
:10A3900042F10002C0E9023207602846CDE700BF63
:10A3A0009D740020D017002040420F0030B50021DE
:10A3B00087B00020FCF75AFB1F4D002200232860C5
:10A3C0007F20FCF721FB1D4C0146206028680EF021
:10A3D00004F923681A4DDA681A4B7F211A601A486B
:10A3E000102211F092F8194CAB6823600BB30023D4
:10A3F0004FF48862009316496FF00703154805F083
:10A40000A5FB1549134810F082FC236828465B68B9
:10A410009847830605D4404080F311884FF004002C
:10A4200002DF0E4B04210393236805489B6A03AAAD
:10A43000984707B030BD00BFD8440020D444002066
:10A4400068EF0100F01700208A740020D04400203B
:10A4500080CB0020E816002009170200DDA10000D3
:10A4600008B50146034810F0EFFC0120FFF79AFE03
:10A47000002008BDF005002008B50146034810F093
:10A48000E3FC0020FFF78EFE002008BD0C06002034
:10A4900013B5064BADF806101B6802221C6901219A
:10A4A0000DF106030248A04702B010BDD0440020C1
:10A4B00068EF010013B5054B01911B6800221C6970
:10A4C000012101AB0248A04702B010BDD0440020DA
:10A4D00068EF0100012213B5054BADF806101B68AB
:10A4E00011461C6903480DF10603A04702B010BDD8
:10A4F000D044002068EF0100024B1878003818BFE4
:10A50000012070471C750020034B1A780AB90122FC
:10A510001A700020704700BF1C750020034B1A788A
:10A520000AB100221A700020704700BF1C7500207D
:10A5300010B5084C2378013B022B08D8064B07487E
:10A540001B681B6A984701230020237010BD0D2053
:10A55000FCE700BF1C750020D044002068EF01001C
:10A560002DE9F041054688B00020FFF703FE0028E2
:10A570005DD10120FFF7FEFD70B10120FFF704FE61
:10A58000944FDFF88882944E00220023384605F06D
:10A59000E1F90446002858D10220FFF7EBFD70B125
:10A5A0000220FFF7F1FD00F075FC8C4B01461A7894
:10A5B000002800F0AB800021284613F05EFB03204A
:10A5C000FFF7D8FD30B10320FFF7DEFD28468449B0
:10A5D00013F039FB0420FFF7CDFD824E002800F078
:10A5E000A1800420FFF7D0FD3378032B40F0928048
:10A5F000022333707C4B7A4F1B6893F86330C3F3AC
:10A600008002C3F3C00343EA0213FA7E22F0110270
:10A610001343FB7600F03EFC744B0446002800F028
:10A62000B480394628461A7813F02AFB7AE00020D5
:10A63000FFF7AAFD6E4C00220023204605F08AF9A0
:10A64000002896D00DF063FFF5E720220021684630
:10A6500010F05BFFA0680DF023F90022C36800939F
:10A66000A368002B49D14FF47A7CB8F8003094F8F5
:10A6700063008DF8063094F86130ADF804208DF851
:10A68000163094F86230C0F340028DF815309DF812
:10A69000173062F300038DF81730D4E90831A3FBBB
:10A6A000063206FB0122A16A203BB1FBFCF142F11C
:10A6B000FF325B1842F10002C107CDE902320FD52B
:10A6C000C2060DD59DF81730C0F3401060F341036A
:10A6D0008DF81730E36D049394F860308DF81430E2
:10A6E00000F0D8FB024660B100226946284613F00C
:10A6F000C4FA20460DF00BFF46E7198A5B680A444E
:10A70000AFE76946284613F097FAF2E7284613F0B8
:10A7100093FA54E7374B38481B685B6898478305C2
:10A720003FF566AF0720FFF725FD28B10720FFF7AB
:10A730002BFD2846FFF7FCFE3378032B47D005207E
:10A74000FFF718FD88B12B4C2C4A23681178DB6881
:10A750002948984723682A491B6B2A4A09882648B2
:10A76000984710BB0520FFF70FFD0620FFF702FDFD
:10A7700068B3254B284693F9001013F077FA0620AA
:10A7800008B0BDE8F041FFF7FFBCDFF88480394630
:10A79000B8F804202846002A14BF424600221B783D
:10A7A00013F058FAA8F80440BCE70620FFF7E2FCD3
:10A7B00040B1154B284693F9001013F057FA0620C4
:10A7C000FFF7E2FC08B0BDE8F0410DF0E4B808B0D6
:10A7D000BDE8F081F005002040420F0089740020A0
:10A7E000F01700201C750020D84400208874002039
:10A7F0000C060020D044002068EF01009A7400206D
:10A800003E740020C1A100003C7400204074002070
:10A81000D0170020F8B50C4D0C4C2B680C4E204680
:10A82000DB68318098472B6830785F69FFF778FCE8
:10A8300001462046B8472B682046DB69984702222C
:10A84000044B00201A70F8BDD044002068EF0100CE
:10A85000407400201C7500201FB5CDE90223074B72
:10A860008DF804101B6808219B6A01AA04489847C8
:10A87000003818BF012005B05DF804FBD04400206B
:10A8800068EF010070B5134D2A68536AE3B1124CAA
:10A89000237889B1022B1BD1104B56691878FFF72A
:10A8A0003FFC01460E48B0472B680D485B6A98474D
:10A8B00060B90323237070BD032B09D1BDE870403C
:10A8C000064B1978FFF7A6BF0C20F4E70120F2E74A
:10A8D0000D20F0E7D04400201C75002040740020BB
:10A8E00068EF010038B50D4B0D4D1B680D485B68D6
:10A8F00098472B78022B03D0830501D40D2038BD57
:10A90000094810F042FB04460028F7D1032306490A
:10A9100006482B7010F05DFB2046F0E7D044002085
:10A920001C75002068EF010050020020E81600208E
:10A9300000487047F017002010B50E4C0E482368F1
:10A940005B68984710F0800010D0236801211B6BD2
:10A950000A4A0948984750B94FF0FF334FF0FF3289
:10A96000074805F04FF8074B93F9000010BD7F2012
:10A97000FCE700BFD044002068EF010061A10000A7
:10A98000C00500203C74002008B5114B11481B681D
:10A990005B6898470246C0F3C0135800110748BFD0
:10A9A00040F00800930648BF40F00100910548BF01
:10A9B00040F01000530548BF40F02000D10548BFCB
:10A9C00040F04000130548BF40F0800008BD00BFC4
:10A9D000D044002068EF0100014B1878704700BF99
:10A9E0009B7400201FB50023CDE901330393074B6F
:10A9F0008DF804101970064B03211B6801AA9B6A8D
:10AA00000448984705B05DF804FB00BF9B74002024
:10AA1000D044002068EF0100F8B5114E114B3768A3
:10AA2000114D19703B6B0C462A80B3B10520FFF71E
:10AA3000ABFB0620FFF7A8FB2146FB680B489847B5
:10AA400033680B4A1B6B29880848984708B90020CF
:10AA5000F8BD0520FFF7A6FBF9E70C20F8E700BFDB
:10AA6000D04400209A7400203E74002068EF01005A
:10AA7000C1A100001FB50023064ACDE901331268C9
:10AA80008DF80410946A1946039301AA0248A0475E
:10AA900004B010BDD044002068EF01001FB50023B2
:10AAA000CDE902330123094AADF8001012681946B6
:10AAB000946ACDF804D08DF8093001AA0448A04763
:10AAC000002814BF0320002004B010BDD044002093
:10AAD00068EF01001FB540F201120023CDE9022307
:10AAE000074B01911B6801219B6A01AA0548984701
:10AAF000002814BF0320002005B05DF804FB00BF50
:10AB0000D044002068EF01001FB50023CDE90233D7
:10AB1000084BADF800101B6801219B6ACDF804D0EA
:10AB200001AA05489847002814BF0320002005B05B
:10AB30005DF804FBD044002068EF01001FB500233E
:10AB400001910121CDE90233074B8DF808101B68F4
:10AB500001AA9B6A05489847002814BF03200020DB
:10AB600005B05DF804FB00BFD044002068EF010091
:10AB70001FB50023CDE901330393054B01211B6869
:10AB800001AA9B6A0348984705B05DF804FB00BF23
:10AB9000D044002068EF01001FB500230121CDE95A
:10ABA00001330393054B8DF808101B6801AA9B6ABB
:10ABB0000348984705B05DF804FB00BFD04400206F
:10ABC00068EF010021B1034B00201B780B70704728
:10ABD000072070479C740020014B002019707047BB
:10ABE0009C74002010B50A4B1B682BB15B6B1BB12A
:10ABF000BDE810400748184710F062FB064AA0FB6A
:10AC0000020302FB0131C00B40EA4140C90B10BDF9
:10AC1000D044002068EF010040420F002DE9F041D0
:10AC200014461E4692B0CD082C22DDE9188700217B
:10AC300007A810F06AFC012C06968DF8215022D14D
:10AC40008023CDF824808DF822308DF82D508DF89A
:10AC50002E400C978DF83950631CDBB28DF83A30DA
:10AC60000023CDE90033CDE904330293DCB96B4610
:10AC700003930E4B05211B6803AA9B6A0C48984757
:10AC800012B0BDE8F081631E802C8DF82230CDF823
:10AC900024808DF82D508DF82E400C978DF839506A
:10ACA000DAD10123DAE706ABE2E700BFD0440020A7
:10ACB00068EF01001FB50023CDE90233054B019178
:10ACC0001B6806219B6A01AA0348984705B05DF8F6
:10ACD00004FB00BFD044002068EF01001FB5002333
:10ACE000CDE90233054B01911B6807219B6A01AA3C
:10ACF0000348984705B05DF804FB00BFD04400202E
:10AD000068EF010070B50C4686B0002C05930CBFAF
:10AD10000023062340F604510F4EADF8103033687F
:10AD2000ADF8041001A90391ADF812200B2103AA7C
:10AD30009B6AADF8084009489847336805460921E1
:10AD40009B6A039403AA05489847C54214BF012093
:10AD5000002006B070BD00BFD044002068EF0100A5
:10AD60001FB50023CDE90233054B01911B680A2171
:10AD70009B6A01AA0348984705B05DF804FB00BF31
:10AD8000D044002068EF0100024B03481B689B6B16
:10AD9000184700BFD044002068EF010010B588B00C
:10ADA000C1F38000ADF80A20C1F340020393C1F360
:10ADB000C00113185B1821D01C1D8DF81040002411
:10ADC0008DF811404BF69B04ADF81240EA24ADF823
:10ADD00014401AB303228DF81620072230B1022442
:10ADE000501C20326A4402F8104CC2B221B1012139
:10ADF00020326A4402F8101C0633DBB2ADF808308A
:10AE0000074B04AA1B6801920B219B6A01AA054803
:10AE10009847003818BF012008B010BD0622DDE7B2
:10AE2000D044002068EF0100A1F10B030F2B10B5F7
:10AE300012D80A4B0B4403F80B2C094B1888884294
:10AE400001D0002010BD074B1B685C69FFF768F953
:10AE500001460548A047F4E70720F3E78A7400207D
:10AE600040740020D044002068EF010008B5184667
:10AE700002991368024A0BF069FB0C2008BD00BF61
:10AE800029170200024A107008B9FFF751BB70473A
:10AE90001D750020014B1878704700BF1D750020FC
:10AEA000034B1B780BB1FFF7EDBC0D20704700BFC3
:10AEB0001D7500202DE9F04304464B4F87B0DFF8A5
:10AEC0003881A3685B6C002B7FD1A3681B6C002BBF
:10AED00040F08380A3685B6BFBB94FF000093868D2
:10AEE00005A9C2690BF080FF0546002848D0A36879
:10AEF00005999B69002B38D00246204698470646A4
:10AF0000002835D0314638680BF08BFFAE424FF049
:10AF10000109E4D00CF03FFD03E0204698470028EB
:10AF2000DBD1A3685B6A1BB1204698470028C8D0D4
:10AF30002E4DD5E8AF9FB9F1010FC0D1DFF8BC802D
:10AF4000B8F80060002E30D0A368294D5B692968ED
:10AF500043B33246204698472B6803442B60B8F829
:10AF600000301B1AA8F80030A9E76FF05706C9E7B0
:10AF7000014638680BF055FFB9F1000FD1D0C9E791
:10AF800003460222CDE901081A4900900EF0B1FBF8
:10AF9000A3689B69002BEFD0012220460DF113011D
:10AFA0009847E9E76FF05700D6E720460EF09CFB84
:10AFB0002B4643F808690C33D3E8EF2FC3E8E19F31
:10AFC0000029F9D10CF0E7FC79E7204698470028E2
:10AFD0007FF47BAF07B0BDE8F08320469847002898
:10AFE0007FF478AFF6E700BF60020020680200201F
:10AFF000DC4400200CF301004E17020042740020D4
:10B0000037B50C4D286801A9C2690BF03EFF044614
:10B0100030B9EB6813B110F059FDEC6003B030BDEE
:10B020000198A1B210F05BFD214628680BF049FFA2
:10B03000E8E700BF60020020F0B53148314D87B02D
:10B0400068600FF07EFD034650B92F4A2F49CDE9C5
:10B050000102012200900EF04CFB012007B0F0BD70
:10B060006868836823B19B6C13B12A4628499847C6
:10B07000002630460596F8F7F7FF044640B1254B09
:10B080000122CDE901633046334620490096E2E7CC
:10B09000214B0322CDE901031C49034600900EF029
:10B0A00028FB1E4E194F059B68686BB108210EF0F6
:10B0B0002FFB686810210EF02BFB686883689B6A81
:10B0C00003B198470020C9E783681B6D73B1042161
:10B0D00005AA984768B10023CDE9026001223946EC
:10B0E0001846CDE900440EF004FBDCE76FF0570092
:10B0F000F1E7002140F6CD4005F0ECF8D3E700BFC2
:10B10000D8EE010060020020631702000CF301007A
:10B11000B5AE0000791702008E170200BA170200C0
:10B12000F8B5104E104D3388C3B9002401220F4BDF
:10B13000AC60D3E8EF1FC3E8E02F0028F9D10CF092
:10B140002AFC2046F8BD3B686868195D83680134B5
:10B150005B6898473388A342F5D8E6E70024044F9C
:10B16000F8E700BF42740020600200206C0200205B
:10B17000DC440020034610B50120A3B10F4AD2E8F9
:10B18000EF4F002C04D1C2E8EC0FBCF1000FF6D158
:10B1900012D10B4803600B4B19800B4B1B781BB172
:10B1A000FFF7BEFF002010BD52F8040C8368DB6976
:10B1B000002BF7D09847F5E70520F4E76802002058
:10B1C000DC440020427400201E7500200CB40528C9
:10B1D0007FB510D80A4B1A56002A0CDB09AB059331
:10B1E0000393089BD2B20293002319461846CDE977
:10B1F0000033F7F72DFF07B05DF804EB02B070479E
:10B200000F180200F7B5124E124C134D4FF0FF32DB
:10B210004FF0FF33304604F0F5FB4FF4967321787E
:10B220000E4859436F5804313A462944F7F7FAFA61
:10B230002378874203F1010303F00F032370E5D065
:10B240004FF0FF3301A801930EF050F8DEE700BF86
:10B25000D805002020750020E0440020A0570020E1
:10B26000014804F0A9BB00BF900500201FB51C4891
:10B27000F7F77AFA002812DA10F1780F0FD0194B8D
:10B2800003900293002301221846CDE900331649AA
:10B290000EF055FA6FF0050005B05DF804FB134A97
:10B2A00013490F48F7F78CFA002802DA114B039084
:10B2B000E7E700234FF400420F4804F0A3FB002807
:10B2C0004FF0000309DA0D4A1846CDE9013206496C
:10B2D000012200930EF033FADCE71846DCE700BFEA
:10B2E00008EF01002418020064F30100900200201E
:10B2F000A0570020441802009005002068180200A2
:10B3000030B585B005460C460FF0FBFC38B3184944
:10B3100018480B7800785A1C02F00F0290420DD1A9
:10B32000154B01220293002314491846CDE900333E
:10B330000EF005FA4FF0FF3005B030BD0A704FF443
:10B34000967253430E482246C4500433294618448B
:10B3500010F0A1F80B4804F02FFB2046ECE7224642
:10B3600029460948F7F75EFA40EAE070E4E700BFD3
:10B370001F750020207500208418020064F301006E
:10B38000E0440020D8050020A05700207FB50BAB7B
:10B3900005930393054B0122029300231846CDE940
:10B3A0000033F7F755FE07B05DF804FBF318020011
:10B3B0000122034B83F8142502480FF0BEBC00BFE6
:10B3C000A8570020C05C002010B504464FF0FF32A3
:10B3D0004FF0FF33094804F007FA28B13C21084B2D
:10B3E000084A094805F084FA084B1A68013203D06C
:10B3F0003F21074B034AF4E71C6010BDC05C0020EE
:10B40000B0190200A71A020011190200A8020020B8
:10B410007F19020030B5044685B060B3431C2DD0BF
:10B420004FF4004540F2E73000214FF47A720023D8
:10B43000E4FB0501F4F790FE02460B46124804F0C7
:10B44000E1FAF0B1114B0122029300231049184692
:10B45000CDE900330394FFF799FF4FF0FF320D4B16
:10B460001A600D4804F03AFA60B15C210B4B0C4AAB
:10B470000C4805F03DFA00221346DFE74FF0FF329B
:10B48000FAE7094805B030BDA8050020F31802000E
:10B490006CF30100A8020020C05C0020A919020082
:10B4A000741A020011190200A857002008B50A4BAF
:10B4B000984205D06D21094B094A0A4805F018FA4F
:10B4C000012380F81435084804F008FA18B17421F3
:10B4D000064B034AF1E708BDA8570020B91902003E
:10B4E0004B1A020011190200C05C0020B0190200C2
:10B4F00038B5134D14462B68834220D1114B93F875
:10B50000140528B97D21104B104A114805F0F0F9B7
:10B51000002083F814054FF0FF30B2F5A26F2860C9
:10B5200003D982210B4B094AEFE718460FF0B3FF0E
:10B53000C0F810450848BDE8384004F03DBA38BDB1
:10B54000A8020020A8570020DC190200171A0200E8
:10B5500011190200ED190200A80500202DE9F04F95
:10B56000B2F5004F87B081460C4615469846109EAE
:10B57000C0F02F820CF08CF916234FF0FF370360D8
:10B58000B0E1533A252AF5D801A353F822F000BFC1
:10B59000FBB6000051B90000E7B7000075B5000028
:10B5A00075B5000033B7000075B5000075B5000033
:10B5B00075B5000075B5000075B5000075B50000E3
:10B5C00075B5000075B5000075B500005DB60000EA
:10B5D000E5B6000093B8000083B7000075B5000021
:10B5E00075B5000075B50000B1B7000075B5000075
:10B5F00075B5000017B7000075B5000075B50000FF
:10B6000075B5000075B5000075B5000075B5000092
:10B61000FBB6000051B9000075B5000075B500001B
:10B6200075B5000033B70000433A092AA2D801A338
:10B6300053F822F0E5B6000093B800005BB70000B5
:10B6400075B5000075B5000075B5000075B5000052
:10B6500075B5000075B5000017B7000033681A1DF6
:10B6600032601A681DB90CF013F98B2385E722B1FB
:10B670002378003B18BF0123137001370134013DCB
:10B6800040460EF0AEF8804698F80020002A00F000
:10B690002981292A00F02681782A3FF66BAF522AA9
:10B6A0003FF66FAF4C2A3FF665AF422ABCD82E2A30
:10B6B000E6D0362A7FF45EAF0F2DD4D9336804F17B
:10B6C0001002191D31601B68B9F1000F41D02BB178
:10B6D00054F8041B944243F8041BF9D11446103764
:10B6E000103DCDE733681A1D32601B68002DBAD0BB
:10B6F000002BC2D022781A70BFE73368012D03F106
:10B70000040232601B68AED90BB122881A8002375E
:10B710000234023DB4E73368032D03F104023260C2
:10B720001B68A0D90BB122681A6004370434043DA9
:10B73000A6E73368072D03F1040232601B6892D933
:10B740001BB121686268C3E9001208370834083D5C
:10B7500096E7002BC2D01C60C0E7072D83D9336861
:10B760001A1D32601B68B9F1000F06D0002BECD017
:10B7700022681A6062685A60E7E7002BE5D01C6017
:10B78000E3E7052D7FF66FAF33681A1D32601B6843
:10B79000B9F1000F08D01BB122681A60A2889A8004
:10B7A00006370634063D6BE7002BF9D01C60F7E73F
:10B7B000336829461A1D32601A6820460DF0CFFF03
:10B7C0003AB11268844B9A4203D90CF061F82223F3
:10B7D000D3E6002840F386808542C0F28380074488
:10B7E00004442D1A4CE7002D3FF43DAF0023E25CEA
:10B7F0009A46013332B90AF1010A5545FFF433AFD5
:10B8000020461DE09D42F2D1AA46F4E7180618D55D
:10B8100059067FF5AFAE980629D5D90629D51B075D
:10B820003FF5A8AE032304E001F0C00180297FF4B6
:10B83000A1AE013BDBB2FF2B104612F8011BF3D186
:10B84000024612F8013B002BE0D133681A1D32602A
:10B85000B9F1000F18D01A4652F8080B32605B6835
:10B8600068B19A4507D90CF013F80C2385E601233B
:10B87000DFE70223DDE7524621460FF00CFE574476
:10B880005444A5EB0A05FBE61B68002BF7D01C60AF
:10B89000F5E70023ADF81630336840461A1D3260D4
:10B8A0001A4652F808BB3260D3F804A00DF099FF95
:10B8B00098F800200378642A02D0BBB1292B15D058
:10B8C00029460DF116032046444A0DF0B3FF002827
:10B8D000034604EB000105DD40F21352BDF81600EB
:10B8E000904207D9384607B0BDE8F08F21460023C3
:10B8F000ADF81650BDF81620D018A8423FF7B3AEE9
:10B90000B9F1000F12D0BAF1000F3FF433AEDAF8FC
:10B9100000009042FFF42EAE584603930FF0BBFD9B
:10B92000039BBDF81620CAF8002007E0BBF1000F0A
:10B9300001D0CBF80010BAF1000FF2D1BDF81620FB
:10B9400013449AB217FA83F714FA83F4AD1A97E600
:10B9500000234046ADF816300DF043FF98F8002064
:10B960000378742A02D063B3292B2AD029462046B3
:10B970001A4A0DF116030DF05DFF0028824604EB14
:10B980000001AFDD40F21353BDF816209A42A9D84A
:10B99000BDF8162002EB0A03AB423FF764AE00206D
:10B9A000009608F10203FFF7D9FD0028FFF65BAE11
:10B9B000BAF1000F0BD0BDF816309A441FFA8AF086
:10B9C0000DE721464FF0000AADF81650E0E780B2CF
:10B9D00005E7002758E600BFFEFF1F000E1E02000D
:10B9E000B1F5004F2DE9F74F05460C4690461F462E
:10B9F00009D30BF04DFF16234FF0FF36036030469E
:10BA000003B0BDE8F08F002808BF0024002698F896
:10BA10000030002BF3D0292BF1D0782BE9D8522B12
:10BA20001ED84C2BE5D8422B6CD82E2B00F09280E0
:10BA3000362BDED13B680F2C03F104023A6006F18D
:10BA4000100640F294812A461B6803F1100153F856
:10BA5000040B8B4242F8040BF9D11035103C79E00D
:10BA6000533B252BC5D801A252F823F06FBB000031
:10BA700001BD000069BC0000F3B90000F3B900008B
:10BA8000B9BB0000F3B90000F3B90000F3B900003E
:10BA9000F3B90000F3B90000F3B90000F3B90000F6
:10BAA000F3B90000F3B900003DBB00005FBB00002C
:10BAB0009FBC0000F9BB0000F3B90000F3B900001F
:10BAC000F3B9000043BC0000F3B90000F3B9000073
:10BAD00091BB0000F3B90000F3B90000F3B9000016
:10BAE000F3B90000F3B90000F3B900006FBB000028
:10BAF00001BD0000F3B90000F3B90000F3B9000084
:10BB0000B9BB0000433B092B3FF673AF01A252F8CB
:10BB100023F000BF5FBB00009FBC00001FBC000003
:10BB2000F3B90000F3B90000F3B90000F3B9000065
:10BB3000F3B90000F3B9000091BB00003B68013687
:10BB40001A1D3A6034B11B68003B18BF012305F889
:10BB5000013B013C40460DF044FE804657E73B6800
:10BB600001361A1D3A60002CF4D01B68EFE73B68E1
:10BB7000012C03F104023A6006F1020640F2F7805C
:10BB80001B68023CC3F307226A7005F8023BE1E739
:10BB90003B68032C03F104023A6006F1040640F20C
:10BBA000E6801B68043C1A0EEA701A0CAA701A0A86
:10BBB0006A7005F8043BCDE73B68072C03F10703E7
:10BBC00023F0070303F108023A6006F1080640F289
:10BBD000CE80D3E90023190EE971190CA9712B71DC
:10BBE000190A130EEB70130CAB70130A69716B70AA
:10BBF00005F8082B083CADE73B68052C03F104026F
:10BC00003A6006F1060640F2B2801B6806351A68F3
:10BC1000063C45F8062C9B8825F8023C9AE73B68D1
:10BC2000072C03F104023A6006F1080640F29F80F7
:10BC30001A680835136845F8083C536845F8043C11
:10BC4000D8E73B681A1D3A601A684A4B9A423FF699
:10BC5000D0AE214628460DF0AEFD84420644C0F227
:10BC600086800544241A75E73B681A1D3A60D3F8AC
:10BC700000A0BAF1000F0DD05046F4F775FF00F1A7
:10BC800001094C454E4472D34A46514628460FF0AE
:10BC900002FC31E04FF00109DFF8E0A0F1E73B687A
:10BCA00040461A1D3A601A4652F808AB3A60D3F87B
:10BCB00004900DF096FD98F800200378642A02D0D5
:10BCC000ABB1292B13D04B46214628462A4A0DF00A
:10BCD000C3FD00287FF78DAE00EB09039C421E4494
:10BCE00045D30544241ABAF1000FCDD104E04C45E8
:10BCF0004E443CD3002DF6D14D44A4EB090429E772
:10BD000040460DF06EFD98F8013090F80090282B19
:10BD10007FF46FAE00213B6808F1020A019352469E
:10BD200001AB0846FFF75CFE98F800308346742BA1
:10BD300005D0B9F1000F18D0B9F1290F15D021465F
:10BD40005B4628460C4A0DF087FD011E7FF751AE79
:10BD50008B44A3455E440ADC0D44641A3B465246BC
:10BD600021462846FFF73CFE7BE70021F0E7002450
:10BD7000F0E600BFFEFF1F000E1E02003B22020085
:10BD80008123802AB2FBF3F310B506D929B97421B7
:10BD9000094B0A4A0A4804F0ABFDC0E9001300232E
:10BDA0001C4642689A4200D810BD03EBC3120A44F5
:10BDB00082F880400133F4E7FA1A0200A81B02005F
:10BDC000371B0200812273B5D0E900534C1BB4FB32
:10BDD000F2F40026A342019605D86521084B094AD2
:10BDE000094804F085FD04EBC41401A825440DF0B6
:10BDF00095FC019885F880600DF09AFC02B070BD4A
:10BE0000861B02009C1B0200371B02002DE9F34138
:10BE100005461430DDF8208016461F4601910DF0CE
:10BE200031FDC8F8000078B13A4631460FF033FBD7
:10BE30004146284601AA0DF0CEFD28B95021044BF9
:10BE4000044A054804F054FD02B0BDE8F08100BF8B
:10BE5000C91B02001D1C0200D01B020000487047D5
:10BE600064650020004870479065002007B50422F3
:10BE70000B490C480DF056FD10230B4A0B490C489A
:10BE80000DF025FDFFF794FAFFF7F0F9002803DA2B
:10BE9000019001A80DF02AFA03B05DF804FB00BF81
:10BEA0008065002090650020D45C0020E4640020C0
:10BEB0006465002000B589B007AB029306AB01931F
:10BEC00005AB0093084A0DF113030DF0B3FC0028F5
:10BED00007DBDDE9061205980DF07CFE09B05DF880
:10BEE00004FB6FF00200F9E73B1C02001FB50024C1
:10BEF00043F636408DF80B40FFF766FA43F63643BB
:10BF000003228021094800940DF0E3FD002805DBA1
:10BF10000DF10B000DF002FE002803DA039003A8D8
:10BF20000DF0E4F99DF80B0004B010BD3F1C0200B9
:10BF30001FB5002443F602408DF80B40FFF744FA8A
:10BF400043F6024303228021094800940DF0C1FD0D
:10BF5000002805DB0DF10B000DF0F7FD002803DADA
:10BF6000039003A80DF0C2F99DF80B0004B010BDBA
:10BF70003F1C0200F0B51F4600230C46164605463E
:10BF800089B043F627408DF81B30FFF71DFA0E9B52
:10BF90000322CDE90373802143F62743CDE9005402
:10BFA000094802960DF095FD002805DB0DF11B00F8
:10BFB0000DF0CBFD002803DA079007A80DF096F9E5
:10BFC0009DF81B0009B0F0BD431C02001FB50446DC
:10BFD0000020FFF7F9F902230322CDE90043802175
:10BFE00043F60C4307480DF074FD002803DB0DF009
:10BFF000C3FD002803DA039003A80DF077F904B01D
:10C0000010BD00BF501C02001FB504460020FFF702
:10C01000DBF902230322CDE90043802143F60D43DF
:10C0200007480DF056FD002803DB0DF0A5FD0028A4
:10C0300003DA039003A80DF059F904B010BD00BF56
:10C04000501C02001FB504460020FFF7BDF908236D
:10C050000322CDE90043802143F60E4307480DF04B
:10C0600038FD002803DB0DF087FD002803DA03907C
:10C0700003A80DF03BF904B010BD00BF501C020036
:10C080001FB504460020FFF79FF943F60F43032234
:10C090008021084800940DF01CFD002803DB0DF002
:10C0A0006BFD002803DA039003A80DF01FF904B01C
:10C0B00010BD00BF551C02001FB504460020FFF74D
:10C0C00083F943F6104303228021084800940DF0C1
:10C0D00000FD002803DB0DF04FFD002803DA03907C
:10C0E00003A80DF003F904B010BD00BF551C0200F9
:10C0F0001FB504460020FFF767F943F60B43032200
:10C100008021084800940DF0E4FC002803DB0DF0CA
:10C1100033FD002803DA039003A80DF0E7F804B01C
:10C1200010BD00BF5A1C0200F0B50F461E4600238A
:10C1300089B0044643F620408DF81B301546FFF7C2
:10C1400043F9002F0CBF022308239DF83820CDE9C6
:10C150000135CDE9036243F62043032280210A48DA
:10C1600000940DF0B6FC002805DB0DF11B000DF06E
:10C17000ECFC002803DA079007A80DF0B7F89DF84B
:10C180001B0009B0F0BD00BF5F1C020070B50023AA
:10C190000E4686B0044643F621408DF8133015460E
:10C1A000FFF712F9002E0CBF022308230322CDE96A
:10C1B0000135802143F62143094800940DF089FCA4
:10C1C000002805DB0DF113000DF0BFFC002803DA99
:10C1D000059005A80DF08AF89DF8130006B070BD13
:10C1E000661C02001FB504460020FFF7EDF843F679
:10C1F000074303228021084800940DF06AFC0028C0
:10C2000003DB0DF0B9FC002803DA039003A80DF05E
:10C210006DF804B010BD00BF551C0200002330B5FE
:10C220000D4685B0044643F608408DF80B30FFF705
:10C23000CBF8002D0CBF022308230322CDE90043D5
:10C24000802143F6084309480DF043FC002805DB34
:10C250000DF10B000DF079FC002803DA039003A820
:10C260000DF044F89DF80B0005B030BD501C0200E5
:10C27000002330B50D4685B0044643F609408DF8DD
:10C280000B30FFF7A1F8002D0CBF02230823032277
:10C29000CDE90043802143F6094309480DF019FC1C
:10C2A000002805DB0DF10B000DF04FFC002803DA30
:10C2B000039003A80DF01AF89DF80B0005B030BDEF
:10C2C000501C02001FB504460020FFF77DF843F61E
:10C2D0000A4303228021084800940DF0FAFB00284D
:10C2E00003DB0DF049FC002803DA039003A80CF0EF
:10C2F000FDFF04B010BD00BF551C02001FB5044671
:10C300000020FFF761F843F6044303228021084828
:10C3100000940DF0DEFB002803DB0DF02DFC00285F
:10C3200003DA039003A80CF0E1FF04B010BD00BFD6
:10C330005A1C02001FB5002343F603400DF10B0405
:10C340008DF80B30FFF740F843F6034303228021BA
:10C35000094800940DF0BDFB002804DB20460DF0D9
:10C36000DDFB002803DA039003A80CF0BFFF9DF863
:10C370000B0004B010BD00BF3F1C02001FB500241D
:10C3800043F611408DF80B40FFF71EF843F61143BA
:10C3900003228021094800940DF09BFB002805DB57
:10C3A0000DF10B000DF0D1FB002803DA039003A878
:10C3B0000CF09CFF9DF80B0004B010BD3F1C020068
:10C3C0001FB50023044643F614408DF80B30FEF7EA
:10C3D000FBFF43F61443032280210A4800940DF02A
:10C3E00078FB002805DB0DF10B000DF0AEFB0028FB
:10C3F00003DA039003A80CF079FF9DF80B0004B05A
:10C4000010BD00BF4B1C020030B5002305468DB0A7
:10C410000C468DF82730FFF725FD29460AAA0DF0B6
:10C420008BFA1C4B002C08BF1C4678B343F61C400B
:10C43000FEF7CAFF2B7803220433CDE905530A9B8C
:10C440008021049394F9033013480393A378029353
:10C45000637801932378009343F61C430DF039FB76
:10C46000041E09DB0DF127000DF06FFB041E03DB3A
:10C470009DF827000DB030BDFFF7F4FC0A990DF0D0
:10C4800073FA0BA80B940CF031FFF1E76FF008047E
:10C49000F7E700BFCA1C02006C1C020030B5002385
:10C4A00005468DB00C468DF82730FFF7DBFC29469A
:10C4B0000AAA0DF041FA1D4B002C08BF1C460028AB
:10C4C00031D043F61B40FEF77FFF2B780322043365
:10C4D000CDE906530A9B8021059394F90430144852
:10C4E0000493E3780393A37802936378019323780A
:10C4F000009343F61B430DF0ECFA041E09DB0DF12B
:10C5000027000DF022FB041E03DB9DF827000DB071
:10C5100030BDFFF7A7FC0A990DF026FA0BA80B9483
:10C520000CF0E4FEF1E76FF00804F7E7C51C020029
:10C53000791C0200F0B505461E46002391B08DF827
:10C5400037301746169CFFF78DFC29460EAA0DF0D2
:10C55000F3F91F4B002C08BF1C46002835D043F6CA
:10C560002540FEF731FF2B78CDE906760433CDE97F
:10C5700009530E9B0322089394F9053080210593FB
:10C58000237914480493E3780393A37802936378A0
:10C5900001932378009343F625430DF09AFA041E85
:10C5A00009DB0DF137000DF0D0FA041E03DB9DF816
:10C5B000370011B0F0BDFFF755FC0E990DF0D4F91E
:10C5C0000FA80F940CF092FEF1E76FF00804F7E764
:10C5D000BF1C0200871C02001FB50446FFF73EFC8B
:10C5E000214602AA0DF086F930B96FF007000390DA
:10C5F00003A80CF07BFE18E00020FEF7E5FE029B8E
:10C6000003220093802143F61A4309480DF061FA92
:10C610000028ECDBFFF722FC21460DF073F900281F
:10C62000E3D00DF0A9FA0028E1DB04B010BD00BF93
:10C630004B1C02001FB504460020FEF7C5FE43F662
:10C64000064303228021084800940DF042FA002896
:10C6500003DB0DF091FA002803DA039003A80CF035
:10C6600045FE04B010BD00BF971C020030B5002489
:10C6700085B043F61F400294FEF7A6FE009443F6F1
:10C680001F430322802110480DF023FA041E10DB03
:10C690004FF4FA70FEF7BEFE054688B1D0F81015CB
:10C6A00002AA00F041F904462846FEF7FFFE002CDE
:10C6B00003DA03A803940CF019FE029805B030BD0C
:10C6C0006FF00404F5E700BF3F1C020000220023C6
:10C6D00030B543F6224087B0CDE90423FEF774FE5F
:10C6E000002303220093802143F6224310480DF0DB
:10C6F000F0F9041E10DB4FF4FA70FEF78BFE0546CE
:10C7000090B1D0F8101504AA00F01CF90446284690
:10C71000FEF7CCFE002C03DA03A803940CF0E6FD30
:10C72000DDE9040107B030BD6FF00404F4E700BF99
:10C730003F1C02001FB504460020FEF745FE43F6ED
:10C74000294303228021084800940DF0C2F90028F3
:10C7500003DB0DF011FA002803DA039003A80CF0B4
:10C76000C5FD04B010BD00BF4B1C02001FB5044640
:10C770000020FEF729FE4FF4715303228021084860
:10C7800000940DF0A6F9002803DB0DF0F5F9002860
:10C7900003DA039003A80CF0A9FD04B010BD00BF9C
:10C7A0004B1C020010B5002304468AB043F62A4011
:10C7B0008DF82330FEF708FE237D032207932369BB
:10C7C00080210693E3681048059309230493A36826
:10C7D000039323790293102301932368009343F674
:10C7E0002A430DF076F9002805DB0DF123000DF04A
:10C7F00095F9002803DA099009A80CF077FD9DF857
:10C8000023000AB010BD00BF9C1C0200002310B51D
:10C81000044686B043F62B408DF81330FEF7D4FD66
:10C8200009230293636803220193237880210093F4
:10C830000A4843F62B430DF04CF9002805DB0DF1B7
:10C8400013000DF06BF9002803DA059005A80CF031
:10C850004DFD9DF8130006B010BD00BFAC1C0200DA
:10C860001FB504460020FEF7AFFD43F62C4303221C
:10C870008021084800940DF02CF9002803DB0DF00E
:10C880007BF9002803DA039003A80CF02FFD04B015
:10C8900010BD00BFB51C020030B50C46054685B082
:10C8A0000020FEF791FD43F63F4303228021CDE9AE
:10C8B000005407480DF00DF9002803DB0DF05CF97A
:10C8C000002803DA039003A80CF010FD05B030BD7A
:10C8D000BA1C020008B51346044A0CF0ABFF00284E
:10C8E000B4BF6FF00200002008BD00BF411C020071
:10C8F00008B51346044A0CF09DFF0028B4BF6FF042
:10C900000200002008BD00BFAA1C020008B51346A3
:10C91000044A0CF08FFF0028B4BF6FF00200002023
:10C9200008BD00BF3D0F020008B51346044A0CF0D5
:10C9300081FF0028B4BF6FF00200002008BD00BFD7
:10C94000491C020008B51346044A0CF073FF002886
:10C95000B4BF6FF00200002008BD00BF6D200200D0
:10C9600070B59CB00EAB01930DAB0093B24A0CAB0B
:10C970000CF060FF00280FDB43F623430C9898422D
:10C980004FD843F61343984209D8002853D0A0F556
:10C990007053013B122B2BD96FF0020002E1A0F57E
:10C9A0007053143B0F2BF7D801A252F823F000BFAD
:10C9B00037CA000061CA00007BCA00009BCA0000A1
:10C9C00017CC00005DCC000099C9000037CA0000F8
:10C9D00037CA0000F1CA0000A9CB000037CA000026
:10C9E00037CA000037CA000037CA000037CA000043
:10C9F0000122924902FA03F40C401CD1122B20D0E0
:10CA0000112BC9D18E4A16ABDDE90D018DF85840C6
:10CA10000CF010FF0028BFDB9DF85800FCF7D2FC9B
:10CA20000DE0A0F57053253B192BB5D8854A22FAA5
:10CA300003F3DB07B0D5DDE90D12FEF759FD002049
:10CA4000B0E08DF8582016AB7F4ADDE90D010CF0FF
:10CA5000F1FE0028A0DB9DF85800FCF7BDFCEEE7D6
:10CA6000794A16ABDDE90D010CF0E4FE002893DBFA
:10CA70009DF85800FCF7BAFCE1E70123DDE90D0160
:10CA80008DF85830704A16AB0CF0D4FE002883DBCA
:10CA90009DF85800FCF7C0FCD1E716AB049311AB2E
:10CAA000039310AB029314AB019313AB0093674A4B
:10CAB00012ABDDE90D010CF0BDFE0028FFF66CAFF6
:10CAC000FFF7CCF9DDE9121215AB0093149B043B80
:10CAD000FFF79CF9002863D0DDE916239DF940108B
:10CAE000CDE9002315989DF84420FCF7BDFBA6E78F
:10CAF0000021DDE90D5616AC1822204615910EF0E6
:10CB000004FD11AB0A9318AB099310AB08931AAB51
:10CB100007930DF1660306930DF16503059319ABB9
:10CB200004930DF15903CDE9024312AB019314AB09
:10CB3000284600933146464A0FAB0CF07BFE002896
:10CB4000189DFFF629AFFFF78DF90F9913AA0CF086
:10CB5000FFFE10B96FF0070024E0119B042B13D1E6
:10CB6000FFF780F90F990CF0FFFE0028F2D0DDE905
:10CB70001301129A043A0EF08EFC159B214613986D
:10CB80001893FCF7E9FB5AE7FFF768F915AB009338
:10CB9000119B2A461099043BFFF738F90028DFD192
:10CBA0006FF008001CB070BD16AC1822DDE90D5600
:10CBB000002120460EF0A9FC0DF15903CDE90343F5
:10CBC00011AB029315AB019313AB0093314628468A
:10CBD000204A12AB0CF02EFE0028FFF6DDAEFFF768
:10CBE00041F9129914AA0CF0B3FE0028B2D0FFF755
:10CBF00039F912990CF0B8FE0028ABD0DDE913101A
:10CC0000159A043A0EF047FC22469DF844101498F9
:10CC1000FCF7C8FB13E716AB00930F4A15ABDDE931
:10CC20000D010CF007FE0028FFF6B6AE16999DF830
:10CC30005400FCF757FB02E73C1C0200970101007F
:10CC4000AA1C02006F7FB2023D0F0200CE1C020040
:10CC5000D71C0200E81C0200481C020016AB00931F
:10CC60000A4A15ABDDE90D010CF0E4FD0028FFF6E2
:10CC700093AE159800283FF48FAE0278169B9A4227
:10CC80007FF48AAEFCF75EFBD9E600BF301D0200E0
:10CC90004FF47F03D3F83021D3F83431072A05D17C
:10CCA000023B032B02D8024AD05C70470020704739
:10CCB000F91C020008B5FFF7EBFF58B1694BD3F838
:10CCC000202A3AB90D21C3F8201A0121C3F81C19F2
:10CCD000C3F81C290022D30003F57F03D3F8001307
:10CCE000013107D0D3F800130132D3F80433202ADE
:10CCF0000B60F0D1FFF7CCFF002840F0AA80FFF7CF
:10CD0000C7FF40B1584B594AC3F830254FF0502364
:10CD10000122C3F858254FF47F03D3F83021D3F80C
:10CD20003431072A09D1023B032B06D8504AD35C81
:10CD30001BB100224F4BC3F84C25FFF7A9FF50B1A0
:10CD40004FF05023D3F80024D10742BF0022C3F88C
:10CD50001421C3F818214FF47F03D3F83021D3F8FE
:10CD60003431072A09D14FF05023D3F80024D207D9
:10CD700044BF6FF00102C3F80024FFF789FF18B128
:10CD80006522384BC3F80C274FF47F03D3F83021CA
:10CD9000D3F83431072A16D1364BD3F82034002B80
:10CDA00011DA4FF050230322C3F8182501229A60AC
:10CDB000D3F80421002AFBD00022C3F80421012269
:10CDC000DA60C3F818254FF47F03D3F83021D3F885
:10CDD0003431072A23D1023B032B02D8264AD35CE5
:10CDE000EBB17E221F4B2049C3F80C27C3F83C2926
:10CDF0007F23224AC2F818310023C1F8043EC1F84B
:10CE0000083E01F54821C1F81031C2F82431C2F8BA
:10CE10002C3102F5FF1202F58052C2F8A032184BF5
:10CE20001849D3F88C2042F44062C3F88C2008687B
:10CE3000154AC2F84405C969C2F84C15D3F88820D0
:10CE400042F47002C3F88820BFF34F8FBFF36F8F97
:10CE500008BD2922034BC3F80C270322C3F83C2743
:10CE60004DE700BF00400050009003504400EFBE6B
:10CE7000F51C020000200350F11C020000200050AD
:10CE800000ED00E00080FF000060005070B501255B
:10CE90000268B2FA82F3C3F11F03DBB205FA03F4AE
:10CEA00022EA0404D0E8EF6F964204D1C0E8EC4FC8
:10CEB000BCF1000FF6D1EBD101480B7070BD00BF83
:10CEC0000000AD0B10B50368CB40DB0710D4012385
:10CED0008B40026843EA0201D0E8EF4F944204D14C
:10CEE000C0E8EC1FBCF1000FF6D1F2D1014810BD33
:10CEF0000148FCE70000AD0B0400AD0B044B1A79B0
:10CF000022B9012218601A7102487047024870471E
:10CF1000A46500200000AD0B0C00AD0B08B505208A
:10CF2000F8F722F910B90520F8F7FCF84FF0502275
:10CF30000123C2F81835C2F81435C2F88035014A09
:10CF4000137008BD217500204FF0502310B5D3F8A1
:10CF5000002152B10020C3F80001D3F800210122C2
:10CF6000C3F80823234B1B6898474FF05023D3F88E
:10CF700004218AB10022C3F80421D3F80421D3F894
:10CF80001824D3F8181402F00302012A4FF002010A
:10CF900028D1C3F818159A604FF05023D3F82021F8
:10CFA00062B10022C3F82021D3F820214FF480720F
:10CFB000C3F808230F4B04201B6898474FF05023F9
:10CFC000D3F82421AAB10022C3F82421D3F82421C4
:10CFD0004FF40072C3F80823064B0520BDE810404B
:10CFE0001B681847C3F80813024B01201B689847B9
:10CFF000D2E710BDA465002001460148FFF746BFF7
:10D00000B00200200123044A83400146C2F80835DB
:10D010000248FFF757BF00BF00700150B002002068
:10D0200070B5084C0E462379154643B92A20F8F707
:10D0300079F80123044823712660A56070BD034878
:10D04000FCE700BFAC6500200000AD0B0C00AD0B91
:10D05000002330B50D4A50F8234003F5A271013387
:10D06000102B42F82140F6D10023084A00F13C0180
:10D0700003F5B27451F8045F0133102B42F82450C9
:10D08000F6D1D0F88030C2F8043330BD00A0025091
:10D090000123024A8340C2F80433704700A00250C3
:10D0A0000123024A8340C2F80833704700A00250AF
:10D0B000F8B5012600270B4B0B4DD3F80C4304B9F0
:10D0C000F8BD94FAA4F0B0FA80F006FA00F324EA6E
:10D0D0000304064B82009F502B68002BEFD0A968F9
:10D0E0009847ECE700A00250AC65002000A1025078
:10D0F0000022034BC3F88425C3F80425704700BF02
:10D1000000900350044AD2F80034DB07FBD50160DD
:10D11000BFF35F8F704700BF0090035008B5C0F3A6
:10D120000B0383B90222094BC3F88425C3F80425F5
:10D130004FF0FF320260D3F80024D207FBD5FFF78F
:10D14000D7FF034808BD0348FCE700BF0090035029
:10D150000000AD0B0A00AD0B012208B5054BC3F86A
:10D160008425C3F80425FFF7CDFFBDE80840FFF78D
:10D17000BFBF00BF0090035010B5174C23784BBBC6
:10D180000378164AC3F34003C2F8003B037803F068
:10D190000103C2F804370378DB0710D54FF47F038F
:10D1A000D3F83011D3F83431072908D1023B032BCF
:10D1B00005D80B49CB5C13B10123C2F828370520F1
:10D1C000F7F7D2FF10B90520F7F7ACFF01230548A8
:10D1D000237010BD0448FCE7227500200040005079
:10D1E000121D02000000AD0B0C00AD0B4FF05023E0
:10D1F00010B5D3F8044361070AD5D3F808213AB132
:10D200000022C3F80821D3F80831124B1B68984755
:10D21000A2060CD54FF05023D3F814213AB10020C8
:10D22000C3F81401D3F814310B4B1B6898476306FD
:10D230000FD54FF05023D3F8182152B10022C3F874
:10D240001821D3F81831044B0120BDE810401B68A9
:10D25000184710BDBC650020B865002070B500F00F
:10D260006044B4F1005F68D1840766D1354D95F80C
:10D270003040012C01D09C4261D12C6804BB022BB0
:10D28000314B0BBFC3F81025C3F80425C3F81405B0
:10D29000C3F808050BBFC3F81815C3F80C1508220E
:10D2A00004220021C3F8001102F1A043012203F57A
:10D2B0002C331A60244AD2F80031002BFBD00DE049
:10D2C000AE68214C66B1022BE8606961EA612DD13C
:10D2D000C4F81025C4F81405C4F818151B4870BD0F
:10D2E000022B85F830302961AA61A8600CBFC4F810
:10D2F0001025C4F804254FF000020BBFC4F8140534
:10D30000C4F80805C4F81815C4F80C1508BF08239C
:10D310000D4918BF0423C1F80021012203F1A043E5
:10D3200003F52C33C1F804231A60D7E7C4F80425A9
:10D33000C4F80805C4F80C15D0E70548CFE7054840
:10D34000CDE700BFC065002000B002500000AD0B6B
:10D350000A00AD0B0B00AD0B38B54CF25034064D46
:10D36000D5F8003133B90A200CF03FFC013CF7D16D
:10D37000024838BD0248FCE700B002500700AD0B80
:10D380000000AD0B084B9A685A621A699A629A6952
:10D39000DA62DA689A6032B15A691A61DA699A61B6
:10D3A0000022DA6070477047C065002010B50A4A55
:10D3B0000A4C00F01F034009012818BF224602EB67
:10D3C0008302D2F8003203F0E04343EA012343F042
:10D3D0000203C2F8003210BD00288450002584509A
:10D3E00010B50E4B0238D3F83C26D3F83836072850
:10D3F00013D8DFE800F0110F0D0B0A080604100E19
:10D40000C871100C8871100A48710A711A0ECA701E
:10D410001A0C8A701A0A4A700B7010BD00B00250C4
:10D42000023807281FD8DFE800F02927251123211B
:10D430001F04CB791B068A7943EA02434A7943EAFF
:10D4400002230A7913430E4AC2F83C36CB781B06F6
:10D450008A7843EA02434A7843EA02230A7813436C
:10D46000074AC2F8383670470023E4E70023E5E7AF
:10D470000023E6E70023EBE70023ECE70023EDE7DA
:10D4800000B002502DE9F0416D4D044695F8303062
:10D490000E461746002B40F0CE80C27C12B1037DB1
:10D4A000002B6CD12079FF2800F0C8806379FF2B16
:10D4B00000F0C480A379FF2B00F0C080E179FF2940
:10D4C00000F0BC806368DFF88CC123F07F436345C4
:10D4D00040F0B4800E2940F0B180237AFF2B02D0B7
:10D4E0000F2B40F0AB80637AFF2B02D0102B40F063
:10D4F000A580B2B90321FFF759FF6079FFF756FF06
:10D50000A079FFF753FFE079FFF750FF207AFF285B
:10D5100001D0FFF74BFF607AFF2802D00321FFF70D
:10D5200045FF237D5BBB2379FF2B14BF1A464FF0C9
:10D53000FF32444BC3F824256279FF2A08BF4FF01D
:10D54000FF32C3F82825A279FF2A08BF4FF0FF3227
:10D55000C3F83025E279FF2A08BF4FF0FF32C3F845
:10D560003425227AFF2A08BF4FF0FF32C3F838254E
:10D57000627AFF2A08BF4FF0FF32C3F83C2501232F
:10D580000022DFF8C080C8F80833C8F80021C8F8C6
:10D590000030FFF7E1FE2C4B98424DD02368C8F8CD
:10D5A0004035237BE17AA27A9B0143EAC10313430E
:10D5B000627B43EAC213C8F84435627CD8F844352C
:10D5C000A2BB43F440331F49C1F844354FF4C06354
:10D5D000C1F84036D1F80026A37B22F07F4222F02A
:10D5E000FF021343E27B43EA0263227C43EA426385
:10D5F000627C43EA0273C1F80036E37CC5E9006748
:10D6000085F8313016B12B20F7F78CFD002101226F
:10D61000C5E902110B4B85F83020C3F80025C3F88B
:10D6200000111A60BDE8F041FFF796BE23F4003305
:10D6300043F48033C7E70548BDE8F0810448FBE7C1
:10D64000C065002000B002500700AD0B0500AD0B17
:10D650000400AD0B11120D002DE9F04115461F4AD3
:10D66000044692F83020012A35D111B14078FFF7F5
:10D67000D7FE012300271A4EDFF86880C6F808336A
:10D68000C6F800713360FFF767FE404502D11548C8
:10D69000BDE8F081C6F80071A37862781B0343EA05
:10D6A000022322781343E27843EA4233227943EAA1
:10D6B0008233627943EAC233C6F83436FFF74CFE50
:10D6C0004045E4D0C6F800711DB129466078FFF7E7
:10D6D00087FE0548DCE70548DAE700BFC0650020A3
:10D6E00000B002500700AD0B0000AD0B0B00AD0BFE
:10D6F0001FB500230C4A02A802920DF10702114641
:10D700008DF80730ADF80C30FFF7A6FF074B9842B5
:10D7100006D19DF8073013F0010F054B18BF1846CE
:10D7200005B05DF804FB00BF050200010000AD0B71
:10D730000B00AD0B2DE9F8432B20F7F701FD214B32
:10D74000214ED3F8342602F44032B2F5803F04BFB4
:10D750001E4AC3F834260122C3F808231A610022A6
:10D76000C3F80025C3F8002196F8312022BBD3F876
:10D770002405D3F82895C0B2D3F83085D3F8347592
:10D78000D3F83855D3F83C450CF065FB5FFA89F0C7
:10D790000CF061FB5FFA88F00CF05DFBF8B20CF066
:10D7A0005AFBE8B2FF28E4B201D00CF054FBFF2C86
:10D7B00002D020460CF04FFB002386F83030BDE845
:10D7C000F88300BF00B00250C065002000010300D4
:10D7D0008B0721D1124A13681BB192F83030012B0C
:10D7E0001CD1042382F830300E4BC3F81C150021E5
:10D7F000C3F82005C3F800110121D960106840B9B1
:10D80000D3F800110029FBD0012382F830300648FC
:10D810007047C3F80413FAE7044870470448704798
:10D82000C065002000B002500000AD0B0A00AD0B37
:10D830000B00AD0B10B5174BD3F80021E2B100225D
:10D84000154CC3F8002194F83020032A15D0042A7F
:10D8500015D0022A04D1012384F82030FFF792FD6D
:10D86000A36813B9012384F83030D4E900310020D3
:10D870009847002384F8203010BD0223ECE70322F0
:10D8800084F82020D3F81C256262D3F8203584F870
:10D890002830E5E700B00250C0650020054B10F0CD
:10D8A000800FA3F1900208BF134600F00F0003EBB6
:10D8B000001070479C670020002307B5064A01A8A6
:10D8C0001370064A137001230193054B1B68984798
:10D8D00003B05DF804FB00BF25750020247500200F
:10D8E0003468002013B5194BD3F80044C3F8004442
:10D8F000E105D3F8003408D50122154B01A81A70B0
:10D9000002230193134B1B689847A20508D50022F8
:10D910000F4B01A81A70032301930E4B1B68984705
:10D92000630510D50A4B1A786AB100221A700122D9
:10D93000064B01A8C3F808259A659B6D0423019343
:10D94000044B1B68984702B010BD00BF0060035035
:10D950002575002034680020F8B54B6806469A42C9
:10D9600028BF1A4615460C46084F4023384609681A
:10D970000DF09EFDC6E9007560682368401B2B44CE
:10D9800060602360003818BF0120F8BDF4650020F6
:10D9900070B54B6806469A4228BF1A460D46144693
:10D9A00092B14023096809480DF082FD074BC6E992
:10D9B00000346B68201EA3EB04036B602B6818BF58
:10D9C000012023442B6070BD1346F0E7F46500206E
:10D9D000002307B58DF804300B4B01A8D3F82025A0
:10D9E000ADF80620D3F8C034084A002B14BF4FF01E
:10D9F00001214FF4807113680B431360044B1B68C3
:10DA0000984703B05DF804FB0060035030680020C5
:10DA100034680020044BD3E8EF1F0140C3E8E21F45
:10DA2000002AF8D1704700BF2C680020002208B5FA
:10DA30000B4B01461A70FFF731FF837B032B0AD192
:10DA400008460CF054FA012303FA00F0C043BDE885
:10DA50000840FFF7DFBF0368002BF1D008BD00BF0F
:10DA6000237500200022084B1A70084B93F89E2063
:10DA7000032A03D16FF00100FFF7CCBFD3F8903039
:10DA8000002BF7D0704700BF237500200C670020E3
:10DA9000012273B502FA01F51C4910F0800F0B68E2
:10DAA000044643EA05031A4E0B6024D0194B00F0DC
:10DAB0000F0233F8123003F1A04303F558331A680C
:10DAC00032B1002280281A601B6811D0FFF7AEFF28
:10DAD00033682B400AD106228DF806408DF80420C9
:10DAE0008DF807300C4B01A81B68984702B070BD39
:10DAF000FFF7B8FFECE733681D42F7D106238DF836
:10DB000006008DF804308DF80720EBE73068002020
:10DB10002C6800203C0002003468002008B5054B4A
:10DB20001A7810460CF0E3F9BDE8084001461046AB
:10DB3000FFF7AEBF2475002007B500220D4B1A7009
:10DB40000D4B93F88E20032A10D0D3F880306BB998
:10DB50006FF08070FFF75EFF06238DF80430082316
:10DB6000ADF80630054B01A81B68984703B05DF877
:10DB700004FB00BF237500200C67002034680020E0
:10DB800007B50022104B1A70104B93F81E21032A80
:10DB900006D16FF4807003B05DF804EBFFF73ABF75
:10DBA000D3F810316BB96FF48070FFF733FF0623A1
:10DBB0008DF804308823ADF80630054B01A81B68AA
:10DBC000984703B05DF804FB237500200C67002024
:10DBD000346800200023024A1360024A1370704721
:10DBE00034680020267500204FF40062134BC3F800
:10DBF0000024D3F800240122C3F80025D3F800251F
:10DC0000D3F800241205FBD54FF40062C3F80024BA
:10DC1000D3F800248022C3F81C25002240F2FF1113
:10DC2000C3F83025064B1960064B1A60064B1A7074
:10DC3000064B1A700222064B1A70704700600350A0
:10DC4000306800202C6800202375002024750020F7
:10DC50002675002000220A4B10B51A70094A0A4B9B
:10DC60000A4C002808BF13463620C4F80433F7F7DF
:10DC700059FA0123C4F80435D4F8043510BD00BFA7
:10DC8000257500200714C0010714E001006003504F
:10DC9000034B1878012894BF00200120704700BF73
:10DCA0002675002010B54FF02003EFF3118183F3A8
:10DCB0001288BFF36F8F0F4B1B7803F0FF0093B1F7
:10DCC0000D4BD3F8002412F400720CD10124C3F8D8
:10DCD0002C45D3F82C45D3F80044A40504D5C3F84B
:10DCE0002C25D3F82C35002081F31188BFF36F8FDA
:10DCF00010BD00BF2575002000600350F8B51C4B17
:10DD00001C7894BB1B4A40F2FF1710600122264684
:10DD10001A7064F07F0514F0080FEDB214BF394695
:10DD2000402128460CF003F92846FFF7B7FD0134DF
:10DD3000092C867306608660EBD1002440F2FF1741
:10DD4000254614F0080FE6B214BF3946402130468C
:10DD50000CF0EDF83046FFF7A1FD0134092C857376
:10DD600005608560EDD10448F8BD0448FCE700BFBC
:10DD700026750020346800200000AD0B0500AD0BB7
:10DD80002DE9F84304464FF02003EFF3118683F3A7
:10DD90001288BFF36F8F10F00F0903D1284B1B7847
:10DDA000834248D1274B284F1A683B68D24320460C
:10DDB00092B21A434FF001080CF099F808FA00F8F3
:10DDC00012EA080F39D12046FFF768FD0C2322061E
:10DDD000054603FB09F32AD50A68886802F0604209
:10DDE000B2F1005F00F001001ED1184A184C002863
:10DDF00008BF2246174803442A6007C983E8070082
:10DE00006B6000234FF48002AB60AB733B68124839
:10DE100043EA08033B60114BC3F8042186F31188E1
:10DE2000BFF36F8FBDE8F8830D4A0E4CDFE70E4A53
:10DE300013440E4AE0E70E48F0E70E48EEE700BF55
:10DE400024750020306800202C680020C59E010049
:10DE5000A39E0100A06600200000AD0B00E100E0E1
:10DE600091D9000059D9000034660020719E01004C
:10DE70000A00AD0B0B00AD0B10F0080F074B06D0DE
:10DE8000D3F8C00410F4803F18BF0020704700F0A2
:10DE90000F0000F5947053F82000704700600350A5
:10DEA0002DE9F04F544E85B03378002B69D1DFF85F
:10DEB0006081524DD8F800402B681C4061D014F0AE
:10DEC000012314BF93FAA3F494FAA4F44FF00109C8
:10DED000B4FA84F409FA04F90F2C6FEA090953D94A
:10DEE000103CE4B22046FFF7D9FC82462046FFF7FB
:10DEF000C3FFDAF8007003468346BAF80C20DAF85C
:10DF0000041002A8B847029B002B49D108B9CAF8EF
:10DF10000000012333702B68039A03EA09032B6086
:10DF2000DAF8083061B213440029CAF8083004F066
:10DF300008050298324B04F00F044EDA002D44D04D
:10DF4000C3F8A006C3F8A4260423012203EB84032C
:10DF500003F1A04303F558331A601B68294A2A4B82
:10DF600013EA210338BF134633F81430244903F170
:10DF7000A04303F558331A681AB9D1F80021002AD2
:10DF8000F9D005B0BDE8F08F44F080042046FFF7DB
:10DF900085FC824603688289416802A89847B5E7F4
:10DFA000039B9B45B2D9022748468AF80E70FFF7BB
:10DFB00031FD06238DF80430144B8DF806401B68A4
:10DFC0008DF8077001A8984774E7142505FB043302
:10DFD000C3F80006C3F80426B6E72DB1C3F8A007BE
:10DFE000C3F8A4272823B0E7142505FB0433C3F89E
:10DFF0000007C3F80427F5E72375002030680020E8
:10E00000006003502A0002003C0002003468002037
:10E010002C68002038B501250E4BD3F86C44C3F8AA
:10E020006C441CB9BDE83840FFF73ABF94FAA4F33A
:10E03000B3FA83F30F2BC8BFA3F110001946D4BF66
:10E0400043F08000C0B205FA03F324EA0304FFF7AB
:10E050001FFDE6E70060035037B50022164B04466B
:10E060001A70FFF71BFC837B032B0DD120460BF0AE
:10E070003EFF012303FA00F0C043FFF7CBFC03B0DF
:10E08000BDE83040FFF70CBF0568002DF7D12046F2
:10E090000BF02DFF012303FA00F0C043FFF7BAFC99
:10E0A00006238DF80430054B8DF806401B688DF86B
:10E0B000075001A89847E2E7237500203468002044
:10E0C000024B40F48070C3F818057047006003509D
:10E0D000020713D400F00F0310F0800F084A0BBFA3
:10E0E00003F5887303F5847302EB830252F823006F
:10E0F00008BF5068431E584258417047002070477F
:10E1000000600350044BC3F80C0540F48070C3F862
:10E110000C05D3F80C3570470060035000230360F2
:10E1200043600E4BD3F880240270D3F884244270ED
:10E13000D3F88824D3F88C1442EA01224280D3F821
:10E140009024D3F8941442EA01228280D3F89824D0
:10E15000D3F89C3442EA0323C38070470060035025
:10E160000122024BDA64DB6C704700BF0060035091
:10E17000002213B5114B1A70114B9A7B032A06D15A
:10E180006FF4803002B0BDE81040FFF743BC1C685C
:10E1900074B96FF48030FFF73DFC06238DF804302E
:10E1A000084BADF806401B6801A8984702B010BDA7
:10E1B00002B0BDE81040FFF7D3BF00BF23750020B9
:10E1C0000C670020346800200122024B1A651B6D89
:10E1D000704700BF006003500122024B5A655B6D1F
:10E1E000704700BF00600350014B1878704700BFB4
:10E1F00024750020024610B54FF02003EFF3118480
:10E2000083F31288BFF36F8F0BF071FE01230D496A
:10E2100003FA00F00B6823EA00030B6012F0080118
:10E220000AD102F00F039B0003F1A04303F558331A
:10E23000C3F8A014D3F8A03484F31188BFF36F8F10
:10E2400010BD00BF30680020F7B501464FF0200335
:10E25000EFF3118583F31288BFF36F8FFFF71EFB77
:10E26000064608460BF043FE012211F0800F02FA29
:10E2700000F22E4819D1036832EA03030AD0084697
:10E28000FFF7B8FF0323B37385F31188BFF36F8FD4
:10E2900003B0F0BD33600368254923EA020303603D
:10E2A0000B6823EA02030B60ECE70B0715D4802907
:10E2B000204B2FD001F00F0404F2DA346400C3F8CD
:10E2C0000048D3F80448D3F80478E4B244F00204D8
:10E2D0003C43C3F80448D3F80438154F04683B683E
:10E2E00064EA030C1CEA020FCED013433B60002308
:10E2F00024EA02040460336003230622B3738DF81A
:10E3000007300D4B8DF804201B688DF8061001A80E
:10E310009847B9E740F2B474C3F80048D3F804480A
:10E32000D3F80478E4B244F00404D1E72C68002068
:10E3300030680020006003503468002073B5144B2F
:10E34000144CD3F880542368134EDA43134B3178BE
:10E350001B68084692B21A430BF0C9FD01238340A3
:10E36000134202D00846FFF76FFF6FF0011025F04F
:10E370007F053570FFF74EFB236801A843F00103CA
:10E38000236005230193064B1B68984702B070BDBC
:10E390000060035030680020247500202C680020A5
:10E3A000346800202DE9F0411A4B0124D3F804030E
:10E3B00000231D4670B94FF00108174F03F4000603
:10E3C00023F40004BCB9FFF76BFD06B3BDE8F041D0
:10E3D000FFF7B4BF90FAA0F2B2FA82F20F499600AA
:10E3E00031440E6804FA02F216B10D600968134355
:10E3F00020EA0200DEE794FAA4F5B5FA85F557F8AD
:10E40000253008FA05F5984724EA0504DAE7BDE85F
:10E41000F08100BF0060035044F701000061035029
:10E420004FF48002F8B51A4B3620C3F88421F6F772
:10E430009BFEB8B10127174E174B34681B68240C9C
:10E4400024041C437CB940F2FF13144D3360362082
:10E45000C5F80445D5F80435F6F772FE4FF0FF33E2
:10E46000C5F80833F8BD94FAA4F5B5FA85F5284641
:10E470000F2DC6BFA5F11000C0B240F08000030709
:10E4800001D4FFF7E1FE07FA05F524EA0504D9E710
:10E4900000E100E0306800202C680020006003509C
:10E4A00008B5FFF7BDFF084BD3F80423C3F80823D2
:10E4B0000022C3F80025D3F80035044B1A7001225E
:10E4C000034B1A7008BD00BF006003502375002085
:10E4D0002675002010B50446FFF7B6FE012304F0B0
:10E4E0000F008340DB430C4A14F0800F15BFD2F8B5
:10E4F0001015D2F814150B400B4015BFC2F810359B
:10E50000C2F81435054B064B1A5C01239340024AAE
:10E51000C2F8083310BD00BF006003501F1D020089
:10E52000161D020010F0800F70B5244904464FF00C
:10E53000010500F00F0312D0214AD25C05FA02F265
:10E54000C1F80423D1F81025DA40D00706D4D1F859
:10E55000102505FA03F31343C1F8103570BD194AAD
:10E56000D25C05FA02F2C1F80423D1F81425DA408E
:10E57000D207F3D4D1F8146505FA03F23243C1F897
:10E580001425002BEAD00307E8D44FF02003EFF363
:10E59000118683F31288BFF36F8FFFF72BFE20469F
:10E5A0000BF0A5FC084A05FA00F0136823EA000303
:10E5B000136086F31188BFF36F8FCFE700600350BD
:10E5C0001F1D0200161D02002C680020030610B556
:10E5D000044605D4FFF77CFD10B12046FFF70AFE84
:10E5E000014BC3F8184510BD006003500722024BD1
:10E5F000C3F80423704700BF007003500722024B8A
:10E60000C3F80823704700BF00700350072208B505
:10E61000044B3720C3F80823F6F792FD0022024B83
:10E620001A6008BD007003503868002010B5044619
:10E63000FFF7ECFF2268074B37201A600022064BD9
:10E64000C3F80021C3F80821C3F80421BDE8104035
:10E65000F6F768BD386800200070035010B5114C03
:10E66000D4F800312BB100200F4BC4F800011B6817
:10E670009847D4F8043133B10023C4F804310A4B6D
:10E6800001201B689847074BD3F8082142B10022AC
:10E69000C3F80821044B0220BDE810401B6818474E
:10E6A00010BD00BF00700350386800202DE9F04114
:10E6B0000E4617460C4D55F8184FAC4203D16FF07B
:10E6C0001200BDE8F081314654F8440CA4F144082E
:10E6D000F2F740FA30B9C7F800804046BDE8F04193
:10E6E0000BF04CBD2468E8E73C68002010B5D0E989
:10E6F00009124A60416A00F124031160C0E909333C
:10E700004368044603B19847054B1A78062A05D991
:10E710005B681BB10720226802499847002010BDA2
:10E720003C680020321D02002DE9F04107460D46ED
:10E730000B4E56F8084FB44202D16FF001000AE0C8
:10E74000394654F8240CA4F12408F2F703FA20B94E
:10E750001DB1C5F80080BDE8F0812468EBE700BF7B
:10E760003C68002010B5044600B30068F0B103789F
:10E77000E3B10021FFF7D8FFD8B104F11C03C4E9CD
:10E7800007330D4B04F12402D96803F10800DA6065
:10E79000A16260620A601A78062A05D95B681BB11B
:10E7A0000720226805499847002010BD6FF015002A
:10E7B000FBE76FF01000F8E73C680020341D020012
:10E7C00010B5036893B11B7883B18368012B0DD812
:10E7D000084B00F144014360074BDA6903F1180468
:10E7E000826444640020D961116010BD6FF015008F
:10E7F000FBE700BFB40200203C6800200E4B10B5C0
:10E8000004462022002118460CF07FFE2268426058
:10E810000246217902F8081BC0E9022200F1100229
:10E82000C0E9042200F11802C0E906222046BDE832
:10E83000104000F00FB800BF3C68002008B500F0A1
:10E8400011F8BDE808402022002101480CF05DBE0F
:10E850003C68002008B50248FFF784FF002008BD8F
:10E86000B40200200148FFF741BF00BFB4020020FE
:10E870000EB4431E062B33B588BF0020094B05ACF0
:10E8800054F8045B53F82010074807F052FE214665
:10E890002846019407F04BFE02B0BDE8304003B0BB
:10E8A000704700BFA8F70100652302002DE9F04F73
:10E8B0009A46836A06469342174687B041D300259D
:10E8C0004FF0180BBD4203D1002007B0BDE8F08F18
:10E8D0000BFB05F8D6F82C90B26909EB0804231D50
:10E8E0000593CAB9606961680368B4F80CC0C91AB5
:10E8F000A3680CF1030E5C1E04EB0C145B4204EBEA
:10E900004E041C4004EBCC0384680633A14228BFAC
:10E910004FF0FF310BF0FFFB59F8083030460293FF
:10E92000336AA9B21B6A0193109B53F825300093F8
:10E930005AF82520059B0BF068FC0028C5D101354D
:10E94000C0E70148C1E700BF40F4FFFF10B504462F
:10E9500090B1828C43899A4209D0084B1A78032AD5
:10E9600005D95B681BB142680549042098472046D9
:10E97000BDE810400CF064BD10BD00BF3C68002035
:10E98000DF1D020030B544898C4212D9036A013C74
:10E990005D882C4003EBC40359609A60BFF35B8F22
:10E9A000026A538801335380C38C0133C38400202F
:10E9B00030BD0148FCE700BF41F4FFFF70B4039E87
:10E9C000144658B1006A48B143B1013406D0002E54
:10E9D00004DB846F14B1A44670BC6047014870BC6E
:10E9E000704700BF2DF8FFFF70B4039E144660B15E
:10E9F000006A50B14BB1013407D0002E05DBD0F8CE
:10EA0000884014B1A44670BC6047014870BC704790
:10EA10002DF8FFFF70B50C46114605461E460C4BFF
:10EA20002022002908BF194620460CF023FE049B33
:10EA30006662A362059B2562E362069B23636A68A4
:10EA400004F13403C4E90D526B60A26B136070BD16
:10EA50003B2202002DE9FF47DDF834900D46924637
:10EA60001F46064600286CD000296AD0B9F1000F75
:10EA700067D001F1580840460BF030FD781C40D1BA
:10EA8000AC6C05F1480314F001040BD000240134F0
:10EA9000802C54D0620953F8222004F01F01CA4090
:10EAA000D107F4D40121600953F8202004F58067D0
:10EAB00004F01F04A1400A4343F820200E9B524655
:10EAC000CDE901930C9B3146009328463B46FFF766
:10EAD000A1FF404600F070FF347874B195F8904083
:10EAE0005CB1B36A01332ED1002130460BF025FD15
:10EAF000044610B130460BF0F7FC204604B0BDE8E8
:10EB0000F087B7F5806FD9D3A7F580637F2B05F128
:10EB100048010FD8580951F8204003F01F0324FA88
:10EB200003F2D2070BD4012202FA03F3234341F884
:10EB30002030C3E7054C404600F03EFFDDE7044CC3
:10EB4000F9E7024CD9E70024D7E700BF2DF8FFFF13
:10EB500029F8FFFF2DE9FF478A46904603A90D9A41
:10EB6000054699460BF0F8FE0446D8B10C9E039B6F
:10EB7000D5F8AC009E42A8BF1E4601688768611A9E
:10EB800033464A46B94228BF4FF0FF310BF089FAAD
:10EB9000234642465146284600960BF07DFE04B0BF
:10EBA000BDE8F0870048FAE72EF8FFFF38B50446C5
:10EBB000E0B100F1580528460BF04EFDD4F8A03026
:10EBC0009B6953B9D4F89440103C002C00DC084CED
:10EBD00028460BF03FFD204638BD012BF7D1D4F875
:10EBE000A8000BF063FCA0F11004EEE7014CF2E783
:10EBF0002EF8FFFF2DF8FFFF2DE9F0478AB00D46F4
:10EC0000DDE9129790461E46044620B9814F3846EA
:10EC10000AB0BDE8F0870029F8D0002BF6D0942286
:10EC200000210CF072FC012204F1580011460CF096
:10EC300020F9794BC4F8A050C4F870806C62A367C7
:10EC4000764BE367764BC4F88030764BC4F884305B
:10EC5000754BC4F88830754BC4F88C30D4F8A030AC
:10EC6000D3F81880B8F1000F6ED1002FCED097E8FE
:10EC7000070004F1940383E80700D4F8A000036AB6
:10EC80009B6898470023286100F001006B6184F8BD
:10EC90009000B8F1000F6DD13B7A002B68D009F1DC
:10ECA0000C03C4F8B030B9F1000FAFD0D9F8082088
:10ECB000002A00F0AD809B68002B00F0A9805C4B1F
:10ECC00004935C4B05935C4B06935C4B0793EB6A98
:10ECD0001B68C4F8A430EB6A9B69C4F8A83004F13F
:10ECE000B403C4E92D3306ABC4F8AC600093022230
:10ECF0000021D4F8A00004ABFFF7D8FD0746002898
:10ED000085D1D4F8A8000BF06CFBEB6A1B689E62FF
:10ED1000EB6A9B699E62B8F1000F61D1C246D4F8DC
:10ED200098300993D4F8A4305B89534534D894F8CB
:10ED30009030C4E90044002B59D1D4F8A00004213C
:10ED4000036A5B68984762E7B8F1010F95D1D4F880
:10ED5000A000036A1B689847420606D5D4F8A000B5
:10ED60000021036A5B689847F1E74307EFD584E722
:10ED70004B4696E7B8F1010FB1D12E4B04932C4BC3
:10ED800005932E4B06932C4B0793EB6A9B69C4F8B3
:10ED9000A430EB6A1B68A0E74846D4F898100BF043
:10EDA000CCFD0546C8B131680890411AB068002210
:10EDB000814228BF4FF0FF31D4F8983030460BF035
:10EDC000AAF9009501230022D4F8A40008A90BF0A9
:10EDD00049FA18B90AF1010AA4E71948074616E7E3
:10EDE00094F89030C4E90044002B3FF410AF0023A6
:10EDF0000293144B204601933523134A009304F1E8
:10EE00000801FFF707FEB8F1000F7FF400AF94E7A9
:10EE10000B4FFCE62DF8FFFF55EB000045A6010067
:10EE200059A8010059A9010099A8010065A601008F
:10EE3000011E0200071E0200A5A7010053A6010043
:10EE40002EF8FFFFA7A601000D1E0200F0B5054633
:10EE50000E46174687B0074A03AC07CA84E8070086
:10EE60000C9A3146009228463A460194FFF7C4FEB8
:10EE700007B0F0BDD0F301000322114B11491A6114
:10EE80005A61114A9961DA614FF480621A62002274
:10EE90009A625A62DA6219660C49596610219966BB
:10EEA0001A67DA665A670A4A1268C3F80720094ADD
:10EEB0001068928818609A8020229A71704700BF6B
:10EEC0005C680020101E02003775002027750020A6
:10EED000191E02001D1E02002DE9F84F4FF0180BFD
:10EEE000204F14460BFB0072936A556A0646AB42EC
:10EEF000884631D8D2F820A0AAEB050909F1FF32E3
:10EF0000944211D8182306FB03333B445868224629
:10EF1000414628440CF0BFFA2C441823012003FB7F
:10EF200006735C62BDE8F88F13449C4218D800FB5E
:10EF30000BBBBB44DBF804004A4628442C440CF0CD
:10EF4000AAFAB4EB0A04E8D02246DBF8040008EB86
:10EF500009010CF0A0FAE0E7013B5B1BA342D1D210
:10EF60000020DFE75C680020F8B5182700FB077574
:10EF7000124B0E461D4407FB0033DB6A1446012B7F
:10EF80000AD0022B14D023B928460BF07EFD844210
:10EF900008D900242046F8BD28460BF076FD8442AF
:10EFA00028BF04462246314628460BF077FDF1E79C
:10EFB0002846BDE8F8400BF08EBD00BF5C6800201D
:10EFC0001822034B02FB00339A6A586A801A704772
:10EFD0005C6800204FF0FF324FF0FF33014800F033
:10EFE00003BC00BF54050020014800F077BC00BFFF
:10EFF000540500204FF42051014800F035B900BFFE
:10F000003779002001680E4A0346914215D1C16943
:10F01000A2F11022A2F1EF1291420ED18268012AD0
:10F020000BD8C26812B101698A4206D0586928B16A
:10F030009B691B1A5842584170470120704700BF16
:10F0400055AA00FF70B50D4B9E68A6B13046FFF77C
:10F05000D9FF044678B9F3686BB935690DB9204614
:10F0600070BD2846FFF7CEFF28B9EB68B34202D146
:10F070002E462D69F2E70124F1E700BF0469002064
:10F08000F8B5384D2B68EE68D3B1AB68C3B1002832
:10F0900060D000295ED001FB00F4B4FBF0F08842A0
:10F0A00058D1211D56D8A2070CD024F003020432F7
:10F0B000334603E0586890424ED29B69002BF9D149
:10F0C0001846F8BD2246F3E7801A232803F12006EC
:10F0D0001CD801229A60D3E90512A9B18A619A6904
:10F0E0000AB1596951610022C3E905222B69DB0786
:10F0F00003D5FFF7A7FF002831D122460021304673
:10F100000CF003FA0346DBE7EA60E8E702F1200CC3
:10F1100003EB0C012038C1E90107CB601869124FDD
:10F12000086143F80C70A7F11027A7F1EF17CF6122
:10F1300000B1C160586948619F698F6140B18161C8
:10F14000886900B1416101201961C3E90120CAE762
:10F15000E960F5E70023B3E79F68002FB4D00120F2
:10F1600001F0E4FB0469002055AA00FF70B50546D4
:10F17000002840D03B4E3368002B3CD0B268002AB8
:10F1800039D0834203D872681344984202D30120D5
:10F1900001F0CCFBA0F120042046FFF733FF00284C
:10F1A000F5D155F8183C012BF1D155F8143C45F830
:10F1B000180C0BB39A68FAB955F81C2C02F120010F
:10F1C0005A680A445A6055E905321A6155F8145CC8
:10F1D0002B6903B1DD602022002120460CF095F957
:10F1E000286908B183684BB333699B0703D5FFF7E0
:10F1F00029FF0028CBD170BD55F8100C00282AD06B
:10F20000836843BB426863681344203363600369C7
:10F210002361D4E905239AB9CBB943696361826953
:10F22000A261B3B19C61A36903B15C61236903B1BD
:10F23000DC60202200210CF068F9D5E72C46E1E7DC
:10F240009361A369002BE8D062695A61E5E7F36036
:10F25000F7E7F460E7E7F36845F8083C03B15C6161
:10F26000F460C1E70469002038B50C46142200217F
:10F27000054613480CF049F91249134804F04CF9BB
:10F28000232C1CD915F003031FBF043CE418C3F161
:10F290000403ED182246002128460CF036F9084BED
:10F2A0000A49C3E90054203C9D606C609A68116073
:10F2B0009A68A1F11021A1F1EF11D161DA6038BD96
:10F2C000046900206DF1000081F0000055AA00FFE4
:10F2D000014B986864307047186900202DE9F041AF
:10F2E000064686B00F464FF02003EFF3118883F3F4
:10F2F0001288BFF36F8F01F021F80024042E96BF0F
:10F30000214B224B53F826300546CDE90434204BDF
:10F310000122CDE90143204623461E49039600946D
:10F320000BF01AFC6FB1FB69C3F308034BB11A4B26
:10F330000122CDE9014320462346164900940BF0F3
:10F340000BFC2DB128460BF0E5FC08B1037803B99E
:10F350001248134B012202930023CDE90350CDE95B
:10F36000003318460B490BF0F7FB39463046FAF7E5
:10F37000D9FD88F31188BFF36F8F284606B0BDE82A
:10F38000F041F6F795BB00BFCCF70100241E020048
:10F390003A1E02003CF30100621E0200321E02000F
:10F3A000831E0200104B70B553F82040013053F813
:10F3B0002060A64200D870BDD4E900358DB1284642
:10F3C000984738B10028B8BF4042FF28A8BFFF20A7
:10F3D000EB681870EA68537843F0010353700834FF
:10F3E000E7E79847FBE700BFE0F70100012208B517
:10F3F0000A4B03201A70FFF7D5FF0CF02CF807F02A
:10F4000049F80420FFF7CEFF00F076F9F2F792FCFE
:10F41000034A137B23F00103137308BD37A10020B7
:10F42000A019002008B50348034A0021121A0BF066
:10F43000A3FB08BDE007002040A10020C82370B551
:10F44000134E012203FB0066002386B0CDE904239E
:10F450000F220193CDE902321C234FF4A0720D4D0F
:10F460000D4903FB0055044602FB00110B4B3046CF
:10F47000009500F0DBF8737B2C7523F004037373A5
:10F48000074B013403EBC423EE606B6006B070BD24
:10F49000D818002018690020C0DB0020B1F7000058
:10F4A000C0D3002080B50020B8B0FFF77BFF2F4B02
:10F4B00003F5006282F3088883F30A880024E023BE
:10F4C0002B4D2C4E85F82230EC772C766C76AC7672
:10F4D00085F820406B6A284F43F4E0236B6285F87F
:10F4E0002340F6F743FAF5F75DFD4FF0FF33AB62CB
:10F4F000EB62F6F779FCF6F7F1FAF3F725FD40F247
:10F50000011306AD2846ADF82430CDE9204401F0C2
:10F51000B7F9B5600BF014FB0120FFF743FF0220A1
:10F52000164DFFF73FFF00F04BFE154B356205937C
:10F53000012314494FF42062CDE9034328463B469A
:10F54000CDE90144009400F071F806466A7B284634
:10F5500022F004026A730BF0ADFD2046FFF76EFF48
:10F560003A4631462846F5F7E9FE00BFC0D30020F1
:10F5700000ED00E018690020EDF30000A019002064
:10F58000E51E020000DD002038B5064C064DAC42F9
:10F5900001D3002038BD2046D4E901120BF0F0FA67
:10F5A0001834F4E7B0040020C8040020002038B567
:10F5B000054C064DAC4200D338BD20460BF053FB42
:10F5C0000028F9DB2034F5E750040020B0040020C7
:10F5D00073B50C464FF02005EFF3118185F31288C7
:10F5E000BFF36F8F85695DB125602B688361C36947
:10F5F0000133C361002081F31188BFF36F8F11E0E5
:10F6000052EA030603D16FF00B002560F3E7CDE962
:10F6100000230246083000F0DDFC18B9024B9B685D
:10F620005B69236002B070BD186900202DE9F043CA
:10F63000984685B000F15803C0E91633109B0026A8
:10F64000037304230F460446437307320F9B22F0D3
:10F65000070583732A46C0E906668660C67301EB18
:10F6600005093846AA210BF050FF0E9BC4E91A7514
:10F67000266702930D9B4A4601930C9B39460093E3
:10F6800020464346F5F73AFE044B66659B6803B196
:10F690005B6F4846636705B0BDE8F08318690020DA
:10F6A000F0B5002587B00595109DDDE9127604952B
:10F6B0000F9D044603950E9D02950D9D01950C9D91
:10F6C0000095FFF7B3FFB6F1FF3F08BFB7F1FF3F6B
:10F6D00005D056EA070305D1204600F0F1FC20468C
:10F6E00007B0F0BD3A463346024904F1180000F075
:10F6F000FDFEF4E73DB101002DE9F043294C2A4D10
:10F7000087B02646AE4204F12C040FD300F028FD4A
:10F710004FF4004640F2E737224CDFF89090AC42BD
:10F7200020D307B0BDE8F04300F02EBD54F8043CF0
:10F73000059354F80C3C049354F8103C039354F88C
:10F74000143C029354F8183C019354F81C3C009369
:10F7500054E9092354E90B01FFF768FF54F82C3CE6
:10F760005E65CEE7636A5A1C0DD00021384623EA55
:10F77000E373C3FB060151EAC333D4F8008004D11C
:10F78000404600F09DFC2C34C9E74FF47A72002308
:10F79000F0F7E2FC02460B4608F11800494600F07B
:10F7A000A5FEF0E7A8F10100D4F101003DB1010090
:10F7B00008B50B4C0B4D4FF02002EFF3118382F391
:10F7C0001288BFF36F8F0BF067FD2B78E06113B9E0
:10F7D000F5F7EEFBEFE7F3F707FF0028EBD1F7E7CC
:10F7E0001869002037A100202DE9F341044617468F
:10F7F0001E464FF02003EFF3118883F31288BFF306
:10F800006F8FC368334A7BB180689168884219D092
:10F8100057EA060318D188F31188BFF36F8F6FF092
:10F820000F0002B0BDE8F081916891F90E1001332C
:10F83000E36093682161A36088F31188BFF36F8F41
:10F840000020EEE72169F2E791F90E1090F90E30F1
:10F850006FF07E029942A8BF19469142B8BF114687
:10F860008B422EDD0BF061FA054622464146CDE97A
:10F870000076194800F0AEFB0028E1D04FF02003DD
:10F88000EFF3118683F31288BFF36F8FA068D0B1B6
:10F89000236821699C420AD04BB193F90E309942FA
:10F8A000A8BF19466FF07E039942B8BF19460BF006
:10F8B0003CFA40B13146084800F0F0FB6FF00A0016
:10F8C000AFE70025D1E7002DF4D186F31188BFF30F
:10F8D0006F8FF3E71869002038A1002038B58368DE
:10F8E00004466BB3194A926893422CD1C368012B2A
:10F8F00003D9013BC360002038BD4FF02003EFF374
:10F90000118583F31288BFF36F8F016980680BF054
:10F910000CFA20460BF02DFCA06058B190F90E2097
:10F9200022610022C2670BF0C5FB2946084800F09F
:10F93000B5FBE0E7E06085F31188BFF36F8FDAE78E
:10F940006FF01500D8E74FF0FF30D5E718690020B9
:10F9500038A1002037B54FF02001EFF3118581F376
:10F960001288BFF36F8F04689CB12368426823F04C
:10F9700003039442036008BF4360012120460BF05B
:10F980004AFA044685F31188BFF36F8F204603B00F
:10F9900030BD52EA0301F5D0CDE90023294600F13C
:10F9A0000C02083000F016FB0028EFD1014B9B68D9
:10F9B0005C69EBE71869002038B504464FF0200376
:10F9C000EFF3118583F31288BFF36F8F0BF0D1FB38
:10F9D00048B10022C2670BF06DFB2946BDE83840F4
:10F9E000074800F05BBBD4E902329A4218BF0133EA
:10F9F0000221A36004F110000BF001FDEDE700BF50
:10FA000039A1002013B54FF02004EFF3118184F3E6
:10FA10001288BFF36F8F846844B1013C846081F326
:10FA20001188BFF36F8F002002B010BD52EA0304AB
:10FA300006D181F31188BFF36F8F6FF00F00F3E7EA
:10FA4000CDE900230246024800F0C4FAECE700BF0B
:10FA500039A1002070B504464FF02003EFF3118563
:10FA600083F31288BFF36F8F6FF00A0620460BF006
:10FA700080FB18B1C6670BF01DFBF7E7A060022101
:10FA800004F110000BF0BBFC2946BDE870400148B2
:10FA900000F004BB39A10020F8B5C36804469A07FA
:10FAA0000F46C3F340062CD45B071AD40B680BB97E
:10FAB00083680B60E368DD0742BFA36802263B60F2
:10FAC0003D6858BF0126002D3AD01F4B9B68AB42C2
:10FAD0000AD0D5F8E030D807C3F3800214D46FF011
:10FAE000120600233B6025E00BF00BF9D5F8E0305F
:10FAF0000028F0D1D907C3F3C002F0D552B15B079B
:10FB000008D46FF00F06ECE7002AFAD1C3F3C00364
:10FB1000002BF6D100232360D5F8CC3063B9C5E9BA
:10FB2000324428460BF0CFF9E36843F00403E36066
:10FB30003B68A3603046F8BD1C60C5F8CC40F0E7D8
:10FB40006FF01506CDE700BF18690020F0B5044638
:10FB5000002089B0C4E932000E9D04F1D000C4E950
:10FB6000340004F1D800C4E936001DB32879002818
:10FB700040F2011008BF0120C4F8E00000204FF05F
:10FB8000FF364FF0FF37CDE90330CDE90100CDE975
:10FB900006672046084B0094FFF782FD25B12968CF
:10FBA00011B120460BF0B3F8204609B0BDE8F04093
:10FBB0000BF0B2B80120DFE7D11B000030B50A46D8
:10FBC000044685B04FF02003EFF3118583F31288CC
:10FBD000BFF36F8FD0F8E03013F0060F1DD1B1B135
:10FBE00043F00C03C4F8E03020460BF06CF900231E
:10FBF0004FF0FF3202934FF0FF332946CDE9002347
:10FC00000C4804F1D80200F0FFFB05B030BDD0F87D
:10FC1000C80048B143F00403E4E743F00401C0F82E
:10FC2000E010002AE0D0DBE785F31188BFF36F8F87
:10FC3000EBE700BF3AA1002037B5019008464FF02E
:10FC40002001EFF3118481F31288BFF36F8FC16835
:10FC500011F00E0F16D153EA020508D101A9FFF7E2
:10FC60001BFF84F31188BFF36F8F03B030BD41F0E9
:10FC70000801C160019910308161034900F036FC30
:10FC80000120EEE70020ECE73BAF0100F7B50C46A2
:10FC900016461D4601904FF02003EFF3118783F3C2
:10FCA0001288BFF36F8F08460BF0FEF855EA060383
:10FCB00009D1204601A9FFF7EFFE87F31188BFF3B2
:10FCC0006F8F03B0F0BDE36804F1100043F0080348
:10FCD000E360019B3246A36202492B4600F006FC1A
:10FCE0000120EAE73BAF010001460148FFF7CEBF24
:10FCF000881A0020C3897F2B12D80A4B1B6863B176
:10FD0000094B90F90E201B689A4209DB437BDB0606
:10FD100006D1064BC31A18BF012303F00100704738
:10FD20000023FAE75869002054690020D818002001
:10FD30000122044BC01A044BC0105843034B1A5401
:10FD4000704700BF681A0020ABAAAAAA3BA10020F6
:10FD500070B50E4B0E4C1E7D054606EB460304EBBC
:10FD6000C30420460BF082FA00220A4B28469A551B
:10FD7000FFF7C0FF48B1084B2046BDE870401A6845
:10FD80000649013AD31700F0B1BB70BD18690020D5
:10FD9000681A00203BA100205869002031FD0000B6
:10FDA00038B5234D6B6A05F1240293422C6902D1C8
:10FDB0004CBBEC6803E02CBB002BFAD01C46AB68B4
:10FDC00058B95A7BD20608D1A26932B9DA897F2A9A
:10FDD00003D994F90E200F3212DA9C4202D0204649
:10FDE000FFF7B6FF94F90E300F331CDAAB6893F9C6
:10FDF0000E200F3203DBDA897F2A00D92B612346DC
:10FE00002B6238BD2BB9637BDB06D8D000232B6176
:10FE1000CFE793F90E200F32D0DB627BD106CED034
:10FE200000222A61CAE7034B9C42E8D00023E5E7A1
:10FE300018690020D818002070B590F90D200146EF
:10FE4000002A437B04DA03F07F0343730BF0F8F8D6
:10FE5000154A4B7B104663F07F034B7350F8243FE9
:10FE6000946A834208BF002323B9C1E900042160DA
:10FE700091620CE091F90E5093F90E60B5420ED0EC
:10FE8000AE420CDD5868C1E90030016059609068ED
:10FE9000BDE87040431A58425841FFF781BF9C4269
:10FEA000E3D01B68E0E700BF1869002070B490F948
:10FEB0000D30427B002B29DBD30627D183692BBB76
:10FEC000134962F07F0242730A4652F8244F94426B
:10FED00018BF23468C6A23B9C0E9002420608862D9
:10FEE0000CE090F90E5093F90E60B5420AD0AE4284
:10FEF00008DD5A68C0E9003210605860002070BC0C
:10FF0000FFF74EBFA342E7D01B68E4E770BC704721
:10FF10001869002008B590F90D200146002A437B9E
:10FF200004DA03F07F0343730BF08AF8044B9868FC
:10FF3000431A58425841BDE80840FFF731BF00BF9F
:10FF40001869002070B515461C4606460BF08AF865
:10FF5000B4F1FF3F08BFB5F1FF3F08D02A46234662
:10FF600006F118000249BDE8704000F0BFBA70BD4C
:10FF70003DB1010038B54FF02003EFF3118583F355
:10FF80001288BFF36F8F104B104A9C681068A04214
:10FF900006D1FFF7DDFE85F31188BFF36F8F38BD03
:10FFA00000211B7D11600A4AD35C002BF3D0204650
:10FFB000FFF7A0FE0028EED0637BDB0602D12046CF
:10FFC000FFF73AFF2046E4E7186900205069002057
:10FFD0003BA1002070B50C480C4D86680C462E6085
:10FFE0001146DDE904234FF02006EFF3118586F377
:10FFF0001288BFF36F8F8068FFF7A4FF2046BDE82B
:020000040001F9
:100000007040F5F707B900BF18690020506900205B
:10001000F8B504464FF02003EFF3118683F31288FE
:10002000BFF36F8F437B49B2DA0619D18569BDB939
:1000300003F07F0343730BF003F8437B164A63F02E
:100040007F0343731346817353F8240F984218BFFC
:100050000546906A5DB9C4E900300460946211E01D
:100060000020A17386F31188BFF36F8FF8BD95F957
:100070000E70B9420BD08F4209DD6B68C4E90053A2
:100080001C606C600120FFF78BFE0120EAE7A842AC
:10009000E1D02D68DEE700BF1869002049B9EFF311
:1000A000058030B9054B1A6A9B689A4201D0F5F772
:1000B000B1B881F31188BFF36F8F704718690020C2
:1000C00010B54FF02002EFF3118482F31288BFF3D2
:1000D0006F8F427B510704D484F31188BFF36F8F75
:1000E00010BD22F004024273FFF7E0FE2146BDE896
:1000F00010400148FFF7D2BF3CA1002070B5044674
:1001000018300BF0B3F84FF02003EFF3118683F3B0
:100110001288BFF36F8F94F90D20637B002A05DAF4
:1001200003F07F03204663730AF08AFF0B4D637B65
:10013000A86843F010036373031B58425841FFF74C
:100140002FFE86F31188BFF36F8FAB68A34203D1F4
:10015000BDE870400BF04DB870BD00BF18690020BD
:100160004FF02003EFF3118183F31288BFF36F8FF9
:10017000044B9A68D37B013BD37381F31188BFF39F
:100180006F8F70471869002010B54FF02003EFF310
:10019000118483F31288BFF36F8F084B00209A6895
:1001A000D37B0133D373FFF7FBFD84F31188BFF3D7
:1001B0006F8FBDE810400BF01CB800BF186900201D
:1001C000024B03F12402C3E9092270471869002099
:1001D000F8B54FF02003EFF3118583F31288BFF3D6
:1001E0006F8F19498868437B03F07F0343730AF0DC
:1001F00027FF08468B685A7B62F07F025A7350F8DB
:10020000242F8C6A824208BF002222B9C3E900046D
:1002100023608B620CE093F90E6092F90E70BE427F
:100220000ED0B7420CDD5168C3E900210B6053606A
:100230000120FFF7B5FD2846BDE8F840F4F7EABF16
:10024000A242E3D01268E0E71869002050EA0103F7
:100250002DE9F04105460E4603D1FFF7B9FF002016
:100260002CE0831C71F1FF332ADB0BF025F82C18EE
:100270004FF02003EFF3118883F31288BFF36F8FE1
:10028000114F124BB8681860FFF744FEB868104968
:100290002A463346183000F029F9BA684046537BA5
:1002A00043F010035373F4F7B5FF0BF005F8201A71
:1002B00063EB0303012873F10003D0DBBDE8F08199
:1002C0006FF00104241AD3E7186900205069002058
:1002D0003DB10100B1F1FF3F08BFB0F1FF3F08B5EC
:1002E00006D1084B9868FFF709FF4FF0FF3008BDB3
:1002F000FFF7ACFF4FF47A7380FB0303C00B40EAB7
:100300004340F4E71869002038B500214FF4004558
:10031000084C0023C0FB0541074A2046EFF71CFFAD
:10032000C117FFF793FF044B80FB0303C00B40EAA8
:10033000434038BD3F420F0040420F00014B9868D8
:10034000704700BF186900202DE9F04104464FF0C6
:100350002003EFF3118683F31288BFF36F8F037BC3
:10036000D9070BD586F31188BFF36F8F404080F318
:1003700011884FF0040002DFBDE8F081437B1A07CB
:1003800004D586F31188BFF36F8FF5E723F02002C1
:1003900042F00801D20920D14173A36813B120466D
:1003A0000AF056FE04F118000AF060FF4FF0000852
:1003B00004F15807A56DBD4200D0B5B90120FFF783
:1003C000EFFC104B9B68A342DBD1EFF30583002BBE
:1003D000D7D13046F4F71EFFD3E703F05F0343F0B5
:1003E000080343730AF02CFED7E728460AF030FED4
:1003F00005F118000AF03AFF2846C5F87C80FFF79F
:1004000055FDD7E718690020D3B5DDE90667089CDC
:10041000CDE90067FFF7DEFD1CB1034B9B685B690C
:10042000236002B0D0BD00BF1869002008B506489F
:10043000064A0749121A0AF0A1FBBDE80840054A1E
:10044000054906480AF09ABB00000020DC0700209E
:10045000F826020000000000F8260200000000203C
:10046000034B1B680BB9F9F729BD0020704700BF8B
:100470005C69002010B50E4B1C689C4204D1FFF74C
:10048000EFFF6FF0004010BDFFF7EAFF002CF8D03F
:10049000D4E904321B1A62EBE072B3F1004F72F13F
:1004A0000001EEDA002AACBF18460020EBE700BFDF
:1004B000E002002030B570B10B4B5B6898420AD067
:1004C000036843B1D3E90421D0E90445121941EB93
:1004D0000501C3E90421D0E9003213605A6000230A
:1004E000C0E9003330BD00BFE0020020B3F1FF3FA0
:1004F00008BFB2F1FF3FF8B504461D4616465CD072
:1005000081604FF02003EFF3118783F31288BFF36C
:100510006F8F013275F1FF3324DA6FF001032C493C
:10052000D1E900209B1A4FF0FF3262EB00009E1BC6
:1005300060EB0500012E70F1000301DA01260020B6
:10054000C4E90460234ED6F800C07568B44508BFFE
:100550004FF0000CBCF1000F0DD1C4E900652C6018
:1005600074601CE0FFF77CFF013645F1000536188A
:1005700045EBE070E4E7DCE90420D4E90431934280
:1005800071EB000E1ADAD21ADCF8043060EB0100CD
:10059000CCE90420C4E900C31C60CCF804403368F3
:1005A000B34206D09C4204D1FFF764FF0021F9F763
:1005B00053FC87F31188BFF36F8FF8BD9B1A61EB73
:1005C0000001AC45C4E90431C7D0DCF800C0C1E784
:1005D000801A0020E00200202DE9F84F4FF02003A0
:1005E000EFF3118783F31288BFF36F8FDFF8B890B2
:1005F0002B4E4FF0000A3060D9F800004FF0000B8E
:10060000484508BF0020274C3D46D4E9001E33680A
:1006100088B3D0E904874FEAE37C43457CEB0702CB
:1006200006DAB8EB030267EB0C07C0E9042722E007
:1006300018EB01014EEBE873C0E904ABC4E9001309
:10064000FFF738FF85F31188BFF36F8F83689847F2
:100650004FF02003EFF3118583F31288BFF36F8F00
:100660003368D9F80000A3EB080348452F463360F0
:10067000CAD1D4E9001E59184EEBE373C4E9001344
:1006800000243460FFF7F6FE2146F9F7E5FB85F319
:100690001188BFF36F8FBDE8F84FFFF76BBC00BF49
:1006A0005C690020801A0020E002002010B54FF0A5
:1006B0002003EFF3118483F31288BFF36F8FFFF7EA
:1006C000CFFE0346054AD2E90001181841EBE37159
:1006D00084F31188BFF36F8F10BD00BF801A002014
:1006E000F8B504464FF02003EFF3118783F3128827
:1006F000BFF36F8F026822B187F31188BFF36F8F4A
:10070000F8BDD0E90A36581C46F10001022871F103
:10071000000127D3012B76F10001BCBF012316464F
:100720005D1E46F1FF360AF0CBFD013041F10001BC
:10073000401946EB0101012871F100013ADB0AF092
:10074000BFFD013041F100016FF00102401946EB9D
:1007500001034FF0FF31121A61EB030320461849E1
:10076000FFF7C4FE236B01332363236A73B187F35E
:100770001188BFF36F8F2046236A98474FF02003FC
:10078000EFF3118783F31288BFF36F8F54F8185F6C
:10079000A542B1D0002DAFD028460AF09BFC002323
:1007A000EB6787F31188BFF36F8F2846BDE8F840E9
:1007B0000AF080BC6FF001024FF0FF33CEE700BFBC
:1007C000E1060100B3F1FF3F08BFB2F1FF3F2DE9A1
:1007D000F047DDE9088905461C4617461E461BD032
:1007E000531C74F1FF3308DB012A74F10003BCBF12
:1007F00001220024571E44F1FF3628460AF036FD38
:100800000023C5E90A892B633A4633462846BDE8EA
:10081000F0470249FFF76ABEBDE8F087E106010034
:1008200038B503464FF02002EFF3118582F31288AA
:10083000BFF36F8FC160012181600068834206D1E0
:1008400085F31188BFF36F8F0024204638BDD0E9AF
:10085000003213605A600023C0E900330AF075FDCE
:10086000294604460148FFF719FCEEE73DA10020A8
:100870000A46014601480AF0D0BD00BFB00400207E
:10088000014B4367704700BFB004002038B50446F1
:100890000D460AF036FA20B9064B9B685B6F0BB920
:1008A00038BD054B2A4621461846BDE838400AF0B7
:1008B000B4BD00BF18690020B00400201FB500249B
:1008C000084B4FF48C62029302AB009306494FF041
:1008D000FF3306488DF80C40FFF738F9204604B086
:1008E00010BD00BFED1E020000F70020881A002096
:1008F0001FB514461A46094B05461B68D86854B9FB
:10090000074B1C4600910749CDE901342B4600F006
:1009100021F80AF0CEFE044BF4E700BFE802002005
:100920003B220200031F0200F61E020008B5074B1F
:10093000044613B10021AFF30080054B1868836AA9
:1009400003B198472046F5F7A7FA00BF0000000062
:10095000F8F701000EB403B503AB0146054853F8A0
:10096000042B0068019300F0B3F802B05DF804EBCB
:1009700003B07047E8020020024B0146186800F0FF
:100980004DB800BFE802002038B50546002941D027
:1009900051F8043C0C1F002BB8BFE41800F084FD94
:1009A0001D4A136833B9636014602846BDE83840B7
:1009B00000F080BDA34208D9206821188B4201BFF6
:1009C00019685B6809182160EDE71A465B680BB18E
:1009D000A342FAD911685018A0420BD120680144F3
:1009E000501811608342E0D118685B680844536076
:1009F0001060DAE702D90C232B60D6E720682118B3
:100A00008B4202BF19685B680918636008BF2160E8
:100A10005460CAE738BD00BF64690020F8B5CD1C3A
:100A2000064625F0030508350C2D38BF0C25002D92
:100A300001DBA94203D90C2333600020F8BD00F08C
:100A400033FD21490A6814469CB9204F3B6823B9FD
:100A50002146304600F096FA38602946304600F0CC
:100A600091FA431C23D10C233046336000F022FD61
:100A7000E3E723685B1B17D40B2B03D923601C44CB
:100A8000256004E06368A2420CBF0B6053603046EF
:100A900000F010FD04F10B00231D20F00700C21A26
:100AA0001CBF1B1AA350C9E722466468CCE7C41CCC
:100AB00024F00304A042E3D0211A304600F062FA89
:100AC0000130DDD1CFE700BF6469002060690020FC
:100AD0002DE9F04F0D469DB014469846064618B1D4
:100AE00083690BB900F022FC874B9D421BD17568CE
:100AF0006B6ED90705D4AB899A0502D4A86D06F0B0
:100B0000BFFEAB891B0701D52B69EBB929463046DF
:100B100000F022FBC0B16B6EDC070ED54FF0FF304A
:100B20001DB0BDE8F08F794B9D4201D1B568DFE77C
:100B3000774B9D4208BFF568DAE7AB899805EDD49D
:100B4000A86D06F0A3FEE9E70023CDF80C804FF076
:100B50000109DFF8C081099320238DF82930302363
:100B60008DF82A3023469A4613F8012B0AB1252A1C
:100B7000F9D1BAEB040B0BD05B462246294630462E
:100B80000AF0E2FC013000F0A680099A5A4409926A
:100B90009AF80030002B00F09E8000234FF0FF32C7
:100BA0000AF1010A049307938DF853301A93CDE9A3
:100BB000052354460522574814F8011B0AF04DFC42
:100BC000049BD0B9D90644BF20228DF853201A07C0
:100BD00044BF2B228DF853209AF800202A2A14D0E3
:100BE000079A544600204FF00A0C214611F8013BA9
:100BF000303B092B4AD970B914E0A0EB0800A2469B
:100C000009FA00F018430490D3E7039A111D126803
:100C1000002A039101DB079204E0524243F00203F1
:100C20000792049323782E2B0AD163782A2B32D192
:100C3000039B02341A1D1B6843EAE3730392059376
:100C4000DFF8E0A00322217850460AF006FC38B114
:100C5000A0EB0A004022049B01348240134304931A
:100C600014F8011B06222C488DF828100AF0F5FB19
:100C700000283FD0294B1BBB039B073323F00703FE
:100C800008330393099B3B4409936BE70CFB023247
:100C90000C460120A9E7002301344FF00A0C194645
:100CA0000593204610F8012B303A092A03D9002B6E
:100CB000C6D00591C4E70CFB012104460123F0E7EF
:100CC00003AB2A4604A930460093154BAFF30080CE
:100CD0000746781CD6D16B6ED90705D4AB899A0527
:100CE00002D4A86D06F0D2FDAB895B063FF516AFC6
:100CF000099815E703AB2A4604A930460093084B30
:100D000000F012F8E4E700BF3CF801001CF8010015
:100D1000FCF70100332002003D200200000000002B
:100D200049B50100392002002DE9FF470F7E9146A9
:100D300080460C46782F9A460C9D01F1430207D855
:100D4000622F0AD8002F00F0E080582F00F0BB80FF
:100D500004F1420684F842703AE0A7F16303152BD0
:100D6000F6D801A151F823F0C10D0100D50D010005
:100D7000510D0100510D0100510D0100510D0100F7
:100D8000D50D0100510D0100510D0100510D010063
:100D9000510D0100F10E0100650E0100A70E0100CA
:100DA000510D0100510D0100130F0100510D010003
:100DB000650E0100510D0100510D0100AF0E010043
:100DC0002B6804F142061A1D1B682A6084F8423021
:100DD0000123ABE0236829681F0601F104002860A5
:100DE00001D50D6803E05E06FBD5B1F90050002D7A
:100DF00061687ADA2D200029A16084F843002DDA99
:100E00006D425E480A231646B5FBF3F103FB11570A
:100E1000C75D06F8017D2F460D46BB42F4D9082B6D
:100E20000BD12368DF0708D5236961689942DEBFCB
:100E3000302306F8013C06F1FF36921B22614B4637
:100E400003AA21464046CDF800A00AF08FFB0130EE
:100E500071D14FF0FF3004B0BDE8F08723F00403F8
:100E60002360CDE72B682068191D2960050601D590
:100E70001D6802E04106FBD51D886F2F3F4814BF57
:100E80000A230823002184F843106668002EA66018
:100E9000B9DB216821F004012160002DB3D1002EBF
:100EA000B1D11646BBE7236843F0200323607827BF
:100EB000334884F84570296823680E1D2E601E068D
:100EC00003D50D6804E02D48F3E75D06F9D50D88DC
:100ED000D90744BF43F0200323600DB11023D1E7AD
:100EE000236823F020032360F8E724480A23CCE793
:100EF0002B682668181D6169286035061B6801D5B6
:100F0000196002E07006FBD51980002316462361A4
:100F100095E72B6800211A1D2A601E68626830461A
:100F20000AF09BFA08B1801B6060636823610023AC
:100F300084F8433083E72369324649464046D04728
:100F4000013086D023689B0714D4E068039B984245
:100F5000B8BF18467FE70123324649464046D0478E
:100F600001303FF476AF0135E36803995B1AAB4279
:100F7000F1DCEAE7002504F11906F5E75F06020057
:100F80004420020038B50023054D044608462B6076
:100F9000F4F78AFF431C02D12B6803B1236038BDEC
:100FA00068690020242B2DE9F0478646904601D839
:100FB000012B06D106F06CFC162303600020BDE86F
:100FC000F0870D4635482A4615F8014B065D16F0A8
:100FD0000806F8D12D2C24D12C780126951C2BBB8A
:100FE000302C30D00A2306F1004C00220CF1FF3CDB
:100FF0001046BCFBF3F903FB19CAA4F13007092F13
:1010000028D83C46A34234DD571C07D081452DD358
:1010100001D1A2452ADB00FB0340012215F8014B58
:10102000EBE72B2C04BF2C78951CD8E7102BDAD1DA
:10103000302CD8D12A7802F0DF02582AD3D16C782C
:1010400010230235CFE72B7803F0DF03582BF6D0BF
:101050000823C8E7A4F14107192F01D8373CD1E78D
:10106000A4F16107192F04D8573CCBE74FF0FF32AA
:10107000D4E7531C08D122236046CEF80030B8F1E3
:10108000000F9CD0691E06E006B14042B8F1000F87
:1010900095D0002AF6D1C8F8001090E7331F02005F
:1010A00013460A46014602480068FFF77BBF00BFAF
:1010B000E8020020F8B50E461446054618B18369CB
:1010C0000BB900F033F9214B9C4210D16C68A36935
:1010D000A360A3891A0701D5236993B9214628463D
:1010E00000F03AF868B14FF0FF373846F8BD184BBA
:1010F0009C4201D1AC68EAE7164B9C4208BFEC6801
:10110000E5E72369F6B220683746C01A636983426F
:1011100005DC2146284600F08BF80028E3D1A368BF
:101120000130013BA36023685A1C22601E70636972
:10113000834204D0A389DB07D7D50A2ED5D1214617
:10114000284600F075F80028CFD0CCE73CF8010025
:101150001CF80100FCF70100314B70B51D68064614
:101160000C4625B1AB6913B9284600F0DFF82D4BCA
:101170009C420ED16C68B4F90C301A072CD4DD06F1
:1011800011D40922326043F040034FF0FF30A381B5
:101190003DE0254B9C4201D1AC68ECE7234B9C42DF
:1011A00008BFEC68E7E7580712D5616B41B104F15D
:1011B0004403994202D03046FFF7E6FB0023636305
:1011C000A38923F02403A3810023636023692360A0
:1011D000A38943F00803A38123694BB9A38903F4CE
:1011E0002073B3F5007F03D02146304600F01CF990
:1011F000B4F90C3013F001020AD00022A260626937
:101200005242A261226942B913F08000BBD170BD85
:10121000990758BF6269A260F4E70020F7E700BFB2
:10122000E80200203CF801001CF80100FCF7010076
:1012300038B50B6905460C4613B90025284638BD5C
:1012400018B183690BB900F071F8144B9C421BD1A3
:101250006C68B4F90C30002BEFD0626ED00704D468
:10126000990502D4A06D06F00BFB284621460AF032
:1012700027FA636E0546DA07E0D4A3899B05DDD41F
:10128000A06D06F003FBD9E7054B9C4201D1AC6889
:10129000DFE7044B9C4208BFEC68DAE73CF801004A
:1012A0001CF80100FCF70100002310B50446836020
:1012B000818119464366C28108228361C0E90033F7
:1012C000C0E904335C300AF020F9054B2462636204
:1012D000044BA362044BE362044B236310BD00BFC5
:1012E00019B901003BB9010073B9010097B90100B8
:1012F00001490AF07EBA00BF31120100014806F030
:10130000BFBA00BFDC040020014806F0BFBA00BF2E
:10131000DC040020014806F0B3BA00BFF00400204E
:10132000014806F0B3BA00BFF004002010B504462F
:10133000FFF7F0FFA3691BB1BDE81040FFF7F0BF56
:10134000C4E9123323652046124B134A1B68A2627C
:10135000A34204BF0123A36100F020F8606020468F
:1013600000F01CF8A060204600F018F800220421CC
:10137000E0606068FFF798FF01220921A068FFF78D
:1013800093FF02221221E068FFF78EFF0123A36181
:10139000D2E700BFF8F70100F1120100F8B50746E7
:1013A000FFF7ACFF1E4B1E68B36913B93046FFF759
:1013B000BDFF4836D6E90134013B03D533680BB392
:1013C0003668F7E7B4F90C50D5B9164B04F158005C
:1013D0006566E36006F04AFAFFF796FF08222946A1
:1013E00004F15C002560A561C4E90155C4E9045518
:1013F0000AF08BF8C4E90D55C4E912552046F8BD32
:101400006834D9E7042138460AF0DDF90446306033
:101410000028D5D1FFF778FF0C233B60EEE700BF33
:10142000F8F701000100FFFF8B89F7B59D0706461D
:101430000C4607D504F14703236023610123636150
:1014400003B0F0BD01AB6A460AF0F2F9009F054611
:1014500030463946FFF7E2FA48B9B4F90C309A053C
:10146000EED423F0030343F00203A381E2E70D4B24
:10147000B362A389206043F08003A381019BC4E988
:1014800004075BB1B4F90E10304600F067F828B1DC
:10149000A38923F0030343F00103A381A3891D4320
:1014A000A581CDE7F1120100014806F0E9B900BFBE
:1014B000C8040020014806F0E9B900BFC8040020B4
:1014C000024B014618680AF0FDB900BFE80200208F
:1014D00038B50023064D0446084611462B6006F039
:1014E000BCF9431C02D12B6803B1236038BD00BF97
:1014F0006869002038B50446064D084611460022AA
:101500002A601A4606F09BF9431C02D12B6803B1EE
:10151000236038BD6869002038B50023054D0446B6
:1015200008462B6006F08FF9431C02D12B6803B1EB
:10153000236038BD6869002038B50023064D044695
:10154000084611462B6006F08CF9431C02D12B682B
:1015500003B1236038BD00BF6869002038B500239F
:10156000054D044608462B6006F072F9431C02D173
:101570002B6803B1236038BD6869002038B5044684
:10158000064D0846114600222A601A4606F05EF90A
:10159000431C02D12B6803B1236038BD6869002069
:1015A00038B50446064D0846114600222A601A4600
:1015B00006F041F9431C02D12B6803B1236038BD0A
:1015C0006869002038B50446154600F08DF804F629
:1015D0004213C4F83C394FF4006304F58A50C4F850
:1015E0003859A4F8403904F63C1104F58B55043001
:1015F0000DF001FB043504F58A50234629460E4AB6
:101600000C300DF02BFB4FF40071002204F58053D9
:10161000A3F8681109490635C3E9DC12A3F8602173
:1016200083F86C23201D22460549C3F864510CF051
:101630000AFE204638BD00BF33BB0100A5BA010039
:10164000C7B9010008B50A4601460348FFF7BAFFCB
:10165000BDE8084000F0C4B8701B00202DE9F0413F
:101660000C46A0B016461F460AF0B1FA2346802168
:101670001A4A684604F0D0FD6846EFF775FA6946E5
:101680000246002000F062FA6D460024DFF8548024
:10169000BC4215D1A4B204EB4404C4F18001104A49
:1016A0000DEB040004F0B8FD6846EFF75DFA0DF1AC
:1016B0000101421E002000F049FA20B0BDE8F0818F
:1016C000292CE8D0A4EB84012846335D42468031C2
:1016D00004F0A2FD01340335DAE700BF5520020013
:1016E0006F2002006920020070B5064604460025FE
:1016F00046F8041B4FF4006200F1D10130460CF0B3
:1017000095FD266504F1540304F17402C3E9005504
:1017100008339342FAD1C4E91E55A4F8745004F179
:1017200080000DF007F8C8230421284A84F8C81067
:10173000C4E928234FF6FF732549A4F8A8300968A7
:10174000244BC4F8CC10FF210022C4E92B35002320
:10175000A4F8181904F51361C4E92E23C4E9302351
:1017600084F89850C4F89C50C4F8B45084F8D05011
:1017700084F8D158A4F8D258C4F81059C4F81459B0
:10178000C4F81C59C4F82059C4F82459C4F828597D
:1017900084F82C59C1E900230F4B224630460F49EB
:1017A0001C600CF053FD3C22002104F6D40009F02B
:1017B000ACFE7722002104F1B80000F061FA04F1D8
:1017C000AC0000F009FC204670BD00BF00F8FF0728
:1017D00084FE01007D1901006C690020E9BD010053
:1017E000014B1868704700BF6C690020013804285D
:1017F0009ABF024B185C0020704700BF72200200A5
:10180000F8B501F00F0611F00F0117461A4606D180
:10181000022F02D1B83000F033FA00200CE090F82B
:10182000D35890F8D238EC1A0E2C06DDB8300E22C0
:10183000002100F025FA0320F8BD90F8D1488C4231
:1018400031D12C460E2C32D81A4B04F50D7407F00A
:10185000030746F0100100EB840403EAC21341EAD7
:10186000471119436368013503F000431943616070
:1018700080F8D358D1E70F3CE4B20E2CFBD804F526
:101880000D7400EB840494F804C01CF0100F08D011
:101890000CF00F0E8E4504D16FF3041C84F804C0C5
:1018A000CFE70133DBB29D42CBD91C46E5E70F3CC5
:1018B000E4B2C7E780FFFF7F2DE9F84FD0E92E3271
:1018C0001343044604D1012384F82C39BDE8F88F72
:1018D000B8300BF088FA002580464FF00109264FFA
:1018E000EBB24345EFD2D4E92E30C5F12001A5F18A
:1018F0002002EB4000FA01F10B4320FA02F21343FD
:1019000013F0010FC5F1200AA5F1200602D10C3712
:101910000135E5E73A682ABBD7F804B0BBF1770F89
:1019200006D1206807F0BCFE082898BF00F1700BB4
:101930005A46802120460AF093F90028C3D1D4E901
:101940002E3209FA06F629FA0AFA46EA0A0609FACE
:1019500005F123EA010322EA0602C4E92E32134309
:10196000D5D1B0E794F82C39002BE8D001238021A1
:1019700020460AF08FF9E0E7B0FB0100014B186840
:10198000FFF79ABF6C690020022337B5B0F88820B2
:101990008DF80730B0F8863004469A421BD1206893
:1019A0000BF02CFA0023FF228021A4F818292046EE
:1019B000702284F8123984F81739C4F81C39C4F835
:1019C0002039C4F82439C4F828390AF049F9054601
:1019D000284603B030BD0DF1070180300CF0C2FE87
:1019E0009DF807300546022BD9D020680BF004FA89
:1019F0000022014B1A60EBE76C690020002337B529
:101A000005460DF1070180308DF807300CF0AAFE75
:101A1000044608BB9DF80730F3B1022B1FD128689C
:101A20000BF0F1F9C0B195F91839013319D1D5F896
:101A3000A030C3B15A1E1A4015D15B08114602F1FD
:101A40000102FAD185F81819084BB5F8A4202868C6
:101A5000C9B20BF0EBF90446204603B030BD0C24AC
:101A6000FAE70D24F8E70724F6E700BFE91B0100B9
:101A700073B504460E4680300DF107010CF072FE7E
:101A8000054690BB9DF80730022B1FD003D9DA1E04
:101A9000012A88BF032384F8C83000230C2284F86D
:101AA000D0303146012320460AF0F4F894F8C830CB
:101AB000042B17D060B9201D0CF0CEFC0123C4F814
:101AC000CC0084F89830284602B070BD0123E2E7CC
:101AD0000A4B1B68C4F8CC30012384F8983084F892
:101AE000D060F0E70028EED0F9E70AF026F831469A
:101AF000024620460AF0B4F80546E4E784FE0100F9
:101B000010B5044600680BF0A1F9B8B10A280DD849
:101B10004FF4FA6303FB00F101F55C2101F5346138
:101B200004F15000BDE810400CF027BF192807D879
:101B300041F28833034903FB0011F1E70249EFE763
:101B40000021EDE7B0DB2300CC3F0D0010B41346BD
:101B5000064A0446106828B10A4621465DF8044B3F
:101B60000AF03BB80D205DF8044B70476C6900200B
:101B700010B504460B462A2202490AF002FE20460E
:101B800010BD00BFB8F9010010B504460B4617227E
:101B900002490AF0F6FD204610BD00BFA4F801007E
:101BA00010B504460B46032202490AF0EAFD20461E
:101BB00010BD00BF80F8010010B504460B4603229B
:101BC00002490AF0DEFD204610BD00BF5CF80100AE
:101BD000014B18680AF086BE6C6900200148006855
:101BE0000AF099BE6C690020014B18680AF0FABE31
:101BF0006C690020002313B504460DF10701803005
:101C00008DF807300CF0BEFD014630B99DF8073065
:101C100020682BB90BF0F4F80146084602B010BD5D
:101C20000049F7E7D11B010038B5044600680D46AE
:101C30000BF0E9F8A0B120680BF0F0F80146D0B144
:101C400020460AF0BFFF034658B90C4920680BF044
:101C5000E7F8034628B905F00F0584F8175938BD91
:101C60000D23184609F069FF294602462046BDE8C3
:101C7000384009F0F5BF0323F3E700BFDD1B010087
:101C8000002330B5174C25688D4224D165689542F4
:101C900021D1C3F12004D0E90225A3F1200105FAE6
:101CA00004F4DA40224325FA01F10A4312F0010F4D
:101CB000C3F12004A3F120020CD1012121FA04F484
:101CC00001FA02F222439940D0E900430C43134346
:101CD000C0E9004330BD0133DBB2202B04F10C041A
:101CE000D1D1F7E7B0FB01002DE9F04700244FF018
:101CF000010C26461D4D95F808E0BEF1000F22D0DC
:101D00002B688B421FD1D0E902A9A4F12003C4F1B2
:101D100020062CFA06F60CFA03F333430CFA04F708
:101D20006FEA0708DE43BAB14AEA070749EA030344
:101D3000C0E90273D0E9007307EA08073340C0E93D
:101D4000007331B976460134202C05F10C05D2D14F
:101D50004EB10020BDE8F08708EA0A0306EA09064A
:101D6000C0E90236EDE70720F4E700BFB0FB010051
:101D7000002230B50F4B1C7A9CB11C688C4210D1EC
:101D8000C2F12004D0E90235A2F1200123FA02F0C9
:101D900005FA04F4204325FA01F1084300F001009C
:101DA00030BD0132D2B2202A03F10C03E3D100206E
:101DB000F6E700BFB0FB0100004870477720020043
:101DC0000148F8F709BE00BFE82E002008B5836976
:101DD00023B10348F8F706FE002008BD0D20FCE7FC
:101DE000E82E0020836913B10248F8F7A1BB0D204B
:101DF000704700BFE82E002008B5836923B103486F
:101E0000F8F738FE002008BD0D20FCE7E82E002082
:101E1000836913B10248F8F741BE0D20704700BF37
:101E2000E82E002007B5836953B1684601220BF004
:101E300069FD69460348F8F74DFE03B05DF804FB01
:101E40000D20FAE7E82E0020836913B10248F8F765
:101E50005BBE0D20704700BFE82E002007B58369E8
:101E600053B1684601220BF04DFD69460348F8F76F
:101E700065FE03B05DF804FB0D20FAE7E82E0020B4
:101E800008B5836923B10348F8F772FE002008BD46
:101E90000D20FCE7E82E002008B5836923B1034834
:101EA000F8F77AFE002008BD0D20FCE7E82E0020A0
:101EB00010B5064C94F8AD302BB920460AF0F0FF6F
:101EC000012384F8AD30014810BD00BFE82E00208A
:101ED000F0B50C460546ABB0164604A9962202A8FA
:101EE0001F460BF05AF8134B13491A5D02A80BF06A
:101EF00079F80E2128460BF045F8104B0E220344CA
:101F000000930F492B4602A80E4D0BF06BF83A4692
:101F1000314602A80BF048F829460B4A02A80BF0FC
:101F200061F82A461021204604ABF9F74FF92BB08F
:101F3000F0BD00BFB9200200AA200200BF200200AD
:101F4000B0200200652302003B22020037B5094D94
:101F500004462B8843B904210DEB0100F8F7C6F8BD
:101F6000019905480AF0EAFF20462B8801332B80AF
:101F700003B030BD447400207069002001480AF0AD
:101F8000E7BF00BF70690020014B53F82000704785
:101F900030FD0100F8B505460C46064F8E18B442D8
:101FA00001D12846F8BD3946284614F8012B0BF01C
:101FB00019F8F4E7C9100200036823B90160054865
:101FC000496005F0DCBC5B684B60036859600160E8
:101FD000704700BFE82E00204368014613B902484D
:101FE000FFF7EABF704700BFEC2E002070B5056810
:101FF0000C4625B9BDE870404B68084818478B6807
:1020000098476A680146831A002BB8BF121A2368E2
:10201000A8BF0022BDE8704000481847E82E002005
:1020200010B504460AF0E6FE30B104F10800034999
:10203000BDE810400BF059B810BD00BF44FD0100D1
:102040004160024A014602480BF020B838FD010009
:10205000F42E00200146024A02480AF0F1BF00BFF8
:1020600038FD0100F42E002010B504460AF0C2FE2F
:1020700030B104F10C000349BDE810400BF035B855
:1020800010BD00BF38FD010003460846114613B1DC
:10209000014A04F0C1B87047D520020073B5012988
:1020A00014461D46069E07D1136831462846194A34
:1020B00004F0B2F8002402E0022908D007242046E8
:1020C00032462946FFF7E0FF204602B070BD1249B4
:1020D0001068EEF73FFD0028F0D1606801A90BF011
:1020E0003DF804460028EAD1019BF21E9A4228BF1F
:1020F0001A460A21944205D1084A311B281904F0D6
:102100008BF8D7E7B4FBF1F301FB134330332B55C6
:102110000134EFE7A6220200EA2002003922020081
:102120002DE9F347DDF82880814615461F460C4609
:1021300081B9F8F7AFFE2A4A2A4B4146002818BF5A
:1021400013463846284A04F067F80026304602B0A5
:10215000BDE8F08725491068EEF7FCFC28B9013C82
:1021600014F0FF0405F10405E3D000234FF00B0A3F
:102170001F4E3B70BAF1010A08D13B462A46214660
:10218000CDF800801B48F8F771FE1BE03168286825
:10219000EEF7E0FC10BBB36876685A1009EB6300F9
:1021A000DB0748BF59F8023004F1FF3148BF9E59A0
:1021B000012C08BF00223B46C9B218BF2A1DCDF82A
:1021C0000080B04723280646C0D1012CBED041462E
:1021D00038462B68084A04F01FF8B7E70C36C9E701
:1021E000C6110200F1040200F1200200ED200200FD
:1021F00050FD0100E82E002029170200F0B50C4622
:102200001E460023E5B007464FF480712046154670
:102210008DF80F300AF0B6FEFF281DD8214624A8FD
:102220000CF040FD384604AB0DF10F0224A90AF072
:10223000E7FF032804460FD0072814D0C8B9287038
:102240002B4638469DF80F10009604AAFFF768FF4A
:102250000446204665B0F0BD31462846064A03F0E4
:10226000DBFF0324F5E7054A3146284603F0D4FF97
:10227000EFE7034AF8E700BF0A2102002C21020021
:10228000612102002DE9F7430229884617461D46C1
:102290000A9E1BD140491068EEF75CFC00283ED135
:1022A000786801A90AF05AFF044678BB01980DF13D
:1022B00002010AF0BDFF044640BB314628469DF8A6
:1022C0000230364A03F0A8FF00241FE003291AD188
:1022D00033491068EEF73EFC08BB786801A90AF0A4
:1022E0003DFF044690B9B8680DF10201DDF80480A5
:1022F0000AF077FF044648B940469DF802100AF0FC
:1023000095FF044602E0012909D8072420463246F9
:102310002946FFF7B9FE204603B0BDE8F083214906
:102320003868EEF717FC0028EFD1786801A90AF0A9
:1023300015FF04460028E9D1B8F1020FDDF804903A
:1023400014D148460DF103010AF076FF0446002837
:10235000DCD19DF803302BB9134A3146284603F0EF
:102360005BFFB1E7012BAFD1104AF6E7B8F1030FDD
:10237000AAD10F49B868EEF7EDFB38B10D49B8683E
:10238000EEF7E8FB00289FD1012100E021464846F6
:102390000AF050FFB5E700BF82210200862102004B
:1023A000E71202008B210200902102009521020019
:1023B000E71E0200801802000A4608B510230348F1
:1023C00022F8103F0AF03CFF08BD00BFE82E0020B5
:1023D0002DE9F04190B00746884614461D46169EEA
:1023E000F8F758FD002847D0B8F1000F1FD1694613
:1023F0003846FFF7E1FF044680B9212207A905A866
:102400000AF0CBFD6946BDF8102005A8FFF7C2FD14
:1024100031462846194A07AB03F0FEFE20463246F5
:102420002946FFF731FE204610B0BDE8F08114497F
:102430002068EEF78FFB28B9012112480AF002FF4D
:102440000446EBE710492068EEF784FB01460028BC
:10245000F3D0102320686A460DEB0301ADF810306D
:102460000BF0A5FC04460028D8D16946BDF8102021
:1024700004480AF0E3FEE3E70D24CFE7A6220200BA
:102480009B210200E82E0020A221020070B50E461A
:1024900014461D46F8F7FEFCD8B13EB90724204685
:1024A0002946049AFFF7F0FD204670BD0A492068CE
:1024B000EEF750FB28B901210848F8F7F1FC044673
:1024C000EDE707492068EEF745FB01460028E5D116
:1024D000F2E70D24E3E700BFAA210200E82E002066
:1024E000B021020070B50E4614461D46F8F7D2FC26
:1024F000D8B13EB9072420462946049AFFF7C4FD07
:10250000204670BD0A492068EEF724FB28B9012156
:1025100008480AF099FE0446EDE707492068EEF7FF
:1025200019FB01460028E5D1F2E70D24E3E700BFDF
:10253000AA210200E82E0020B021020007B51020D9
:102540001346908202F114000190101D0090023396
:1025500002480AF07BFE03B05DF804FBE82E002081
:102560002DE9F04F9FB083460E4690461C46289DAD
:10257000F8F790FC0746002800F0C680002E40F0D7
:102580008E8029462046614A03F046FE002847DD3A
:10259000854245DD0B21B14604442D1A1B298DF8D7
:1025A0001B1009D9002630462A462146FFF76CFD4C
:1025B00030461FB0BDE8F08F34D1B9F1000F3AD0EA
:1025C0004FF01708BDF91C10BDF93420BDF93630A5
:1025D000914233D0BDF934300DF1540A0493BDF962
:1025E00036302122514613A805939DF81B900AF01E
:1025F000D4FCBDF848200EA913A8FFF7CBFC059B1F
:1026000009F1FF390293049B2946CDE90093204646
:1026100033463F4ACDF80CA003F0FEFD002826DC2F
:102620000326C0E7584607AAFFF788FF8046B9F19E
:10263000000FC7D110B34FF0000913E0BDF91E2001
:102640009A42C7D1BDF83030BDF848209A42C1D176
:102650000EA908A808F00FFF0028BBD1B8F1000FA1
:10266000B8D1B9469DF81B100131C9B296E7854231
:10267000D6DD04442D1AB8F1000FDCD10DF1340C75
:102680000DF11C0EBEE80F00ACE80F009EE8030041
:102690004CF8040B9DF81B60ACF80010E1E7012E2C
:1026A00001D007267FE7D8F800000DF11B010BF0E1
:1026B0006DFB064600287FF476AF9DF81B10A1F154
:1026C0000B030F2BEDD8584607AAFFF737FF064636
:1026D00000287FF468AF15AF3946BDF91C80BDF9FD
:1026E0001E90212213A80AF058FCBDF8302008A93A
:1026F00013A8FFF74FFC434629462046CDE9009733
:10270000044A03F089FD4EE70D264CE7B52102008F
:102710003C2202006122020070B504460D4600F121
:10272000100649B10A480B4A0B490AF0F9FB30463A
:1027300000F026FA40B170BD0548084A06490AF083
:10274000EFFB304600F030FA00206560F3E700BF91
:1027500068230200E3220200E8220200F4220200C1
:102760002DE9F041064615460C4691B18F88284662
:1027700000F008FE3A460346084909480AF0D0FB33
:10278000736843B13DB92A462146BDE8F04105488A
:1027900018470F46EBE7BDE8F08100BFFA220200C0
:1027A00068230200E82E00202DE9F0410446184677
:1027B000B1F804800D4617461E4600F0E3FD424680
:1027C0000346094909480AF0ABFBD4F80880B8F180
:1027D000000F06D033463A4629460548C047002335
:1027E000A360BDE8F08100BF1A2302006823020045
:1027F000E82E002010B5436804462BB1C3681BB116
:10280000024898470023E36010BD00BFE82E002077
:1028100070B518460C46A4B08BB100F0B3FD054668
:102820002146667E02A800F023F804ABCDE90063E0
:102830002A469DF8A030034903480AF063FB24B000
:1028400070BD00BF3B23020068230200430708D08D
:1028500000F01803083BDBB2102B04D8034AD05C0D
:102860007047FF2070470520704700BFDD2302003E
:1028700070B580220D4698B000F1080104460AF0B8
:102880008CFB00238DF818308DF824302B68AA8833
:102890009B7820462B490AF0A5FB2B681A7802F09A
:1028A0000702032A4BD8DFE802F0022E3032264915
:1028B00020460AF097FB04A928460AF010FE07A953
:1028C00028460AF0B3FD04A90AA800F04DF807A9AC
:1028D00011A800F049F82B681878C0F3C000FFF782
:1028E00053FB2B6806461878C0F34010FFF74CFBEB
:1028F0001649CDE9006013AB20460CAA0AF072FB22
:10290000204618B070BD1249D2E71249D0E72846D8
:102910000DF10F010AF03FFF10B1FF238DF80F30CA
:102920009DF80F20042A06D0072A06D00A4920461F
:102930000AF058FBBFE70949BAE70949B8E709496E
:10294000F5E700BF7023020089230200B9230200CB
:1029500090230200B1250200B1230200952302005A
:10296000A2230200FE12020038B50D46112200F12A
:10297000080104460AF011FB2B7A022B06D108222B
:1029800029462046FFF706FB204638BD23B92046DE
:1029900004490AF027FBF7E720462A8802490AF093
:1029A00021FBF1E7EE230200FF23020070B51D4E6C
:1029B000044630460D46F7F7E7FF20703046F7F73C
:1029C000B7FF29460025606104F118000BF031F9CA
:1029D00029461022C4E9075504F1240008F095FDAA
:1029E0002946102204F1340008F08FFD29461022F8
:1029F00004F1440008F089FD23460B4A204643F8C1
:102A00005C2F63662346094A43F87C2FC4F8843060
:102A1000FF2384F8783084F879300AF0A0FF20464C
:102A200070BD00BFE82E00204D2F01001D310100B8
:102A300010B50C460448F7F72BFD2246BDE81040C0
:102A4000024903480AF06CBAE82E0020F323020082
:102A50002025020010B504468180054800F0E0FB07
:102A6000A28804490448BDE810400AF059BA00BFE2
:102A7000F92E0020062402002025020010B50A6865
:102A80008AB0C0F806204A68841DC0F80A200122D6
:102A900001A80AF037FF01A9064800F0BBFB214658
:102AA00003A80AF020FF0449044805AA0AF038FAEE
:102AB0000AB010BDF92E00202024020020250200BB
:102AC00070B50E4601210446B14000200AF04EFACE
:102AD0004FF4A07303FB00F5A37BDB0714D56369F8
:102AE0000C489979F7F796FE294604F15C000AF044
:102AF0001AFB6378062B0BD133462A46BDE870409B
:102B0000054906480AF00CBA0248F7F711FDEBE751
:102B100070BD00BFE82E00203424020020250200F2
:102B2000837B9B0702D40248F7F706BF7F207047DC
:102B3000E82E002003789B075FBF044B9869B0FA2A
:102B400080F0400948BF0020704700BFE82E0020F9
:102B500038B50C4641780546A14209D0054A0648D9
:102B600052F8243052F8212004490AF0D9F96C7047
:102B700038BD00BFC8FD0100202502005724020017
:102B800010B5437804465BB90648F7F7BDFC40B979
:102B90000448F7F7CDFC20B901212046FFF7D8FF04
:102BA000002010BDE82E002038B505467C30FFF728
:102BB00051FA05F15C00FFF74DFA0848F7F7B8FC49
:102BC000044640B90548F7F7A9FC044618B9014680
:102BD0002846FFF7BDFF204638BD00BFE82E002085
:102BE00038B5837B05469B070B480CD5F7F7A0FC4F
:102BF000044658B100F0C6FB0849024608480AF0EE
:102C000073F9204638BDF7F705FEF1E702212846A3
:102C1000FFF79EFFF5E700BFE82E00206C240200BE
:102C20002025020010B54378044603F0FB03032B74
:102C300024D10378DB0604D4436911489979F7F766
:102C4000E9FD04212046FFF783FFE3691BB1012161
:102C5000226A6069984761690A4800F0E7FA0D281E
:102C60000CD1626913694BB1002313616269054895
:102C700053616169BDE8104000F0D8BA10BD00BFD3
:102C8000E82E0020F92E002070B543780446154642
:102C900063B3033B042B29D9837B9B0704D57F2196
:102CA0000AF0C0FE002070BD037813F0020607D0C2
:102CB0001048F7F7B1FE05212046FFF749FFF1E77D
:102CC000FFF738FFA0B10B48F7F7A4FD0521204618
:102CD000FFF73EFF7F23E373F7F76AF905443146B8
:102CE000256104F15C000AF01EFADBE70D20DAE74B
:102CF0000C20D8E7E82E002038B5436904461B694C
:102D00008578EBB10721FFF723FF20460AF084FE08
:102D100088B1144806F0E1FC6369D3E904218B18FB
:102D2000C3F1A803C34206D504F15C00A839BDE88D
:102D300038400AF0F5B92046BDE83840FFF772BFC9
:102D40000321FFF705FF20460AF059FE0028F2D0C4
:102D5000E91CC9B205292046BDE8384028BF052135
:102D6000FFF7AEBEE82E00202DE9FF4708290546F3
:102D7000DDE90C78894692461C4612D180F858202D
:102D800000F124060FCB86E80F0005F1340697E822
:102D90000F0086E80F0005F1440698E80F0086E86A
:102DA0000F0028460AF025FE40B9CDE901802346F0
:102DB0005246494603480097F7F730FF04B0BDE894
:102DC000F08700BFE82E00202DE9F7431E46044699
:102DD0005C300D469046FFF73DF90E2E1BD005D80E
:102DE000CEB10B2E06D003B0BDE8F0830F2EFAD182
:102DF000002711E0294620460AF0F1FE0023A370C7
:102E000020460AF003FEE37878B36F7E9F4294BFBA
:102E1000002701272AE00127EB7E5B0705D539460D
:102E2000AA7904F118000AF005FFB4F868301BB164
:102E30002D4806F052FC6067294620460AF0CFFE76
:102E40007FB920460AF0DBFD58B1A3782A7E9A426A
:102E500007D90133A370204603B0BDE8F043FFF764
:102E60004BBF0023A370002ECAD100270197E3783F
:102E700004F118090093424633462946484600F0BB
:102E800059F9E7B1E3780E2E03F10103E370EB7E0D
:102E900043F00203EB76DED106212046FFF758FE11
:102EA000204694F85910FFF70BFE94F8593001337F
:102EB000DBB2052B28BF052384F8593093E70221A4
:102EC0002046FFF745FEA97EAB798B4202D006482B
:102ED000F7F7A0FC334642462946484603B0BDE812
:102EE000F04300F035B900BFE82E002010B543785C
:102EF0000446033B042B21D8DFE803F003071C182A
:102F00000300BDE81040FFF78DBE0D490D480AF0E3
:102F100007F863690C489979F7F77CFC20466169EA
:102F20000E23BDE810400022FFF74EBFBDE8104061
:102F3000FFF7E2BEBDE810400AF081BD10BD00BF42
:102F40008D24020020250200E82E00200148FFF712
:102F5000CDBF00BF0C2F002010B504463AB1426D22
:102F60008A4238BF41650AF044FD50B110BD616529
:102F70000AF03FFD0028F9D1BDE810400348F7F7FB
:102F800099BE0248BDE81040F7F7A8BEE82E002021
:102F90002DE9F843A023DFF87C800446B0F86850A0
:102FA000404616465D430F4606F097FB636F6D087B
:102FB000A0EB03094046F7F7E7FE94F87830144A8F
:102FC0000344A3FB09014FEAE37C09FB0C11002336
:102FD000EDF7C2F894F87930814603EB830340465D
:102FE0005C0006F07CFB03B203EB830304EB4304B9
:102FF00004EB090000F59F531033AB4294BF3B60D4
:103000003D60854294BF35603060BDE8F88300BF05
:1030100040420F00E82E002073B50446694601AA1D
:10302000B0F86860FFF7B4FF94F86A30216FDA09EE
:1030300004F17C0017D06FF3C71384F86A30009B4B
:10304000C91AFEF7FDFF6378082B5CD12F48F7F70C
:103050006FFAF6F7F5FF02462D492E4802B0BDE89B
:10306000704009F05DBFA0235E4394F90030002B4F
:1030700025DA009D31442167491BA5F59C55083D83
:10308000FEF7DEFF0095216F2048F7F769FE94F9FF
:103090000030002B637820DA13F0FD0F33D0009B53
:1030A0000198226F94F86A10D21A03441748921BB1
:1030B00001F07F0102B0BDE87040F7F7CDBB019B86
:1030C0001944FEF7BDFF94F86A3043F0800384F89A
:1030D0006A30236F33442367D5E7082B13D194F864
:1030E0006A100A4801F07F01F7F794FBF6F7A8FF92
:1030F000DDE9001302460B440648074902B0BDE86B
:10310000704009F00DBF02B070BD00BFE82E002076
:10311000A124020020250200AF2402000148FFF78D
:103120007BBF00BF0C2F00200148FFF719BB00BF79
:10313000FC2E002010B49DF804009DF80840CDE955
:10314000010402485DF8044BFFF762BBFC2E00202F
:103150000148FFF729BB00BFFC2E00200148FFF704
:1031600049BB00BFFC2E0020002370B5194690B06B
:103170004FF6FE722648F7F7C5FD00212448F7F701
:1031800079FC2348F7F7F4FC2148F7F705FD2048C0
:10319000F7F7B2F928B11E48F7F7CAF91C48F7F754
:1031A000BDF900240CAD4FF6FF711948F7F770F91F
:1031B00029461748CDE90C44F7F77CF94FF6FE7124
:1031C0001348F7F787F9102221460DEB020008AEED
:1031D00008F09BF921461022304608F096F9214666
:1031E0001022284608F091F92246214604ABCDE989
:1031F000015407480096F7F711FD21460448F7F7F8
:1032000059FD2146024810B0BDE87040F7F7EABB0F
:10321000E82E00200148F7F74DB900BFE82E002046
:103220000148F7F757B900BFE82E00200148F7F72B
:1032300059BB00BFE82E00200048704700F8FF0788
:103240002DE9F84F00240D4616468346A146DFF8C7
:10325000908002F1FF3A5F461BF8010B18B900237A
:1032600005EB840536E05C2825D19BF80020A2F10F
:103270000903DBB2172B0CD828FA03F3DA070AD5B7
:103280003846EDF771FC59460246384608F023F9F6
:1032900001E05C2AF4D01BF8013C002BDBD01CB110
:1032A0001BF8023C002BD6D1544517D0631C45F8BF
:1032B0002470DCB2CFE70938C3B2172BEBD828FA59
:1032C00003F3DB0748BF0BF8019CE4E70134E4B2E9
:1032D00045F8043BB442F9D3BDE8F88F0720BEE7B8
:1032E000130080002DE9F3470E460446D8B1037859
:1032F000302B1AD1437803F0DF03582B15D1012767
:10330000023400224FF0993915464FF00A08DFF8D1
:1033100070A020785FB10DF107010AF0C0FC58BB26
:10332000B5F1805F12D3072026E00027E9E73038A7
:10333000C0B20928F7D891457AEB05038DF807004C
:10334000F1D3A2FB082308FB053303E02B0143EA7A
:10335000127312019DF807100020891853F1000321
:1033600028BF01200A461D460028DCD114F8010FB1
:103370000028CED1C6E9001302B0BDE8F08700BF37
:103380009999991925289ABF024B53F820000248B1
:10339000704700BFECFD01002725020001480AF03C
:1033A00081BB00BF0C2F002001480AF015BB00BFF5
:1033B0000C2F00200148FFF707BD00BF0C2F002095
:1033C00001480AF02FBB00BF0C2F002001480AF073
:1033D00069BB00BF0C2F0020134602480022FFF7F4
:1033E000F3BC00BF0C2F002038B57E2905460C46E3
:1033F00000680AD87C2903D801F0FD03112B06D1FF
:103400008388012B08D8032005E0F829F7E7214637
:103410000BF0E4FB40B138BD7D210BF0DFFB2868E9
:1034200084F020010BF0DAFBAA88054B5440E4B28B
:1034300033F81430002083EA1223AB80EBE700BF9F
:103440004E000200F8B504460D468E18AE4200D17B
:10345000F8BD237815F8011B012B0BD0022B3CD0B3
:10346000002BF3D17E29F1D1012323704FF6FF7396
:103470002361EBE77D2915D07E2916D06068878807
:10348000002F40D0228A234F82EA0103DBB237F8B3
:10349000133083EA122323820BF0A0FB638A0133EB
:1034A0006382D3E702232370D0E7638A002BDDD049
:1034B000012B10D04FF2B803228A9A420BD100217F
:1034C00063681A68023A1A609A8802329A80D4E9CC
:1034D00002309847CAE70621F9E76068878897B104
:1034E000228A81F0200182EA01030A4FDBB237F819
:1034F000133083EA122323820BF070FB638A0133BB
:1035000063820123CFE70321A368E068984727700F
:103510009CE700BF4E000200024B1860024B0020E7
:1035200019607047500300204C03002010B50C4C6C
:10353000236813B10B4B1B682BB900F05DFE30B94B
:103540000122084B1A6001232360002010BD0138BE
:10355000072801D9044810BD044B53F8200010BDC2
:103560007869002074690020FE8FFFFF88FE01004B
:10357000BFF34F8F0549064BCA6802F4E06213435C
:10358000CB60BFF34F8F00BFFDE700BF00ED00E051
:103590000400FA0530B44FF0FE3200250B4B0C4C02
:1035A0000C494968C3F80024C3F80424C3F808246C
:1035B000C3F80C24C3F81024C3F81424C3F8182447
:1035C000C3F81C24C4F8005530BC08470050845090
:1035D0000040845054030020024BD0E90012C3E99C
:1035E0000012704754030020144B2DE9F0430028CB
:1035F00014BF04461C46124F236883B0BB4219D047
:1036000016460D4620464FF4E07104F1040900F01F
:10361000EBF804F58E78484600F0CEFC404600F00A
:10362000F1FA2B464A4640460649009600F000FB58
:1036300008B92760002003B0BDE8F0837C69002052
:10364000A5BCC95A3D40010070B50D4C1D4600286F
:1036500014BF064626460B4B306882B098420DD107
:1036600006F58E70002633460096144600F030FBB7
:10367000002818BF34462C6002B070BD0248FBE73A
:103680007C690020A5BCC95AE88FFFFF10B504462D
:1036900050B1636813F0685F05D0064A934202D0C8
:1036A00000236260236010BD034B04485B689847A9
:1036B000EFE700BF2C5F5CA954030020A8FE0100C7
:1036C000C8B143680D4A934213D013F0685F0ED01F
:1036D000012350E8002F194640E8001C9CF0000F21
:1036E000F7D1012AF5D0BFF35F8F0020704704485F
:1036F0007047044870476FF4E04070472C5F5CA946
:10370000E98FFFFFEA8FFFFF034680B14268094956
:103710008A420AD012F0685F05D0BFF35F8F0022A3
:1037200010461A60704704487047044870476FF4A9
:10373000E04070472C5F5CA9E98FFFFFEA8FFFFF35
:1037400010B5044620B10023034A2360626010BD17
:103750000248FFF71FFFF6E73A00003AD0FE0100EB
:103760002DE9F041174C4768066867608768C068B4
:10377000A760E06026600868134B144D1860486825
:10378000D5F818215860886812F0685F9860C8689A
:103790000969D860196112D000230D4A05F58A70B5
:1037A000C5F81431C5F8B831C5F81821C5F8BC21E1
:1037B000B047236805F5DC70BDE8F0411847BDE867
:1037C000F08100BF700300205C0300207C690020B2
:1037D0002C5F5CA938B131B10022014403460130AD
:1037E00081421A70FAD1704738B131B100220144D8
:1037F0000346013088421A70FAD170472DE9F04F24
:10380000B2F5C07FBDB000F2DA800C46DFF8B491AB
:10381000154600214FF4D07282460DF17C084846CF
:1038200007F073FE404601F05BF930232146002487
:1038300089F8173009F118066BBA2A46A9F8123030
:103840003046A9F8104007F026FE80222346725524
:103850000DF12B0101F8013F0133202BFAD14FF478
:10386000807240460BA901F051F98346002840F0D0
:10387000A38005F1190313AD2F4607AE0293CDF8CF
:103880000CA00196049510220021019807F03DFE3E
:10389000DFF834A1DDF808B005970A9B5AF8044C0C
:1038A000089F099A07995AF8100C5AF80C6C5AF8A4
:1038B000085C5C40019B7E40554081EA00071A4647
:1038C00001214046CDE90776CDE9095401F040F9E0
:1038D000BBF1100F94BFABEB0B0BABF1100B0AF16C
:1038E000100A002847D1BBF1000FD6D1059F102246
:1038F0003846019907F0CFFD99F8033010370133AE
:10390000474589F80330BED1049D4FF480722946A3
:103910004046DDF80CA0019E01F0F8F8834678BB24
:1039200054460AF130071BAB1A460121404601F00C
:103930000FF9834620BB102220461BA9144407F030
:10394000AAFDA742EFD1404601F0DAF84FF4D0715A
:103950001C48FFF749FF28463021FFF745FF0BA819
:103960002021FFF741FF30461021FFF73DFF584669
:103970003DB0BDE8F08F8346DDF80CA0019E049DAC
:10398000404601F0BDF84FF4D0710E48FFF72CFF10
:1039900028463021FFF728FF20210BA8FFF724FF3E
:1039A00010213046FFF720FF30215046FFF71CFF63
:1039B00058463DB0BDE8F08F13AD07AEE0E76FF0BD
:1039C000370BF5E74C6B00205C6B00202DE9F041D4
:1039D0008CB004460D463022002168466F4607F041
:1039E00094FD04F12006E27B0132D2B2E273002A98
:1039F0004DD1A27B0132D2B2A273002A47D1637BA0
:103A00000133DBB26373002B41D1237B0133DBB283
:103A10002373002B3BD1E37A0133DBB2E372002B3B
:103A200035D1A37A0133DBB2A372002B2FD1637A95
:103A30000133DBB2637253BB237A0133DBB22372EF
:103A40002BBBE3790133DBB2E37103BBA379013311
:103A5000DBB2A371DBB963790133DBB26371B3B954
:103A600023790133DBB223718BB9E3780133DBB205
:103A7000E37063B9A3780133DBB2A3703BB9637819
:103A80000133DBB2637013B92378013323703B46F3
:103A900022460121304601F05BF88046002841D1E2
:103AA00010370CAB9F429ED1029AAB6803995340EA
:103AB00002933046EE68D5F820804E400396049974
:103AC0002E69D5F828C04E4004966E6905990B9F63
:103AD0004E4005960699AE69009B4E400696EE69EB
:103AE00007994FF480724E400796089ED5F824E05F
:103AF00088EA0608099E8EEA060E0A9E8CEA0601EE
:103B0000EE6A7E402F687B4000936B68019D6B409E
:103B10000193CDE9088ECDE90A16694600F0F6FF5B
:103B2000804638B168463021FFF75EFE40460CB053
:103B3000BDE8F0811022204608A907F0ACFCF1E7AF
:103B40002DE9F8431D468369B3F5C07F52D8164668
:103B5000C3F5C072AA424DD3C5F5C072D31AB342A1
:103B600048D30446DFF898904FF4C0720F46484699
:103B7000002107F0CAFC4946D4F89430A269D4F871
:103B800098009847002838D1D4F818803DB1D4E97E
:103B900025302A4609EB0801984770BBA84407B1B5
:103BA000C6B9174942460846FFF728FE054638B110
:103BB0004FF4C0711248FFF717FE2846BDE8F8839E
:103BC00020460F49FFF702FF05460028F0D10123E8
:103BD0002361EDE73946324609EB080007F05BFC4C
:103BE0000749B04442460846FFF708FE054600284C
:103BF000DED1E5E76FF03705DFE76FF03305DCE78F
:103C0000EC6C002010B5A4220021044607F07DFCD6
:103C10004FF0FF314FF6F072044B2161E26104F185
:103C20009C001B68BDE81040184700BFC00300207F
:103C30002DE9F047054688B00F46164600212022A0
:103C40006846984607F061FC1F4B05F19C09484601
:103C50001B689847044618B1204608B0BDE8F087B5
:103C600005F1200A504600F03BFFAA69C5E9257618
:103C7000F2B920232E69AB61002E22DB6946504643
:103C80004FF4807200F042FF044630B9334641469B
:103C90002846109AFFF754FF04460C4B48461B6811
:103CA0009847002818BF0446204608B0BDE8F087B2
:103CB0002E69002EE2DA2F2A96BF013226465608D8
:103CC000DCE71026DAE700BFBC030020B8030020C1
:103CD0002DE9F04FB2F5806F91B01A9F00F2E380AA
:103CE000B7F5807F00F2DC80044615460E46302290
:103CF000002104A8984607F008FC6C4B04F19C09CD
:103D000048461B6898478346002840F09280226905
:103D1000E3699A4200F391806369002B40F08D8043
:103D2000002F40F0A980DFF888A16F46002D00F039
:103D300098806F4604F120080EE0102DAB4628BF96
:103D40004FF0100B304639465A4607F0A4FBB5EB4E
:103D50000B055E4400F08580E37B0133DBB2E37347
:103D6000002B4DD1A37B0133DBB2A373002B47D1D2
:103D7000637B0133DBB26373002B41D1237B0133BF
:103D8000DBB22373002B3BD1E37A0133DBB2E37266
:103D9000002B35D1A37A0133DBB2A372002B2FD1D4
:103DA000637A0133DBB2637253BB237A0133DBB234
:103DB00023722BBBE3790133DBB2E37103BBA3793D
:103DC0000133DBB2A371DBB963790133DBB2637119
:103DD000B3B923790133DBB223718BB9E3780133B3
:103DE000DBB2E37063B9A3780133DBB2A3703BB9F4
:103DF00063780133DBB2637013B923780133237026
:103E00003B4622460121404600F0A2FE83460028A0
:103E100093D0DAF80030484698470346302104A88A
:103E2000002B18BF9B46FFF7DFFC10213846FFF739
:103E3000DBFC584611B0BDE8F08F3A4641460023FE
:103E40002046FFF77DFEDFF868A000283FF46DAF45
:103E50004846DAF800309847834600283FF465AFBB
:103E6000E7E7204604A9FFF7B1FD83460028D0D13B
:103E7000236901332361CCE73A46414604A8FFF7A2
:103E8000BDFC834618B16F46DFF824A0C1E7204689
:103E900004A9FFF79BFD834600283FF444AFF2E7F7
:103EA0006FF0370BC5E76FF0350BC2E7BC0300209E
:103EB000B80300202DE9F043202B1D460646884616
:103EC00091468BB026D8DBB202AF8DF80480B046A5
:103ED00058F8041B8DF8053021B9404600F07AFEF1
:103EE000044640B9012302224046336001A900F094
:103EF00085FE044638B138462021FFF775FC204680
:103F00000BB0BDE8F0832A464946404600F076FEF5
:103F10000446F0E702AF1946104600233A4600F087
:103F2000F3FF04460028E6D12023B9461D46CCE71E
:103F30002DE9F041D0F8F830A6B0002BD8BF02AE82
:103F400031DD05460027D0F80C4102AEA4F101088E
:103F50009022D5F8FC403146D0F8000101AB019722
:103F6000B8FA88F8A0474FEA5818044620B9019BD0
:103F700053B9B8F1000F16D030469021FFF734FC4A
:103F8000204626B0BDE8F081014632462846FFF7BC
:103F900091FF58B9D5F80431019A1344C5F804319A
:103FA000B8F1000FE8D16FF03C04E5E70446204685
:103FB00026B0BDE8F08100BF70B50025044614228C
:103FC00004F588762946C0F8F850FC3007F09DFAD1
:103FD00008222946304607F098FA144B30461B68F1
:103FE0009847204640F8045B00F0DAFD104B30465D
:103FF0001B689847C8B9D4F8F830AB420FDC03EB24
:10400000830204EB82022021C2F800010120C2E9F0
:10401000421008490133C2F8FC10C4F8F830064BCE
:104020003046BDE870401B68184770BDC0030020D3
:10403000BC030020DD490100B80300202DE9F04752
:10404000202A88B07AD83F4B00F5887904461B684F
:1040500048461746884698470546F8B940F2011683
:10406000D4F8F830002B65D02046FFF761FF0546F5
:1040700038B9D4F8F830002B14DC013EF2D16FF0DF
:104080003B056E4620213046FFF7AEFB2E4B4846DF
:104090001B689847002818BF6FF01D05284608B018
:1040A000BDE8F087D4E94132934203D3D4F80C2120
:1040B000012A02D0013ED7D1E1E71F2BFAD96E4683
:1040C00001462022304604F1040A07F01EFA314668
:1040D000504600F0BDFD05460028D3D1504600F003
:1040E00073FD504600F05CFD2946504600F072FD1D
:1040F00005460028C6D150462022314600F07EFDFC
:1041000005460028BED1034632462021304600F045
:10411000FBFE05460028B5D1D4F8F8303A46002B0E
:10412000C8BF002340463146C8BFC4F8043107F079
:10413000B2F9A7E76FF03F056E46A3E76FF03B05C6
:10414000ACE700BFBC030020B8030020002130B55D
:104150008DB0282202A8019107F0D7F902A800F03B
:10416000FBFE044610B120460DB030BD1B4D4FF094
:10417000FF31286800F036F960BB194BD3F8340ED4
:1041800010F0010017D100F05DF9F8B9154A02A945
:1041900001A800F015FC0446012000F053F988B98D
:1041A000286800F027F90028DDD00F48FFF7F2F962
:1041B00020460DB030BD2868052400F01BF900280A
:1041C000D1D0F2E70948FFF7E5F9E9E70848FFF73A
:1041D000E1F9DBE70748FFF7DDF9CEE7A4030020AC
:1041E000006084506C6E00204CFF01002CFF010029
:1041F0000CFF0100F4FE010030B583B000F036F88A
:1042000078B900F055F890B9144BC3F80C0AFFF7D1
:104210009DFF0446F8B9124D2B6863B1204603B0E8
:1042200030BD032400F072F8204603B030BD0424F2
:10423000204603B030BD02460146FFF7D5F950B91C
:104240006822084901ABFFF7FFF920B92046064B69
:104250002B6003B030BD0524E0E700BF0050845060
:104260008C700020907000205AEA5A5A0020704743
:10427000430504D54FF0FF32034BC3F80821024B2E
:10428000C3F8080A704700BF00508450014BC3F8C0
:10429000040A70470050845008B100F073B84FF41E
:1042A0007500704708B100F04FB84FF475007047C3
:1042B00010B5114800F082F800B110BD0F4800F0B1
:1042C0007DF80028F9D10E4C204600F077F8002840
:1042D000F3D10C4B0C481C6000F070F8014600282C
:1042E000EBD100F02DF8044608B1204610BD00F0D7
:1042F0008BF82046FAE700BFB4030020B00300208B
:10430000AC030020A4030020A803002008B508483F
:1043100000F05EF8074800F05BF8074800F058F836
:10432000064800F055F8BDE8084000F00BB800BFA3
:10433000B4030020B0030020AC030020A803002039
:1043400000207047704700BF10B402460C4C01E0DB
:10435000134207D1D4F8003A13F48070F8D001204A
:1043600042F4807229B1064BD3F804410C60C3F8C3
:104370000841034BC3F8082A5DF8044B704700BF9F
:10438000005084500246084901E01A4207D1D1F892
:10439000003A13F48070F8D0012042F48072024B8E
:1043A000C3F8082A704700BF0050845007F093B844
:1043B00007F0ABB80A46002107F0A7B808B5034BD1
:1043C00002681B6810689847002008BD7003002031
:1043D00008B5034B02685B6810689847002008BD69
:1043E00070030020024B02689B681068184700BFEA
:1043F0007003002008B5034B0268DB68106898471B
:10440000002008BD7003002070B5094C094D2069DB
:10441000AB68984718B1084B08485B68984700217B
:10442000074AEB6811602069BDE87040184700BF7B
:104430005C030020700300205403002064FF01008F
:10444000F8700020F8B51A4D1A4E0446B268286973
:104450009047E8B9184F3B684CB1A3B1012B19D074
:10446000013B3B602869F36898470020F8BD43B9D9
:104470000121124AC2F800151149D1F81029002A69
:10448000FBD101333B60F368286998470020F8BDF1
:104490000C48F8BD0A4AD2F81039002BFBD1074A64
:1044A0006FF07E40C2F80035FFF7F0FE3B68D7E7BB
:1044B0005C03002070030020F8700020004084504E
:1044C00000508450E98FFFFF014B1B68184700BF65
:1044D00070030020014B9B68184700BF7003002049
:1044E000014BDB68184700BF700300202DE9F04145
:1044F000002873D00C46002970D01D46002B6DD0CB
:1045000007461AB1012200232A6003602B68002BA2
:104510005FD02946204600F0D9FD804600285AD1B8
:104520002146286800F0B8FD8046002853D128684D
:10453000082867D0042867D0A0F10200B0FA80F004
:1045400040090121314EC6F8C411C6F84011C6F821
:10455000C411636AC6F83031D6F830219342F6D1DF
:104560000023C6F82C314FF0FF33C6F808316FF046
:104570001B03C6F80031C6F80C01D6F8040A40F453
:104580008060FFF783FE0A23C6F83831069B012BB3
:1045900029D023691E4AA2FB03231B09626A4046F5
:1045A00002FB03F303EB4303184ADB039B09C2F846
:1045B000D8310123C2F82C313B682A6823F07F43AD
:1045C00043EA02633B602A6843EA02233B60BDE89A
:1045D000F081DFF840804046BDE8F081DFF83880A8
:1045E0004046BDE8F0814FF47F03D3F80C2C013234
:1045F00006D0D3F80C3C064AA2FB03231B09CDE7E7
:104600001623CBE703209CE702209AE70050845052
:10461000ABAAAAAA310CF100350CF10058B34B1E1D
:10462000B3F5047F27D230B54FF0000ECD007446AD
:1046300071464B0901F01F0C50F82330BCF11F0FDD
:1046400023FA0CF306D003F0010319B901211C462B
:104650008E46EEE79C4201F1010106D01C464FF068
:10466000010EA942E5D1002030BD0EF1010E9645A4
:10467000F7D1024830BD0148704700BF360CF10049
:10468000C0B32DE9F0434C1EB4F5047F1DD2E3B155
:10469000DAB100252E46A8462C46CF0003F1FF399B
:1046A0004FEA541C04F01F0E50F82C10BEF11F0FDF
:1046B00021FA0EFC0CD00CF0010C4CB90126E0469E
:1046C00034463546ECE7964216D90C48BDE8F083EF
:1046D000AB420BD0C44508BF0136A945F3D0013524
:1046E0000134BC42DCD10020BDE8F0830125E04666
:1046F0002E46F5E7014870471D46F1E7370CF100FB
:104700002DE9F04F8FB08246DDE919460D46002EA7
:104710006ED1096904911C60002318990B60002A6E
:1047200000F02881994B6A6AD3F83811D3F83031F8
:104730009A4269D10A2967D19AF80330069304F1A5
:10474000080305930423049A0393914B8F4CA3FB16
:10475000023B4FEA9B0B0BEB4B0BA2EB4B0B189B5B
:10476000049E1E60002E00F0E580002700F0BEFCD5
:104770000797BAF1000F00F0D0804FF00109DDF883
:104780001480002D00F0C980069B002B3ED02846E7
:1047900006A900F09BFC00283AD07E4B984220D01E
:1047A000069B082B00F0E08000225B000693294660
:1047B00006AB50460092FFF799FE774B984200F007
:1047C000CF8070B9DAF80020130A03F47F03134393
:1047D00023F07F43CAF80030039B013B0393BED113
:1047E0000020039000F082FC03980FB0BDE8F08F2A
:1047F0004FF47F01D1F80C0C01300CBF4FF4047161
:10480000D1F80C1C049186E76448EAE76248C4E7E3
:104810002946069800F040FC0028BED1069B082BD4
:1048200000F0A480042B00F0A380A3F10203B3FAEC
:1048300083F35B09C4F8C491C4F84091C4F8C491EF
:104840006A6AC4F83021D4F830118A42F6D10022C5
:10485000C4F82C214FF0FF32C4F808216FF01B027E
:10486000C4F80021C4F80C31D4F8040A40F4806084
:10487000FFF70CFD0A23C4F838312B69444AA2FB28
:104880000313696A1B0901FB03F303EB4303DB0317
:104890009B09C4F8D831C4F82C910698DAF8003096
:1048A00023F07F41030243EA00630B43CAF8003060
:1048B00007A800F0E1FB079B354A03F01A03034306
:1048C0007FF46EAFA2FB0632D4F81431B7EB920F2F
:1048D0000893D4F818310993D4F81C310A93D4F80A
:1048E00020310B93D4F824310C93D4F828310D9354
:1048F00002D1BBF1000F12D14046182208A9183E80
:10490000FFF754FD08F1180801379EB100F0EEFBE7
:1049100000230793002D7FF437AF21483DE7404641
:104920005A4608A9A6EB0B06FFF740FDD84401370D
:10493000002EEBD1049F059E6A6939463046FFF789
:104940006DFEAA6940B94FF4806339463046FFF7DF
:1049500097FE00283FF444AF0023189A13601CE729
:104960002B6A002B3FF43DAF0E483AE7032361E783
:1049700002235FE7012229465046009606ABFFF767
:10498000B5FD00283FF4DBAE2BE700BF005084509C
:10499000ABAAAAAA020CF100310CF100300CF10014
:1049A000350CF100320CF10030B4DDE90234029430
:1049B0000024049DCDE9035430BCFFF7A1BE00BF25
:1049C00030B51546012487B005AB00930022CDE930
:1049D000015404ABFFF794FE07B030BDF0B587B0CB
:1049E000002967D01E46002B64D01446002A61D0EF
:1049F000324F0D4638684FF0FF31FFF7F3FC0028C7
:104A00003DD12F4BD3F8340E10F0010015D04FF0EC
:104A1000FF354FF408712B48FEF7DCFE04212A48CD
:104A2000FEF7D8FE29482821FEF7D4FE3868FFF7A4
:104A3000E1FC40BB284607B0F0BDFFF703FD0028AE
:104A400034D1224800F088FA70B91E4A0346029217
:104A500005AA019204AA039000921C4902461A4832
:104A6000FFF7A2FF0346A0B14FF0FF350120FFF78B
:104A7000E9FC0028CDD01648FEF78CFDC9E71548A3
:104A8000FEF788FDBDE71448FEF784FD284607B011
:104A9000F0BD28461D46059B22469C4228BF1A466B
:104AA000049932600831FFF781FCDFE70B48FEF71D
:104AB00071FDC6E74FF0FF35BCE700BFA40300203F
:104AC0000060845028710020FC70002000710020DC
:104AD0002CFF0100F4FE010084FF01000CFF010027
:104AE00010B5044630B1002201236265A265E3657A
:104AF000236610BD0148FEF74DFDF4E79CFF010061
:104B000018B174220021FFF753BC7047C8B1D9B166
:104B100008B50023C02A836380F83C300FD0B2F57B
:104B2000807F04D0802A03D06FF01F0008BD0223CD
:104B30000363D2081030FFF739FC002008BD0123C1
:104B4000F6E76FF0210070476FF01F00704700BF5D
:104B500070B5044686B0F8B11046EAB1E3B1012958
:104B60001AD8A26B16D0012A16D1102500210DEB00
:104B70000506019602AA61632946009500F0C8FA6D
:104B800050B92B463246204602A900F073FD18B9F1
:104B900006B070BD002AE8D06FF02100F8E700BF32
:104BA00010B5044628B12046BDE81040F421FFF7B7
:104BB00001BC0448FEF7EEFC2046BDE81040F4219D
:104BC000FFF7F8BBB0FF010010B1F421FEF702BE01
:104BD000704700BF08B521B1012908D06FF0360039
:104BE00008BD012100F058F80028F7D108BD0221C6
:104BF00000F052F80028F9D0F0E700BF30B50546C4
:104C00008818B0F5801F0B461446A1B001D8802A41
:104C10000CD9B3F5801F17D922461946284600F053
:104C20007DF8044684B9204621B030BD6846FFF7C0
:104C3000BDFB22466946284600F070F880210446F4
:104C40006846FFF7B7FBEDE76FF03604EBE700BF10
:104C500070B5E8B10E46D9B1044600F031F805460A
:104C6000B0B92368012B0BD0022B01D0284670BDB0
:104C70001C22304604F10801FFF798FB284670BD5E
:104C80002022304604F10801FFF790FB284670BD52
:104C90006FF03605EAE700BF78B138B50D46F02170
:104CA0000446FFF787FB402320462560E36500F0BC
:104CB00061FA003818BF012038BD0120704700BFDD
:104CC000F0B5056EA5B0044604AEE5B90023012792
:104CD000019330466760294602AA009300F018FA53
:104CE00010B1012025B0F0BD2A46204602A900F0EF
:104CF00069FA0028F5D1204600F06CFB0028F0D1BD
:104D0000206625B0F0BD802D2A46304628BF80227F
:104D100004F16401FFF74AFB256ED7E7002800F095
:104D2000AE802DE9F04F1446A5B0002A3DD00F46C5
:104D3000002949D0B2F5803F0546006E20D34FF6DA
:104D4000FF7805F1640AEB6D1A1AB2FBF3F103FB6D
:104D50001122002A65D18342B9464FF6FF7672D000
:104D6000B6FBF3FB03FB0BFBBBF1000F30D1002EB6
:104D700045D1A4F57F44FF3CB4F5803F4744E2D2DF
:104D8000EA6D161AB6FBF2F302FB1366A64228BFC1
:104D90002646002E75D1824200F08D80B4FBF2F6DB
:104DA00002FB06F62EB9002C79D1002025B0BDE813
:104DB000F08F002331463846CDE9003302AA00F0D7
:104DC000A7F9002800F09580012025B0BDE8F08FFC
:104DD000002359464846CDE9003302AA00F098F96D
:104DE0000028F1D15A46284602A900F0EBF9002824
:104DF000EAD1A6EB0B06286ED944002EB9D01930A3
:104E00004946324605EB8000FFF7D0FAA4F57F440F
:104E1000286EFF3C3044B4F5803F4744286692D268
:104E2000AEE7424528BF4246164639465044FFF792
:104E3000BDFA286EEB6D3044834207EB0609286605
:104E4000A8EB06068CD1802B28BF802351461A463A
:104E500004A8FFF7ABFA0023E96D02AACDE90033FD
:104E600004A800F055F90028AED12846EA6D02A941
:104E700000F0A8F90028A7D1EB6D286670E70120A3
:104E8000704705F16403394632461844FFF78EFA3D
:104E9000286EEA6D3044A41B374428667BE72B6EEE
:104EA0002246193305EB83003946FFF77FFA2B6E54
:104EB00023442B6679E7802A28BF802205F164010C
:104EC00004A8FFF773FA0023E96D04A8CDE90033C5
:104ED00002AA00F01DF900287FF476AF2846EA6D9B
:104EE00002A900F06FF900287FF46EAFEA6D286622
:104EF00054E73246284602A900F064F900287FF4FE
:104F000063AF3744A41B4EE7F8B51C46054611486D
:104F100016460F46FFF744FE21460E48FFF75AFE9D
:104F2000044620B10B48FFF74FFE2046F8BD3A4635
:104F300029460848FFF762FE04460028F2D13146B0
:104F40000448FFF785FE04460248FFF73DFE204671
:104F5000F8BD00BF487300201C2370B582B001A9C2
:104F60000546019300F032F8044638B9019B1C2B2A
:104F700007D0144C1C212846FFF71CFA204602B02B
:104F800070BDD5E90112131E18BF0123003918BFE7
:104F90000121012628689B00EA6843EA41030028B2
:104FA00018BF43F00103EE612AB9C5E90834002BAC
:104FB000E4D1054CDEE7204643F00803C5E9083498
:104FC00002B070BD370CF0000E0CF000034618B1B3
:104FD00011B10A681C2A01D0012070474FF47F02EA
:104FE000D2F8101C01310CBF40F2DC51D2F8101C79
:104FF0004FF47F020160D2F8141C01310CBF40F263
:10500000DC51D2F8141C4FF47F024160D2F8181C16
:1050100001310CBF40F63401D2F8181C4FF47F0266
:105020008160D2F81C1C01310CBF40F63401D2F86B
:105030001C1C4FF47F02C160D2F8001C01310CBF70
:105040009021D2F8001C4FF47F020161D2F8041CB9
:1050500001310CBF5121D2F8041C4FF47F02416191
:10506000D2F8081C002001310CBF40F23732D2F8D0
:10507000082C9A61704700BF014608B54FF4806064
:10508000FFF710F90022034BC3F8C821C3F82C2105
:1050900008BD00BF005084500138072805D8DFE85C
:1050A00000F0100E040A0404040607487047CB6899
:1050B00000204B6270478B6800204B6270474B6842
:1050C000F6E70B68F4E700BF310CF1000B6802E073
:1050D000082B0B6006D8026A13424FEA4303F7D04D
:1050E0000020704700487047310CF100002310B5D4
:1050F000064C4FF48060C4F82C31C4F8C431FFF77B
:10510000B7F84FF0FF33C4F8083110BD0050845099
:105110002DE9F041002482B015461E4601220DF112
:1051200007030746DDF824808DF8074001F030F8CA
:10513000D0B99DF8073004462F602B71B8F1000FED
:105140000ED04EB10246089930460DF1070301F02A
:105150001FF848B99DF80730C8F8006088F8043097
:10516000204602B0BDE8F0814FF47504204602B03D
:10517000BDE8F081D8B108B50368012B04D0022B3B
:105180000FD043B10B4808BD20220B490830FFF770
:105190000DF9002008BD142208490830FFF706F970
:1051A000F7E7202206490830FFF700F9F1E74FF44E
:1051B000730070470100F300C0FF0100000002000F
:1051C000E0FF01002DE9F047002900F0EB800446E4
:1051D000002800F0EB80036888469146002B00F021
:1051E000B580013B012B00F2C9804FF0FF317148BF
:1051F0004FF0020AFFF7F6F8002840F0B1800020D7
:10520000FFF720F90746002840F0B4806A4DD5F832
:105210001069002EFBD14FF0FF30FFF729F8D5F8C9
:10522000040A20F40060FFF731F801230722C5F8D3
:105230001838C5F82038C5F80029C5F8C437C5F8AE
:10524000A466A36CC5F8CC37E36CC5F8D037C5F8B5
:10525000C0A723685BB1013B012B18D8636AC5F86E
:105260005C36236AC5F85836E369C5F85436A26936
:10527000514BC3F850266269C3F84C262269C3F823
:105280004826E268C3F84426A268C3F84026B9F16C
:10529000000F56D063684FF40060012B04BF464AEC
:1052A000C2F8843698F80430D8F80010424A5B00FF
:1052B00003F00203C2F80C3BC2F8281CC2F82C9C75
:1052C000FEF7EAFF0746236863B1013B012B19D8BB
:1052D000394BD3F85C266262D3F858262262D3F8A1
:1052E0005436E361344BD3F85026A261D3F84C26F0
:1052F0006261D3F848262261D3F84426E260D3F8ED
:105300004036A360002201212B4BD3F8CC07A064C8
:10531000D3F8D007E064C3F8C417C3F88426C3F8F1
:10532000C827C3F81828C3F82028AFBB0120FFF70F
:1053300089F868BB1F48FFF75DF818BB3846BDE821
:10534000F08704221C4BC3F8C827BCE74FF0FF319D
:1053500018484FF0010AFFF745F800283FF44FAF17
:105360001648FEF717F90020FFF76CF807460028EB
:105370003FF44CAF1248FEF70DF947E7114F38469E
:10538000BDE8F0871048FEF705F93846BDE8F0871C
:105390000E48FEF7FFF8CDE7102104F10800FFF7F3
:1053A00009F8C3E70A4F3846BDE8F0874FF47307A2
:1053B000C4E700BFB403002000508450F4FE010095
:1053C0000CFF01000100F3004CFF01002CFF010065
:1053D0000300F300A0B3034670B4D0E90240D3E960
:1053E000041226BA05BA0CBA10BAC3E90440D3E9CC
:1053F0000612986A09BAC3E9026512BA996100BA3D
:10540000D3E9084125BA0CBAC3E90725D3E90B1241
:10541000C3E9094009BAD86B12BAD962D3E90D4180
:1054200025BAC3E90C250CBA00BAD3E9101209BA9F
:1054300012BAC3E90E40196400205A6470BC704768
:105440004FF47300704700BF70B500284DD0436B18
:105450000446032B3CDD063B012B3BD8A36B012B01
:105460003BD8E36D012B3DD8236E012B41D8224E52
:10547000D6F81059002DFBD14FF0FF30FEF7F8FEA3
:10548000D6F8040A20F40060FEF700FF0123C6F8F6
:105490000039C6F8BC54636B23F00402032A18BF1A
:1054A000A16B226B0CBF294601F00101022A17D81B
:1054B0009B0003F01C0343EA02330F4A0B43C2F87C
:1054C000C034636B072B06D10123C2F87C3402E0A1
:1054D000002BC3DA094D284670BD094D284670BD22
:1054E000084DF8E7084D284670BD4FF47105284671
:1054F00070BD064DEFE700BF005084500100F10081
:105500000200F1000600F1000300F1000400F100C8
:1055100000287DD038B590F83C300446002B55D09B
:10552000022B23D03C483D4D2A683D4B1268C3F8FE
:1055300000242A685268C3F804242A689268C3F8D1
:1055400008242A68D268C3F80C242A681269C3F8B0
:1055500010242A685269C3F814242A689269C3F88F
:1055600018242A68D269C3F81C2438BD016B006C6A
:1055700000F032FB294D0028D6D12A68284B12684A
:10558000C3F800242A685268C3F804242A68926881
:10559000C3F808242A68D268C3F80C242A68126960
:1055A000C3F810242A685269C3F814242A6892693F
:1055B000C3F818242A68D269C3F81C24216B206C14
:1055C00000F020FB0028AFD1002038BD0269144B49
:1055D000C3F800244269C3F804248269C3F808248C
:1055E000C269C3F80C24026B013A012AECD8026AA2
:1055F000C3F81024426AC3F81424026B022AE3D1D0
:10560000826AC3F81824C26A0020C3F81C24DCE7AD
:105610004FF47100704700BF0900F100A0030020A3
:1056200000508450114A124B11680968C3F80014E5
:1056300011684968C3F8041411688968C3F808142C
:105640001168C968C3F80C1411680969C3F810140B
:1056500011684969C3F8141411688969C3F81814EA
:105660001268D269C3F81C24704700BFA003002051
:10567000005084502DE9F04F85B0002958D01746CE
:10568000002A55D00446002800F0DC809846C36DFF
:105690000E46002B42D1B8F5805F44D294F83C30DE
:1056A000042B00F0C7804FF0000A4FF0FF31B548DF
:1056B000FEF798FE002840F0B9800020FEF7C2FEF9
:1056C000002840F0AF804FF00109DFF8BCB220465F
:1056D000CBF81098CBF82098FFF7B6FE054620B916
:1056E0002046FFF715FF054638B3BAF1000F40F02A
:1056F00085800022A44B0120C3F81028C3F820287D
:10570000FEF7A0FE002840F089809E48FEF772FE5A
:1057100000287CD1284605B0BDE8F08F012BBDD113
:10572000B8F5803FBAD3994D284605B0BDE8F08F53
:10573000974D284605B0BDE8F08F636B072B00F24C
:10574000CA8009FA03F919F08A0F40F0D38019F0E2
:10575000440F40F0C28019F0010F00F0BC80337993
:105760003A795B0002F0010203F002031343864A18
:1057700031683868C2F80C3B636B23F00403032BD9
:105780000AD0236E012B0BBFC2F8280DC2F8300DD2
:10579000C2F82C8DC2F8348DE36D4FF40060012BFC
:1057A000794B0BBFC3F8281CC3F8301CC3F82C8CF2
:1057B000C3F8348CFEF770FD0546002895D1626B66
:1057C000072A15D80123934013F08A0F40F09F80D9
:1057D00013F0440F0CD06C4BD3F860242260D3F844
:1057E00064246260D3F86824A260D3F86C34E36068
:1057F0000123A365BAF1000F3FF47BAF04232021FE
:1058000004F1100084F83C30FEF7D4FD71E76148E4
:10581000FDF7C0FE284605B0BDE8F08F5E48FDF7F5
:10582000B9FE72E75D48FDF7B5FE4CE75C48FDF751
:10583000B1FE42E7216B206C00F0B8F928B14FF0BF
:10584000010A32E74FF4710564E7DFF85C914E4DD1
:10585000D9F800301B68C5F80034D9F800305B680F
:10586000C5F80434D9F800309B68C5F80834D9F875
:105870000030DB68C5F80C34D9F800301B69C5F876
:105880001034D9F800305B69C5F81434D9F8003009
:105890009B69C5F81834D9F80030DB69C5F81C34A9
:1058A000216B0229CBD8236D4FEAC10A0193E36C27
:1058B0000AF1100A04F1100B0093CDF80CA0CDF8FA
:1058C00008B0206CD4E9112300F072FB68BB002300
:1058D00084F83C30B3E7334D07E72368CBF86034F6
:1058E0006368CBF86434A368CBF86834E368CBF81A
:1058F0006C3434E72368CBF840346368CBF8443425
:10590000A368CBF84834E368CBF84C3427E71E4B48
:10591000D3F840242260D3F844246260D3F84824AA
:10592000A260D3F84C34E36062E7D9F80030514606
:105930001B685846C5F80034D9F800305B68C5F8D4
:105940000434D9F800309B68C5F80834D9F8003021
:10595000DB68C5F80C34D9F800301B69C5F8103481
:10596000D9F800305B69C5F81434D9F800309B6968
:10597000C5F81834D9F80030DB69C5F81C34FEF7D7
:1059800019FDA4E7B4030020005084500500F10085
:105990000B00F1004CFF01002CFF01000CFF010087
:1059A000F4FE01000100F100A00300202DE9F04702
:1059B00001B3FAB10446002854D01D46436B0E468D
:1059C000072B1BD05DB9032B10D1836D73B94566CE
:1059D0008566C5660567102500F164030B602B46DC
:1059E00031462046BDE8F047FFF744BE2F46384613
:1059F000BDE8F087644F3846BDE8F087C36DA3BBB0
:105A0000B5F5805F36D20DB9A36D9BBB4FF0FF316A
:105A10005E48FEF7E7FC00284CD10020FEF712FD9F
:105A2000002843D14FF00108DFF864912046C9F8FF
:105A30001088C9F82088FFF707FD0746E0B100226B
:105A4000534B0120C3F81028C3F82028FEF7FAFCB6
:105A500040BB4E48FEF7CEFC0028C8D04D48FDF7AD
:105A600099FDC4E74FF47107C1E7012BCBD1B5F520
:105A7000803FC8D3484FBAE72046FFF749FD0746A5
:105A80000028DCD1636B072B0AD808FA03F818F05A
:105A90008A0F13D118F0440F5AD118F0010F19D101
:105AA0003E4FCCE73E48FDF775FDD2E73D48FDF798
:105AB00071FDB7E73C48FDF76DFDAEE72368C9F817
:105AC00040346368C9F84434A368C9F84834E368CB
:105AD000C9F84C3401212E4AC2F87C14C2F8BC54D7
:105AE000337930688B4003F00203C2F80C3BE5B910
:105AF000A36D0BB9C2F82415626B072A9FD8012346
:105B0000934013F08A0F30D113F0440F97D0204BFD
:105B1000D3F860242260D3F864246260D3F8682448
:105B2000A260D3F86C34E36089E7E36D012B0BBF0F
:105B3000C2F8280CC2F8300CC2F82C5CC2F8345CF5
:105B40004FF40060FEF7A8FB0028D5D0074676E7A3
:105B50002368C9F860346368C9F86434A368C9F875
:105B60006834E368C9F86C34B4E7094BD3F84024CF
:105B70002260D3F844246260D3F84824A260D3F8AA
:105B80004C34E3605BE700BF0B00F100B40300207E
:105B9000005084504CFF01000500F1000100F100AD
:105BA0002CFF01000CFF0100F4FE01007F2809D842
:105BB00051B10139022909D805497F280CBF08468F
:105BC00000207047024870470846704701487047F8
:105BD0000100F7000300F7007F2809D851B101390F
:105BE000022909D805497F280CBF084600207047C4
:105BF0000248704708467047014870470100F700A7
:105C00000300F700F0B401298EB009D0022900F09A
:105C1000DE80002900F0AF80AB480EB0F0BC7047CA
:105C20000026AA4AAA4BC400C3F80015C2F80861AE
:105C3000D2F80871451C0697069FC2F80061D2F899
:105C4000007104F57F030697069FC2F80461D2F83D
:105C5000046103F504430696069EC2F800551B68CE
:105C6000BFF34F8F0793079D9A4B9D4240F0AB8047
:105C7000116005E09DF80530DBB99DF80630C3B929
:105C8000D2F80031003B18BF01238DF80430D2F860
:105C90000831003B18BF01238DF80530D2F80431DC
:105CA000003B18BF01238DF806309DF80430002B0F
:105CB000E0D09DF80530002B40F071819DF8063052
:105CC00003F0FF02002B52D10121804B804DC3F81D
:105CD0000025C5F80015C3F80821D3F80851023093
:105CE0000895089DC3F80021D3F800510895089D38
:105CF000C3F80421D3F804210892774A089D22446E
:105D0000C3F800051268BFF34F8F09920998734AD0
:105D1000904258D1196005E09DF80820DAB99DF845
:105D20000920C2B9D3F80021003A18BF01228DF82A
:105D30000720D3F80821003A18BF01228DF8082067
:105D4000D3F80421003A18BF01228DF809209DF8EC
:105D50000720002AE0D09DF80830002B40F01F817A
:105D60009DF8093003F0FF02002B00F011815C4820
:105D70000EB0F0BC70470124544A554DC300C5F81D
:105D80000045C2F80811D2F8085120440495049D3A
:105D9000C2F80011D2F8005103F57F030495049D69
:105DA000C2F80411D2F8041103F5044304910499D4
:105DB000C2F800051B68BFF34F8F05930599454B4B
:105DC000994200F0BA8047480EB0F0BC70470025F9
:105DD00001263E4A3E4FC100C7F80065C2F808518F
:105DE000D2F8087184190A970A9FC2F80051D2F8B4
:105DF000007101F57F030A970A9FC2F80451D2F897
:105E0000045103F504430A950A9DC2F800451B6836
:105E1000BFF34F8F0B930B9C2E4B9C42D3D116603C
:105E200005E09DF80B30DBB99DF80C30C3B9D2F812
:105E30000031003B18BF01238DF80A30D2F8083139
:105E4000003B18BF01238DF80B30D2F80431003B22
:105E500018BF01238DF80C309DF80A30002BE0D0DC
:105E60009DF80B30002B40F09A809DF80C3003F029
:105E7000FF02002B7FF47BAF0124144B144DC3F8B9
:105E80000025C5F80045C3F80821D3F808510230B1
:105E90000C950C9DC3F80021D3F800510C950C9D76
:105EA000C3F80421D3F804210C920B4A0C9D0A4438
:105EB000C3F800051268BFF34F8F0D920D99074A82
:105EC000914280D11C6015E00C00F100009003505D
:105ED00000408450005484500884FF0010548450C3
:105EE0000200F7000600F7009DF80E20DAB99DF8D1
:105EF0000F20C2B9D3F80021003A18BF01228DF853
:105F00000D20D3F80821003A18BF01228DF80E2089
:105F1000D3F80421003A18BF01228DF80F209DF814
:105F20000D20002AE0D09DF80E30002B37D19DF8CF
:105F30000F3003F0FF025BB319E7146005E09DF832
:105F40000230DBB99DF80330C3B9D2F80031003B11
:105F500018BF01238DF80130D2F80831003B18BF7B
:105F600001238DF80230D2F80431003B18BF012321
:105F70008DF803309DF80130002BE0D09DF8023001
:105F80006BB99DF8033003F0FF02002B7FF4EFAEF6
:105F90000020054BC3F800250EB0F0BC7047034845
:105FA0000EB0F0BC704700BF009003500100F70036
:105FB0002DE9F0470024CCB082468946164621469A
:105FC00074220EA81F46579DDDF8588105F09DFAF2
:105FD000802221462CA82B9405F097FA8423B5F54E
:105FE0007F6FCDE90A440D940C94059364D8FFF7B4
:105FF00019FB05AB30462BAE01933946DDE954233E
:106000000295009600F064F8002850D10223072280
:106010008DF813309DF813301B928DF874300022E8
:106020000123012410211C900EA8CDE92423CDF8D2
:106030006890CDF878A02694FEF7BCF910220DF1F7
:1060400020090092304605990AABCDF8049006AAC3
:10605000FFF75EF8074688B11EE0102D2E4628BFD8
:1060600010260EA93246FEF7A1F910210EA8FEF760
:10607000A1F90134AD1B3744E4B222D0059B4A4656
:1060800006A90EA88DF8AC40FFF790FC034608EB7C
:106090000700002BE1D01F460EA874220021FEF756
:1060A00087F9FFF7BFFA38464CB0BDE8F087064FD6
:1060B00038464CB0BDE8F087044F38464CB0BDE8D8
:1060C000F0872F46E8E700BF0E00F1000F00F10057
:1060D0002DE9F041002482B00A9D0194B5F57F6F4F
:1060E00040D8ED00B5F5807F1E4634BF032304235E
:1060F00001F1FF3CBCF13F0F0C46009332D888B34E
:10610000174666BB089A6AB3099A116851B3A21977
:106110001344994226D3089B01462246581CFEF799
:1061200045F9089B04F102081C440023637026BB58
:10613000089BFF2D009503EB080017D92B029BB29B
:1061400043EA1523022201A90193FEF72FF908F172
:1061500002030020099A136002B0BDE8F0810AB181
:10616000402ECFD9094802B0BDE8F081012269462E
:10617000FEF71CF908F10103EBE7089B324603EB3D
:1061800008003946FEF712F9B044D1E70600008056
:1061900000201870704700BFD8B1D1B1C02A0346A3
:1061A00015D0B2F5807F04D0802A0ED06FF01F008A
:1061B00070470E2010B500241860D20803F10800C3
:1061C0005C60EAF737FB204610BD0A20F2E70C209E
:1061D000F0E76FF020007047034610461A4610B5EE
:1061E0005C6852F8083B063B02EB84029B00EAF72E
:1061F000CDF9002010BD00BF034610461A4610B569
:106200005C6852F8083B063B02EB84029B00E9F70E
:10621000BDFF002010BD00BF0CB4184B30B50C1EE4
:106220009DB01D6808DA8B234FF0FF302B601DB046
:10623000BDE8304002B070474FF402730290069000
:1062400002A9ADF8143014BF04F1FF332346209A9D
:106250002846049307934FF6FF73ADF8163021AB31
:10626000019300F01BF8431CBCBF8B232B60002C58
:10627000DDD0029B00221A70D9E700BFE80200209F
:1062800007B5009313460A4601460348006808F024
:1062900011FD03B05DF804FBE80200202DE9F04F8A
:1062A00098468B899DB007461B060D46144610D5AF
:1062B0000B6973B94021FAF7B1FB2860286130B946
:1062C0000C233B604FF0FF301DB0BDE8F08F402342
:1062D0006B610023CDF80C804FF00109DFF8A0813D
:1062E000099320238DF8293030238DF82A30234656
:1062F0009A4613F8012B0AB1252AF9D1BAEB040BFF
:106300000BD05B4622462946384608F0FEFC013099
:1063100000F0A780099A5A4409929AF80030002B9D
:1063200000F09F8000234FF0FF320AF1010A04932E
:1063300007938DF853301A93CDE90523544605226F
:106340004F4814F8011B05F088F8049AD8B9D00614
:1063500044BF20238DF85330110744BF2B238DF801
:1063600053309AF800302A2B15D0079A5446002053
:106370004FF00A0C214611F8013B303B092B4BD959
:10638000B0B1079214E0A0EB0803A24609FA03F3A8
:1063900013430493D2E7039B191D1B68002B039141
:1063A000BBBF5B4242F0020207930793B8BF04925F
:1063B00023782E2B0AD163782A2B32D1039B023407
:1063C0001A1D1B6843EAE37303920593DFF8C0A02C
:1063D00003222178504605F040F838B1A0EB0A00BE
:1063E0004022049B013482401343049314F8011BA0
:1063F000062224488DF8281005F02FF8002836D002
:10640000214B1BBB039B073323F007030833039384
:10641000099B334409936AE70CFB02320C460120C6
:10642000A8E7002301344FF00A0C194605932046D3
:1064300010F8012B303A092A03D9002BC6D0059158
:10644000C4E70CFB012104460123F0E703AB2A4615
:1064500004A9384600930D4BAFF30080421C06465A
:10646000D6D1AB895B063FF52DAF09982CE703AB7E
:106470002A4604A938460093044BFAF755FCEDE789
:10648000332002003D200200000000000BED01005F
:106490003920020008B5EBF76FFCBDE80840EBF7C8
:1064A0005DBC2DE9F04706460D46174698462BB3CE
:1064B0004FF0000A98F8004093F80190DB78A400B0
:1064C00004EB430498F802301C444444CA4509D301
:1064D00039463046AC46D8F8042008F10803BDE838
:1064E000F047604714F8013B0AF1010A204648F8DA
:1064F0002340EAF739FB01300444E7E76FF0150069
:10650000BDE8F0870020704730B58A680C68551CDC
:1065100014B14B68934201DC8D6030BD013B934266
:1065200008BF00228D600CBFE254A054F5E700F0D4
:1065300022BF0FB407B504A951F8040B019100F074
:106540001AFF03B05DF804EB04B070470CB407B554
:1065500004AB53F8042B0193EBF7F6FD03B05DF8A1
:1065600004EB02B07047044608B5084611461A46C7
:10657000A047F9F7E3FEEFF79BFA836800EBC10150
:10658000B3F5004F2CBF51F8220031F812007047CC
:1065900000EBC1018068B0F5004F2CBF41F82230FC
:1065A00021F812307047012208B5FFF7E6FFD0400E
:1065B00008BD836800EBC101B3F5004F08D34B68F9
:1065C0001AB143F001034B60704723F00103FAE76F
:1065D0004B881AB143F001034B80704723F001034D
:1065E000FAE753000122FFF7D3BF8368B3F5004FEA
:1065F00034BF04230823C91A081AC0087047B0F52D
:10660000004F34BF04230823481C0833A0EBD300F9
:10661000B0FA80F0C0F11F0070472DE9F041174635
:1066200003220E460446FFF7A8FF8642054607F1FF
:1066300004080AD10122E368BA4023EA0203E360B6
:10664000002344F82830BDE8F0813146022220467C
:10665000FFF793FF06462B4601460322204644F8E7
:106660002850FFF795FF334629462046BDE8F04104
:106670000222FFF78DBF70B50D4686680446FFF70E
:1066800092FFB6F5004F014601D3012809D03046EC
:10669000FFF7B5FF294602462046BDE87040FFF7E8
:1066A000BCBF70BD2DE9F04705468068FFF7A7FF26
:1066B00005EB800ADAF8109088460646B9F1000F1B
:1066C0001BD00327DAF8104028462146FFF76BFF5E
:1066D000404507D3324621462846FFF79EFF204615
:1066E000BDE8F087032221462846FFF746FF013F19
:1066F000CAF8100001D08145E4D14FF0FF34EB68B7
:106700000136B4401C40EAD094FAA4F2B2FA82F204
:10671000131D55F82340DEE72DE9F04114460E46DF
:106720000546FFF740FFA4EB0608371B0744424627
:1067300031462846FFF755FF3A4621462846FFF7DF
:1067400050FF4346002221462846FFF721FF2146FD
:106750002846FFF728FF3B46211800222846BDE8BF
:10676000F041FFF715BF2DE9F041164604460F46EC
:10677000FFF719FF314605462046FFF714FF054491
:106780002A4639462046FFF72CFF31462046FFF7C0
:106790000AFF2B46311800222046BDE8F041FFF7E2
:1067A000F7BE2DE9F0410D4686680446FFF7FBFE73
:1067B000B6F5004F014601D3012832D03046FFF72D
:1067C0001EFF04EB80010E6996B90122E368824046
:1067D0001343E36002220D612B4629462046FFF752
:1067E000D7FE032229462046BDE8F041FFF7D0BE80
:1067F000022231462046FFF7C0FE074603462946DF
:106800002046FFF7C5FE0322334629462046FFF700
:10681000BFFE39462B462046FFF7BAFE022231461C
:10682000E1E7BDE8F081F8B50C460546FFF7BBFE91
:106830002618012231462846FFF79FFEC3070CD4D5
:1068400031462846FFF717FF21462846FFF7ABFEE3
:10685000214622182846FFF786FF002221462846B7
:10686000FFF78BFE271A012239462846FFF785FEDF
:1068700010EA020613D139462846FFF7FCFE2146EE
:1068800032462846FFF779FE2246211A2846FFF7AE
:106890006AFF214632462846FFF76FFE241A21463A
:1068A0002846BDE8F840FFF77CBF38B571B10568F0
:1068B00000222846FFF799FE044601462846FFF7C6
:1068C00078FE2146BDE83840FFF7ADBF38BD70B552
:1068D000066809B9002070BDB368B3EBD10FF9D9D0
:1068E000B3F5004F34BF04230823CC1D1C44E40837
:1068F00021463046FFF7D6FE05460028EAD001467D
:106900003046FFF750FEA04209D92C4429463046B4
:106910002246FFF701FF21463046FFF742FF30468F
:1069200001222946FFF745FEB368B3F5004F34BF97
:106930000423082303EBC5031844CCE72DE9F843EF
:1069400006681446B26801F1FF39B2F5004F34BF52
:106950000423082319EA01090F460BD049423940A4
:106960008B424F4628BF0B46894654B9002528461E
:10697000BDE8F8839942F8D82146BDE8F843FFF70F
:10698000A6BFB2EBD40FF1D9B2F5004F34BF042249
:106990000822E11D3944C91A11443046C908FFF7DD
:1069A00081FE80460028E1D0B36809EBC005B3F54D
:1069B000004F34BF042308231D4435447B1E1D446F
:1069C0007F423D40A5EB090529463046FFF70DFE05
:1069D0002C44073424F00704A41B804507464FEAE3
:1069E000E40408D2024641463046FFF795FE414690
:1069F0003046FFF7D6FE39463046FFF7D4FD38441F
:106A0000844208D2394630462246FFF785FE2146A9
:106A10003046FFF7C6FE012239463046FFF7C9FD72
:106A2000A5E7B2F5802F2CBF082304232DE9F04100
:106A30000026D21A8C18CD1D25F0070524F0070476
:106A4000641BE408056021462046AC60EE60FFF759
:106A5000D6FD421D9200013002F107074FEAD70729
:106A60003146A2F1100205F11000B8BF324604F021
:106A70004CFD3A4631462846FFF7B3FD33463246D1
:106A800031462846FFF784FDA4EB07082846314627
:106A90000122FFF78EFD42463946FFF7A2FD3B4635
:106AA000324639462846FFF773FD21462846FFF750
:106AB00098FD4346324621462846FFF769FD2146A8
:106AC00028460122FFF775FD3946BDE8F041FFF782
:106AD00068BE002203680BB9184670478B4210D17C
:106AE0000B6842B942680360914200D143600023C1
:106AF00001200B60704713604368994208BF4260F1
:106B0000F5E71A461B68E6E7838B13F0070305D108
:106B10000368002B0CBF002003207047022B05D117
:106B2000C08BB0FA80F0400980007047012B05D17E
:106B30000368002B0CBF0020052070470020704721
:106B400010B50C4600B111B96FF0150010BD081D4D
:106B500000F0D7F80028F9D1A368032BF6D9F3E7A2
:106B60002DE9F0410D4607461946281D90461E4660
:106B700000F0DBF8044638B1334642462946384631
:106B8000A446BDE8F0416047BDE8F08110B44FF085
:106B90002004EFF3118284F31288BFF36F8F8161B9
:106BA0005DF8044B0121EBF7E5BA38B50C46054614
:106BB00058B151B10B6843B14B6833B12022002169
:106BC00004F0A3FC00202C6138BD6FF01500FBE73A
:106BD00070B505460E46FFF7B3FF041E15DB4FF0F8
:106BE0002003EFF3118283F31288BFF36F8F4FF608
:106BF000FF71EB8BAC8B8B4204F0070407D182F35F
:106C00001188BFF36F8F6FF00A04204670BD022C0D
:106C10000CD10133EB8382F31188BFF36F8F002314
:106C2000224631462846FFF79BFFEEE7062C14D894
:106C3000DFE804F004131313041A04000023336084
:106C40006B683BB9C5E90066ACB902212846EBF791
:106C500091FADAE71E606E60F6E782F31188BFF3FF
:106C60006F8F6FF00404D0E782F31188BFF36F8F4A
:106C70006FF08504C9E782F31188BFF36F8FC4E713
:106C800010B54FF02003EFF3118283F31288BFF3A6
:106C90006F8F848B04F00704022C0AD0012C0CBFE8
:106CA0006FF004006FF0850082F31188BFF36F8FDF
:106CB00008E0C38B013B9BB2C38323B92146EBF7AA
:106CC00059FA204610BD2046EEE738B5B0B1A9B15B
:106CD0004FF02002EFF3118582F31288BFF36F8F1C
:106CE000848BFFF7F6FE30B104F0070085F31188BE
:106CF000BFF36F8F38BD6FF07700F7E76FF01500C7
:106D0000F8E7034640B1426802F00302022A06D0C7
:106D1000032A04D0012A05D06FF0150070471A68C5
:106D2000002AF9D000209860704710B542680346E9
:106D300002F00302022A4FF00004816007D0032A08
:106D400002D05C60002001E018685C6010BD18682B
:106D50005C600028F6D0F9F763FDF3E7D0E9002185
:106D600030B54FF03333A2FB0324D51843EB0405B1
:106D7000A1FB0313521844EB0304521944F100021F
:106D8000891843F10003C0E9001330BD10B50A684B
:106D90000346002A0FDD013A0A6044680A201A6897
:106DA000A2FB001200FB0422100F22F07042C3E984
:106DB0000012303010BD3020FCE72DE9F0410746CD
:106DC000884615461E461446B44205D30EB1601BD4
:106DD00008E02378002BFAD0414614F8010BB8479D
:106DE0000028F1DABDE8F0819446F0B50446C369A5
:106DF000C66845684069AF1B281A1A1ABB429CBF77
:106E0000FF1AF618624528BF6246D81B904228BF79
:106E100010462368AD1B2B440B606368034463601A
:106E2000F0BDD0E90123D21A8A420CD31944C368B9
:106E3000C269C0E90111C91A8A4201D9002070470C
:106E40001344C360FAE76FF0150070472DE9F34172
:106E500080460E46154600272A4601A94046FFF700
:106E6000C3FF044602463146019804F014FB2D1B73
:106E70002744264401D0002CEED139464046FFF786
:106E8000D0FF384602B0BDE8F081F0B50446944624
:106E900086690569A368C069AF1B5A1BB8429CBFCD
:106EA00036183F1A624528BF6246C01B904228BF71
:106EB00010462368AD1B2B440B60236903442361F8
:106EC000F0BDD0E90423D21A8A420CD31944C0E998
:106ED0000411D0E90632C91A8A4201D9002070474C
:106EE00013448361FAE76FF0150070472DE9F34111
:106EF00080460D46164600273246404601A9FFF758
:106F0000C4FF04462DB102460199284604F0C3FA95
:106F10002544361B274401D0002CEDD1394640468C
:106F2000FFF7CFFF384602B0BDE8F081704700237D
:106F300083F31188BFF36F8F70477FB50BAB059359
:106F400003930A9B0122029300231846CDE90033E4
:106F5000ECF77EF807B05DF804FB0369D3F8B003E3
:106F600070476FF085007047084608B5114618B1A4
:106F700003F004FB002008BD6FF00100FBE70846AA
:106F800008B5114618B103F0F1FA002008BD6FF002
:106F90000100FBE713B504460846216901F56B7152
:106FA000D1E8AF1F022909D15BB168B10093134644
:106FB000D0E90912F7F718FD02B010BD6FF00F000D
:106FC000FAE76FF04C00F7E76FF00100F4E72DE906
:106FD000F8431C46DDE90853164698460F460069FB
:106FE00039B34AB344B36A1C43F10003022A73F174
:106FF000000324D2226842B1D0F8B0339A4204D9B7
:107000006FF00B002360BDE8F88305EA080909F179
:1070100001035A425A412146384603F0B8FA88B96A
:10702000B8F1FF3F08BFB5F1FF3FF0D06FF0680047
:10703000E9E76FF00100E6E76FF01500E3E76FF0B6
:107040008500E0E730600020DDE703F0E4BA38B502
:107050000D46044600F140012846E9F77BFD30B1BA
:10706000284604F1B001E9F775FD20B9012070232D
:1070700003FB004038BD0020FCE702F52C7102F54F
:10708000307003F0A6BFD0F8F830A0F52C70003BAC
:1070900018BF012300EB8300D0F89C0203F018BA5C
:1070A000CB6833B1C86883681B6813B100220969D3
:1070B00018477047F8F712BCD0E8EF3FC0E8E21F6E
:1070C000002AF9D1704710B5436804691B68C4F8F9
:1070D000A83304F5D87003F030FE002104F56B707E
:1070E000FFF7EAFF084610BD2DE9F34117460D46AC
:1070F00079B30B786BB3D0F8B040A4F5CE781434E4
:107100004FF0FF324FF0FF332046F8F76DFB2A4671
:10711000404601A9EBF7EEFB019E2EB9204602B0D6
:10712000BDE8F041FFF7C6BF58B12046FFF7C2FFE8
:107130003B462A463146404602B0BDE8F041EBF7F7
:10714000B7BB2022294606F1400004F093FA3766C7
:10715000E4E702B0BDE8F0812DE9F84306464FF0C0
:1071600001090569D0F8048005F56B77D7E8EF3F92
:10717000022B03D1C7E8E29F002AF7D141D195F84D
:107180004030002B40D195F8B030002B3CD1284640
:10719000D5F8A81300F06EF8044680BB7168366914
:1071A000486983681B6943B3224689699847044646
:1071B00028BB06F5307649463046F8F7FFFC3046E6
:1071C00005F5E476EEF774FC3046D8F8001000F0D0
:1071D0008EF8044698B90146E822304604F095F945
:1071E00021464FF4E272284604F08FF921463846D2
:1071F000FFF762FF2046BDE8F8836FF057040221D5
:10720000F5E76FF07704F5E76FF00F04F2E710B5DC
:107210000846029B114652B993F864202AB901220C
:10722000184683F86420EBF755FC002010BD9A6ED9
:107230005468002CF9D0DA6EA047F6E710B50C467A
:10724000036903F56B73D3E8AF3F022B0AD161B139
:10725000084603F0E0F970220021204604F055F9B9
:10726000002010BD6FF00F00FBE76FF00100F8E7A2
:1072700003F0D1B938B50D46044660B1E03003F0F3
:10728000F6FB0DB1002038BDC4F89C51C4F8A051E4
:10729000C4F8A451F6E76FF01500F4E70268D2F8DD
:1072A000E03013B1D2F8DC1018477047704783699B
:1072B00013B9D0F88830197070470120704783697E
:1072C000012B04D1D0F888301878C0B27047042060
:1072D000704738B5C4003434204604F0B8F8054689
:1072E00018B12246002104F010F9284638BD38B5FF
:1072F00004463022002104F008F91822002104F18C
:10730000BC0004F002F91822002104F1A40004F0EA
:10731000FCF8D4F8D800F7F719FBD4F8D400F7F745
:1073200015FB002304F13400C4F8A03002F050FE35
:10733000F7F784FAE36E04F140050BB1284698474D
:1073400038220021284604F0E0F8002038BD002053
:10735000704702F092B90346D3E8EF0F421CC3E82E
:10736000E12F0029F8D17047002108B50846EBF756
:107370006DFD002008BD1FB50023CDE902011A46AE
:1073800019461846CDE90033EBF762FE05B05DF80B
:1073900004FB70470020704770B50E46154619462D
:1073A0000446120D18B9BDE87040EBF7FFBD2BB1D4
:1073B0001030C5F34A23184404F06DF8C4E90056B0
:1073C0002046BDE87040EBF705BE07B5D1E90032B5
:1073D0008DF80700012152680DF107009847002041
:1073E00003B05DF804FB0A2838B504460D4602D107
:1073F0000D20FFF7EAFF29462046FFF7E6FF0020B1
:1074000038BDF8B506460D4614461F4621462846A7
:107410003A46B047241A0544F8D1F8BD13B5002404
:107420000094E9F7A9FB02B010BD10B5426804460C
:10743000D2E9002381680068FFF7E3FF0022636858
:107440001A6010BD7FB50BAB059303930A9B0293A3
:1074500000231846CDE90033EBF7FAFD07B05DF8DD
:1074600004FB7FB50BAB059303930A9B01220293A8
:1074700000231846CDE90033EBF7EAFD07B05DF8CD
:1074800004FB006838B150F8043C04385B688B4258
:1074900001D04068F6E77047006848B150F8043CF6
:1074A00004385B685B689B788B4201D04068F4E7E6
:1074B000704730B5006888B150F8043C04385B6808
:1074C0001A6A1D7F0023043ADCB2A54201D8406845
:1074D000F1E7013312F833408C42F5D130BD7FB56E
:1074E0000BAB059303930A9B0122029300231846DA
:1074F000CDE90033EBF7ACFD07B05DF804FB08B550
:10750000ECF7A2FF28B1406810F1100F14BF002063
:10751000012008BD4B1CDBB28170817680F82530DC
:10752000C37600F8061C704750E90231D0F89C0081
:1075300018470022036983F84A207047036993F8CB
:107540004A0008B193F8480070470022036983F8A5
:107550004B207047036993F849007047036993F81B
:10756000482012B193F84A202AB993F8490018B17B
:1075700093F84B0070470120704701207047036962
:10758000C3E9001270470229036908D004290BD00F
:1075900001290ED1D3F8943000201360704793F87E
:1075A0009B30C3F34003F7E793F89B3003F00103EC
:1075B000F2E76FF0850070470020704710B503694F
:1075C000D3F894200A6093F898206AB1012A0CBF7E
:1075D000022203224A7193F89920501E032805D8ED
:1075E000DFE800F0050505050122F3E700220A7136
:1075F00093F89A30062B09D0072B09D0052B0CBF26
:107600000023032300208B71C87110BD0123F9E70B
:107610000223F7E77FB50BAB059303930A9B029315
:1076200000231846CDE90033EBF712FD07B05DF8F3
:1076300004FB08B5402903693FD013D8102932D084
:1076400006D801291ED0082920D06FF0120008BDED
:107650002029FAD193F89C1001F0FB0152B341F0BC
:10766000040127E0B1F5807F30D0B1F5007F36D03E
:107670008029EAD193F89C1001F0EF01D2B141F0DA
:10768000100117E0C3F894200020E0E793F89C1065
:1076900001F0FE010AB141F0010183F89C100121C3
:1076A000EDF746FBF0E793F89C1001F0FD010AB1FD
:1076B00041F0020183F89C10F2E793F89C1001F06E
:1076C000F701002AF6D041F00801F3E793F89C1087
:1076D00001F0DF01002AEDD041F02001EAE793F844
:1076E0009C1001F0BF01002AE4D041F04001E1E725
:1076F00070B504690546D4F88C00FFF7F7FBD4F8A1
:107700008C3006461A699968914204BF002284F8B9
:10771000492094F8A0209AB15A685969DB69521A35
:107720009B1A3F2B0CD994F89E3033B16B682246DC
:107730001B6A0021187BEDF7E9F9002384F8A030DB
:10774000304670BD012208B5FFF7D2FF013818BFDF
:107750004FF0FF3008BD002008B5EAF77BFE7FB58B
:107760000BAB059303930A9B012202930023184657
:10777000CDE90033EBF76CFC07B05DF804FB014684
:107780000068EDF73BBC00210120EDF737BC08B5E0
:10779000EDF70EFDBDE80840EDF712BE836E83F3F2
:1077A0000B8870477FB50BAB059303930A9B0122AF
:1077B000029300231846CDE90033EBF749FC07B0EC
:1077C0005DF804FB40E800F313F4803FD8B208BF33
:1077D0006FF0150070477FB50BAB059303930A9BC1
:1077E0000122029300231846CDE90033EBF730FC69
:1077F00007B05DF804FB30B50C684B6885B00A89AA
:107800004D890094013B24F01F04234402F01F0221
:1078100042EA451223F01F0369468DF808200393BE
:10782000EEF792F905B030BD002070474FF0FF3001
:1078300070470020704708461146EEF701BB084626
:107840001146EEF711BB4FF0FF3070470020704734
:107850000228CCBF00200120704700207047002084
:1078600070474FF4005300204B60704710B504463A
:107870001420F9F781F82060BDE8104003F05DBAEC
:107880004FF0FF324FF0FF33F7F7AEBFF8F726B8EF
:10789000F7F71EBD7047816A49680968EEF770BB4B
:1078A000034618465B68002BFBD17047426810B551
:1078B0002AB10B461C465B68002BFBD1626041601D
:1078C00010BD8388026819448180D0187047034630
:1078D00000689A88521A01449A80196070470368B8
:1078E0008268C0889B1AC01A80B270470320704714
:1078F0000020704710B50C46F3F73CFC00280CBF85
:107900002046002010BD73B503680C469E683046C3
:1079100000F063F8A042054615D1304600F069F842
:107920000022282369462846CDE9002301F06EF89D
:1079300010B9012002B070BD8079A0F12C0358422B
:1079400058410130F6E72046F2F78AFD003818BFAB
:1079500001204000EEE738B50C4600258B6843B99E
:107960002046F2F789FD10B1204600F0D0FD2846F0
:1079700038BD1A8A5B681544F1E7F7F7AFBF08B561
:10798000EEF7D2FB30B1BDE8084000F59C715030F5
:1079900003F01FBB08BD0020FFF7F1BF4FF0FF321F
:1079A0004FF0FF333830F7F71FBF38B5A0F59C759F
:1079B00004462846FFF7F2FF286805F067FA40B949
:1079C000286801F077FEA4F58070BDE83840FFF725
:1079D000D4BF286805F04FFAEEE742890389934245
:1079E00001D1037B1BB1043250F8220070471846C6
:1079F0007047438902899A4201D1027B3AB101332F
:107A00009BB20A2B08BF00234381002303737047F6
:107A1000026803464AB9406848B99A6842B9D868CA
:107A200000F17F435842584170470020704710468C
:107A3000704738B590F8503004466FF3C30380F8B0
:107A4000503083680D466BB189B194F850302046B0
:107A500043F0080384F8503000F0A9FD94F84F304B
:107A60007F2B0DD92046BDE8384000F050BD0146BF
:107A7000806900F087FA0128E7D00028F2D138BDEC
:107A8000A368DB681B7803F0F003602BEAD129467A
:107A90002046EFF741FAF0E708B500F0D9FFEEF71E
:107AA000ABFFEFF733FA01F074F9EFF7D1F9EEF726
:107AB00029FFEFF7CDF8EEF787FF002008BD01F1B1
:107AC000100351F8042B994240F8042BF9D1704768
:107AD00030B5044685B0002859D08368002B56D0B5
:107AE0008369002B56D000F048FD204600F05FFD72
:107AF00094F84F305B09022B40D1A368DD68EEF7A4
:107B000077FF183501461022284603F0B4FC18B957
:107B10006FF07C0005B030BDA368DD6818352846DD
:107B2000FFF776FF0146B8B1A5686846E9680831F5
:107B3000FFF7C5FFE86800F118010830FFF7BFFF45
:107B4000A3686946D8681830FFF7B9FF01212046BD
:107B5000FFF76FFF0020DDE72846EEF7CFFC002897
:107B6000E2D1A368D868037EFF2B02D1437E012BAC
:107B7000ECD00830FFF74CFF0028C9D12146A0699E
:107B800000F015FA0228E5D16FF00400C2E76FF0AB
:107B90003C00BFE76FF01500BCE7816809B9FFF74B
:107BA00048BF4968FAE738B505460C4641B338B3D3
:107BB0008B6843B3DA6832B31B8A23B303680C3390
:107BC000D3E8AF3FDB0721D591F84F30084643F0AB
:107BD000010381F84F3000F0EAFCA5612B6894F8AE
:107BE00064005B7D84F841302B685B7D84F849300C
:107BF000EFF726F82146C0B2EFF718F8002038BD9D
:107C00006FF01500FBE76FF03C00F8E76FF07200D3
:107C1000F5E7002203680BB9184670478B4210D174
:107C20000B6842B942680360914200D1436000236F
:107C300001200B60704713604368994208BF42609F
:107C4000F5E71A461B68E6E710B1006800B1406826
:107C5000704710B430B1C46C24B1234642685DF85B
:107C6000044B18475DF8044B704710B50346FFF707
:107C7000EBFF28B1C2681AB1BDE8104018461047A2
:107C8000002010BD802AF8B507460E46144617D8C6
:107C9000D5082A4603F0EFFB90B9644214F00704BC
:107CA00010D07B5D725DC4F108015A40FF238B4008
:107CB00083F0FF03A3401A420CBF01200020F8BD4F
:107CC0000020FCE70120FAE7102208B503F0D3FBFF
:107CD000B0FA80F0400908BD08B503F0F1FA4FF49E
:107CE0007A72A0FB020302FB0133C00B40EA43405F
:107CF00008BD01234A0901F01F018B40DB4300EB63
:107D00008200D0E8EF2F1A40C0E8E12F0029F8D117
:107D1000704730B103680C33D3E8AF0F084100F06F
:107D20000100704701230C308B40D0E8EF2F1A433D
:107D3000C0E8E12F0029F8D1704710B50368002191
:107D400004469A7EFFF7E5FF88B9022123689976F9
:107D50002068837E8B422FD1062A2DD10C3008213A
:107D6000FFF7C7FF2046BDE81040FFF77EBF09219F
:107D70002046FFF7CEFF0028E7D00A212046FFF774
:107D8000C8FF2168C0F10603DBB28B762068817ED4
:107D9000994211D10629DFD1062A0DD00821FFF71B
:107DA000C1FF2046FFF761FF030705D42046BDE869
:107DB00010400721FFF7ADBF10BD012310B503FA36
:107DC00001F10C30D0E8EF3F43EA0102C0E8E42FB4
:107DD000002CF7D1194214BF0120002010BD2DE95D
:107DE000F041054688464FF0FF304FF0FF311E4608
:107DF0001746EEF7EDF908212846FFF78AFF0446FB
:107E000058B92B68C3F810802B681F752B685E75F6
:107E1000EEF7E6F92046BDE8F0814FF0FF34F7E7D2
:107E20002DE9F84F044689464FF0FF304FF0FF31FF
:107E3000EEF7CEF9666816B300274FF0180B06F17F
:107E4000F4080BFB076393F8045103F5807AEB0702
:107E50000ED549464046FFF737FF044640B16FF361
:107E600000058AF80450EEF7BBF92046BDE8F88F0C
:107E70000137082F08F11808E3D10024F3E734464E
:107E8000F1E72DE9F04707460E4690469946002552
:107E90004FF0280A0C1D0AFB056393F826309B0758
:107EA00011D534F8043C022B0DD194F82030012B6D
:107EB00009D14A4621464046FFF7E4FE18B1214663
:107EC0003846EEF759FB0135062D04F12804E2D1BE
:107ED000BDE8F08710B504464FF0FF314FF0FF309A
:107EE000EEF776F964680CB194F80C42EEF778F985
:107EF000204610BD70B504460D464FF0FF304FF0E0
:107F0000FF31EEF765F96468ECB10022282148F2F0
:107F1000FE00231D01FB024696F82660B6070CD52D
:107F20006E1C03D093F92160AE4206D133F8046C85
:107F3000022E02D11E88864209D00132062A03F1A0
:107F40002803E7D10024EEF74BF9204670BD1C460C
:107F5000F9E738B504464FF0FF314FF0FF30EEF748
:107F600037F9D4F80042EEF73BF96508EDF7CAFFA0
:107F700004EB4404C5EB5404B0FBF4F303FB14001E
:107F8000284438BD10B50346FFF75EFEBDE810403B
:107F900002681846104710B50C4691F8640000F0CE
:107FA00066FD2146A069BDE81040EEF765BC70B5DE
:107FB00005464E694FF0FF300C464FF0FF31EEF7AB
:107FC00007F909212846FFF7A4FE20B90EBB636C10
:107FD0002BBB022419E004212846FFF79AFE002853
:107FE000F4D101212846FFF794FE48B9E36B3BB971
:107FF000A3691A681269E2631B681B7D84F840302C
:1080000021462846FFF7C7FF0024EEF7E9F820468F
:1080100070BD6FF072013046FFF71BFED7E76FF0BF
:108020007202284604F14401EEF704FCD1E7012076
:1080300070470120704738B505464FF0FF314FF0CB
:10804000FF30EEF7C5F800212846FFF762FEB0B911
:108050002846FFF7F9FD044630B1846824B10121B8
:108060002846A047041E06DB28680021FFF75AFEB9
:108070002846FFF762FEEEF7B3F8204638BD6FF0F2
:108080007704F8E738B50546426011B9C0E9021136
:1080900038BD4FF47A73A1FB03416FF00042002317
:1080A0002046E8F759F8C0EBC073E31A08BF6FF039
:1080B0000043E86009BF00F1FF30AB60AB60E860EF
:1080C000E6E770B5C5680346446835B16FF0004611
:1080D000701A2044002806DD70BD83681C44601AB5
:1080E00020EAE070F8E76A1E01F10040DA60013032
:1080F0009A685960211A001B82429FBF9219023D63
:108100005218DD608CBF89189A60DA6888BF996060
:108110000AB99868E0E76FF00040DDE72DE9F0412B
:1081200011F001064BD1334640BA80B28C0708D516
:10813000012A06D931F8024B023A2418204643F1AD
:1081400000030D4694464FF0000EBCF10F0F05F1F1
:10815000100540D86FF00F05140905FB04221746DF
:108160004FEA041C01EB0414032F4AD86FF00305F7
:10817000940805FB04242A406244012C01EB02050B
:1081800006D98A5A023C1218104643F10003023500
:10819000012C07D12A78E90748BF120212181046AD
:1081A00043F10003020C42EA0342190C52EA134362
:1081B00080B22ED10EB940BA80B2BDE8F081002362
:1081C000002ABED011F8014B013A2402241820469F
:1081D00043F10003AAE755E90447E41955F8087C80
:1081E0004EEB0E08E41955F8047C48F10008E41938
:1081F00048F1000724182046ACF1100C43EB0703AC
:10820000A3E754F8045B043F2D18284643F100030C
:10821000AAE7801841F10003C4E72DE9F04790F880
:108220004F3005465B09022B74D100228368002B76
:1082300045D1D5E90387B5F852302846CC1A95F8D0
:108240004E30E41A144400F0B2F995F84F3095F826
:108250004E1003F0010643F0010385F84F30A4B23D
:108260002039284600F009FA202229692046FFF724
:1082700055FFB5F8521004462031284600F0FDF9AC
:10828000EA6862B12B6953B1B2F81090D2689B1AB8
:10829000A9EB0309D5F80CA0BAF1000F13D1002CFB
:1082A00035D064BAA4B2E04395F84F30C5E90387EE
:1082B00066F3000385F84F3080B2BDE8F087188A76
:1082C0005B680244B3E720464A462969FFF726FF68
:1082D000DAF804300446EB60002BE0D01A8A002A5A
:1082E000DDD0DA6819F0010F2A610DD01178013262
:1082F0000C44A4B22A61A142B3F8109084BF0134A7
:10830000A4B209F1FF39C5E7B3F81090C2E74FF600
:10831000FF74C8E70020D0E738B504460D46C368AF
:108320005868E06030B14DB10C30FFF7D8FAE3681F
:108330000028F5D0E3681BB9236138BD008AF6E751
:10834000DB68F9E738B50446C0680D4688B171B1FD
:108350000C30FFF7C4FAD4E90323D2689B1A834296
:1083600007D129462046BDE83840FFF7D5BF008A2F
:10837000F1E738BDF8B5044694F84F301646DA07F1
:108380000F46C06815D4A6B10C30FFF7A8FA054611
:10839000D4E90303C2689B1A3B44AB4211D194F861
:1083A0004F30DB0708D431462046BDE8F840FFF7E0
:1083B000B3BF0026058AEBE70C30FFF790FAA8421E
:1083C000F1D923693B442361F8BD0346002003B97A
:1083D00070471A8A5B681044F9E72DE9F8430546AF
:1083E0000F46164699469DF82080EB68002B6DD00D
:1083F0000EB930466EE095F84F30284613F0010F65
:108400000CBF41460021FFF79DFFEB68002B5FD0BA
:10841000B8F1000F1BD095F84F20D20717D403F105
:108420000C00FFF75CFA0446D5E90330DB68C31A99
:10843000E41A4DD0B44228BF3446B9F1000F21D11F
:1084400027B322463968286903F05FF834E01C8AB4
:108450002869DB68C31AE41A3AD0B44228BF34460C
:10846000B9F1000F26D02246B8F1000F0BD101461A
:10847000384603F010F8424621462846FFF77AFFB7
:10848000274421E02246394603F005F895F84F309D
:10849000DB0704D4E86821460C30FFF712FA01220A
:1084A00021462846FFF766FFB9F1000F0CD0002FD8
:1084B000E6D109E0002FC4D1B8F1000FE6D1424661
:1084C00021462846FFF756FF361B8EE7002E90D038
:1084D0006FF06800BDE8F8832DE9F04106460F46CD
:1084E00015461C4602F00DFC08B100252C46802FD5
:1084F00006D82A4623463046BDE8F041FFF7CBB9FF
:108500000020BDE8F08108B1EDF7D0BD704707B598
:108510000190E8B1019B3833D3E8AF3FC3B1019A72
:10852000591E3832D2E8EF0F984204D1C2E8EC1F4E
:10853000BCF1000FF6D1EDD1012B09DC019B98684D
:1085400008B1FFF7E0FF019B01A9586802F0B0FBFA
:1085500003B05DF804FB70B5044630B100268568B1
:1085600025B9A068FFF731FF301A70BD05F10C0086
:10857000FFF7B5F96D680644F2E7F8B50446806880
:108580000027054600B9F8BD038A46683BB9A368D1
:10859000834207D1A6604760EDF788FD284605466F
:1085A0003046EFE76B68834208BF6E60F3E783688D
:1085B000C36003B1DB680361704710B50C46EEF78A
:1085C00029FA48B184613CB123685B7D80F8413071
:1085D00023685B7D80F8493010BD10B582680C4679
:1085E00022B98160BDE81040FFF7E1BF1046FFF7F8
:1085F00057F92146BDE81040FFF758B92DE9F74F6C
:108600000646DDE90E548B462846214690469A469A
:1086100002F05CFE2A460746894630462346594604
:10862000FFF7CBFF064618B390F84F306AF34713B5
:1086300080F84F3055EA04030ED0B4F1FF3F08BF75
:10864000B5F1FF3F08D0F8F731F83D1A69EB0104A6
:10865000002CBCBF00252C4641463046CDE90054D5
:108660009DF83020EEF70AFA18B13046FFF74FFFB9
:108670000026304603B0BDE8F08F012307B5009314
:1086800000230A461946FFF7A8FE03B05DF804FB75
:10869000F8B513680E4617469BB190B1846884B153
:1086A0000025E268218A93420CD35018834209D8EE
:1086B0009B1A59193046FFF77AFFFFF7DEFF33693F
:1086C0003B60F8BD64680D44ADB2002CE9D1F8E719
:1086D000F8B590F84F3091F84F205B0963F34712DB
:1086E00081F84F20436905464B6190F84E300C46A7
:1086F00081F84E3090F8582091F8583062F3050315
:1087000081F8583090F8583091F858209B0963F35D
:10871000871281F85820D0E90823C1E90823836A29
:1087200091F850208B6290F8643081F8643090F8B2
:108730005030C3F3400363F3410281F8502090F8B6
:108740005030D2B2C3F3C00363F3C30281F85020A8
:10875000B0F84C30A1F84C308368BBB18E68AEB134
:10876000C36B01F13C02CB63036C01F144070B6462
:10877000436C4B64836C8B6483689E4206D0FFF726
:1087800087FF3A4621462846FFF782FF95F84F308B
:108790005B09022B13D195F8513084F85130B5F8AC
:1087A0005230A4F8523095F8563084F85630B5F867
:1087B0005430A4F8543095F8573084F85730EB6DA6
:1087C000E3652B6E2366F8BD1FB50123039100936B
:1087D00003A90023FFF701FE05B05DF804FB0023A9
:1087E00007B500930123FFF7F8FD03B05DF804FB24
:1087F000F8B506460F461446F368002B46D0FB68D2
:10880000002B43D00CB9204625E001213046FFF76C
:1088100099FD38460021FFF795FDF068C8B1FA6868
:10882000BAB1158A3B69D2680C309B1AED1AFFF772
:1088300056F80346D6E90320D268AC42A0EB020208
:10884000A3EB020301D29C4206D39D4228BF1D46E2
:108850001DB96FF06800F8BD25462A46396902F057
:108860001AFE96F84F30DB0704D4F06829460C3026
:10887000FFF727F8012229463046FFF77BFD00224B
:1088800029463846FFF776FD641BB5E7002CBAD0C1
:10889000DFE783682BB9002914BF6FF015000020B3
:1088A00070471A8A8A422ABF1982891A00215B6896
:1088B000F0E710B5C26803467AB1006938B199682B
:1088C00000238A4204D1D268801A034498B210BDB2
:1088D0000C8A496823449BB2F3E71046F7E72DE979
:1088E000F04385B004460D4691469846FFF7E1FFF8
:1088F0000746A068FFF769FD002394F84F60A1695F
:108900000246CDE9029828460093FFF777FE06F06D
:1089100001060546F0B1D4E9039894F84F3020469B
:1089200043F0010384F84F30FFF741FEA068FFF7E2
:108930004CFD214602462846FFF75AFF78B12846EB
:10894000FFF7E5FD94F84F30C4E9039866F30003A0
:1089500084F84F300025284605B0BDE8F08395F82F
:108960004F30204643F00103294685F84F30FFF78A
:10897000AFFE2846FFF71BFE17B13946FFF77DFE15
:1089800095F84F3066F3000385F84F3094F84F3078
:10899000C4E9039866F3000384F84F30DBE74168CD
:1089A000FFF79DBF10B590F84F100446C94301F082
:1089B0000101FFF7C7FCE3685BB1206940B194F89F
:1089C0004F20D2074CBF1A8A5A8ADB68C01A101A85
:1089D00010BD1846FCE773B50369044699420E467C
:1089E00015460AD1FFF7DEFFA84206D329462046E6
:1089F00002B0BDE87040FFF740BE01232A46314671
:108A000020460093FFF7E9FC02B070BDF8B50446BC
:108A10004E680D46FFF7C6FF864203D823692B60D8
:108A2000286810E094F84F302968DB07F8D549B181
:108A3000D4E9037620466A68FFF7D1FEC4E90376DD
:108A40000028EDD00020F8BDD1E90012FFF7C3BF28
:108A5000704710B504464FF0FF324FF0FF33204609
:108A6000F6F778FF0028F6D0FFF797F8F3E7002035
:108A7000704770470268034642B9406840B99A6837
:108A80003AB9D868B0FA80F04009704700207047C2
:108A90001046704710B5148890F84F00B4EB501F83
:108AA00013D1022C13D109686BB10831141D204673
:108AB000FFF7E0FF30B91022204602F0DCFCB0FAEC
:108AC00080F0400910BD1831F0E70020FAE70120DE
:108AD000F8E773B50423002669460546CDE900632F
:108AE000FFF794FF044680B18670C670A869FFF74F
:108AF0009EFA20B13A212846FFF78FFB6080694635
:108B00002846FFF7A1FF02B070BD6FF06800FAE7DA
:108B1000F7B5042300250F46694604461646CDE9FD
:108B20000053FFF773FF48B1077046708570C5703A
:108B300069462046FFF788FF03B0F0BD6FF068007C
:108B4000FAE7F7B5B0F852308A88C3F57F43FC33B3
:108B500052BA13449FB21BB2032B05460E4602DCE9
:108B6000022003B0F0BD4FF400420023CDE9002302
:108B700039463A2302228069EEF734F80446002889
:108B8000EED0337E06F11801FF2B03D1A869EDF773
:108B900001FE014600236364E36395F8582094F8CE
:108BA0005830204662F3050384F8583095F8583061
:108BB00094F858209B0963F3871284F8582006F133
:108BC000080200F058F80246E0B981212046FFF77C
:108BD0009FFFB8B93A4629462046FFF709FE0646E8
:108BE00080B92046FFF7E3FC3A21204600F08BF8DD
:108BF0002046FEF76DFF002804DB2846FFF787FCC0
:108C00003046AEE72046FFF782FCA9E7026803463C
:108C10004AB9406848B99A6842B9D86800F17F43B8
:108C200058425841704700207047104670474A88A4
:108C300043889A4214D18A8883889A4210D1CA887C
:108C4000C3889A420CD14B684268934208D182682B
:108C5000934205D1C368C868C31A58425841704747
:108C60000020704701F1100351F8042B994240F89D
:108C7000042BF9D170472DE9F34128234FF0000868
:108C80000E46694605461746CDE90083FFF7BEFE4E
:108C90000446A8B395F8582080F8028002F03F03FC
:108CA0009B0043EA92121B0943F060031201037018
:108CB000427080F8038080F8048080F8058080F896
:108CC000068095F85130C3711BB9A869FFF702F906
:108CD000E071394604F11800FFF7C4FF314604F192
:108CE0000800FFF7BFFF282385F84E3000236946B0
:108CF0002846A5F85230FFF7A7FE02B0BDE8F08184
:108D00006FF06800F9E773B528230025CDE900531B
:108D100090F84F300E4643F00103694680F84F301B
:108D20000446FFF773FE18B96FF0680002B070BD1B
:108D30002B46A268CAB9283BC3F3072242EA0323A1
:108D4000838094F857306946FF2B08BF3346837100
:108D50002046FFF779FE94F85730FF2B09D1112EEA
:108D60000FD1204600F018F8E0E7118A52680B4452
:108D7000E0E72046B4F85210FFF77FFC0028EED061
:108D8000D2E73A2E03D12046FFF7A3FECEE700201C
:108D9000CCE700F000B87047082330B585B00DEB84
:108DA00003010446CDF808D00393FFF72FFE0546D4
:108DB00010B30023A268DAB994F84E20B4F8521028
:108DC0000A449B1A5BBAAB80A069FFF730F948B13F
:108DD00011212046FFF721FA4FF6FF73002818BF34
:108DE0000346EB80204602A9FFF72EFE05B030BDFA
:108DF000118A52680B44DEE76FF06800F6E770B541
:108E000004460E46FFF702FE054610B90025284627
:108E100070BD31462046FFF717FE03460028F5D106
:108E2000AA88A16852BA92B2B1B994F84E10B4F8B7
:108E3000520001445B1A9A42E8D1A069FFF7F9F8A1
:108E40000028E4D0EB88002BE0D011212046FFF76A
:108E5000E4F90028DBD0D9E7088A49680344E3E74E
:108E600010B503690446C0E905330023C360837F5E
:108E700013B1407A01F08CF8012323770023637744
:108E8000E377A37710BD7FB50BAB059303930A9BE4
:108E9000029300231846CDE90033EAF7D9F807B06A
:108EA0005DF804FBF6F7A0BCF6F718BD38B504462C
:108EB000EEF7E0F9054660B1037A6BB12046002475
:108EC000F5F708FB2846AC77FFF7CAFF20462C725F
:108ED00038BD6FF01500FBE76FF07700F8E770B56D
:108EE00004460E461546EEF7C7FF30B906B925B160
:108EF0002046BDE87040EFF71DB870BD0C22036935
:108F0000C9B201FB0233D3F8880000F007007047B4
:108F10004FF02003EFF3118283F31288BFF36F8FBA
:108F2000036803F0C00343F00203036082F3118877
:108F3000BFF36F8F704770B5C9B203694FF020045B
:108F4000EFF3118584F31288BFF36F8F0C2606FBB5
:108F50000134D4F8884014F0C00408D0A24206D0EE
:108F600085F31188BFF36F8F4FF0FF3070BD012282
:108F700071430B44C3F8882085F31188BFF36F8FCA
:108F800043680B445B6898470020EFE78022FFF7B7
:108F9000D2BFF8B5069F0469C9B24FF02005EFF3C0
:108FA000118685F31288BFF36F8F0C2569430C443B
:108FB000D4F8885005F0070CBCF1010F0CD1C4F8AF
:108FC000887086F31188BFF36F8FC4E9202343684C
:108FD0005B5898470020F8BD05F0C005AF4286F306
:108FE0001188BFF36F8F0CBF6FF077004FF0FF3029
:108FF000F1E713B580240094FFF7CBFF02B010BD5A
:109000000069CBB200EB431000211047032000F0B1
:10901000B1BE022000F0AEBE002000F0ABBE0320C7
:1090200000F007BF022000F004BF002000F001BFE5
:109030001046F6F7C1BCF7B50F4616464FF48065EB
:109040000024A64203D816D0162003B0F0BD331B6F
:10905000B3F5806F38BF1D4600202A4601AB391991
:10906000FAF7F2FA20B9019BAB4201D12C44E8E7B0
:109070006FF01500E9E70020E7E7002208B5114688
:109080001046FAF7B1FA002818BF6FF0150008BDB6
:1090900018B901F13000F6F78FBC70477FB50BAB04
:1090A000059303930A9B029300231846CDE90033EE
:1090B000E9F7CEFF07B05DF804FB10B504464FF0AA
:1090C000FF334FF0FF321830F6F79CFC94F8603015
:1090D00023B94FF050230122C3F8B82510BD4FF03B
:1090E000FF324FF0FF33F6F78DBC90F8603023B9B4
:1090F0004FF050230222C3F8B8251830F6F75CBCB5
:109100001FB5002291420CBF0623042301A9CDE91B
:10911000012203928DF80430EFF770F9002818BF90
:109120006FF0040005B05DF804FB7FB5FF238DF8F8
:1091300003300DF10303002201930123CDE9023234
:10914000052303A98DF80C3001AB04920593EFF7CA
:1091500055F90028A8BF9DF8030007B05DF804FB8F
:1091600038B505460C4600F066FE002D07DBA84228
:1091700005D9401B84428CBF0020012038BD00204F
:10918000FCE77FB50BAB059303930A9B0122029387
:1091900000231846CDE90033E9F75AFF07B05DF820
:1091A00004FB082913B528BF08214FF47F020C46A1
:1091B000D2F80432D2F808221BBA12BA00920A4638
:1091C0006946019302F067F9204602B010BD1420F1
:1091D0007047F3F77BBA10B50446F3F777FA231A12
:1091E000002B04DBA04200D90131204610BDA04273
:1091F00098BF01F1FF31F8E708B548B2F3F71AFA62
:10920000002008BD08B5A1F10B030F2B04D8C8B28C
:10921000F3F774F8002008BD6FF01500FBE77FB589
:109220000BAB059303930A9B029300231846CDE9E9
:109230000033E9F70DFF07B05DF804FB37B50368AD
:109240004FF47F021B6805461C69F4232371CE236B
:1092500063713623A371D2F80432D2F80822211D9B
:10926000CDE90023C4F80720E37208220123FEF7AA
:10927000B6FD2846256003B0BDE83040ECF75EBF80
:1092800007B5C9B132B91868F2F7DCFE002003B0A7
:109290005DF804FB012A06D11B8801A8ADF8043053
:1092A000F2F7B2FEF2E7022A06D11B8801A8ADF858
:1092B0000430F2F78BFEE9E76FF08500E7E77047CF
:1092C00010B50469F3F75AF810B96FF00F0010BD2C
:1092D0004FF0FF334FF0FF3204F29C50F6F792FB51
:1092E00094F8B435002BF0D00020F0E7704710B5AB
:1092F00000690F299FBF00EB810440F821202364FF
:10930000002088BF6FF0150010BD002070471020AE
:1093100070477FB50BAB059303930A9B0222029320
:1093200000231846CDE90033E9F792FE07B05DF857
:1093300004FB30B543681360057A446804EBC50448
:10934000A34202D36FF0010030BD5C798C4201D0A2
:109350000833F0E70020F7E70B460269D2E9010184
:1093600083E803000020704743681B68D3F880043B
:10937000C3F88004704710B544682368C3F84415E7
:10938000C3F848250022C3F82021D3F82011C3F8E0
:109390005821D3F858216268D20608D508214268BE
:1093A0001268C2F800154FF48002C3F804230122AA
:1093B0009A6010BD436802691B68D3F8100150B170
:1093C0000020926912780A70C3F81001D3F81021B6
:1093D00001221A6070474FF0FF307047002A10B525
:1093E000044610DD43681B68D3F8100150B100201B
:1093F0002269C3F81001D3F8100101209269127894
:109400000A70186010BD0020FCE7436801691A6803
:109410004FF02000EFF3118380F31288BFF36F8FBA
:109420000020C96888734FF48001C2F8041383F3E5
:109430001188BFF36F8F704701220369DB689A734D
:1094400070470369DB689A7B02F0FF0162B94268EA
:109450001268D2F8580140B1D2F8040310F4800029
:1094600003D00120196170470020704743681B68D2
:10947000D3F81001003818BF01207047102243684C
:109480001B68C3F804237047102243681B68C3F8A5
:10949000082370474FF4007243681B68C3F8042325
:1094A00070474FF4007243681B68C3F80823704785
:1094B00038B5436804461D68D5F804335B0205D40B
:1094C000D5F8040310F0100006D138BDFFF7B9FF3E
:1094D0000028F5D00120F8E72046FFF7C7FF003845
:1094E00018BF0120F1E7012070470369D8680160C7
:1094F000DB685A60704702680346D2F8580140B9E9
:109500005B689B0706D4D2F82001003818BF012001
:10951000704701207047F8B506690546F3689C89D5
:1095200010339442A8BF14460122D3E8EF0F00285D
:1095300003D1C3E8E72F002FF7D10CBF1346002358
:109540001FD1F3682246986801F0A5FF4FF0200371
:10955000EFF3118783F31288BFF36F8F6868FFF70B
:10956000CAFFF36838B90446186187F31188BFF35E
:109570006F8F2046F8BD224628469968FFF7FBFE0C
:10958000F3E71C46F5E710B442681368D3F80413F8
:10959000C90518D5D3F82011A9B14FF02004EFF375
:1095A000118184F31288BFF36F8FD3F8204134B157
:1095B0000024C3F82041D3F820410124DC6081F36A
:1095C0001188BFF36F8F5268D2061AD54FF0200270
:1095D000EFF3118182F31288BFF36F8FD3F8582114
:1095E00012B10022C3F800250269D2680AB11269DB
:1095F0001AB94FF48002C3F8082381F31188BFF32E
:109600006F8F0269D4686CB1D3F8581169B1002129
:109610002161D468A47B44B14FF48000C3F80803EF
:10962000D36899735DF8044B7047D3F8241121B1C6
:109630000021C3F82411D3F82431D2681368002B19
:10964000F0D051685DF8044B18477047002200F1D4
:1096500050039B009BB203F1502303F580331A6043
:109660001B68704730B110308000C0B200F150204C
:1096700000F580307047F0F7E7BA08B5F0F7C2FAA6
:1096800008BDF9F753BF08B5EBF78EFBEBF774FC99
:10969000BDE80840F9F74ABF002008B5E8F7DAFE50
:1096A00000207047704708B5F0F780FEBDE808401D
:1096B000F0F7DABC10B50446F0F752FF2046F0F799
:1096C00057FC2046BDE81040F1F79ABC0C207047CB
:1096D0000C2070476FF063007047F1F783BA0C20DD
:1096E000704770477047704783681B6A03B118471B
:1096F00070477FB50BAB059303930A9B029300233E
:109700001846CDE90033E9F7A3FC07B05DF804FB88
:109710008368DB6C0BB10122184770474FF02002C1
:10972000EFF3118382F31288BFF36F8F03607047EA
:1097300080F31188BFF36F8F704700F0E3B97FB5F6
:109740000BAB059303930A9B012202930023184657
:10975000CDE90033E9F77CFC07B05DF804FB00239A
:10976000F0B5054618468842C0EBC0070CD0052866
:109770000AD02E5C013006F07F04BC40234334063F
:10978000F1D402B11360F0BD4FF0FF30FBE77F284A
:109790000BD9B0F5804F0AD3B0F5001F09D3B0F153
:1097A000805F2CBF052004207047012070470220F5
:1097B000704703207047034610B51046FFF7E7FFD8
:1097C000814207DB441E1C44A342D1B203D101F005
:1097D0007F01197010BD61F07F0103F8011BD209F0
:1097E000F2E7002110B54278431C282A04D0292A28
:1097F0000DD01846C9B91CE01846044610F8012FD0
:109800000131282AF9D0292A0FD1034620460446DF
:109810000139002918460BD00BDD13F8012F282A37
:10982000EAD0292A0446F3D01846002ADBD100E00A
:10983000A01C10BD0CB41FB506AC54F8043B0A467E
:1098400003A90091014600200394F1F787FE04B0BC
:10985000BDE8104002B070470CB407B504AB53F834
:10986000042B019301ABF2F7BBF803B05DF804EBF6
:1098700002B0704707B5019301ABF2F7B1F803B03E
:109880005DF804FB002373B50193D0E90065002364
:109890009D4201D1002012E003EBC314344494F83C
:1098A000802092B901A8FFF739FF94F8803043B9BE
:1098B0000123019884F88030FFF73AFF204602B078
:1098C00070BD0198FFF734FFE1E70133E0E773B5BE
:1098D0001C46042316460546E200009300F06FF88C
:1098E000314604EBC41205F1140002B0BDE870402B
:1098F000F2F746BA07B5019101A900F0C7F803B025
:109900005DF804FB37B5019101A9054600F09AF80E
:10991000044620B1019905F11400F2F753FA2046EC
:1099200003B030BD002307B592000093042300F07C
:1099300046F803B05DF804FB13B51446019100220C
:1099400001A900F048F808B1019B236002B010BDE6
:1099500013B514460191002201A900F097F808B14F
:10996000019B236002B010BD07B5019101A900F071
:1099700069F803B05DF804FB2DE9F8430F46D0E920
:10998000038300240568D0F8089008EB0306A1457E
:1099900002D12046BDE8F88342463946284601F008
:1099A0006AFD0028F5D001343544F0E70B46114636
:1099B00002691AB1C068184401F06DBD704710B556
:1099C000029C01601919B2FBF1F2C0E903340023D3
:1099D0004260836010BDF7B504460F46002501A81C
:1099E00016460195FFF79AFE39462046FFF7C4FF59
:1099F000A368834210D9D4E903131944236832467B
:109A000000FB01312046FFF7D1FF01250198FFF748
:109A10008FFE284603B0F0BD62689342F6D2D4E9C7
:109A200003212068114403FB01033946184601F065
:109A300032FD324601462046FFF7B8FFA3680133E6
:109A4000A360E2E773B504460E46002501A8019520
:109A5000FFF764FE31462046FFF78EFFA168814282
:109A60000ED901398142A16009D92368D4E90324C0
:109A7000224402FB013102FB003001F00CFD012504
:109A80000198FFF755FE284602B070BDF7B50446B1
:109A90000F46002501A816460195FFF73FFE3946FF
:109AA0002046FFF769FFA36883420CD956B12269AB
:109AB00042B1E1688B1800FB03112368304619445A
:109AC00001F0E9FC01250198FFF732FE284603B0BA
:109AD000F0BD0FB400B5CDB04EAB53F8042B4FF42E
:109AE000947102A80193FFF7C5FE011E07DB02A8CF
:109AF000F1F706FC4DB05DF804EB04B070476FF071
:109B00000100F7E707B5F2F7D5F9002803DA01906D
:109B100001A8FFF7EBFB03B05DF804FB38B5054681
:109B20004FF4FA70F1F776FC044658B12A46D0F8A3
:109B30001015F2F7EBFE00EAE0752046F1F7B6FCEF
:109B4000284638BD6FF00405FAE738B505464FF4EE
:109B5000FA70F1F75FFC044658B12A46D0F81015A8
:109B6000F2F7C6FE00EAE0752046F1F79FFC2846B2
:109B700038BD6FF00405FAE7012337B54FF4FA70EA
:109B80000193F1F747FC054690B1D0F8101501AAF2
:109B9000F2F7A0FE041E05DB019B002B14BF6FF043
:109BA000030400242846F1F781FC204603B030BDB1
:109BB0006FF00404F9E7F2F759B9FF2300EB401006
:109BC000B0FBF3F04B3840B270475201801A61F19C
:109BD000000170470346062B0846114601D1F2F7F3
:109BE000BFBE6FF002007047004701F06BBB73B55A
:109BF000032800F2A780DFE800F0021927354FF0B4
:109C000050230222C3F808230022C3F80421D3F80A
:109C100004210122DA60002401238DF80730032893
:109C200000F29080DFE800F02C69789A4FF0502322
:109C300001220021C3F80823C3F80011D3F8001152
:109C40000DF107045A60E7E74FF050234FF400721C
:109C5000C3F808230022C3F82421D3F824210122C9
:109C60005A62D8E74FF050234FF48072C3F80823AC
:109C70000022C3F82021D3F820210122DA61CAE7AB
:109C800042F210754FF050266CB3D6F8183403F03A
:109C900003032370D6F81834D90353D59DF8070071
:109CA00001284FD1FFF7A1FF013DEDD14AE09DF81A
:109CB0000700012846D1FFF798FF013D52D141E04E
:109CC0009DF8070001283DD1FFF78FFF013D39D0F6
:109CD000C4B1D6F80C3403F001032370D6F80C3469
:109CE000DB032FD5ECE7D6F81834DA032AD50120A8
:109CF000FFF77BFF013DF6D124E042F210754FF0F3
:109D00005026E5E7D6F80C34D8031BD50120FFF721
:109D10006CFF013DF6D115E042F210754FF0502670
:109D200094B1D6F85C3403F001032370D6F85C34A8
:109D3000D90307D59DF80700012803D1FFF755FF88
:109D4000013DEDD102B070BDD6F85C34DA03F9D52F
:109D50000120FFF74AFF013DF6D1F3E742F210750B
:109D60004FF05026D6F85434DB03EBD5002C9ED1AF
:109D70000120A0E708B5032819D8DFE800F0023277
:109D80003E4C4FF05022D2F81834D2F81814C903C0
:109D90000ED4D2F81434DB0713D5D2F81C3403F0F8
:109DA0000303013B012B09D80223C2F8043308BD89
:109DB00003F00303022B05D0012B02D00020FFF794
:109DC00016FF01234FF05022C2F818350023C2F8C5
:109DD0000431D2F804310223C2F804330123936022
:109DE000E5E74FF050230022C3F80021D3F800210B
:109DF0000122C3F804231A60D9E74FF05023002250
:109E0000C3F82421D3F824214FF40072C3F80423AB
:109E100001221A62CBE74FF050230022C3F8202121
:109E2000D3F820214FF48072C3F8042301229A61F1
:109E3000BDE7FFF7DCBE4FF4801070474FF4805051
:109E400070474FF48070704708B5F3F7CFF9BDE85D
:109E50000840F3F779B80021F3F7A8BA0223F3F723
:109E6000FDB90323F3F7FAB900210220F3F7B0BCE0
:109E700030B54C689C4209D20025456009680160F4
:109E800093420CD1201E18BF012030BD43600D68E5
:109E9000E41A056008684C6018440860F0E7002088
:109EA000F3E74B689A4228BF1A460B68C0E90032B4
:109EB00048680B68801A48601344003818BF0120B6
:109EC0000B6070474B689A4228BF1A466AB10B680C
:109ED000C0E900324B68101EA3EB02034B600B6815
:109EE00018BF012013440B6070471346F0E7C343CB
:109EF00000F00F00C3F3C01300EB0310704770476E
:109F00008720F3F793BD8620F3F790BD8520F3F704
:109F10008DBD8420F3F78ABD8320F3F787BD8220AF
:109F2000F3F784BD8120F3F781BDF3F79BBD08B53E
:109F3000F3F7B4FC818108BD08B5F3F7AFFC4FF02F
:109F40002002EFF3118382F31288BFF36F8F8268D0
:109F50000A6002682AB9807B83F31188BFF36F8F90
:109F600008BD0420F8E70720F4F776B80620F4F7D8
:109F700073B80520F4F770B80420F4F76DB8032027
:109F8000F4F76AB80220F4F767B80120F4F764B870
:109F9000F4F75AB937B50C46154690B1037883B13A
:109FA00079B10B786BB162B101A9F4F7BDFB50B97F
:109FB000019883684BB12A46214603B0BDE8304082
:109FC00018476FF0150003B030BD6FF01200FAE7CC
:109FD00001464068C36803B1184770472DE9F04354
:109FE00089B0109E0446894690460021202268468A
:109FF0001F46129D01F089FA1F2E97BF01234FF0D3
:10A00000FF33B34003F1FF332361119BC4E9009890
:10A01000C4E902766361183445B10FCD0FC495E8E9
:10A020000F0084E80F0009B0BDE8F0836D46F4E747
:10A0300073B50468661C31D08568A9422ED26418B5
:10A040002CD05E18AE4288BF6B1A056A35B10093FA
:10A050000523A8470346184602B070BDBFF35B8FC7
:10A060001946A41A101919B140EA0205AD070AD120
:10A0700003290DDC013811448A42ECD010F8014F5D
:10A0800002F8014BF8E70078013902F8010BE9E723
:10A0900050F8044B043942F8044BE9E76FF0210310
:10A0A000D9E773B50468651C32D08568A9422FD200
:10A0B00064182DD05E18AE4288BF6B1A456ACDB1C8
:10A0C00000930523A84702B070BD12F8015B013967
:10A0D00005701546A01819B140EA0206B607F4D17A
:10A0E00003290ADC013D014488420CD1BFF35B8F98
:10A0F0001846E8E71946A41AEBE755F8042B04398B
:10A1000040F8042BECE715F8012F00F8012BEBE7E2
:10A110006FF02100D7E773B51C46036815465A1C3B
:10A1200029D08268914226D25B1824D066189642C4
:10A13000866A88BF541A36B105232A460094B04770
:10A14000204602B070BD184622464AB9294601F0A1
:10A15000DCF9BFF35B8FF3E700F8015B013AF4E74A
:10A160008307F9D14FF001336B43032AEEDD40F84A
:10A17000043B043AF9E76FF02100E2E70020704762
:10A1800010B4046B02460B468CB9C1681F2998BFF6
:10A1900023FA01F4416871B1806883420BD21069DF
:10A1A000184051F8243018445DF8044B704723469A
:10A1B0005DF8044B18474FF0FF30F5E770B5436B7F
:10A1C00005460E46E3B90469621C09BF43680C40AA
:10A1D0001C680C1B21462846FFF7D2FF864207D099
:10A1E0002B6901331C44AB689C42F3D34FF0FF341E
:10A1F0002868431C07D0AB68A34204D9204470BD33
:10A2000098470446F4E70020F9E730B5059CC4E917
:10A210000002039A21811989E260049A6181A18474
:10A220002261D3E9002502EB0113C4E905128A1C5F
:10A23000E36103EB42036A1C13446D422B4023622B
:10A24000836953B90139A2698B4202EB031206DB21
:10A25000002393736FF07F03D373002030BD01336D
:10A26000D381F0E72DE9F04FB0F82CA00446554615
:10A27000002685B002EB030891460E9A00EBCA0354
:10A280001FFA88FB5A63A3F838B008F1FF328369DC
:10A290000F1D0192B0451ADCA38CA585A3EB0B031F
:10A2A000A384E36961895A8801390A4003EB4203B8
:10A2B000A3F804A0BFF35B8F0020E2695388013349
:10A2C0005380E38C0133E38405B0BDE8F08FA06ACE
:10A2D0002A0157F8041C03EB051502930368039247
:10A2E000C91A83680837994228BF4FF0FF31FFF73A
:10A2F00047FFDDE90232985000226A6057F8082CC7
:10A30000AA60019A9642ACBF00220122B145D8BF93
:10A3100042F00202AA810136ED89BBE7F0B550B3E5
:10A32000056AC48D6B88A34230D0631CC385438902
:10A33000BFF35B8F013B1C4005EBC4056B689EB20D
:10A3400009B1AD680D60D0F818C09BB20CEB0311D9
:10A3500000EBC3031D8F878C2F44013D87841D872D
:10A360008D896F070ED5858DCD8100218685586B2F
:10A37000596302B11480F0BD1D8FC989013D0CEBFA
:10A3800001111D878D89ED07F6D4ECE70020F2E777
:10A39000836903EB01139868704770B5BFF35B8F57
:10A3A0000D46C1691646038E4A8804469A4216D065
:10A3B0005A1C02864289013A134001EB43018A8804
:10A3C0002A8093B282691B01D158806AFFF7F6FE9A
:10A3D0002A88A36903EB02139B68336070BD0020D9
:10A3E000FCE710B5026893691269920017D543B96A
:10A3F000C38DC26941694489013B1B1B02EB4102C9
:10A40000938003689B69012B08D1038E026A41691E
:10A410004089013B1B1A02EBC102938010BD23B996
:10A42000C269138843F00103138003689B69012B01
:10A4300001BF026A138843F001031380EEE710B5F1
:10A44000BFF35B8F036804461A699B6912F0005FD3
:10A450001AD07BB9C369026A5B884169013B02EB90
:10A46000C10292889B1AE28C9BB29A4214D80023B4
:10A47000E38410BD012BFAD1036AC2695B8841698C
:10A48000013B02EB4102ECE763B9036A1B88DB4343
:10A4900003F00103002BEAD02369002BE7D020460C
:10A4A0009847E4E7012BE2D1C369EFE7C369028E65
:10A4B000598891420AD0418901390A4003EB42038D
:10A4C0009A88836903EB02139868704700207047ED
:10A4D000BFF35B8FC36803B1184770474FF0FF327B
:10A4E0004FF0FF33F5F78EBA70B50446056A05F1F3
:10A4F00058063046FFF7F2FF636AA3F580637F2BAF
:10A500000BD801225909483503F01F039A4055F82A
:10A51000213023EA020345F82130D4E90D124A60C4
:10A52000616B04F134031160C4E90D33002323622D
:10A530003046BDE87040F5F73FBA30B58DB0456A9A
:10A5400004460B912022014602A80A9501F092F8D8
:10A55000282301222946CDE900322046352202ABCC
:10A56000F4F72CFA00EAE0700DB030BD28B1006AB3
:10A5700018B111B1C36F03B11847704730B1006A09
:10A5800020B119B1D0F8803003B11847704730B10D
:10A59000006A20B119B1D0F8843003B11847002007
:10A5A00070472DE9F84306468846174699460468E1
:10A5B000A64201D1002520E07A1CA4F1340502D086
:10A5C0006B6ABB4219D0B8F1000F22D0202241465D
:10A5D000284601F03DF8E0B9B9F1FF3F02D0AB6A7F
:10A5E0004B450AD07B1C0BD02468B442E2D054F80F
:10A5F000103CA4F134059F42E8D12846BDE8F88319
:10A60000AB6A0133F9D02468B442D3D0A4F1340545
:10A61000D9E72468CCE710B5044690B1036A83B14A
:10A6200002784AB193F8903033B1436AB3F5806F42
:10A6300002D30121FFF781FF2046BDE81040FFF75C
:10A6400053BF10BD51F8083C43F0004341F8083CAB
:10A6500070477047F5F7B0B94FF0FF324FF0FF3356
:10A66000F5F7D0B9F8B50C46054651F8086C00F17D
:10A6700058073846B6B2FFF7EFFF24F8086CD5F854
:10A68000B820A4F1100344F80C2C05F1B40244F8EE
:10A69000102CC5F8B83054F80C2C38461360FFF76E
:10A6A000D9FF0020F8BD2DE9F041056A282A0F46A0
:10A6B000D5F8AC0088B026D101688468791AA14227
:10A6C00028BF4FF0FF3120236A46FFF7B1FC05F1A8
:10A6D0005806D7F820803046FFF7BEFF43464FF0BC
:10A6E000FF3269462846FFF75CFF7B6A0446DB07BA
:10A6F00019D560B93046FFF7ADFF6B6F1BB142460D
:10A70000694628469847002008B0BDE8F0814FF020
:10A71000FF3383623046FFF79DFF236B002BECD0A5
:10A7200020469847E9E720B93046FFF793FF2B6FA3
:10A73000E4E7C0F828803046FFF78CFFE3E730B449
:10A74000D0F8A0501346AD6925B930BCD0F8A400AC
:10A75000FFF7E4BD012D06D130BC0A46D0F8A400B5
:10A760001946FFF71ABE002030BC70477FB50C4673
:10A770001946D0F8A0309D695DB90094CDE9024238
:10A7800001232A46D0F8A40002A9FFF76BFD04B00C
:10A7900070BD012DFBD1D0F8A40004B0BDE870401D
:10A7A000F4F7F0B82DE9FF4103685F6A07F1580636
:10A7B0003046FFF751FF38460DF10A0203A9FFF7B3
:10A7C000BEFF04463046FFF745FF002C41D0BDF8E0
:10A7D0000A303046A360FFF73FFF4FF0FF33002100
:10A7E00038466268FFF7DDFE05463046FFF732FF68
:10A7F0007DB1AB6AE96B013308BF2368284608BF07
:10A80000AB622368A2890091D5F82C8004F1100175
:10A81000C0473046FFF720FFA368002B06DB214628
:10A820003846BDF80A30039AFFF7A0FF38460DF10D
:10A830000A0203A9FFF783FF044618B13046FFF769
:10A8400009FFC4E7D7F8A400FFF7F9FD3046FFF78A
:10A8500001FF04B0BDE8F081F8B5044651F8086C7A
:10A8600000F158073846B6B20D46FFF7F5FE3146FF
:10A87000D4F8A400FFF78CFD33460246A5F1100181
:10A880002046FFF773FFD4F8A400FFF7D8FD384641
:10A89000BDE8F840FFF7DEBE2DE9F043A3F1100656
:10A8A00053F8085C002389B00693ADF81E300446C7
:10A8B0001023CDE90412DDF84090D0F8AC00ADF8DB
:10A8C0001C9001688768711A0DEB0302B94228BF1A
:10A8D0004FF0FF3104F15808FFF7E3FB4046FFF764
:10A8E000BBFED4F8A030ADB29B69CBB9D4F89420AC
:10A8F000D4F8A030D4F8A8009B69C3B9CDE90262AE
:10A900000096012202A9FFF7ADFCD4F8A800FFF7DA
:10A9100096FD4046FFF79EFE484609B0BDE8F0832D
:10A920002946D4F8A800FFF733FD0246E0E7012BE3
:10A93000EBD12946F4F726F8E7E710B548B149B15D
:10A9400043688B4206D382680468D21A5B1A43605C
:10A95000A01810BD0020FCE72DE9F3470546D0F80C
:10A96000A0000E46036A17461B689847430703D4A6
:10A97000002002B0BDE8F08743F69823002F18BFEF
:10A980001F4605F1580805F1B40A4046FFF764FE7A
:10A99000D5F8B440D5F8A0305445D3F8189025D058
:10A9A00024B3D4E90023536022681A60C4E9004448
:10A9B000B9F1000F0ED1D5F8943033604046FFF75F
:10A9C00049FEBDF8063004F11000A3603368103B67
:10A9D0003360CEE7B9F1010FF0D12189D5F8A80095
:10A9E000ADF80610FFF7D4FC3060E7E7B9F1000FCF
:10A9F0002AD13146D5F8A8000DF10602FFF78EFCEA
:10AA000004460028DAD1D5F8A8309B8C53B94046CB
:10AA1000FFF720FE002FABD021200021F5F75AFCD4
:10AA2000013FB2E7D5F89410D5F8B000FFF785FFE5
:10AA30000446D5F89430ADF8069033604046FFF7F1
:10AA400009FE002CE6D0BCE7B9F1010FDFD1324698
:10AA5000D5F8A8000DF10601FFF79FFC0446EDE7CD
:10AA600020B119B112B1C0E901220160704710B5DF
:10AA7000044618B910BD3438FFF7CDFD2068844274
:10AA8000F9D10023C4E92933F4E70369C26893428A
:10AA90009CBF81685B18013B981A70472DE9F84309
:10AAA0000446D0E902806768A8EB0006964200EBF6
:10AAB00002058946384404D900F0EDFCE560BDE8A4
:10AAC000F8833246A5EB080500F0E5FC2A466068ED
:10AAD00009EB0601F0E72DE9F843064689461746DB
:10AAE0004FF00008C5683369B4689D4228BF1B1940
:10AAF000641BBC4228BF3C46013B5B1B9C4228BFF9
:10AB00001C46706849462844224600F0C4FCB368DD
:10AB10002544AB4208BF00253F1BA044A144F5607B
:10AB2000E1D14046BDE8F883F4F7A6B908B5FFF7D0
:10AB3000FBFF002008BD08B5F4F75CFA002008BD53
:10AB4000704740B1C368587810F001001EBF1878F4
:10AB5000B0FA80F0400970477FB50BAB05930393C3
:10AB60000A9B0122029300231846CDE90033E8F73F
:10AB70006FFA07B05DF804FB00F0C7BC00F08BBCB7
:10AB800010B400F10C04C0E903445DF8044BFBF77A
:10AB900048BF2DE9F04F85B0DDE90EA40746884691
:10ABA00050462146914600F091FBB4F1FF3F08BFAB
:10ABB000BAF1FF3F05460E4604BF4FF0FF356FF078
:10ABC000004607F1140A4FF02003EFF3118483F3DA
:10ABD0001288BFF36F8F07F10C0B4A464146384687
:10ABE000FBF7ACFE0390F5F761FD039B3BB184F3EB
:10ABF0001188BFF36F8F184605B0BDE8F08F281A93
:10AC000066EB0101012871F10002F0DBCDE90001E2
:10AC10005A4621465046F5F7DDF94FF02003EFF391
:10AC2000118483F31288BFF36F8FD6E738B50446DB
:10AC30004FF02003EFF3118583F31288BFF36F8F7A
:10AC4000FBF733FE04F10C0000F0DDFA30B12946C9
:10AC500004F11400BDE83840F5F720BA85F31188F7
:10AC6000BFF36F8F38BDD0E90432134313F00303F1
:10AC70000CD18361C168994201D800207047816975
:10AC800001331160016982610A44F3E76FF0150036
:10AC9000704710B5C0E9033200234161C3610372FC
:10ACA0000446FFF7E0FF0028A8BFC4E9004410BD38
:10ACB000F8B504460D464FF02003EFF3118683F3F9
:10ACC0001288BFF36F8F876977B900F052FA58B1D5
:10ACD0002A68C767426100F0EDF9314604F10800C7
:10ACE000BDE8F840F5F7DAB92B68A2691A602B685D
:10ACF000A361E369013BE36186F31188BFF36F8FC2
:10AD0000F8BDEFF30580003818BF012070476FF0E1
:10AD10005700704700207047F5F7D2B908B5E8F73B
:10AD20002BFCBDE80840FEF790BC90F90E308B423A
:10AD300001D0F5F76DB90020704703460020C3E944
:10AD40000033C3E9020070472DE9F84399460446F1
:10AD50000D4690469DF8203000F108074FF0200284
:10AD6000EFF3118682F31288BFF36F8F03B145684A
:10AD700004F10C0000F0FDF958B10023C0F8148074
:10AD8000C36700F097F938463146F5F787F9002098
:10AD90000CE0B9F1000F1BD00821F5F777FD38B9A9
:10ADA00086F31188BFF36F8F6FF00B00BDE8F88357
:10ADB0000122C0F804800260016801F003015DB95E
:10ADC00022680A430260626820606AB960600BE032
:10ADD0004046C8F80090EFE72A68032A10D80160BF
:10ADE000616839B9C4E90000042104F1140000F0DD
:10ADF00006FBC8E70A6802F0030202430A60E5E7BF
:10AE000022F003020A4302602A6802F0030240EAC9
:10AE100002032B60E8E710B5044630B102689307DF
:10AE200003D0446809B100F00BFB204610BD00239D
:10AE3000C0E90033037200F10C03C0E9033300F1F1
:10AE40001403C0E905337047012307B500930023BD
:10AE50000A461946FFF778FF03B05DF804FB0023AC
:10AE600007B50A4600931946FFF76EFF03B05DF879
:10AE700004FB5AB18A4209D300F11003C0E902125F
:10AE8000C0E90000C0E90433002070476FF01500EE
:10AE90007047012302688B4022EA0303036022FA11
:10AEA00001F000F00100704710B5032104460C309A
:10AEB000FFF7EFFF30B104F1100000F0D7F9B0FA5E
:10AEC00080F0400910BD20B10022D030114600F0C2
:10AED000AAB9704770B5C3680446C3F340069B0720
:10AEE00016D4856802210C30FFF7D3FF80B1D5F866
:10AEF000C8206AB194421DD122689EB9D5F8CC30E1
:10AF0000C5F8C8209C4201D1C5F8CC20002323609D
:10AF1000E36813F00F001EBF43F00203E36040F04C
:10AF2000020070BD3260D5F8CC20944208BFC5F84D
:10AF3000CC60EBE716461268DBE773B504464FF0CA
:10AF40002003EFF3118583F31288BFF36F8F002383
:10AF5000A0F11006032104380193FFF79AFF28B1EE
:10AF6000A369304601A90193F4F796FD85F3118892
:10AF7000BFF36F8F02B070BD38B504460D46102286
:10AF8000002100F0C2FA656038BD4FF02002EFF3F7
:10AF9000118382F31288BFF36F8FC06800F00F0037
:10AFA00083F31188BFF36F8F704713B50190084684
:10AFB0004FF02003EFF3118483F31288BFF36F8FF8
:10AFC00001A9F4F769FD84F31188BFF36F8F02B014
:10AFD00010BD10B5FFF7E9FF041E09DD4FF0200397
:10AFE000EFF3118083F31288BFF36F8F00F0F5F851
:10AFF000204610BD08B5E822002100F086FA08BD01
:10B0000038B530220D460021044600F07EFA4FF498
:10B0100080736560E36038BD38B504464FF02003A7
:10B02000EFF3118583F31288BFF36F8FFFF73CFFB7
:10B030002046FFF74FFF85F31188BFF36F8F38BDB0
:10B04000D0E9003213605A600023C0E90033704732
:10B0500008B5FFF7F5FF437B23F00203437300239A
:10B06000836008BD38B504460D46F4F753FF637B93
:10B0700043F002036373E5B1A5602B689D4209D1DB
:10B080006B68C4E900531C606C6012E06A6893420C
:10B09000F6D01B68002BF3D094F90E2093F90E1014
:10B0A0008A42F3D09142F1DD5A68C4E9003214605B
:10B0B0005C6038BD10B54FF02003EFF3118483F3CB
:10B0C0001288BFF36F8FF4F7F1FE84F31188BFF39A
:10B0D0006F8F10BD08B54FF02002EFF3118182F39E
:10B0E0001288BFF36F8F83680BB1FFF7B1FF81F355
:10B0F0001188BFF36F8F08BD38B504464FF02003A9
:10B10000EFF3118583F31288BFF36F8F437B13F046
:10B11000280F0BD183680BB1FFF79AFF637B51B9FE
:10B1200003F0FB0320466373F4F7C0FE85F3118838
:10B13000BFF36F8F38BD03F0EB03F3E7012118383D
:10B14000FFF7DABF08B503464FF02002EFF3118195
:10B1500082F31288BFF36F8F0068834207D008B173
:10B16000FFF776FF81F31188BFF36F8F08BD0020D2
:10B17000F8E738B54FF02003EFF3118583F3128819
:10B18000BFF36F8F0468A0420DD034B12046FFF7A3
:10B190005FFF04F1180000F069F885F31188BFF330
:10B1A0006F8F204638BD0024F7E7014610B54FF0F9
:10B1B0002003EFF3118483F31288BFF36F8F83684A
:10B1C0000BB1FFF745FF84F31188BFF36F8FBDE824
:10B1D000104001F1180000F049B8034620B9EFF320
:10B1E00005820AB9EAF716B883F31188BFF36F8FA7
:10B1F00070474FF02003EFF3118083F31288BFF301
:10B200006F8FFFF7EABF38B5054600202C68A542CE
:10B2100000D004B938BD2046FFF7C7FF2046FFF72E
:10B2200049FF0120F2E738B54FF02003EFF3118515
:10B2300083F31288BFF36F8F0468A04212D09CB1D1
:10B24000E16762612046FFF703FF04F1180000F098
:10B250000DF82046F4F72AFE012085F31188BFF38C
:10B260006F8F38BD0020F8E72046F6E710B54FF0A5
:10B270002002EFF3118482F31288BFF36F8F03680B
:10B280003BB1F5F717F9002084F31188BFF36F8FF6
:10B2900010BD6FF01500F7E710B54FF02003EFF386
:10B2A000118483F31288BFF36F8FF5F7E3F884F30B
:10B2B0001188BFF36F8F10BD08B5F5F7F7F908BD1A
:10B2C000F5F7F4B908B1E7F75DB97047B1F1FF3FA1
:10B2D00008BFB0F1FF3F38B50C46054614D008430F
:10B2E00003D1BDE83840F5F7E1B96FF001004FF048
:10B2F000FF33401B63EB0101002904DAF5F7D6F9AF
:10B30000401941EB040138BD4FF0FF300146FAE728
:10B3100010B50446FFF7AAFFB0B9636A0BB1204627
:10B32000984704F11800FFF70DFF68B1FFF7C2FE60
:10B330004FF02003EFF3118083F31288BFF36F8F78
:10B34000BDE81040FFF749BF10BD2DE9F843846800
:10B3500005460E4644B16378012B2ED114F8533CB8
:10B3600013F002030AD123700020EB68A860C3F336
:10B370008632164366F39433EB603EE054E90E23C5
:10B38000B3F1FF3F08BF12F1020F32D0A4F1600801
:10B390004046FFF70AFF082E0CBF6FF0030300239F
:10B3A000E36114F8533CDB0609D154F8487C37B903
:10B3B0004046FFF77FFE2770D6E7022B01D000231F
:10B3C000D1E72378002BCFD054F8047C002FF2D0A3
:10B3D0004FF00008A4F1140904F11400FFF746FF30
:10B3E00049463846C4F82C80FFF7DFFD84F800801A
:10B3F000BAE700236FF00A002370BDE8F883034624
:10B400000068834208D0D0E9003213605A600023FC
:10B41000C0E90033FFF799BF70470432D3B5044643
:10B4200008D20026002741F00401CDE90067FFF7AC
:10B43000B0FB10B9002002B0D0BD40F8044BFAE7D1
:10B4400020B1011F50F8040CFFF7F0BB7047014614
:10B450000420F5F70DBA70477047C9B2034602449D
:10B4600010B59342184601D1002003E0047801335F
:10B470008C42F6D110BD0139024410B5904201D181
:10B48000002005E0037811F8014FA34201D0181BFA
:10B4900010BD0130F2E70A44431E914200D17047CB
:10B4A00010B511F8014B914203F8014FF9D110BDCD
:10B4B0009A4208B501D9EAF70BFD814204D88B18EE
:10B4C0009842F8D3814202D183189942F3D3BDE860
:10B4D0000840FFF7E0BF884210B501EB020402D933
:10B4E0008442234607D8431EA14208D011F8012BFD
:10B4F00003F8012FF8E7024401468A4200D110BD4B
:10B5000013F8014D02F8014DF7E702440346934258
:10B5100000D1704703F8011BF9E79368013B002B4A
:10B52000936010B408DA9469A34201DB0A2903D1BD
:10B530005DF8044BF5F7BEBD1368581C1060084653
:10B5400019705DF8044B7047F8B506460F4614466F
:10B55000D518AC4201D1002007E03A4614F8011B8F
:10B560003046FFF7DAFF431CF3D1F8BD2DE9F04771
:10B57000164698468A6807460B690C46DDF8209007
:10B580009342B8BF1346336091F843200AB10133A8
:10B5900033602368990642BF3368023333602568FD
:10B5A00015F0060506D104F1190AE36832689B1A02
:10B5B000AB422BDC94F843302268003B18BF0123D8
:10B5C000920630D404F1430241463846C847013060
:10B5D00023D023681A3454F80A2C03F00603042BF2
:10B5E0000ABF54F80E5C002533684FF0000608BF10
:10B5F000ED1A54F8123C08BF25EAE5759342C4BF22
:10B600009B1AED18B5421AD1002008E001235246DA
:10B6100041463846C847013003D14FF0FF30BDE8FE
:10B62000F0870135C1E7E1185A1C3020023322446B
:10B6300081F8430094F8451082F84310C2E70123D3
:10B64000224641463846C8470130E6D00136D9E7A0
:10B6500010B56AB10139841810F8012B11F8013FB7
:10B660009A4203D1A04201D0002AF5D1D01A10BDD0
:10B670001046FCE70139034610B532B111F8014F0D
:10B68000013A03F8014B002CF7D11A4400219342F0
:10B6900000D110BD03F8011BF9E70246014410B5C3
:10B6A0008A42134603D01C780132002CF8D1181AB4
:10B6B00010BD062008B5F5F703FF0120EAF7ECFB03
:10B6C000B1F90C202DE9F041170705460C4656D478
:10B6D0004B68002B02DC0B6C002B3DDDE66A002E74
:10B6E0003AD0002312F480522F68216A2B6025D0B3
:10B6F000626DA389580705D56368D21A636B0BB1D5
:10B70000236CD21A216A0023E66A2846B047411CFE
:10B7100024D00023636023692360A389DA0400D561
:10B720006065616B2F60B9B104F14403994202D0A6
:10B730002846F5F729F9002363630DE00123284625
:10B74000B047461C0246D4D12B68002BD1D01D2B0C
:10B7500001D0162B2AD12F6000202EE02A68B4F9E0
:10B760000C3042B11D2A01D0162A21D1002363607A
:10B7700023692360D5E7626022692260CEE70F6902
:10B78000002FE9D093070E680F600CBF4B690023B0
:10B79000A6EB07088B60B8F1000FDDDD43463A46A3
:10B7A000216A2846A66AB047002808DCB4F90C30A4
:10B7B00043F040034FF0FF30A381BDE8F081074420
:10B7C000A8EB0008E7E770B568234D1E0E465D4301
:10B7D00005F17401F5F722F9044640B1002105F1A5
:10B7E0006802C0E900160C30A060FFF78EFE20460C
:10B7F00070BD2DE9F8430646884600F1480400274D
:10B80000D4E90195B9F1010905D52468002CF7D1D7
:10B810003846BDE8F883AB89012B07D9B5F90E305E
:10B82000013303D029463046C04707436835E9E76E
:10B8300070B50C46B1F90E1096B0154600291E469B
:10B840000CDAA389002113F0800F14BF40234FF4BA
:10B850008063002031602B6016B070BD6A46F5F73A
:10B860006BFE0028EDDB019901F47041A1F5005356
:10B87000594259414FF48063EBE7F8B50746154646
:10B880000C4621B91146BDE8F840F5F7C7B822B912
:10B89000F5F77AF800242046F8BD00F080F8A842B9
:10B8A000F9D229463846F5F7B9F806460028F1D00E
:10B8B00021462A46FFF7EFFD214638463446F5F784
:10B8C00063F8E8E71F2938B505460C4604D9162366
:10B8D00003604FF0FF3038BD426C12B152F8213096
:10B8E0004BB9284600F016F8224601462846BDE826
:10B8F0003840F5F7EDBD012B0AD0591C03D11623B2
:10B9000003600120E7E70021204642F82410984711
:10B910000020E0E7FBF7A3BF10B50C46B1F90E100D
:10B92000F5F73EFE0028ABBF636DA3891B1823F417
:10B930008053ACBF6365A38110BD2DE9F0411F4664
:10B940008B8905460C46DB05164605D502230022E9
:10B95000B1F90E10F5F712FEA3893246B4F90E10B4
:10B96000284623F48053A3813B46BDE8F041F5F718
:10B97000C1BD10B50C46B1F90E10F5F7FFFD431C23
:10B98000A38915BF606523F4805343F48053A381DA
:10B9900018BFA38110BDB1F90E10F5F7BDBD51F868
:10B9A000043C181F002BBCBF0B58C0187047D0F8C0
:10B9B0003C2900F642139A4204D100F59B50103006
:10B9C000F6F70ABB7047FFF7F2BF2DE9F0410446D6
:10B9D000061D00F58055304602F040FD95F86031B7
:10B9E00010B1022B3AD00FE0012B4CD0022B35D0F6
:10B9F000002BF0D1204600F0D6F808B1FDF752FE3A
:10BA0000204600F0DAF848B1D4F83C1904F64210A8
:10BA1000091A89B2002940D1BDE8F08104F58A50A5
:10BA2000043003F0ECF80028EED1304602F05CFD63
:10BA3000012385F86031304602F06BFDF0B194F8D7
:10BA40009870304602F03BFE2FB194F8983013B94D
:10BA5000012385F86C33022385F8603104F58A50A0
:10BA6000043003F0D5F80028CED195F86C3385F872
:10BA70006001002BAFD085F86C03ACE7304602F0D4
:10BA800051FD85F8610104F58A5095F86111043083
:10BA9000F7F7AAFC0028CED0B6E7D4F83839BDE8CD
:10BAA000F041184708B5F5F79BFEBDE80840FFF7E1
:10BAB0008CBF00F64213C0F83C394FF40063A0F885
:10BAC000403900F59B501030F6F786BA08B5F5F707
:10BAD00087FE18B1BDE80840FFF7EBBF08BD38B5D9
:10BAE00004460D46F5F77CFE40B100F58A502A4623
:10BAF0002146BDE838400C30F7F7A4BC38BD38B556
:10BB000000F58054D4F8643100F58B550A355B1B81
:10BB10009BB251B91A46294600F090FC4FF40073CD
:10BB2000C4F86451A4F8683138BD2A46F5F796FD8B
:10BB3000F4E7FFF7E4BF02F086BD1C282ED8DFE84B
:10BB400000F00F3011132D1517192D2D2D2D1B1D44
:10BB50001F212D2D2D272D2D2D25232D2D292B007A
:10BB6000002070470E2070470B2070470C20704754
:10BB70000920704703207047022070470420704757
:10BB8000112070471220704713207047142070470F
:10BB900016207047172070471820704700F5804026
:10BBA00070470120704790F8C830042B1ABF90F8F6
:10BBB000980080F001000020704790F8C830012BF9
:10BBC00006BF90F8980080F0010000207047D0F880
:10BBD0001C390133C0F81C3970472DE9F8439946E8
:10BBE00090F814390D1E0446164608BF702513B18F
:10BBF0000D20BDE8F88300F1B80729463846F6F76E
:10BC0000B7F80028F4D194F8D22894F8D3389A429F
:10BC10000AD00B2200213846F6F732F804F1AC00C6
:10BC2000F6F7DAF90320E4E704F150082B46062280
:10BC30008021404602F0A2FF58B93146206D1FFA1C
:10BC400089F202F011FD20B9404602F07AFF002887
:10BC5000CFD00328CDD1DCE713460222F5F7D0BDC3
:10BC600038B511F0300F00F1500408BFC0F89C2027
:10BC7000154600230622204602F080FF48B92946D7
:10BC8000204602F0C7FE20B92046BDE8384002F049
:10BC900058BF38BD2DE9F74304460D4668461146A6
:10BCA00091461E46F5F764FFDDE900782FB918F0DC
:10BCB000010F02D1E6B932461BE004F150064B46B3
:10BCC00006222946304602F059FFC8B918F0010F84
:10BCD0004FEA680318BFE35804EB680018BFDF5948
:10BCE000B84768B9304603B0BDE8F04302F029BF59
:10BCF0000D222946204603B0BDE8F043FFF7B0BF50
:10BD000003B0BDE8F08370B50446002694F8D2581D
:10BD100094F8D338AB4201D100202DE005F50D7524
:10BD200004EB85021379D90616D404EB85052B792B
:10BD30006FF304132B7194F8D2380133DBB20F2B5D
:10BD400084F8D238E2D194F8D33884F8D2680E2B34
:10BD50001AD884F8D338D9E703F00F01526803F0FA
:10BD60006003402B41F08001C2F3D71205D1204679
:10BD7000FFF776FF0028D8D070BDB3FA83F32046D2
:10BD80005B09FFF787FFF5E70F3BDBB2DFE710B595
:10BD900090F89830044633B1D0F8CC308B4204BFD1
:10BDA000002380F898302046FFF7ADFFD8B994F80B
:10BDB000D01099B101230C222046FFF76BFF90B9F8
:10BDC00094F8C83084F8D000042B07D0201D02F06E
:10BDD00043FB0123C4F8CC0084F898302046BDE82A
:10BDE0001040F5F769BD10BDFFF7D1BFF8B500F100
:10BDF000500504462846069EBDF81C7002F0BEFEA3
:10BE000050B93A463146206D02F02EFC20B9284642
:10BE1000BDE8F84002F095BEF8BD2DE9F04F042BC7
:10BE200004460D46174687B009D0052B3BD00D229E
:10BE300029462046FFF710FF07B0BDE8F08F4FF00E
:10BE40000709114604A8F5F7ABFEDDE9048606F004
:10BE5000010BB8F1000F02D1BBF1000FE7D004F1E4
:10BE6000800A504602F066FD0DF10A0203A9504611
:10BE700002F041FD504602F064FD002304EB660031
:10BE800084F814397310BBF1000F02D0E35853F853
:10BE90000880C0470123064684F8143960B1FFF7D3
:10BEA0004CFE0246C4E7114604A8F5F785FEDDE91D
:10BEB00004864FF00809CAE7BDF80A304A460193E4
:10BEC000039B2946009320463B46FFF78FFF00283F
:10BED000B2D03246ACE708B50022FFF7BDFE08BD80
:10BEE000002330B5C3B004460D46803001A901934C
:10BEF00002F0E2FC40B1FFF720FE29460246204650
:10BF0000FFF7AEFE43B030BD4FF480730199206857
:10BF100002AA00F06AFF0028F4D150344FF46F53A6
:10BF200006222946204602F029FE0028EAD12046B2
:10BF300002A902F0AAFD0028E4D1204602F001FE89
:10BF4000E0E710B50446006800F05DFF0146206D93
:10BF5000BDE8104002F077BB10B50446006800F061
:10BF600075FF0146206DBDE81040FFF7E4BD0023DA
:10BF700037B5054601A98030019302F076FC0446EE
:10BF800088B99DF80410286800F062FF044650B993
:10BF9000286800F038FF30B195F812391BB12868D5
:10BFA00000F039FF0446204603B030BD10B504460A
:10BFB0000068F5F705FF410001F0FE01206DBDE8C6
:10BFC0001040FFF7B8BD002313B504460DF107017B
:10BFD00080308DF8073002F0C5FB58B99DF8073066
:10BFE00023B1013B012B07D9072003E0014620685C
:10BFF000F5F7ECFE02B010BD0121F8E710B50446DC
:10C0000054F8500B00F027FF01462046BDE81040D1
:10C0100002F0A4BC13B504460DF10601803002F015
:10C02000D0FB20B9BDF80610206800F016FF02B062
:10C0300010BD10B50446006800F012FF082201464A
:10C04000206DBDE8104002F00FBB13B50822044676
:10C0500001A9803002F020FC18B90199206800F095
:10C0600001FF02B010BD10B5044654F8500B00F0AB
:10C07000FCFE01462046BDE8104002F06FBC90F87F
:10C080001219006D02F0DFBA002337B505460DF135
:10C09000070180308DF8073002F074FB044670B958
:10C0A000286800F0B0FE30B19DF8073028684BB129
:10C0B00000F0B1FE04469DF8073085F8123920469D
:10C0C00003B030BDF5F78EFEF4E710B50446006806
:10C0D000EEF75AFE0146206DBDE81040FFF72BBD7C
:10C0E00010B504460068FDF7FAFA0146206DBDE878
:10C0F0001040FFF720BDF8B505460E460024012785
:10C1000007FA04F3334204D10134202CF8D1002083
:10C11000F8BD286DE1B2FFF70EFD0028F4D0F7E777
:10C12000F7B5002304460D46012700F180062B6079
:10C13000B4F88620B4F888309A4202D1002003B0C7
:10C14000F0BD30460DF1070102F00CFB0028F6D1DE
:10C150009DF807301F2B04D82A6807FA03F313430E
:10C16000E5E70720EBE7D0F8A010FFF7C4BF0023F6
:10C1700013B501A904460193FFF7D2FF10B9019B43
:10C18000C4F8A03002B010BDB0F8A410503002F0D6
:10C19000E5BB00F1A401803002F013BB10B50446EA
:10C1A000006800F030FE014628B194F918190131F9
:10C1B00018BF01214900206DBDE81040FFF7BBBC4E
:10C1C00013B5044601A9803002F04FFB28B90122C3
:10C1D000019904F1B800F5F787FD02B010BD13B561
:10C1E000044601A9803002F040FB28B902460199BB
:10C1F00004F1B800F5F778FD02B010BDD0F89C103E
:10C20000503002F007BC10B500F150040421204664
:10C2100002F000FC28B92046BDE81040032102F0DE
:10C22000F9BB10BD0321503002F0F4BB00215030A7
:10C2300002F0F0BB10B500F150040521204602F0D9
:10C24000E9FBF8B90C21204602F0E4FBD0B9182133
:10C25000204602F0DFFBA8B92221204602F0DAFBDB
:10C2600080B940F20121204602F0D4FB50B94021B0
:10C27000204602F0CFFB28B92046BDE810404121FE
:10C2800002F0C8BB10BD10B50446F5F795FD014698
:10C2900004F15000BDE8104002F0F7BB0121006D31
:10C2A000FFF749BC0021006DFFF745BC0421006D7C
:10C2B000FFF741BC0C20704713B50446694600687F
:10C2C00000F0D5FD08226946206D02F0CDF902B0DC
:10C2D00010BD0221503002F06FBC90F8C810006D04
:10C2E000FFF729BC712A10B51C460CD0B2F56F5F60
:10C2F00006D00C2A0AD1F5F7BBFB2070012010BD37
:10C30000FFF7EEFDF9E7F5F78FFCF6E70020F6E71B
:10C31000F0B5002785B004460D4602A81146164622
:10C320008DF80770F5F730FCDDE9023000F001020E
:10C3300073B96AB93246294620460DF10703FFF763
:10C34000D1FFF8B90D2229462046FFF785FC17E0FA
:10C35000411084F8147904EB60000AB16258D35894
:10C36000984701228DF8070084F8142918B1FFF7C7
:10C37000E4FB0246E7E7334629462046F5F740FA54
:10C380008DF807009DF8070005B0F0BD002373B5D8
:10C3900004460D46803001A91646019302F065FA65
:10C3A000024640B1FFF7C9FB294602462046FFF787
:10C3B00053FC024604E0032E15D004D8022E0CD004
:10C3C000104602B070BD331F012BF9D83346294601
:10C3D0002046019AFFF721FDEBE729462046019B05
:10C3E000F5F70EFAE5E729462046019AFFF790FF98
:10C3F000DFE737B504460D46803001A902F035FA73
:10C4000080B9019A012A0FD008D9931E032B10D9A5
:10C41000052229462046FFF71FFC03E02946204657
:10C42000FFF759FD03B030BD29462046F5F7ACFAB9
:10C43000F8E729462046FFF7A9FFF3E7012373B584
:10C44000002600F18005044680F8143928468DF84E
:10C45000076002F07CF90423284684F8C83084F889
:10C4600098600DF1070102F07DF990B99DF9073050
:10C470009DF80710B3420CDAD4F8203911F0300FD0
:10C4800003F10103C4F8203908D006222046FFF743
:10C49000E7FB002384F8143902B070BD2046FFF793
:10C4A000A8FF38B1FFF749FB9DF807100246204668
:10C4B000FFF7D2FB94F8D32894F8D2389A4202D0EE
:10C4C0002046FFF720FC9DF8073094F8D12803F0B0
:10C4D0000F0332B19A421EBFD4F824290132C4F8A6
:10C4E00024290F2B0CBF0123013384F8D138D0E766
:10C4F00010B504460068EEF71FFAC1B2206DBDE822
:10C500001040FFF718BB10B504460068FDF7E2F8CD
:10C51000C1B2206DBDE81040FFF70DBB13B5044656
:10C520000DF107010068FDF7D1F830B99DF807104B
:10C53000206DFFF700FB02B010BDFFF7FEFA0146C9
:10C5400004F1500002F038FBF5E7002313B5044670
:10C550000DF1070180308DF8073002F026F920B97F
:10C560009DF907102068FDF7B3F802B010BD13B5B0
:10C5700004460DF107010068EEF724FB30B99DF881
:10C580000710206DFFF7D7FA02B010BDFFF7D5FAFC
:10C59000014604F1500002F00FFBF5E7002313B54C
:10C5A00004460DF1070180308DF8073002F0FDF8E8
:10C5B00020B99DF907102068EEF70EFB02B010BD00
:10C5C00013B504460DF10701006801F060FB30B9B6
:10C5D0009DF80710206DFFF7AEFA02B010BDFFF70F
:10C5E000ACFA014604F1500002F0E6FAF5E7002348
:10C5F00013B504460DF1070180308DF8073002F0C5
:10C60000D4F820B99DF90710206801F042FB02B070
:10C6100010BD37B500F1800504460DF1060128462E
:10C6200002F0A0F860B928460DF1070102F0BDF84C
:10C6300030B99DF907209DF806102068EEF7F4FB4D
:10C6400003B030BD13B504460DF1060154F8500B8C
:10C6500001F023FB30B92046BDF8061002F07EF948
:10C6600002B010BDFFF769FA0146204602F0A4FAB5
:10C67000F6E713B504460DF10601803002F0A1F88B
:10C6800020B9BDF80610206801F005FB02B010BD0E
:10C690000021006D01F0D7BFFEE710B5044600F0A1
:10C6A000E8FBF5F7A3F80146206DBDE81040FFF761
:10C6B00042BA37B5002300220446CDE90023EDF746
:10C6C00077FC6946054604F1800002F0A8F860B9DD
:10C6D000DDE90032AB4272F1000108D35B1B62F16D
:10C6E0000002C4F83039C4F8342903B030BD072043
:10C6F000FBE700F51363D3E90023503002F058B98B
:10C7000010B504460068F6F797FD01462046BDE8DF
:10C710001040FFF7F0BC10B50446006801F0B3FA12
:10C7200001462046BDE81040FFF7E5BC002337B5C1
:10C730000C4680300DF1070115468DF8073002F0E8
:10C7400011F8D0B99DF80730DA0704D5BDB12278C9
:10C7500042F001022270990742BF227842F00202A1
:10C7600022705A0742BF227842F0040222701B074F
:10C7700003D5237843F00803237003B030BD0720AE
:10C78000FBE7F0B504460C260020013A90420DD399
:10C7900070430A180958994215BF0023D2E90101D4
:10C7A000C4E90033C4E900012046F0BD85186D08D6
:10C7B00006FB05F7CF599F422CBF2A46681CE5E7C8
:10C7C00001F041BF0921503002F024B9042150305A
:10C7D00002F020B9F8B5064617460C4600F15005A0
:10C7E00000296CD0002A71D18A882846096802F095
:10C7F0003CF9002861D194F91510306DC9B2FFF7EA
:10C80000DFFF002859D18021306DFFF7D9FF0028C4
:10C8100053D1002C5FD0E37D03F001019B074FEA69
:10C82000011101D541F02001284602F097F80028B7
:10C8300043D1284602F041F9014600283DD104B118
:10C84000A179306DFFF7BCFF0146B0BB04B1A17DFB
:10C85000306DFFF7B5FF80BB002C3ED0D4E902233A
:10C86000284602F0A5F840BB284602F045F920BB57
:10C87000284602F022F900BB3946284602F0CAF8E1
:10C88000D8B9284602F038F9B8B9284602F015F9A7
:10C89000014690B904B1217D306DFFF791FF60B979
:10C8A000F4B12169284602F068F830B9284602F050
:10C8B00023F9003818BF012000E00120F8BD284608
:10C8C00002F04CF80028F8D1214696E700212846CE
:10C8D00002F044F88DE72146A6E700220023BFE7D7
:10C8E0002146DFE7F8B500F1500704460D4616462D
:10C8F000712306228021384602F040F950B93246B1
:10C9000029462046FFF766FF20B93846BDE8F840C3
:10C9100002F017B9F8BD2DE9F3470D4690F8171945
:10C92000044616461F4600293BD041F080017AB3E9
:10C93000136893F800A0CAF3001A002395F81B901F
:10C9400004F150080622404684F8173909F001091D
:10C9500002F014F928BB3846FFF7EFF801464046CD
:10C9600002F058F8E8B95146206D01F06CFEC0B9EC
:10C970004946206D01F067FE98B95FB12B681B78BE
:10C980001B0711D4404602B0BDE8F04702F0D9B809
:10C990009246D2E73A4631462046FFF71BFF002871
:10C9A000ECD002B0BDE8F087B9F1000FEAD028461C
:10C9B0000DF1030100F063FE0028F2D1284601A921
:10C9C00000F037FE0028ECD19DF80310206DFFF732
:10C9D000F7FE0028E5D14046019901F0CEFF00287E
:10C9E000D0D0DEE7F8B5FF23054690F9187980F836
:10C9F0001839044655F8500B0E4600F00CFA39234E
:10CA000006228021284602F0B9F8F0B9206DF9B26B
:10CA1000FFF7D6FEC8B9206DF1B2FFF7D1FEA0B97D
:10CA2000284602F08EF880B980213023062228465D
:10CA300002F0A4F8014640B9206DFFF7C1FE20B90D
:10CA40002846BDE8F84002F07CB8F8BD10B50446B1
:10CA500054F8500B00F0E7F901462046BDE81040BD
:10CA600001F0D8BF90F81919006D01F0ECBD10B5B8
:10CA7000044654F8500B00F0E7F902460B462046F6
:10CA8000BDE8104001F094BF10B500F6191104463E
:10CA9000803001F077FE30B994F819192068BDE8AC
:10CAA0001040F5F7A9B910BD73B504460068F5F755
:10CAB000E7F90546B8B904F18006B4F88830B4F84F
:10CAC00086209B1A9BB2012B0DD930460DF1060131
:10CAD00001F077FE30B9BDF806102068F5F798F937
:10CAE0000028EAD00546284602B070BD73B504465A
:10CAF0000068F5F7D1F90546B0B904F18006B4F83D
:10CB00008830B4F886209B1A9BB2072B0CD90822D8
:10CB1000304601A901F0C0FE28B901992068F5F757
:10CB200081F90028EBD00546284602B070BD13B548
:10CB300004460DF10601803001F043FE20B9BDF836
:10CB400006102068F5F780F902B010BD13B5082271
:10CB5000044601A9803001F09FFE18B901992068B0
:10CB6000F5F77CF902B010BD13B504460DF10601CE
:10CB7000803001F026FE20B9BDF806102068F5F7D8
:10CB800047F902B010BD002313B50822044601A9DD
:10CB90008030019301F080FE18B901992068F5F703
:10CBA00041F902B010BD13B504460DF10601803005
:10CBB00001F007FE20B9BDF80610206800F028F942
:10CBC00002B010BD7FB500F180050C4628460DF17E
:10CBD0000A0203A901F09AFE064600286CD1BDF8AE
:10CBE0000A207F2A6BD82646A28056F8060B0399A6
:10CBF000FEF751FC3146284601F0B4FD06460028F8
:10CC00005AD1A3792146A376E37EC4E9040023F038
:10CC1000170343F00403E37640F60473284621F833
:10CC2000183F01F09FFD002846D1284604F1190164
:10CC300001F098FD00283FD128460DF1060101F0D2
:10CC4000A1FDC8BBE37E9DF80620284662F382035F
:10CC5000E37602A901F096FD70BBE37E9DF8082003
:10CC6000284662F30003E3760DF1070101F08AFD27
:10CC700010BBE37E9DF80720284662F34103E3766C
:10CC80000DF1090101F07EFDB0B9E37E9DF80920A8
:10CC9000284662F30413E37604F1100101F0A5FDC8
:10CCA00050B9284604F1140101F09FFD20B928462F
:10CCB00004F11A0101F056FD304604B070BD06269D
:10CCC000FAE730B500F1800487B0054602A9204696
:10CCD00001F048FD20B99DF80830082B02D007204C
:10CCE00007B030BD20460DF1090101F03BFD0028E1
:10CCF000F6D120460DF10A0203A901F007FE002833
:10CD0000EED1BDF80A30102BE9D120460DF10A0210
:10CD100004A901F0FBFD0028E2D1BDF80A30102B78
:10CD2000DDD120460DF10A0205A901F0EFFD002832
:10CD3000D6D1BDF80A30102BD1D1059B9DF8092022
:10CD40000193049B9DF8081000932868039B00F052
:10CD500070F8C5E7002337B500F18005044601A946
:10CD600028468DF8033001F040FDA0B9B4F88620C4
:10CD7000B4F888309A4207D19DF8033020680199B1
:10CD80005BB900F059F806E028460DF1030101F007
:10CD9000F9FC0028F0D003B030BD00F051F8FAE7FC
:10CDA000002337B500F1800504460DF10201284645
:10CDB0008DF8003001F005FD98B90822284601A938
:10CDC00001F06AFD68B9012269462046FFF7AEFC12
:10CDD00038B9019BBDF802209DF800102068EDF7DE
:10CDE000DDFF03B030BD20207047AC30F5F706BA48
:10CDF000F5F75EB80120704700F069B800F069B837
:10CE00001430F5F789BC8069003818BF01207047DD
:10CE1000143000F05BBA143000F062BA806B7047D7
:10CE2000143000F065BA243000F0D2BD143000F0A8
:10CE30006CBA143000F076BA0022143000F0ABBAAD
:10CE40000122143000F0A7BAEDF7CCBE007D704788
:10CE5000143000F02ABAC08A7047143000F018BAB3
:10CE60002A307047143000F027BA008D7047E9F778
:10CE700051B90520704710B50446FFF7BBFF20B13C
:10CE8000201DBDE8104000F0BCB810BD10B5044630
:10CE9000FFF7B0FF18B16068003818BF012010BD5F
:10CEA00038B500250446C0E90155C5601030F5F7D6
:10CEB0004DF8214604F1140000F0D7F9214604F1A1
:10CEC000AC0000F048F984F8AD50204638BDFCF7BE
:10CED000E3BB10B504461130F6F746F904F114002F
:10CEE000BDE8104000F0B4B90EB403B503AB53F87D
:10CEF000042B02210193F4F7EBFF02B05DF804EB81
:10CF000003B070470EB403B503AB53F8042B0421F0
:10CF10000193F4F7DDFF02B05DF804EB03B0704756
:10CF20000EB403B503AB53F8042B05210193F4F7BA
:10CF3000CFFF02B05DF804EB03B0704731B16FF082
:10CF40000043994208BF0121016070470121FBE7BE
:10CF500048F24E3301460268A2FB032313EB520052
:10CF600044BF20F00043581C0860704738B50546A0
:10CF70000C46F5F703F8611BB0FBF1F303FB11005E
:10CF8000284438BD002310B5421E98B2814203D90F
:10CF90000133D45C002CF8D110BD10B50024016021
:10CFA0008480C2800C7010BD70B504460E46E588C2
:10CFB000134682880068AA4234BFA91A002110448F
:10CFC0003246F9F75DF9A388E288184480B29042AE
:10CFD00028BF2368A08022BF9B18002203F8012CE1
:10CFE000204670BD0EB417B5044605AA52F8041BBE
:10CFF0000192FFF7D9FF204603B0BDE8104003B00F
:10D00000704770B500250468056074B1606884429B
:10D0100005D1656020462368BDE870401847436825
:10D020006360036845609847F0E770BD43684968EE
:10D03000981A8A1A92EA000F58BF581AC00F704700
:10D0400038B50C461146A2680346944206D00568DE
:10D05000AC420BD10260F4F7C9FFA46038BD944222
:10D060000DD011469268002AF9D1F6E72A46002130
:10D07000F9E78B68002BF0D09B688B60EDE7002907
:10D08000F7D1002DE9D0AA681A60E6E72DE9F0474C
:10D09000936805460C461646984732468146214617
:10D0A0002846FFF7CDFFD5F800A04FF000085746FF
:10D0B0002FB14A4639462046FFF7B8FF58B1B8F1BC
:10D0C000000F0BD1C4F808A02C6031462846BDE8FB
:10D0D000F047F4F78BBFB846BF68E9E7D8F80830E7
:10D0E000A360C8F80840BDE8F08770B5066804463C
:10D0F0000D467EB18B6898477368C01A002809DB1B
:10D1000020462A463146FFF79BFF30463368BDE88C
:10D110007040184729462046BDE87040F4F766BFC6
:10D120001144F4F78DBF38B50D460446ECF788FF7F
:10D130002A4601462046BDE83840FFF7F1BF08B552
:10D140000120EDF79FFE002008BD08B50020EDF797
:10D1500099FE002008BD7047FCF7C5BA13B5002240
:10D160000C4601A9F3F79CFF019B2060187800286A
:10D1700018BF062002B010BD012937B51D4608D0E2
:10D18000072420462946069AF4F77EFF204603B07E
:10D1900030BD106801A9FFF7E1FF04460028F0D177
:10D1A0000198A0F10B030F2BEAD8C0B2FCF799FA53
:10D1B000E7E7012937B51D4611D1106801A9FFF72E
:10D1C000CDFF044618B99DF90400FCF78BFA204600
:10D1D0002946069AF4F758FF204603B030BD0724CD
:10D1E000F5E713B50C4601A9FFF7B8FF30B9019B6D
:10D1F000012B8EBF062003F00103237002B010BD87
:10D2000070B5A2B00846164601A921221D46F6F7C0
:10D2100017F8044638B901A800F0DDFD2946307042
:10D2200001A800F0CDFD204622B070BD0C20704753
:10D230000C2070470C2070470C2070470C20704762
:10D240000C2070470C2070470C2070470C20704752
:10D250000023C0E9023343600B2303704FF6FF73D2
:10D26000103020F80E3C00F07ABB0B2310B5037091
:10D270004FF6FF73438000230446C0E90133C360C7
:10D280001030F5F793FB2046FFF7E2FF204610BD74
:10D2900038B5436804460D462BB11030F5F7C8FB8E
:10D2A0000020658038BD0D20FCE7436813B1017094
:10D2B000002070470D20704708B5436823B1103037
:10D2C000F5F7DCFB002008BD0D20FCE708B543683E
:10D2D00023B11030F5F7BEFB002008BD0D20FCE7A0
:10D2E00043681BB110F8101BF5F77ABC0D2070478E
:10D2F00038B5436804460D462BB1103000F04DFCA4
:10D3000000B9A56038BD0D20FCE738B51D4643685F
:10D3100004462BB11030F5F7B7FC00B9E56038BD15
:10D320000D20FCE72DE9F04304468FB00D4616466C
:10D330000021102202A806AF99460DF12808FEF739
:10D34000E4F8102200213846FEF7DFF81022002111
:10D350004046FEF7DAF86368DBB10022494602A8CE
:10D3600000F0EBFA00223846169900F0E6FA0022A7
:10D370004046179900F0E1FA04F1100032462946C0
:10D38000CDE9007802ABF5F7EFFC00200FB0BDE867
:10D39000F0830D20FAE708B5436823B11030F5F7A4
:10D3A000DBFD002008BD0D20FCE7036818887047EE
:10D3B00000F44052B2F5005F034620D148F240022B
:10D3C00020F44E5020F03F0090421ED00CD8B0F513
:10D3D000446F1AD005D8C8B1B0F5046018BF012059
:10D3E0007047B0F50040F9E703F44C43B3F5404F04
:10D3F0000BD04CF64043C01A18BF0120704710F400
:10D40000406F14BF0120002070470020704708B50E
:10D41000FFF7CBFFBDE80840FFF7CABF08B5FFF72D
:10D42000F6FF00280CBF0320052008BD38B50C46C8
:10D430000546FFF7F3FFFF2801461BD02846FFF7FC
:10D44000B4FF00F44060B0F5006F06D0B0F5406F57
:10D4500008D000230020237238BD2B685B5A23803C
:10D460000123F7E72B6801221944204600F04AFA0D
:10D470000223EFE70620EFE7B0F5804F0ED300F46C
:10D480004053B3F5005F04D080F04000C0F380103B
:10D49000704700F44C43B3F54C4FF5D10020704772
:10D4A00008B5FFF782FF0146FFF782FF01F44063F2
:10D4B000002814BF05220322B3F5006F0AD0B3F58C
:10D4C000406F0AD00846FFF7D7FF08B10232D2B248
:10D4D000104608BD0232D2B2F4E70832FBE738B595
:10D4E00005460C46FFF7DCFF01462846FFF75DFFC7
:10D4F000FF2908D000F44043B3F5004F05D0B3F541
:10D50000404F09D02BB1062005E02B685B5A2380E1
:10D5100001230020237238BD2B68012219442046C4
:10D5200000F0F0F90223F4E7102805D0A0F1180369
:10D5300058425841C000704704207047012300F052
:10D540000700834013F0220F09D113F0880F08D190
:10D5500013F0440F14BF01200020C00070470420C6
:10D5600070471020704708B50146FFF721FF01F40E
:10D570004063002814BF05220322B3F5006F06D0D4
:10D58000B3F5406F17D023B1FF22104608BD023219
:10D59000D2B20846FFF770FF08B10232D2B201F4EE
:10D5A0004041B1F5004F08D0B1F5404F08D00029F7
:10D5B00018BFFF22E9E70832EAE70232D2B2E4E715
:10D5C0000832FBE708B58388042B05D9FFF7EDFE89
:10D5D000BDE80840FFF7C7BFFF2008BD8288022AC8
:10D5E00005D903681B781B0701D5FFF7EBBFFF20A8
:10D5F000704738B505460C46FFF7F0FFFF2817BF08
:10D600002B6806201B5C00201CBF03F0070323705F
:10D6100038BD38B505460C46FFF7E0FFFF2817BFB9
:10D620002B6806201B5C00201CBF03F0180323702E
:10D6300038BD38B505460C46FFF7D0FFFF281FBFA1
:10D64000431C2A68DBB2D3581ABF0020236006208F
:10D6500038BD38B50C460546FFF7C0FF2A68431CA5
:10D66000D9B2545452FA83F3220A5A70220C240E6F
:10D670009A70DC70EB7E43F00103EB7638BD70B539
:10D6800006460D46FFF7AAFFFF2804460BD0326876
:10D69000105C224400F01800FFF746FF024400200F
:10D6A00053792B7070BD0620FCE770B506460D4619
:10D6B000FFF794FF32680446105C224400F0180023
:10D6C000FFF732FF0244557170BD10B50446FFF7F5
:10D6D00085FFFF2806D02368185CFFF72FFF023074
:10D6E000C0B210BD0220FCE710B50446FFF76AFF88
:10D6F000FF28014610D023681A7812070CD5A48899
:10D70000A0420BDA185CF5F7A1F8FF2808D0014415
:10D71000C9B28C42B8BFFF21084610BDFF21FBE70C
:10D720000146F9E7F8B50646FFF7DEFFFF28044695
:10D730002DD03046FFF739FE830505461CD530460F
:10D74000FFF7C3FF3768B188A21C93B210FA82F2C8
:10D750008A4207EB04061CDC3A5D02F07F021344A8
:10D760009CB210FA83F3994213DB3288C2F3C712DA
:10D770007F2A01D09942E7DC05F44053B3F5005FFE
:10D7800005D005F00705032D01D10134A4B2E0B2A4
:10D79000F8BDFF24FBE738B504460D46FFF7C2FF8E
:10D7A000FF2802460FD02046FFF7FFFD00F440504F
:10D7B000B0F5005F4FF00000216818BF02F1FF32A2
:10D7C0008B5C2B7038BD0620FCE710B50446FFF7D4
:10D7D000A9FFFF2816BF23680020C01810BD10B590
:10D7E0000446FFF7F2FF2368C01AC0B210BD70B53F
:10D7F00005468688FFF7F3FF04462846FFF765FFD6
:10D800000444301B80B270BD38B504460568FFF78C
:10D810005CFFA388181A284438BD2DE9F041002385
:10D820000446E2B008A803930D4600F079FC236893
:10D830001B781B0751D520460DF10B01FFF7D9FED0
:10D8400000284AD1204603A9FFF7F3FE0646002828
:10D8500043D10DF1100843469DF80B20284603994B
:10D8600000F04CFCA16808A800F0BFFA2046FFF7C2
:10D870002CFF05462046FFF7B2FF07462046FFF77C
:10D88000B6FF0D23023D02463946CDE9008308A8C4
:10D89000EBB200F0B6FA2046FFF7A1FF256802467A
:10D8A000294608A800F051FB2046FFF78EFF0546E9
:10D8B0002046FFF79CFF2A460346294608A8009603
:10D8C00000F07FFB2046FFF79FFF014608A800F00D
:10D8D000FCFBE37E43F01003E37608A800F030FC85
:10D8E00062B0BDE8F08138B504460D46112200F162
:10D8F0000801FFF752FB082229462046F4F74AFBAD
:10D90000204638BD10B40C4622B1012A07D05DF87C
:10D91000044B704708225DF8044BFDF7BCBD01F1D4
:10D920000802013812F8013DA24200F8013FF9D186
:10D93000EDE710220021FDF7E8BD0B46024630B5A9
:10D9400001F11005144618685968083303C4AB4246
:10D950002246F7D130BD102308608B80704738B560
:10D9600000254FF6FE73044629460822457045807F
:10D9700083800630FDF7C9FDE38904F1240003F03C
:10D98000FC0343F4FE4343F00103E38184F8595060
:10D990002561FFF7CEFF04F13400FFF7CAFF04F161
:10D9A0004400FFF7C6FF04F15C00656584F8585039
:10D9B000F4F750FBC4E91C55A4F86C50A4F8685067
:10D9C00084F86A5004F17C00BDE83840F4F742BBAB
:10D9D000007840F0ED0070470378DA0708D40B6850
:10D9E0001B789B0604D54FF47A515C30FFF79BBB44
:10D9F0007047007880F02000C0F340107047037833
:10DA000013F00C0F0CBF012000207047007880F04D
:10DA10000400C0F380007047007880F04000C0F33D
:10DA20008010704738B504460D460221F5F790F88E
:10DA3000294604F11800BDE83840F5F78FBB10B552
:10DA40000446F5F76DF87F2806D094F90F307F2B48
:10DA500001D0834200DAE073ECF7AAFA2369C01A16
:10DA6000002808DA216E04F15C004FF4FA32BDE8B8
:10DA70001040FFF755BB204694F90F10BDE8104049
:10DA8000FFF7D0BF38B590F85830044693420D46A2
:10DA900007D1183000F0CFF8636D9D4224BF0135E7
:10DAA000656538BD70B5C36905460C46164643B377
:10DAB00059B1F2B9026A3146204698472846FFF725
:10DAC00098FF68B1B5F868304BBBAB7B9B072CD493
:10DAD0003246214605F11800BDE87040F5F724BB39
:10DAE000E37D9B07EED52846227D2169FFF7CAFF1B
:10DAF0000FE0FFF77EFF0028E7D1E37D9807E4D52C
:10DB0000F1E7FFF776FF38B90029DED0E37D99070A
:10DB1000E9D4002ED6D0D8E70029FAD1D5E7E37DA5
:10DB20009A0744BFA3686B67CFE770BD37B504465B
:10DB3000406903681B781D072DD5C37ED9062AD4FA
:10DB40000DF10701FFF765FD28BB6069C37EDA07A9
:10DB500003D494F85810FFF7A8FD2046FFF749FFBB
:10DB6000C8B19DF80730082B15D1636904F1340260
:10DB70009A606069C37EDB0709D4656D2946FFF7AB
:10DB800068FD2946204694F85820FFF77BFF60691E
:10DB9000A11DFFF742FE03B030BD70B543780446C7
:10DBA000052B1AD0837BC3F340059B070CD5416935
:10DBB00000220B6818301B7813F0200318BF0E23C7
:10DBC000F5F7C6FA002070BDFFF7B0FF204665806C
:10DBD00084F85950F5F790F8F4E70D20F3E737B5DE
:10DBE00005460C46FFF705FF08BB0B681B781A07B4
:10DBF0001DD5CB7EDB071AD520460DF10201FFF7BC
:10DC000008FDA0B99DF80230082B10D1204601A9CB
:10DC1000FFF70FFD58B920460DF10301FFF72FFD67
:10DC200028B928469DF803200199FFF72BFF03B080
:10DC300030BD70477047704790F8AD3013B1123067
:10DC4000F5F7ACBB704790F8AD3013B11230F5F773
:10DC5000ABBB704710B490F8AD4024B15DF8044BF5
:10DC60001230F5F7A7BB5DF8044B704790F8AD3064
:10DC700013B11230F5F7A4BB70471230F5F7A6BB0D
:10DC80001230F5F7A9BB08B5F5F7D6FA08BD0C2098
:10DC900070470C2070470C2070470C207047A0F193
:10DCA0004103052B04D83738C0B2087000207047F4
:10DCB000A0F16103052B01D85738F5E73038C0B221
:10DCC0000928F2D9072070472DE9F7430646006876
:10DCD0000D461746984618B9072003B0BDE8F083F3
:10DCE000E2F742FF421C04465208B8F1000F07D089
:10DCF000B8F1010F3DD0002A3FD100202A80ECE787
:10DD00002B889342E8D104F00104002AF5D0002CBE
:10DD100039D1D6F800900DF1070199F80000FFF70E
:10DD2000BEFF0028D9D109F1010333609DF8073007
:10DD30001B01DBB23B70D6F800900DF1070199F89A
:10DD40000000FFF7ACFF0028C7D109F101033360E1
:10DD50003B789DF8071001340B43A24207F8013BC2
:10DD6000CBD0B8F1020FD4D12B88A342D1D124203B
:10DD7000B3E72B889342C6D2AEE72B88002BF6D0B0
:10DD800000F00104C3E700242346D3E713B50C4693
:10DD90006946F5F7A7FA40B9009B019AB3F5807F71
:10DDA00072F100022CBF0720237002B010BD07B52E
:10DDB0000123019001A8FFF787FF03B05DF804FB82
:10DDC000002310B5DCB250F82420013302B910BD95
:10DDD00041F82420F6E70023DAB250F822101A4660
:10DDE00001330029F8D1D0B270471FB50446084668
:10DDF00001A9FFF7B0FD204601A900F09DF904B08C
:10DE000010BD2DE9F84F044698460E4617461346B6
:10DE10000020DDF82890421C002B6BD19DF82CA02F
:10DE2000C0B2022838BF0220BAF10D0F28BF4FF050
:10DE30000D0ACAF10F039842B8BFD8B2C0F10F0360
:10DE40009A45C8BF5FFA83FA331E18BF0123A8F1B1
:10DE50000202013852109B01C5B243EAC2032B43B0
:10DE60005246494684F8203104F22110FDF713FB95
:10DE70003A460F2304F598719A453ED304F5907203
:10DE80001146204600F05AF9002E5CD0B6F57F4FBF
:10DE900094F8202194F82131C6F30720F1B232D250
:10DEA0004FF0020B42404B4084F8202184F821318E
:10DEB0005246494684F8305104F23110FDF7EBFA2E
:10DEC0000AF231100021CAF10F022044FDF71DFBB8
:10DED0000023C4E95537C4F85C31102384F864A1E9
:10DEE000C4F85061A4F860B1A4F8623184F8658187
:10DEF000BDE8F88F10461B0A8DE7013B01F8012DA4
:10DF0000DBB2120AB8E7D24383F0FE0384F8213172
:10DF100094F822314FF0060B83EA166384F822311D
:10DF200094F8233184F8202183EA164384F82331BE
:10DF300094F82431584094F8253184F8240159404C
:10DF400084F82511B4E7B346B2E72DE9F843044657
:10DF500015460E464FF000088F1800F59079B7422D
:10DF600016D1D4F854311D44D4F85031C4F854516A
:10DF70009D420BD1B4F860312BB104F5907211467B
:10DF8000204600F0DBF80023A4F86031BDE8F883F8
:10DF9000B4F86031102B06D14A464946204600F0BD
:10DFA000CDF8A4F86081B4F860315A1CA4F860215F
:10DFB000234416F8010B93F82021504083F82001E8
:10DFC000CDE72DE9F74F1F466FF4987A04460D46CA
:10DFD00091469DF8303001EB07080193AAEB000A47
:10DFE00000F5987BA8451ED1D4F85C311F44D4F8C5
:10DFF0005831C4F85C719F4264D3B4F860312BB1DE
:10E0000004F590721146204600F098F8002194F82B
:10E01000642102F231102044C2F10F0203B0BDE8C6
:10E02000F04FFDF772BAB4F86221102A16D104F548
:10E03000A070024694F864610AEB00018E4206DA91
:10E0400010F8011D0131C9B201700029F4D0594600
:10E05000204600F073F80022A4F86221B4F862218F
:10E06000019B511C89B222441BBB2E78A4F862117B
:10E0700092F84021724089F80020B4F86021102AFB
:10E0800008D104F590721146204600F057F800229E
:10E09000A4F86021B4F860210135511CA4F8601186
:10E0A000224492F8201109F101094E4082F82061C2
:10E0B00098E799F80060A4F8621192F84021564060
:10E0C0002E70DAE703B0BDE8F08F38B500F5A07226
:10E0D00004460D4600F5987100F030F8002304F274
:10E0E0001F1294F86511994200DC38BD12F8011F27
:10E0F00092F820004140E9540133F2E770B50D4633
:10E100001C461646014608221846FDF7C4F92B0E98
:10E1100023722B0C63722B0AA372E572267370BDF7
:10E1200000F1080310B503604FF48C73044683803C
:10E1300000F00CF8204610BD00F017B800F02FB822
:10E1400010B5044600F03FF8204610BD08B540B1B8
:10E150008388B3F58C7F06D3006800F08AFD002029
:10E1600008BD0720FCE70120FAE713B5044668461E
:10E1700000F038F87CB1A388B3F58C7F0DD3BDF8DF
:10E18000042000992068D200F8F706F8003818BF7C
:10E19000012002B010BD0720FBE70120F9E708B518
:10E1A000134660B18288B2F58C7F0AD30A460068B4
:10E1B000012100F069FD003818BF012008BD0720CB
:10E1C000FCE70120FAE708B540B18388B3F58C7FFE
:10E1D00006D3006800F052FD002008BD0720FCE7D0
:10E1E0000120FAE70A6802608A8882807047036823
:10E1F00010B55A1E114603628B4211D841620221AA
:10E20000017700210163A1F58031C0E90A33C0E93B
:10E210000D13934207D8C0E90F23C0E9113310BD95
:10E2200004892144E8E701890A44F2E70160028198
:10E230001144002208B5C0E90322C0E9052241606B
:10E24000FFF7D5FF08BDC0E903127047C0E905120A
:10E25000704710B50446084613B1012B07D010BD16
:10E26000636810449842FAD32289801AFAE7236837
:10E27000881A8342F3D922891044FAE723B1012B8B
:10E280000CD0002188B270478A4237BF4368511AC8
:10E290005B1A01683CBF521AD118F3E78A4289BF62
:10E2A0004368891A9B1A026884BF891AC918E9E76A
:10E2B00010B51446120A0A700122FFF7CAFF047053
:10E2C00010BD134610B50122FFF7C3FF0C78037889
:10E2D0002402E01880B210BD2DE9F041876A90F861
:10E2E0001C800E4643463946C26A0446FFF7C6FF05
:10E2F0000128054613D9424639462046FFF7E1FF7B
:10E30000023DC5F30D052E4340EA06024346204672
:10E3100092B2FFF7CDFFE36AA362BDE8F081E76246
:10E32000FBE72DE9F04790F81CA00446BAF1020F74
:10E330000E4617461D4625D0836AD1F804909945AC
:10E3400022D153464946C26AFFF798FF3668804695
:10E350005346324649462046FFF790FF2844404541
:10E3600012DC3D44AF4202D10020BDE8F08717F82F
:10E37000013B3146337001222046237FFFF769FFBE
:10E380000646EFE70D20F0E70720EEE72DE9F0471E
:10E39000057F0446022D0E461DD0836AD1F8048005
:10E3A000984518D1D0F82C902B464A464146FFF7A5
:10E3B00065FF366807462B46324641462046FFF742
:10E3C0005DFF874207D92B464A4631462046BDE8C5
:10E3D000F047FFF753BF0020BDE8F0872DE9F0417B
:10E3E00090F81C800446B8F1020F0D4616D0836ADF
:10E3F0004F689F4214D143463946C26AFFF73EFF39
:10E400002D68064643462A4639462046FFF736FF22
:10E41000864205D90020E562BDE8F0810D20FBE7CA
:10E420000720F9E738B5037F0446022B12D00021FC
:10E43000FFF752FF227FA06A04EB8203196A21636F
:10E440001862E56815B123462069A8470223002019
:10E45000237738BD0D20FCE7006B7047C26B436A21
:10E460009A4205D1836B006A1B1A58425841704783
:10E470000020704790F8353033B9C36B426A9B1A5D
:10E4800018BF012380F8343070472DE9F04104466D
:10E4900090F8345000EB8506376A616CB94221640C
:10E4A0001FD02A462046FFF70CFF030402D5B36BAA
:10E4B000994216D1C0F30D00821C2B462046FFF76F
:10E4C000C8FE2B468046606402222046FFF7C1FE4C
:10E4D0008045A064E1D00123002084F83530BDE8F8
:10E4E000F08103231720F8E708B50146FFF7B6FFD0
:10E4F00068B90846FFF7BEFF91F834300E3351F883
:10E500002330C1E91033BDE80840FFF7BEBF172034
:10E5100008BD90F8350003281ABFB0FA80F0400912
:10E520000120704738B590F835200446012A0ED1F5
:10E53000816C90F83430FFF78CFE636C0D78984254
:10E54000A06402D12046FFF7A0FF284638BD002571
:10E55000FBE7416AD0E90E2399420CD1017F0129E2
:10E5600009D0531E0268934202D34362C3637047CB
:10E5700001890B44F7E7016A914207D1027F2AB172
:10E5800042680133934202D2036283637047018978
:10E590005B1AF7E7037F022B06D0083350F82330CD
:10E5A000C0E90A3302230377FFF7D3BF70B5047FB6
:10E5B0000E4623460122C16A0546FFF74AFEB4FA19
:10E5C00084F35B09083355F82330834203D00E707F
:10E5D000E862002070BD2846FFF7DCFF0320F9E762
:10E5E00070B5D0E90A239A4205461AD1037F00216B
:10E5F000083350F82360B31A5E425E41FFF7D6FF3E
:10E60000F603044658B901462846FFF7CFFF0446F3
:10E6100028B9324628462B7FA96AFFF749FE2046D3
:10E6200070BD0024FBE738B5037F0446022B0D467E
:10E6300007D0FFF7D5FF18B9E36A2B60A36A6B60B8
:10E6400038BD0D20FCE738B5037F0446022B0D468C
:10E6500008D0FFF7C5FF30B929462046BDE838404D
:10E66000FFF7A4BF0D2038BDF8B5037F0746022B86
:10E670000D46164611D0FFF7B3FF044610B92E44DD
:10E68000B54201D12046F8BD384615F8011BFFF709
:10E690008DFF0028F4D00446F4E70D24F2E738B5E6
:10E6A0000D460446FFF776FF0DB1012D00D1257709
:10E6B000237F083354F82330C4E90A3338BD2DE9E9
:10E6C000F0410446FFF7CAFE90BB2046FFF7D2FE9A
:10E6D00094F8345004EB8507BE6BD7F820803146A0
:10E6E000884507D02A462046FFF7EBFD030410D5E6
:10E6F000B1420ED0B9632046FFF72BFF002384F808
:10E7000035304FF6FF736769E3865FB90020BDE8D7
:10E71000F081C0F30D00821C2B462046FFF799FDC7
:10E720000146DDE723462A463146A069B847EDE7B2
:10E730001720ECE70022C0E90022C0E9022270475E
:10E7400000228388C28003818272838170470029FE
:10E75000016014BF1146002110B58180FFF7F0FF62
:10E76000818110BD10B5C38802895C1C944297BF9B
:10E7700002680620D35C0B709FBFC3880133C3803F
:10E78000002010BD13B50C460DF10701FFF7EAFF9D
:10E7900028B99DF8073023B1012B04D1237002B0B2
:10E7A00010BD0346FAE70620F9E713B50C460DF154
:10E7B0000701FFF7D7FF10B99DF80730237002B0AB
:10E7C00010BD10B5C38802899C1C94420BD8026806
:10E7D000D4186478D35C43EA04230B80C3880233E3
:10E7E000C380002010BD0620FCE770B5C4880389F3
:10E7F000221D9A4211D805682A19937856782C5D03
:10E800001B04D27843EA0623234343EA02630B60E6
:10E81000C3880433C380002070BD0620FCE770B5B8
:10E82000C288038902F108049C421CD80568AC1810
:10E83000A3786678AA5C1B0443EA06231343E278B4
:10E84000657943EA0263227942EA0522A579E479EF
:10E8500042EA054242EA0462C1E90032C388083351
:10E86000C380002070BD0620FCE737B50446C3888E
:10E870000D4601890068C91A184401AAFAF76FFF0A
:10E880000028C9BFE3880620C018E080C2BF00206E
:10E89000019B2B6003B030BD30B5C4880389A51837
:10E8A0009D42D7BF036806201B190B60DFBFC388DA
:10E8B000D218C280002030BD38B5C28803890D4609
:10E8C000511C9942044601D9062038BD00689B1AA4
:10E8D00099B21044FEF756FBE28823899B1A9BB23B
:10E8E0009842F1D2236813442B60E3880133184423
:10E8F000E0800020E9E710B4C48803891B1B9BB2A9
:10E9000013805DF8044B1A46FFF7C6BFF7B50E46F5
:10E910000DF1060105461446FFF753FF40B9BDF857
:10E92000067031463A462846FFF7B6FF00B9278001
:10E9300003B0F0BDC38883810389C381837AC37226
:10E940007047838982889A4281BFC380C3890381CB
:10E95000C37A86BF837200200D20704738B5044605
:10E960000D460068C9B2FFF76EFE28B92068290A73
:10E97000BDE83840FFF767BE38BD38B504460D46E0
:10E980000068C9B2FFF75FFE88B92068C5F30721A8
:10E99000FFF759FE58B92068C5F30741FFF753FE4A
:10E9A00028B92068290EBDE83840FFF74CBE38BDB5
:10E9B00070B5D1B20446006816461D46FFF743FE07
:10E9C00038BB2068C6F30721FFF73DFE08BB20686F
:10E9D000C6F30741FFF737FED8B92068310EFFF7BD
:10E9E00032FEB0B92068E9B2FFF72DFE88B9206881
:10E9F000C5F30721FFF727FE58B92068C5F3074183
:10EA0000FFF721FE28B92068290EBDE87040FFF706
:10EA10001ABE70BD13B50A46044606216846FAF7C9
:10EA2000CAFE694682B22068FFF71EFE02B010BD22
:10EA300070B50D4611F00F0118BF002304460EBF3C
:10EA400080F82410012180F8243000681646FFF772
:10EA500026FE29462068FFF7F6FD28B931462046F4
:10EA6000BDE87040FFF7D6BF70BD70B50E461146C9
:10EA700005461446FFF772FF30B922463146286832
:10EA8000BDE87040FFF7F0BD70BD38B504460846DC
:10EA90000D46E2F769F84FF6FF73984228BF184613
:10EAA000294682B22068FFF7DFFD014620B92068C1
:10EAB000BDE83840FFF7C7BD38BD10B590F8241049
:10EAC0000446032916D800EBC10104310068FFF7A2
:10EAD000AAFD70B901462068FFF7B5FD48B90146A7
:10EAE0002068FFF7B0FD20B994F82430013384F892
:10EAF000243010BD0D20FCE773B590F824100446B7
:10EB000011B90D2002B070BD082504260139C9B223
:10EB100080F8241015FB016101440068FFF736FC02
:10EB20000128EED994F82430023815FB0361ADF8C2
:10EB30000400022320680DEB06022144FFF7F1FBDD
:10EB4000E0E710B5044694F8243023B92068BDE806
:10EB50001040FFF767BC2046FFF7CEFF0028F2D039
:10EB600010BD10B500F1280104460068FFF75BFDF9
:10EB700018B994F8243084F8253010BD38B504460F
:10EB80001D46FFF755FF48B92046FFF7EAFF28B9B1
:10EB900029462046BDE83840FFF73CBF38BD10B5D8
:10EBA00000F1280104460068FFF718FC18B994F832
:10EBB000253084F8243010BD38B504460D46FFF7E3
:10EBC000EEFF50B901462046FFF724FF28B9294639
:10EBD0002046BDE83840FFF71DBF38BD838843B1EC
:10EBE00003685A1C026019708388013B83800020EF
:10EBF000704703207047002201608280704708B58B
:10EC00004FF6FF737E2183800068FFF7E7FF08BDA2
:10EC1000F7B504466D460368A68893E8030085E8C7
:10EC20000300F14320468FB2C9B2F4F7DDFB03467F
:10EC300058B92046390AF4F7D7FB034628B97E2194
:10EC40002068FFF7CBFF034628B122680098A98807
:10EC500010609180A680184603B0F0BD30B5002545
:10EC6000C0E90112C0E90335057030BD00207047CE
:10EC700070474FF48C720021FCF747BC18B14FF479
:10EC80008C71F4F7B1BD704710B40C46012C1146DD
:10EC90001A4603D15DF8044BF7F79EBA5DF8044BB2
:10ECA000F7F7AABA034611F8012B03F8012B002A43
:10ECB000F9D1704730B514469BB005461A46002C72
:10ECC00005DA8B2303604FF0FF301BB030BD4FF4EB
:10ECD0000273009104916946ADF80C3014BF04F141
:10ECE000FF332346029305934FF6FF73ADF80E30C2
:10ECF0001E9BF7F7D3FA431CBCBF8B232B60002C61
:10ED0000E3D0009B00221A70DFE72DE9F0471F4691
:10ED10008E6882460C46BE4290460B682DD8B1F9EB
:10ED20000C2012F4906F26D06569096905EB450542
:10ED3000A3EB01097B1C05EBD5754B446D109D427F
:10ED400038BF1D46530527D52946F1F767FE06460D
:10ED500060B34A462169FCF79EFBA38923F49063C4
:10ED600043F08003A38126614E446561A5EB09054C
:10ED700026603E46A560BE4200D93E463246414628
:10ED80002068FCF7A8FBA36800209B1BA3602368F6
:10ED900033442360BDE8F0872A46FCF76EFD064643
:10EDA0000028E0D121695046F1F7EEFD0C234FF029
:10EDB000FF30CAF80030A38943F04003A381E9E79C
:10EDC000F81AFE7F01000000B524000000000000DA
:10EDD000A52800000000000095800000A8EE0100BA
:10EDE0002DAB01000000000089F5000000000000CC
:10EDF000ADF50000000000004183000000000000AD
:10EE000083960100000000007B900100C0EE01002D
:10EE1000E94C0000D8EE010071990000F0EE01000D
:10EE20005D9D00000000000069730100000000000B
:10EE3000754D00000000000029780100000000006E
:10EE40008796010000000000BD08010000000000DE
:10EE5000C770010008EF0100ED5E00000000000037
:10EE6000C574000000000000658B000020EF010069
:10EE70003994000038EF010037AB010000000000BA
:10EE80008D86000050EF0100A991000068EF01009D
:10EE9000E9250000000000002540000000000000FF
:10EEA000997A010000000000F4110200C0F5010091
:10EEB000F0F50100C80300204043002008F20100E3
:10EEC0002E120200000000000CF60100CA03002010
:10EED0000000000002F2010076090200B8070020DD
:10EEE000ACF40100C603002000000020FCF101008A
:10EEF000AA160200BCF60100F0F60100D4030020BF
:10EF00001C020020F6F1010024040200B4000020DD
:10EF1000F8F30100C4030020E0070020EEF1010037
:10EF2000471402000000000088F60100CE03002014
:10EF300000000000E8F10100721602001402002037
:10EF4000A8F60100D20300202C440020E0F10100CB
:10EF5000D71302001CF601006CF60100CC03002060
:10EF600074010020DAF101007B150200A4F6010013
:10EF7000D8010020D003002038100020D4F1010077
:10EF80000000000087770100000000008777010083
:10EF90000000000087770100000000008777010073
:10EFA0000000000087770100499E0100E99B0100F5
:10EFB0000000000087770100000000008777010053
:10EFC000F0EE010087950100000000008777010046
:10EFD0000000000087770100000000008777010033
:10EFE0000000000087770100000000008777010023
:10EFF0000000000087770100000000008777010013
:10F000000000000087770100000000008777010002
:10F0100000000000877701000000000087770100F2
:10F02000000000008777010000000000C91A0000FE
:10F0300000000000877701000000000087770100D2
:10F0400000000000877701000000000087770100C2
:10F0500000000000877701000000000087770100B2
:10F0600000000000877701000000000087770100A2
:10F070000000000087770100000000008777010092
:10F080000000000087770100000000008777010082
:10F090000000000087770100000000008777010072
:10F0A0000000000087770100000000008777010062
:10F0B0000000000087770100000000008777010052
:10F0C0000000000087770100000000008777010042
:10F0D000B1D00000E99B010035D80000E99B010098
:10F0E0000000000087770100000000008777010022
:10F0F0000000000087770100000000008777010012
:10F100000000000087770100000000008777010001
:10F1100000000000877701000000000087770100F1
:10F1200000000000877701000000000087770100E1
:10F13000A5E30000E99B01005DE60000E99B0100FA
:10F1400000000000877701000000000087770100C1
:10F1500000000000877701000000000087770100B1
:10F1600000000000877701000000000087770100A1
:10F170000000000087770100000000008777010091
:10F180000000000087770100000000008777010081
:10F190000000000087770100000000008777010071
:10F1A000000000008777010010180020C0CF002069
:10F1B0000004000005B20000000000000000000094
:10F1C00000000000F0FFFFFF000000000000000052
:10F1D000B418020000800080FF7F00800080FF7F65
:10F1E000008000800500FF7F00800080FF7F070017
:10F1F00000800080FF7F00800080FF7F0080008013
:10F20000FF7F00800080FF7F00800080FF7F000084
:10F21000000000000000000000000000FD1C0200D3
:10F2200000000000081D020000000000281D020070
:10F23000000000001703020003000000201202007B
:10F24000030000000403020003000000D5160200C2
:10F25000030000005E140200030000008C030200A3
:10F2600003000000861502000300000018040200DD
:10F27000030000003B040200030000003F04020002
:10F28000030000007D16020003000000400E020093
:10F2900003000000FC0E020003000000040F020047
:10F2A00003000000A90F020000000000250F02006B
:10F2B000000000008A0F020000000000B20F0200F0
:10F2C000000000002E0F020000000000C50F020029
:10F2D00000000000130F020000000000BD0F02003C
:10F2E000000000001518020004000000E1160200F2
:10F2F00003000000F61602000000000018170200CC
:10F3000000000000FB17020000000000EB170200E5
:10F3100003000000920F020000000000A20F020094
:10F3200000000000CE0F020000000000610F02008C
:10F3300000000000E30E020003000000EA1E0200CD
:10F3400003000000BB04020003000000E4130200FD
:10F35000030000000618020003000000570302002B
:10F3600003000000E018020003000000DF1A0200A2
:10F37000030000008303020003000000B416020033
:10F38000030000008309020003000000750702006B
:10F39000030000005406020003000000EB1102000D
:10F3A00003000000FF0702000300000080F40100DA
:10F3B000C02F0020AB04020001000000FFFFFFFF90
:10F3C00071E80000060000001A0F020001000000B2
:10F3D00000020000000200000000000000C2010066
:10F3E0000000080000000000000000000000000015
:10F3F0000338FDD8704700001D2900005971010035
:10F40000052B0000512B00003D7201005B6F0100D5
:10F41000CF6F0100636F0100956F01007F6F0100E6
:10F42000696F0100BF720100AF720100BB72010081
:10F43000AD720100000000000000000000000000AC
:10F44000000000009D720100C533000000000000B4
:10F450000000000000000000000000008B0402001B
:10F460009304020000000000000000000000000003
:10F470009B0402009F040200A3040200A7040200F0
:10F480008934000000000000753400005D34000085
:10F49000000000006934000000000000AD340000EE
:10F4A000C82F00204B7400200100000045770100A8
:10F4B0002949000000000000B9750100BD75010078
:10F4C000D1490000F17601002D480000337501009C
:10F4D0003D7501000D4800004B7501000000000063
:10F4E0005575010000000000000000005D7501007E
:10F4F0007B7501007F75010033760100877501007F
:10F500000000000057770100580100205001002042
:10F51000480100200000000040010020E54E0000EE
:10F52000B54D0000094E00007D4E00000000002097
:10F5300000000000060001000200000040F501008C
:10F5400000000000D40E020002000000E0FF0F00E7
:10F5500000000020DC0E020021000000E0FF062079
:10F56000515F0000000000009578010000000000DD
:10F5700000000000000000000000000060F5010035
:10F5800084F501008000000060FB002060F50100B0
:10F5900094F501008000000020050120000000001B
:10F5A000000000000000000000000001997300004E
:10F5B00000000000598000003180000000000000C1
:10F5C0006181000001820000FF110200199001001A
:10F5D0002B900100051202001390010025900100FC
:10F5E0000B1202000D9001001F9001001512020085
:10F5F000C58100008D8F0100F38F01000000000025
:10F60000FD8E0100000000000000000037900100A6
:10F610000000000004000000FF00000000000000E7
:10F6200000000000000004030000000000050001CD
:10F630000100000000008000C228170040F6010011
:10F6400000B002504CF601000100000054F6010029
:10F650000600000011061D000D061F000E0620000A
:10F660000F0621001006220012061E009D890000D0
:10F67000658800003D850000D9830000C983000033
:10F680000008000000100000198B0000318C000001
:10F690008D8B0000118B0000018B00000400000026
:10F6A000FF000000BF920100E9940000EF9201000A
:10F6B0000B9301000F930100B195000000800050F2
:10F6C0000200000000000000CCF6010000800050A5
:10F6D000D8F6010001000000E0F60100040000007F
:10F6E00014000000130002009601010095010300C0
:10F6F000B5930100799A000069930100F597000025
:10F700005993010017950100DD9301000B9401004E
:10F7100039940100439401007D9401008994010013
:10F72000439401006D94010095940100A39401009D
:10F73000B1940100E7940100EB9401000000000087
:10F7400000000000B9D80000FF9E01002B9F0100BF
:10F75000259F01001F9F0100199F0100139F0100B9
:10F760000D9F0100079F0100019F01001DDB0000AC
:10F7700081DB000071E100008B9F0100859F01008B
:10F780007F9F0100799F0100739F01006D9F010021
:10F79000679F010039DB0000D1D90000E5D80000E7
:10F7A0003DE3000015E00000471D02005A1D020065
:10F7B0006D1D0200801D0200931D0200A61D0200A7
:10F7C000B91D0200CC1D0200F5FFFFFF9B1E0200C9
:10F7D000A91E0200BD1E0200CC1E0200D81E02009F
:10F7E000C8ED0100C8ED010020EE010028EE010087
:10F7F000A8EE0100A8EE0100EC02002000000000CD
:10F8000000000000000000000000000000000000F8
:10F8100000000000000000000000000000000000E8
:10F8200000000000000000000000000000000000D8
:10F8300000000000000000000000000000000000C8
:10F8400000000000000000000000000000000000B8
:10F850000000000000000000000000000810000090
:10F86000DFC1010000000000041300002FCB0100E5
:10F8700000000000051300004DCB01000000000057
:10F8800008100000C1C101000000000004130000C6
:10F8900069CB0100000000000513000087CB0100C8
:10F8A0000000000007000000B5C2010000000000D9
:10F8B00020000000F51B01000000000021000000F6
:10F8C0006FBF010000000000240000004BC50100D4
:10F8D00000000000250000009DC5010000000000A0
:10F8E0002A000000EFC50100000000002B0000000E
:10F8F00013C60100000000002C00000073C60100C8
:10F900000000000030000000FD19010000000000B0
:10F91000310000006FC10100000000003200000053
:10F9200093C1010000000000340000004BC0010042
:10F930000000000035000000A7CB0100000000001F
:10F940003600000015C00100000000003700000074
:10F9500089C001000000000038000000C7BF01009E
:10F960000000000000080000C3CC010000000000FF
:10F970000108000055CD0100000000000308000050
:10F98000A1CD0100000000000313000089CA01009E
:10F990000000000004130000A9CA010000000000DC
:10F9A00005130000EDCA0100000000000340000044
:10F9B000B3C601000000000000000000FDC101000E
:10F9C000000000000100000007C20100000000006C
:10F9D0000200000087C201000000000003000000D8
:10F9E00025C2010000000000040000002DC201003B
:10F9F000000000000500000035C20100000000000A
:10FA0000060000009DC20100000000000700000089
:10FA1000ADC201000000000008000000B9C20100F2
:10FA20000000000009000000D3C201000000000037
:10FA30000C000000DBC20100000000000D0000000F
:10FA4000A5C20100000000002000000043BF01002B
:10FA5000000000002100000059BF0100000000006C
:10FA60002200000001C70100000000002300000088
:10FA7000011B010000000000240000001DC5010062
:10FA800000000000250000006FC50100000000001C
:10FA900026000000F1C40100000000002700000063
:10FAA00007C50100000000002900000017C7010081
:10FAB000000000002A000000C1C501000000000095
:10FAC0002C00000045C601000000000030000000CE
:10FAD0009DC10100000000003100000067C101006D
:10FAE000000000003200000089C101000000000099
:10FAF0003400000033C001000000000035000000A9
:10FB000067C001000000000036000000FDBF0100DA
:10FB100000000000370000007FC00100000000006E
:10FB200038000000ADBF010000000000B000000080
:10FB3000C5C7010000000000B1000000CDC70100F2
:10FB400000000000020800006FCA01000000000071
:10FB500004080000CBC00100000000000508000000
:10FB6000E1C00100000000000B1200004DCA0100BE
:10FB7000000000000313000065CA0100000000003F
:10FB80000040000091C6010000000000014000009C
:10FB90009BC60100000000000240000099C6010061
:10FBA0000000000003400000F3C601000000000058
:10FBB000000000007700000000000000700000005E
:10FBC00000000000010000006000000000000000D4
:10FBD00001000000610000000000000001000000C2
:10FBE000630000000000000001000000430000006E
:10FBF00000000000010000004800000000000000BC
:10FC000001000000470000000000000001000000AB
:10FC10000D1500000000000001000000520000006F
:10FC200000000000010000005A0000000000000079
:10FC3000010000005B000000000000000100000067
:10FC40004200000000000000010000004900000028
:10FC50000000000001000000000000000B00000098
:10FC600001000000000000000E0000000100000084
:10FC70000112000000000000010000000000000070
:10FC800068000000000000003000000000000000DC
:10FC900000000000660000000000000001000000FD
:10FCA00021000000000000000100000036000000FC
:10FCB00000000000010000004400000000000000FF
:10FCC00001000000450000000000000001000000ED
:10FCD0004600000000000000010000004B00000092
:10FCE00000000000010000002200000000000000F1
:10FCF00001000000000000006A0000000000000099
:10FD0000000000006900000000000000000000008A
:10FD10006C00000000000000000000006D0000000A
:10FD2000000000000D1900000000000001000000AC
:10FD3000CE200200D120020095A0000035A00000D6
:10FD400041A00000D59F000029A00000B19F000045
:10FD50003A16020079D1010000000000AB22020037
:10FD60008D24010000000000AE2202009D20010051
:10FD700000000000B3220200852201000000000004
:10FD8000B8220200B3D1010000000000BE22020030
:10FD90006125010000000000CC220200D1230100F7
:10FDA00000000000AA2102003FD101000000000075
:10FDB000B02102004BD1010000000000DC22020053
:10FDC000E524010000000000CC240200D52402003C
:10FDD000DB240200E32402000D250200EF240200D0
:10FDE000FA2402000A250200162502003825020026
:10FDF0003B25020042250200472502004E25020055
:10FE0000562502005B250200612502006D250200D7
:10FE100076250200832502008D250200932502002D
:10FE2000A2250200AF250200B5250200CA25020066
:10FE3000D3250200DA250200EA250200FA25020095
:10FE40001A2602000F2602002A260200332602008C
:10FE50003B2602004B2602006626020071260200A5
:10FE6000812602008C2602009E260200A5260200A2
:10FE7000B8260200C8260200D6260200E5260200A7
:10FE8000ED26020000000000FF8FFFFFFF8FFFFF45
:10FE9000FE8FFFFFFE8FFFFFFD8FFFFFFC8FFFFF39
:10FEA000FC8FFFFFFB8FFFFF6D757465785F6672D7
:10FEB00065652063616C6C65642077697468204EA9
:10FEC000554C4C20706172616D6574657200000064
:10FED00043616E277420696E697469616C697A6523
:10FEE000206D757465782C20776173204E554C4CCD
:10FEF0000D0A00004661696C20746F2061637175A2
:10FF0000697265206D757465780A00004661696CD8
:10FF100020746F20696E63726561736520504D2097
:10FF2000636F756E7465720A000000004661696C4B
:10FF300020746F20646563726561736520504D2085
:10FF4000636F756E7465720A000000004661696C2B
:10FF500020746F2072656C65617365206D757465C2
:10FF6000780A0000436F756C64206E6F74206C6FAC
:10FF7000636B20706F7765722073617665206D7595
:10FF8000746578004661696C20746F20756E6C6FC3
:10FF9000636B206D757465780A00000063747820C7
:10FFA00063616E6E6F74206265204E554C4C00008C
:10FFB0000A637478206973204E554C4C0A00000087
:10FFC00067E6096A85AE67BB72F36E3C3AF54FA5EA
:10FFD0007F520E518C68059BABD9831F19CDE05B16
:10FFE000D89E05C107D57C3617DD703039590EF71C
:10FFF000310BC0FF11155868A78FF964A44FFABEE2
:020000040002F8
:100000000123456789ABCDEFFEDCBA9876543210F8
:10001000F0E1D2C30000F0FFF0FFF0FFEAFF74FF51
:10002000F0FFF0FFF0FFF0FFEAFF3001340138018C
:100030003C014001440148014C01500108010C0100
:100040001001140118011C01200124012C010000E1
:10005000891112239B322446AD573665BF74488CF4
:10006000C19D5AAFD3BE6CCAE5DB7EE9F7F88110BB
:10007000080193331A22A5562C47B7753E64C99CD4
:10008000408DDBBF52AEEDDA64CBFFF976E802219A
:100090008B30100299132667AF763444BD554AADB4
:1000A000C3BC588ED19F6EEBE7FA7CC8F5D983317B
:1000B0000A2091121803A7772E66B5543C45CBBD94
:1000C00042ACD99E508FEFFB66EAFDD874C904425A
:1000D0008D5316619F702004A9153227BB364CCE74
:1000E000C5DF5EEDD7FC6888E1997AABF3BA85523B
:1000F0000C4397711E60A1142805B3373A26CDDE54
:1001000044CFDFFD56ECE9986089FBBB72AA066319
:100110008F7214409D512225AB343006B9174EEF33
:10012000C7FE5CCCD5DD6AA9E3B8788AF19B8773FA
:100130000E6295501C41A3352A24B1163807CFFF13
:1001400046EEDDDC54CDEBB962A8F99A708B0884D9
:1001500081951AA793B62CC2A5D33EE1B7F040080B
:10016000C919522BDB3A644EED5F766DFF7C8994A2
:1001700000859BB712A6ADD224C3BFF136E0C118EB
:100180004809D33B5A2AE55E6C4FF77D7E6C0AA581
:1001900083B4188691972EE3A7F23CC0B5D14229CB
:1001A000CB38500AD91B666FEF7E744CFD5D8BB562
:1001B00002A499961087AFF326E2BDD034C1C339AB
:1001C0004A28D11A580BE77F6E6EF55C7C4D0CC641
:1001D00085D71EE597F42880A1913AA3B3B2444A8B
:1001E000CD5B5669DF78600CE91D722FFB3E8DD622
:1001F00004C79FF516E4A9902081BBB332A2C55A6B
:100200004C4BD7795E68E11C680DF33F7A2E0EE700
:1002100087F61CC495D52AA1A3B03882B193466B4A
:10022000CF7A5448DD59622DEB3C700EF91F8FF7E1
:1002300006E69DD414C5ABB122A0B9923083C77B2A
:100240004E6AD5585C49E33D6A2CF11E780F0A0DC1
:100250000A0D3D3D3D3D3D3D3D3D3D3D3D3D3D3D31
:100260003D3D3D3D3D3D3D3D3D3D3D3D3D3D3D3DBE
:100270003D3D3D3D3D3D3D3D3D3D3D3D3D3D3D3DAE
:100280003D3D3D3D3D3D3D3D3D3D3D0A0D4F706594
:100290006E54687265616420436F70726F6365733A
:1002A000736F72206170706C69636174696F6E2026
:1002B0006973206E6F772072756E6E696E67206F3E
:1002C0006E204E43532E0A0D3D3D3D3D3D3D3D3D8F
:1002D0003D3D3D3D3D3D3D3D3D3D3D3D3D3D3D3D4E
:1002E0003D3D3D3D3D3D3D3D3D3D3D3D3D3D3D3D3E
:1002F0003D3D3D3D3D3D3D3D3D3D3D3D3D3D3D3D2E
:100300003D0A0D00636F70726F636573736F725F88
:1003100073616D706C650063627072696E74665FA4
:100320007061636B61676500286E696C29004661C6
:10033000696C656420746F207265626F6F743A2017
:100340007370696E6E696E6720656E646C65737339
:100350006C792E2E2E0A00736F63004661696C65FE
:10036000642073796E6368726F6E697A6564205277
:10037000544320736574757020286572723A202585
:1003800064290073796E635F7274630066735F6ED5
:10039000767300496E76616C696420696E7374616E
:1003A0006E636500496E76616C6964206261636B9F
:1003B000656E6420636F6E66696775726174696FDC
:1003C0006E00496E76616C696420696E7374616E4B
:1003D00063652C20656E64706F696E74206F722087
:1003E000636F6E66696775726174696F6E00496EDE
:1003F00076616C696420656E64706F696E74004527
:100400006E64706F696E74206E6F742072656769B8
:100410007374657265640A006970635F73657276F0
:100420006963650069706330007372616D302E73AB
:10043000686D0067656E65726963006C6F67006C5C
:100440006F675F6D676D74001B5B306D00257320F7
:10045000005B2530386C755D20005B253032753AC5
:10046000253032753A253032752E253033752C25DE
:100470003033755D20003C25733E200025732F002E
:100480002530327820007C002563001B5B313B3334
:10049000316D001B5B313B33336D00657272007749
:1004A000726E00696E6600646267006C6F675F62FF
:1004B00061636B656E645F72747400706D00456E8D
:1004C00064706F696E7420307825303278206973DB
:1004D00020696E76616C696400456E64706F696E48
:1004E000742030782530327820616C7265616479CF
:1004F0002064697361626C6564004661696C65645F
:1005000020746F2064697361626C6520656E64702D
:100510006F696E742030782530327800536574200E
:1005200068616C7420657020307825303278004323
:100530006C6561722068616C74206570203078256C
:1005400030327800456E64706F696E7420307825A3
:1005500030327820616C726561647920636F6E66F9
:10056000696775726564004661696C656420746FC3
:1005700020636F6E66696775726520656E64706F63
:10058000696E742030782530327800456E64706F63
:10059000696E742030782530327820616C72656124
:1005A000647920656E61626C6564004661696C65A2
:1005B0006420746F20656E61626C6520656E647086
:1005C0006F696E7420307825303278004661696C2E
:1005D000656420746F20777269746520656E64703D
:1005E0006F696E742062756666657220307825309A
:1005F0003278005265717565737420627566666540
:100600007220746F6F20736D616C6C004661696C51
:10061000656420746F20636F6E666967757265200C
:100620005553422064657669636520737461636B1A
:100630000055534220646576696365207375707058
:100640006F727420616C726561647920656E61629D
:100650006C6564007573625F64657669636500301C
:100660003132333435363738394142434445460018
:100670005468657265206973206E6F207573625FC0
:100680006366675F6461746120666F722025700025
:10069000556E696E697469616C697A6564207573F9
:1006A000625F6366675F6461746120706F696E7416
:1006B00065722C20636F7272757074656420646556
:1006C000766963652064657363726970746F723FE5
:1006D000004661696C656420746F2076616C6964A2
:1006E00061746520656E64706F696E747300746800
:1006F00065206E657720534E206465736372697060
:10070000746F7220646F65736E27742068617665FC
:10071000207468652073616D65206C656E67746810
:1007200020617320434F4E4649475F5553425F4413
:1007300045564943455F534E00496E636F6D706C7B
:1007400065746520646576696365206465736372AA
:100750006970746F72004661696C656420746F2003
:1007600066697875702055534220646573637269B9
:1007700070746F72007573625F6465736372697021
:10078000746F72005472616E736665722065727266
:100790006F722025642C20657020307825303278E7
:1007A0000052582064617461206C6F73742C206E49
:1007B0006F207472616E73666572004E6F20747282
:1007C000616E7366657220736C6F74206176616907
:1007D0006C61626C650041207472616E7366657253
:1007E00020697320616C7265616479206F6E676F38
:1007F000696E672C2065702030782530327800755E
:1008000073625F7472616E73666572005553422045
:10081000646576696365206E6F74207265616479C2
:100820002C2064726F7020646174610052696E677D
:10083000206275666665722066756C6C2C20647229
:1008400061696E20627566666572004661696C65F5
:100850006420746F20647261696E206275666665DB
:100860007200446576696365206E6F7420636F6EF5
:1008700066696775726564206F7220737573706541
:100880006E6465642C2064726F7020256420627928
:100890007465730052696E672062756666657220C2
:1008A00066756C6C2C2064726F7020257A642062EF
:1008B0007974657300446576696365206461746169
:1008C000206E6F7420666F756E6420666F7220658F
:1008D0006E64706F696E7420257500446576696377
:1008E000652064617461206E6F7420666F756E643C
:1008F00020666F7220696E7465726661636520257B
:1009000075004465766963652064617461206E6F6B
:100910007420666F756E6420666F72206366672050
:1009200025700044657669636520636F6E6669674C
:1009300075726564004465766963652064697363F4
:100940006F6E6E65637465640044657669636520E7
:1009500073757370656E646564004465766963657C
:1009600020726573756D65640066726F6D207375B6
:100970007370656E64006364635F61636D5F75616E
:100980007274007573625F6364635F61636D0075A9
:100990007362776F726B71006D757465785F696EE5
:1009A00069742063616C6C65642077697468204E9B
:1009B000554C4C20706172616D6574657200436FB7
:1009C000756C64206E6F7420616C6C6F636174650C
:1009D000206D75746578206265666F726520696E3A
:1009E000697469616C697A696E670072302F613170
:1009F0003A2020307825303878202072312F61322B
:100A00003A2020307825303878202072322F613318
:100A10003A20203078253038780072332F61343A0C
:100A20002020307825303878207231322F69703AA2
:100A30002020307825303878207231342F6C723A8B
:100A400020203078253038780020787073723A2072
:100A50002030782530387800735B2532645D3A2089
:100A6000203078253038782020735B2532645D3A59
:100A700020203078253038782020735B2532645D63
:100A80003A20203078253038782020735B25326476
:100A90005D3A2020307825303878006670736372B4
:100AA0003A2020307825303878004661756C7469BA
:100AB0006E6720696E737472756374696F6E2061FE
:100AC00064647265737320287231352F7063293A1C
:100AD00020307825303878002A2A2A2A2A204D50BA
:100AE00055204641554C54202A2A2A2A2A002020E3
:100AF000537461636B696E67206572726F72202830
:100B0000636F6E746578742061726561206D6967CA
:100B10006874206265206E6F742076616C69642948
:100B2000002020556E737461636B696E6720657277
:100B3000726F7200202044617461204163636573A9
:100B4000732056696F6C6174696F6E0020204D4D83
:100B500046415220416464726573733A20307825AF
:100B600078002020496E737472756374696F6E200B
:100B70004163636573732056696F6C6174696F6E4E
:100B8000002020466C6F6174696E672D706F696E0E
:100B900074206C617A792073746174652070726559
:100BA000736572766174696F6E206572726F720020
:100BB0002A2A2A2A2A20425553204641554C54209D
:100BC0002A2A2A2A2A002020537461636B696E67DF
:100BD000206572726F7200202050726563697365C0
:100BE000206461746120627573206572726F720097
:100BF00020204246415220416464726573733A205A
:100C000030782578002020496D70726563697365BE
:100C1000206461746120627573206572726F720066
:100C20002020496E737472756374696F6E206275EB
:100C300073206572726F72002A2A2A2A2A2055535D
:100C4000414745204641554C54202A2A2A2A2A0049
:100C500020204469766973696F6E206279207A6515
:100C6000726F002020556E616C69676E6564206D3F
:100C7000656D6F7279206163636573730020205323
:100C80007461636B206F766572666C6F7720286382
:100C90006F6E746578742061726561206E6F742068
:100CA00076616C6964290020204E6F20636F70723A
:100CB0006F636573736F7220696E7374727563749A
:100CC000696F6E73002020496C6C6567616C206CE5
:100CD0006F6164206F66204558435F5245545552FA
:100CE0004E20696E746F205043002020496C6C6563
:100CF00067616C20757365206F6620746865204598
:100D0000505352002020417474656D707420746FCC
:100D1000206578656375746520756E646566696EB7
:100D2000656420696E737472756374696F6E0052C6
:100D30006573657276656420457863657074696F64
:100D40006E20280053707572696F757320696E7418
:100D500065727275707420284952512000535053A7
:100D6000454C20696E20746872656164206D6F6403
:100D70006520646F6573206E6F7420696E646963AB
:100D800061746520505350002A2A2A2A2A2048419B
:100D90005244204641554C54202A2A2A2A2A00200F
:100DA00020427573206661756C74206F6E207665C5
:100DB00063746F72207461626C6520726561640097
:100DC00020204465627567206576656E740020207A
:100DD0004661756C7420657363616C6174696F6ED4
:100DE00020287365652062656C6F77290041524346
:100DF000485F4558434550542077697468207265B0
:100E000061736F6E2025780A002A2A2A2A2A204434
:100E100065627567206D6F6E69746F7220657863A7
:100E2000657074696F6E202A2A2A2A2A002A2A2AC3
:100E30002A2A20257320256429202A2A2A2A2A00E2
:100E40006D7075004661696C656420746F20616C1B
:100E50006C6F63617465206E6577204D505520720C
:100E60006567696F6E2025750A0050617274697438
:100E7000696F6E2025753A2073616E6974792063FD
:100E80006865636B206661696C65642E00496E76E7
:100E9000616C696420756E6465726C79696E672037
:100EA000726567696F6E20696E64657820257500CC
:100EB000657869740A002A20627566666572206F1B
:100EC000766572666C6F77206465746563746564BB
:100ED000202A0A00464C4153485F30005352414D8E
:100EE0005F30006E726635333430646B5F6E7266ED
:100EF000353334305F637075617070006E65745F98
:100F0000627566006E65745F6275665F73696D70A9
:100F10006C65006E65745F6C325F6F70656E7468CF
:100F200072656164006E65745F636F7265006E6503
:100F3000745F69660041465F554E5350454300411A
:100F4000465F494E45540041465F494E4554360080
:100F500041465F5041434B45540041465F43414E3B
:100F6000006E65745F7574696C7300434F4E4E4537
:100F70004354494E4700434F4E4E45435445440069
:100F80004C495354454E494E47006E65745F637437
:100F900078006E65745F706B7400000000000000E4
:100FA00000006E65745F7463006E65745F636F6EDE
:100FB0006E006E65745F69636D707636006E657481
:100FC0005F6E6272006E65745F69707636006E6582
:100FD000745F7564700055534244206576656E7485
:100FE00020616C6C6F636174696F6E206661696CFF
:100FF0006564210055534244206576656E74206D0A
:10100000656D6F727920636F7272757074656400BC
:10101000556E6B6E6F776E2055534220706F7765FB
:1010200072206576656E7420256400556E65787053
:101030006563746564206576656E7420286E7266DB
:10104000785F75736264293A2025642C20657020CE
:1010500030782530327800757362645F776F726B19
:1010600071005F65705F7374617475735F67657439
:10107000206661696C65642120436F64653A2025B0
:1010800064006E6F742061747461636865642C2001
:10109000455020307825303278206576656E742092
:1010A00064726F70706564006E52462055534244FE
:1010B000207472616E73666572206572726F722041
:1010C000284F5554293A203078253032780046612F
:1010D000696C656420746F20616C6C6F6320657649
:1010E000740055534244206576656E7420717565B1
:1010F00075652066756C6C2100556E6B6E6F776E32
:101100002055534244206576656E743A2025686404
:1011100000696E76616C696420656E64706F696EDB
:101120007420636F6E66696775726174696F6E00B3
:10113000696E76616C696420656E64706F696E7447
:1011400020696E6465782F616464726573730069E9
:101150006E76616C696420656E64706F696E742070
:1011600074797065004550206D6178207061636B03
:1011700065742073697A65206D75737420626520CB
:101180006120706F776572206F6620320053544182
:101190004C4C20756E737570706F72746564206F3F
:1011A0006E2049534F20656E64706F696E74004500
:1011B0006E64706F696E74203078253032782069E3
:1011C00073206E6F7420656E61626C6564006E5290
:1011D00046205553424420777269746520657272C7
:1011E0006F723A20256400010002037573625F6E1E
:1011F00072667800636C6F636B4035303030006826
:1012000066636C6B006C66636C6B006866636C6B2A
:101210003139326D006866636C6B617564696F00AB
:10122000636C6F636B5F636F6E74726F6C0063727D
:101230007970746F40353038343430303000636941
:101240006E7374722025303278207472616E73660A
:10125000657220746F6F206C6F6E673A20257A7507
:10126000006572617365206572726F723A20616405
:101270006472657373206F722073697A6520657874
:101280006365656473206578706563746564207652
:10129000616C7565732E416464723A203078256CF8
:1012A000782073697A6520257A7500756E7375707C
:1012B000706F72746564206174203078256C7820BA
:1012C00073697A6520257A7500657261736520659A
:1012D00072726F72206174203078256C7820736987
:1012E0007A6520257A750073657400636C65617298
:1012F0000052445352206661696C65643A2025644B
:10130000005145202573206661696C65643A20258B
:1013100064004A45444543206964205B25303278A7
:10132000202530327820253032785D206578706550
:101330006374205B253032782025303278202530C8
:1013400032785D007772697465206572726F723AE7
:101350002061646472657373206F722073697A65AB
:10136000206578636565647320657870656374656E
:10137000642076616C7565732E416464723A203026
:1013800078256C782073697A6520257A75007265F6
:101390006164206572726F723A2061646472657371
:1013A00073206F722073697A652065786365656460
:1013B000732065787065637465642076616C75650B
:1013C000732E416464723A203078256C78207369FA
:1013D0007A6520257A75006D78323572363433356A
:1013E00066403000717370695F6E6F7200696E766F
:1013F000616C696420616464726573733A2030784B
:101400002530386C783A257A7500756E616C69679D
:101410006E656420616464726573733A2030782568
:1014200030386C783A257A75006E6F7420776F7259
:10143000642D616C69676E65643A203078253038B8
:101440006C783A257A7500666C6173682D636F6EEF
:1014500074726F6C6C657240333930303000666C7A
:101460006173685F6E7266005061636B65742064BF
:10147000726F70706564206279204E4554207374D9
:1014800061636B004661696C656420746F20656EF2
:101490007465722072656365697665207374617422
:1014A00065005472616E736974696F6E20746F2089
:1014B000726164696F20736C6565702063616E6E24
:1014C0006F742062652068616E646C65642E0054E0
:1014D00058206D6F6465202564206E6F74207375CD
:1014E00070706F727465640043616E6E6F74207308
:1014F000656E64206672616D65004E6F2066726570
:1015000065207061636B657420617661696C6162EE
:101510006C652E004661696C656420746F2077727B
:1015200069746520746F2061207061636B65742E2F
:101530000041434B207061636B6574206E6F7420B3
:1015400068616E646C6564202D2072656C656173E2
:10155000696E672E006E7266355F7278006E524655
:10156000352038303231353420726164696F20693A
:101570006E697469616C697A65640069656565386E
:101580003032313534006965656538303231353493
:101590005F6E7266350074785F6D61736B20746F77
:1015A0006F2062696720286F72204950435F434F64
:1015B0004E465F4E554D20746F6F20736D616C6C9D
:1015C000290072785F6D61736B20746F6F206269A0
:1015D0006720286F72204950435F434F4E465F4E4D
:1015E000554D20746F6F20736D616C6C29005365CD
:1015F0006E64696E672064617461206E6F7420731D
:101600007570706F72746564005258206576656EEF
:1016100074206F6E20696C6C6567616C2063686113
:101620006E6E656C005258206576656E74206F6E24
:101630002064697361626C6564206368616E6E65C5
:101640006C00456E61626C696E67206368616E6EE6
:10165000656C20776974686F7574206120726567A6
:10166000697374657265642063616C6C6261636B3D
:101670000A006D626F78403261303030006D626F09
:10168000785F6E7266785F697063004661696C6549
:101690006420746F20616C6C6F63617465205050BE
:1016A00049204368616E6E656C00756172744038E4
:1016B00030303000756172745F6E7266785F75618C
:1016C00072746500526573657474696E672073790E
:1016D0007374656D00666174616C5F6572726F72C0
:1016E000006E65745F6F70656E7468726561645FCB
:1016F000616C61726D006E65745F6F74506C6174C3
:101700005F656E74726F7079006F745F7261646987
:101710006F5F776F726B71006E65745F6F74506C82
:1017200061745F726164696F0064696167206665F6
:1017300061747572652027257327206973206E6F89
:101740007420737570706F727465640D0A0052585E
:101750002072696E67206275666665722066756CB8
:101760006C2E005541525420646576696365206E85
:101770006F74207265616479004661696C656420EC
:10178000746F20656E61626C65205553420057612D
:101790006974696E6720666F7220686F7374207455
:1017A0006F20626520726561647920746F20636FB9
:1017B0006D6D756E6963617465004661696C656421
:1017C00020746F20676574204461746120546572D1
:1017D0006D696E616C205265616479206C696E651B
:1017E0002073746174653A202564006E65745F6FC0
:1017F00074506C61745F75617274006E65745F6FB4
:1018000074506C61745F73657474696E6773000102
:1018100001020303046E65745F6F70656E74687215
:10182000656164004661696C656420746F206F7047
:10183000656E2049504320696E7374616E63653A2A
:10184000202564004661696C656420746F207265B0
:101850006769737465722049504320656E64706FC8
:10186000696E743A2025640049504320656E6470A7
:101870006F696E742062696E642074696D6564209E
:101880006F7574004E6F207370696E656C206275A1
:101890006666657220617661696C61626C65207450
:1018A0006F2073656E642061206E657720706163C0
:1018B0006B6574007370696E656C5F7061636B65F6
:1018C000745F73656E645F746872656164006E72E4
:1018D000665F3830323135345F7370696E656C0025
:1018E0007370696E656C5F6970635F6261636B657D
:1018F0006E64004E6F20726573706F6E7365207733
:10190000697468696E2074696D656F7574202575DA
:1019100000574553545F544F504449522F7A6570D5
:101920006879722F6D6F64756C65732F68616C5F79
:101930006E6F726469632F6E72665F383032313554
:10194000342F73657269616C697A6174696F6E2F87
:10195000706C6174666F726D2F6E72665F383032B4
:101960003135345F7370696E656C5F726573706F6B
:101970006E73655F6E6F7469666965722E63006170
:101980007761697465645F70726F706572747920D5
:101990003D3D20415741495445445F50524F5045C9
:1019A0005254595F4E4F4E4500756E6C6F636B5FBE
:1019B000726574203D3D203000705F6E6F74696603
:1019C000795F627566665F66726565203D3D2026BB
:1019D0006E6F746966795F62756666006E6F7469B2
:1019E00066795F627566662E66726565006461740D
:1019F000615F6C656E203C3D2073697A656F662877
:101A00006E6F746966795F627566662E627566666A
:101A10002E6461746129006E72665F383032313530
:101A2000345F7370696E656C5F726573706F6E732F
:101A3000655F6E6F7469666965725F70726F7065FD
:101A40007274795F6E6F74696679006E72665F3862
:101A500030323135345F7370696E656C5F726573F7
:101A6000706F6E73655F6E6F7469666965725F66CD
:101A7000726565006E72665F3830323135345F737F
:101A800070696E656C5F726573706F6E73655F6EA3
:101A90006F7469666965725F70726F706572747970
:101AA0005F6177616974006E72665F38303231351C
:101AB000345F7370696E656C5F726573706F6E739F
:101AC000655F6E6F7469666965725F6C6F636B5F8B
:101AD0006265666F72655F726571756573740073B8
:101AE00070696E656C5F6970635F6261636B656E80
:101AF000645F7273705F6E74660028636170616307
:101B0000697479203D3D20305529207C7C2028288F
:101B1000636170616369747920213D20305529200B
:101B200026262028705F6D656D6F727920213D201B
:101B30004E554C4C292900574553545F544F50443F
:101B400049522F6E7266786C69622F6E72665F38CA
:101B500030323135342F73657269616C697A617422
:101B6000696F6E2F7372632F6E72665F3830323119
:101B700035345F6275666665725F616C6C6F636158
:101B8000746F722E6300696478203C20627566660B
:101B900065725F706F6F6C5F6C656E006275666614
:101BA00065725F66726565006E72665F38303231ED
:101BB00035345F6275666665725F616C6C6F636118
:101BC000746F725F696E697400726573756C74000E
:101BD000574553545F544F504449522F6E726678A4
:101BE0006C69622F6E72665F3830323135342F7314
:101BF000657269616C697A6174696F6E2F73726363
:101C00002F6E72665F3830323135345F62756666CA
:101C100065725F6D67725F6473742E63006E7266C7
:101C20005F3830323135345F6275666665725F6D7C
:101C300067725F6473745F61646400436944004366
:101C4000696900436969584C434C004369694C0019
:101C50004369694400436969620043696943004319
:101C60006969646443004369696443004369696264
:101C700062626374284C442900436969626262624B
:101C80006374284C44290043696962626243626359
:101C90005874284C44290043696963004369697496
:101CA00028442974284344294C4C620043696974D0
:101CB0002843442900436969530043696958000077
:101CC0000001000000000001000000000000742876
:101CD0004C44296343580074284C4429626243638E
:101CE000435874284C44290074284C4429436262A8
:101CF000000000000101010000010000004E5246FA
:101D0000585F434C4F434B004E5246585F4450502F
:101D10004900010000000C0D0E0F101112131402E7
:101D2000030405060708090B4E5246585F555342F7
:101D30004400756E72656769737465726564202509
:101D400073206275730A006D6574616C3A20656D6D
:101D5000657267656E63793A20006D6574616C3AEF
:101D600020616C6572743A2020202020006D65741B
:101D7000616C3A20637269746963616C3A20200077
:101D80006D6574616C3A206572726F723A20202022
:101D90002020006D6574616C3A207761726E696E07
:101DA000673A202020006D6574616C3A206E6F7474
:101DB0006963653A20202020006D6574616C3A20CB
:101DC000696E666F3A202020202020006D657461C6
:101DD0006C3A2064656275673A2020202020002537
:101DE000733A2066726565696E67206E6F6E2D6549
:101DF0006D707479207669727471756575650D0AF8
:101E00000072785F76710074785F7671004E5300CF
:101E10005465726D696E616C0052545400534547AD
:101E200047455200556E6B6E6F776E206572726F0C
:101E30007200756E6B6E6F776E003E3E3E205A45A7
:101E40005048595220464154414C204552524F521D
:101E50002025643A202573206F6E2043505520259D
:101E600064004661756C7420647572696E672069E0
:101E70006E746572727570742068616E646C696EE0
:101E8000670A0043757272656E74207468726561CA
:101E9000643A202570202825732900435055206579
:101EA0007863657074696F6E00556E68616E646CFE
:101EB000656420696E746572727570740053746124
:101EC000636B206F766572666C6F77004B65726E20
:101ED000656C206F6F7073004B65726E656C20705F
:101EE000616E6963006D61696E006F730073797371
:101EF000776F726B71002C2066756E6374696F6EFC
:101F00003A2000617373657274696F6E20222573C5
:101F100022206661696C65643A2066696C652022DE
:101F20002573222C206C696E65202564257325732A
:101F30000A000020202020202020202028282828D7
:101F40002820202020202020202020202020202089
:101F500020202088101010101010101010101010D9
:101F600010101004040404040404040404101010E9
:101F70001010101041414141414101010101010195
:101F80000101010101010101010101010101101023
:101F90001010101042424242424202020202020269
:101FA00002020202020202020202020202021010F5
:101FB00010102000000000000000000000000000E1
:101FC0000000000000000000000000000000000011
:101FD0000000000000000000000000000000000001
:101FE00000000000000000000000000000000000F1
:101FF00000000000000000000000000000000000E1
:1020000000000000000000000000000000000000D0
:1020100000000000000000000000000000000000C0
:1020200000000000000000000000000000000000B0
:10203000000000232D302B2000686C4C0065666783
:1020400045464700303132333435363738396162EE
:1020500063646566004672616D696E6720657272C1
:102060006F722025643A205B002025303258005DD5
:102070000A0002040506074F50454E544852454198
:10208000442F6439616265333037313B205A6570C3
:102090006879723B20417567202038203230323613
:1020A0002030353A30353A3230005B25635D200010
:1020B000252E2A7325733A20002D43574E49442D6F
:1020C0002D2D2D2D2D2D2D2D2D2D2D2D2D006E6FEA
:1020D00000796573006661696C65640D0A737461EB
:1020E000747573202523780D0A002D6E00726370BD
:1020F00000646961676E6F7374696373206D6F64E8
:10210000652069732025730D0A006661696C65643A
:102110003A20636F6D6D616E6420737472696E67CF
:1021200020746F6F206C6F6E670D0A006661696CBA
:1021300065643A20636F6D6D616E642073747269BB
:102140006E6720636F6E7461696E7320746F6F20A9
:102150006D616E7920617267756D656E74730D0ABD
:10216000006661696C656420746F207061727365CC
:1021700020636F6D6D616E6420737472696E670D9C
:102180000A006765740025640D0A006D6F646500C0
:10219000696E0D0A006F75740D0A00656E61626CE0
:1021A000650064697361626C6500737461727400C8
:1021B00073746F70007C2053746172744368207C68
:1021C00020456E644368207C2054617267657450BA
:1021D0006F776572207C2041637475616C506F77F6
:1021E0006572207C20526177506F776572536574F9
:1021F00074696E67207C0D0A2B2D2D2D2D2D2D2D14
:102200002D2D2B2D2D2D2D2D2D2D2B2D2D2D2D2D02
:102210002D2D2D2D2D2D2D2D2B2D2D2D2D2D2D2DF0
:102220002D2D2D2D2D2D2B2D2D2D2D2D2D2D2D2DE0
:102230002D2D2D2D2D2D2D2D2B0D0A007C202537FC
:1022400075207C20253575207C2025313164207C4B
:102250002025313164207C2025313573207C0D0A06
:1022600000546172676574506F77657228302E3044
:102270003164426D293A2025640D0A416374756109
:102280006C506F77657228302E303164426D293A78
:102290002025640D0A526177506F7765725365741B
:1022A00074696E673A2025730D0A006377006563D1
:1022B000686F006770696F00706F77657200706F8C
:1022C00077657273657474696E6773007261777095
:1022D0006F77657273657474696E67007374726585
:1022E000616D007472756500456E61626C6564288D
:1022F0002573290066616C736500526563656976B4
:1023000065446F6E65282564206279746573292C95
:10231000206572726F723A2573005472616E736D2C
:102320006974446F6E652825642062797465732929
:102330002C206572726F723A2573004672616D656A
:10234000207478206661696C65642C206572726FF8
:10235000723A25732C20726574726965733A25642C
:102360002F25642C202573004C696E6B5261770019
:102370006C656E3A25642C207365716E756D3A2517
:10238000642C20747970653A00426561636F6E0059
:102390004461746100436D642844617461526571E5
:1023A0002900436D6428426561636F6E526571292F
:1023B00000436D6428256429002C207372633A253C
:1023C000732C206473743A25732C207365633A254B
:1023D000732C2061636B7265713A257300060505E5
:1023E00005050505050A050505050505050E4E6FDC
:1023F0006E6500526164696F50616E49643A2030C5
:10240000782530347800526164696F53686F727454
:10241000416464726573733A2030782530347800F3
:10242000526164696F457874416464726573733A8C
:102430002025730044656C6179696E67207265744C
:102440007820666F7220256C75207573656320286F
:1024500062653D25752900526164696F537461742A
:10246000653A202573202D3E202573005261646952
:102470006F526563656976652829206661696C65B8
:10248000642C206572726F723A2025730041636B71
:102490002074696D65722074696D6564206F757450
:1024A0000043534C20736C65657020256C750043A8
:1024B000534C2073616D706C6520256C752C206405
:1024C00075726174696F6E20256C75004469736163
:1024D000626C656400536C65657000526563656984
:1024E00076650043736D614261636B6F666600459C
:1024F0006E657267795363616E0044656C61794201
:1025000065666F7265526574780043736C547261CE
:102510006E736D69740043736C53616D706C65000C
:102520005375624D616300556E6B6E6F776E4572C9
:10253000726F7254797065004F4B004661696C652B
:10254000640044726F70004E6F42756673004E6F88
:10255000526F7574650042757379005061727365CE
:1025600000496E76616C69644172677300536563FC
:10257000757269747900416464726573735175652D
:102580007279004E6F416464726573730041626FCB
:102590007274004E6F74496D706C656D656E746514
:1025A0006400496E76616C69645374617465004EB1
:1025B0006F41636B004368616E6E656C4163636578
:1025C00073734661696C7572650044657461636814
:1025D000656400466373457272004E6F4672616DAA
:1025E00065526563656976656400556E6B6E6F77DD
:1025F0006E4E65696768626F7200496E76616C69DC
:1026000064536F75726365416464726573730044EB
:10261000657374696E6174696F6E41646472657329
:102620007346696C7465726564004E6F74466F75AD
:102630006E6400416C726561647900526573657205
:102640007665644572726F72323500497076364134
:102650006464726573734372656174696F6E466119
:10266000696C757265004E6F7443617061626C6570
:1026700000526573706F6E736554696D656F757424
:10268000004475706C6963617465640052656173C0
:1026900073656D626C7954696D656F7574004E6F0A
:1026A00074546D66004E6F6E4C6F7770616E44614E
:1026B00074614672616D650052657365727665641A
:1026C0004572726F723333004C696E6B4D61726785
:1026D000696E4C6F7700496E76616C6964436F6D0B
:1026E0006D616E640050656E64696E670052656A64
:1026F00065637465640000000000000000000000D5
:1027000000000000000000000000000000000000C9
:1027100000000000000000000000000000000000B9
:1027200000000000000000000000000000000000A9
:102730000000000000000000000000000000000099
:102740000000000000000000000000000000000089
:102750000000000000000000000000000000000079
:102760000000000000000000000000000000000069
:102770000000000000000000000000000000000059
:102780000000000008010020E800002000C2010055
:102790000000080000000000000000000000000031
:1027A00000000000000000000565010000000000BE
:1027B000000007200000010038EF010000000000C9
:1027C00038EF0100010000000200000000000000DE
:1027D00000000000000200004F730100FFFFFFFF38
:1027E000F01B0120000000000000000000000000BD
:1027F00000000000000000000000000000040000D5
:10280000F01F012000000000000000000000000098
:1028100000000000000000000000000000040000B4
:102820004D4A000080000000AD450000000000009F
:10283000AD450000800000002C0500203A0000009B
:10284000400500203A000000040500203A00000086
:10285000680500203A000000337801002D7801005F
:1028600000000000438B0100800000007401002084
:10287000740100200100000001000000840100201C
:10288000840100208C0100208C0100200100000048
:10289000010000009C0100209C010020A4010020F8
:1028A000A40100200000000001000000B40100208D
:1028B000B4010020BC010020BC0100200000000089
:1028C000FFFFFFFFCC010020CC0100200000000032
:1028D0003D920100D18C0000C192010005920100DF
:1028E00081920100F9910100198F0000A98E00006A
:1028F000D98E000000000000118D000000000000D3
:10290000DD8C0000D3910100CF910100FFFF00009A
:10291000FFFF00000000000000C2010000010300F2
:102920003C02002000000000657400206474002058
:10293000000000000000000000000000667400209D
:1029400020000000000000000000000029A200009C
:1029500000000000000000007002002000000000E5
:102960000000000000000000F02301200000000033
:102970000000000000000000000000000000000057
:102980000000000000100000CE180200000000004F
:1029900061B200003B970100000000000000000051
:1029A000FFFFFFFF0090D003FFFFFFFF3304020093
:1029B00000000000ADE60000000000000000000084
:1029C0000000000000000000000000000000000007
:1029D0000000000000000000E0020020E0020020F3
:1029E000EC020020000000003CF801001CF801008F
:1029F000FCF70100000000000000000000000000E3
:102A000000000000000000000000000000000000C6
:102A100000000000000000000000000000000000B6
:102A200000000000000000000000000000000000A6
:102A30000000000000000000000000000000000096
:102A40000000000071EC01006DEC010000000000CE
:102A500071350100980300209003002088030020B6
:102A60000000000080030020413701008D36010086
:102A7000C1360100093701003C6B00203A00003AE2
:102A8000406B00203A00003A446B00203A00003AC4
:102A9000486B00203A00003A90700020AC03002000
:102AA0006C03002064030020600300205C0300200E
:102AB000E1440100D5440100C944010000000000C8
:102AC0000000000000000000000000000000FFFF08
:102AD00000000000FFFFFFFF0000000000000000FA
:102AE000E1060100000000000000000000000000FE
:102AF000F8030020F8030020519F000000000000B0
:102B000000000000000000000000000000000000C5
:102B10000000000000000000E106010000000000CD
:102B200000000000000000003004002030040020FD
:102B3000619F000000000000000000000000000095
:102B4000000000000000000050040020500400209D
:102B50000000000020000000140000007019012097
:102B6000000000000000000070040020700400203D
:102B7000000000000A00000068000000601501204D
:102B800000000000000000009004002090040020DD
:102B9000000000001000000068000000E00E0120AE
:102BA00000000000000000000000000000E700201E
:102BB0000010000000000000000000000000000005
:102BC000C8040020C804002000000000000000002D
:102BD0000E000000DC040020DC04002000000000E7
:102BE000000000000E000000F0040020F0040020AF
:102BF00000000000000000000E000000040500209E
:102C00000405002000000000000000000E0000008D
:102C1000180500201805002000000000000000003A
:102C20000E0000002C0500202C05002000000000F4
:102C3000000000000E0000004005002040050020BC
:102C400000000000000000000E00000054050020FD
:102C50005405002000000000000000000E000000ED
:102C6000680500206805002000000000000000004A
:102C70000E0000007C0500207C0500200000000004
:102C8000000000000E0000009005002090050020CC
:102C90000000000001000000A0050020A0050020A9
:102CA000A8050020A8050020000000000100000089
:102CB000B8050020B8050020C0050020C005002090
:102CC0000000000001000000D0050020D005002019
:102CD000D8050020D80500200000000010000000EA
:102CE000E8050020E80500200000000000000000CA
:102CF00000000000FC050020FC0500200406002068
:102D00000406002000000000000000000000000099
:102D100018060020180600202006002020060020AB
:102D20000000000000000000000000003406002049
:102D3000340600203C0600203C0600200000000075
:102D40000000000000000000500600205006002097
:102D50005806002058060020000010001000040053
:102D6000000000008CF50100200D01200000000093
:102D70000000000000000000800600208006002007
:102D800088060020880600200000100010000400C3
:102D9000000000007CF5010060030120AC0600206B
:102DA0000000000068EF0100C8060020E80E0020C7
:102DB000000000000000000000000000000500000E
:102DC0000779010057790100F1780100ED780100E1
:102DD0001201000200000040151900000303010267
:102DE000030109020000000100C032080B000202CA
:102DF0000200000904000001020200000524001086
:102E00000105240102010424020205240600010731
:102E100005800310000A09040100020A00000007EF
:102E2000058002400000070500024000000403097D
:102E30000432034E6F726469632053656D69636F7A
:102E40006E647563746F722041534100000000008E
:102E50000000000000000000000000000000000072
:102E6000000000280354687265616420436F2D5090
:102E7000726F636573736F720000000000000000E2
:102E8000000000000000000000000022033031328A
:102E90003334353637383941424344454600000023
:102EA000000000000000000000000000000000FF23
:102EB00000000000FB06002015750100A14B00007A
:102EC000894A00000000000000000000030000002C
:082ED0002801002015E015E0C7
:00000001FF
