:1000000000E70020B15900008F77010085590000FA
:100010008559000085590000855900008559000068
:10002000000000000000000000000000DD520000A1
:100030008559000000000000495200008559000069
:100040008153000081530000815300008153000060
:100050008153000081530000815300008153000050
:100060008153000081530000815300008153000040
:100070008153000081530000815300008153000030
:100080008153000081530000815300008153000020
:100090008153000081530000815300008153000010
:1000A0008153000081530000815300008153000000
:1000B00081530000815300008153000081530000F0
:1000C00081530000815300008153000081530000E0
:1000D00081530000815300008153000081530000D0
:1000E00081530000815300008153000081530000C0
:1000F00081530000815300008153000081530000B0
:10010000815300008153000081530000815300009F
:10011000815300008153000081530000815300008F
:10012000815300008153000081530000815300007F
:10013000815300008153000081530000815300006F
:10014000815300008153000081530000815300005F
:0401500081530000D7
:04015400FFFFFFFFAB
:1001580053B94AB9002908BF00281CBF4FF0FF3126
:100168004FF0FF3000F00CB8ADF1080C6DE904CE8B
:1001780000F09EFBDDF804E0DDE9022304B07047DF
:10018800704700BF2DE9F14F03F11C0402EB840C0A
:100198004FEA930B8A68CB680868496800F046F90B
:1001A8003CE9F0006040694072407B400BF1060E6C
:1001B8004EE083EA134480EA134582EA134746BABD
:1001C80096EA3444604000F00F1684EA063420F0C2
:1001D8000F1684EA161054BA94EA0106724002F027
:1001E8000F1486EA043622F00F1486EA14124CBA69
:1001F8006540694001F00F1485EA043521F00F14B9
:1002080085EA14115CBA67407B4003F00F1487EA53
:10021800043723F00F1487EA141344BA44404DBA44
:100228004D4056BA56405FBA5F4087EA174886EA9B
:10023800174B84EA17464FEA38488BEA1B4485EA8D
:100248001B4788EA1B4580EA3440694072407B407E
:1002580000F0703400F0803500F00F3040EA4400C0
:1002680040EAD50080EA900404F0332480EA840050
:10027800604001F0703401F0803501F00F3141EA3F
:10028800440141EAD50181EA910404F0332481EA6A
:100298008401614002F0703402F0803502F00F32C0
:1002A80042EA440242EAD50282EA920404F0332484
:1002B80082EA8402624003F0703403F0803503F070
:1002C8000F3343EA440343EAD50383EA930404F073
:1002D800332483EA84036340C943DB4381EA00048F
:1002E80083EA044686EA020183EA014382EA334547
:1002F80083EA14435C4084EA00077FEA040A8AEA36
:10030800024A8AEA010B87EA11488AEA374A80EAF0
:10031800060181EA1A418AEA030A04EA0A0045400A
:1003280088EA040707EA0B0041408AEA0B0608EA54
:10033800060084EA34428AEA3A4602EA060358404A
:100348004540414087EA37438BEA3B4003EA0009CE
:1003580085EA090582EA0309464006EA090671406A
:1003680085EA010005EA3546464006EA314181EA58
:10037800304181EA364606EA304686EA3546344058
:100388000F4086EA010508EA050886EA3640024079
:1003980088EA020881EA314213405C4080EA02039D
:1003A80009EA030987EA0907674088EA040806EAB0
:1003B8000A0601EA0B018AEA0B0425408AEA3A4454
:1003C800204045408BEA3B4B02EA0B02564084EA48
:1003D8000B04234059406E40694087EA364080EA62
:1003E800384080EA060380EA104481EA134585EA2A
:1003F800344585EA17427D4082EA354180EA054066
:100408003CE9F0006040694072407B40BEF1010E5B
:100418003FF6CFAE20BC00F05FF828606960AA60A4
:10042800EB60BDE8F08F00BF00F000BA80EA10145E
:1004380004F0F01480EA0410604081EA111404F01A
:10044800F01481EA0411614082EA121404F0F014F5
:1004580082EA0412624083EA131404F0F01483EA77
:100468000413634080EA102404F47F4480EA0420E3
:10047800604081EA112404F47F4481EA0421614048
:1004880082EA122404F47F4482EA0422624083EA66
:10049800132404F47F4483EA0423634081EA50046C
:1004A80004F0553480EA4400614083EA520404F0C1
:1004B800553482EA4402634082EA900404F03334FB
:1004C80080EA8400624083EA910404F0333481EACC
:1004D80084016340704700BF82EA900404F033341B
:1004E80080EA8400624083EA910404F0333481EAAC
:1004F8008401634081EA500404F0553480EA4400E2
:10050800614083EA520404F0553482EA44026340AD
:1005180080EA102404F47F4480EA0420604081EAE1
:10052800112404F47F4481EA0421614082EA122400
:1005380004F47F4482EA0422624083EA132404F428
:100548007F4483EA0423634080EA101404F0F01423
:1005580080EA0410604081EA111404F0F01481EA82
:100568000411614082EA121404F0F01482EA0412C1
:10057800624083EA131404F0F01483EA041363401E
:10058800704700BF2DE9F14F94464FEA930B8A68F4
:10059800CB6808684968FFF749FF0BF1060E33E09E
:1005A80083EA134480EA134582EA134746BA96EA77
:1005B8003444604000F00F1684EA063420F00F1629
:1005C80084EA161054BA94EA0106724002F00F1435
:1005D80086EA043622F00F1486EA14124CBA6540F3
:1005E800694001F00F1485EA043521F00F1485EAFB
:1005F80014115CBA67407B4003F00F1487EA043794
:1006080023F00F1487EA1413BCE8F0006040694037
:1006180072407B4000F0E03400F0103500F00F30FD
:1006280040EA540040EAC50080EA900404F033240C
:1006380080EA8400604001F0E03401F0103501F0F8
:100648000F3141EA540141EAC50181EA910404F0FD
:10065800332481EA8401614002F0E03402F010356D
:1006680002F00F3242EA540242EAC50282EA9204D8
:1006780004F0332482EA8402624003F0E03403F099
:10068800103503F00F3343EA540343EAC50383EA02
:10069800930404F0332483EA8403634081EA3247F5
:1006A80087EA134581EA354690EA060484EA034B53
:1006B80082EA1B4280EA044484EA054483EA144A35
:1006C80085EA14448BEA044B84EA374481EA0B41F7
:1006D80081EA164104EA0A00454082EA04082BEA46
:1006E800080041408AEA0B0602EA060084EA34431D
:1006F8008AEA3A4603EA060778404540414088EAD4
:1007080038478BEA3B4007EA000985EA090583EA8E
:100718000709464006EA0906714085EA010005EA2C
:100728003546464006EA314181EA304181EA36469B
:1007380006EA304686EA3546344008EA010886EA81
:1007480001052A4086EA364003405A4081EA31438F
:100758001F407C4080EA030709EA070988EA09087C
:10076800544088EA020806EA0A0601EA0B018AEA06
:100778000B0215408AEA3A42104045408BEA3B405A
:1007880003405E404240174079404D404E40E443AC
:10079800F64386EA18435D4085EA054083EA134339
:1007A80086EA034183EA384284EA114383EA044330
:1007B8005FEA3343BEF1010E3FF6F2AE1ED4BCE849
:1007C800F0006040694072407B4020BCFFF784FE27
:1007D80028606960AA60EB60BDE8F08F2DE9E04110
:1007E8004FF2F00280EA1031114080EA01304840AF
:1007F80041088208C3084FF0000E4FE700F011309F
:1008080001F0113102F0113203F0113340EA4100D6
:1008180040EA820040EAC3004FF2F00280EA103159
:10082800114080EA01304840BDE8E0812DE9F04FF1
:1008380002F11C050646074600EB850851F8040B33
:10084800043A46F8040BF9D14FF0010CFFF7C6FF44
:100858005FEA302080EA0C001ECF41404A405340F6
:100868005C401EC62000464517D04FEA4C0C1CF4CD
:10087800807F18BFACF1E50C2C2DE7D03C2D06D1BC
:10088800FFF7ACFF06CF41404A4006C6100006CF2E
:1008980041404A4006C61000D8E736E90F00FFF786
:1008A800C5FD043D86E80F00F7D1BDE8F08F00BF15
:1008B8002DE9F04786468C460846089E154674463C
:1008C8001946002B40F0C1808542B2FA82F245D920
:1008D8004AB1C2F1200300FA02FC954094402EFA76
:1008E80003F343EA0C0C4FEA154EA8B2230CBCFBE9
:1008F800FEF80EFB18CC08FB00F943EA0C439945B7
:1009080028D9EB1808F1FF3704D2994502D9A8F184
:1009180002072B44A3EB0903A4B2B3FBFEFC0EFBB6
:100928001C330CFB00F044EA0344A04214D92C19F0
:100938000CF1FF3304D2A04202D9ACF102032C44DB
:10094800241A43EA07401EB1D44000233460736080
:10095800BDE8F0874746DDE76346F1E792BB431BF6
:1009680001214FEA154EAFB2200CB3FBFEFC0EFB83
:100978001C330CFB07F840EA0343984561D9EB1890
:100988000CF1FF3004D2984502D9ACF102002B4497
:10099800A3EB0803A4B2B3FBFEFC0EFB1C330CFB59
:1009A80007F744EA0344A7424DD92C190CF1FF3349
:1009B80004D2A74202D9ACF102032C44E41B43EA57
:1009C8000040C0E7C2F120039540944020FA03F1AB
:1009D8002EFA03F34FEA154E9040AFB20343B1FB32
:1009E800FEFC0EFB1C10190C0CFB07F841EA004139
:1009F800884522D969180CF1FF3004D2884502D9FC
:100A0800ACF102002944A1EB08019BB2B1FBFEFC4A
:100A18000EFB1C110CFB07F743EA01439F420ED95A
:100A2800EB180CF1FF3104D29F4202D9ACF102015C
:100A38002B44DB1B41EA004193E76046E3E761464C
:100A4800F7E76046A4E76346B8E7834206D916B9D4
:100A5800002108467CE7C6E900E0F9E7B3FA83F726
:100A68008FB9834201D3724508D8BEEB020460EB0C
:100A7800030301209C461EB9002169E73846FAE7BE
:100A8800C6E9004CF8E7C7F1200CBB400EFA07F5A1
:100A980022FA0CF42EFA0CF1BA401C4320FA0CF39B
:100AA800B8404FEA144901431FFA84FEB3FBF9F832
:100AB80009FB18300B0C08FB0EFA43EA00439A4571
:100AC80040D9E31808F1FF3004D29A4502D9A8F1B9
:100AD80002002344A3EB0A0389B2B3FBF9F809FB2C
:100AE800183308FB0EFE41EA03418E452CD96118E4
:100AF80008F1FF3304D28E4502D9A8F1020321443C
:100B080043EA0040A1EB0E01A0FB02984145CE4606
:100B1800434602D306D14D4504D20138B9EB020E43
:100B280068EB0403002EA7D0B5EB0E0261EB0301BE
:100B380001FA0CFC22FA07F3F9404CEA0303C6E970
:100B4800003199E74046C5E74346D9E710F8012B3D
:100B580011F8013B012A28BF9A42F7D0D01A7047F2
:100B6800034613F8012B002AFBD1181A01387047E5
:100B78002DE9F04F824616461C4600259FB003918A
:100B8800307810B9284600F085BD731C25280693D7
:100B980006D00399D0470028C0F27C8501351BE2B6
:100BA8001822002110A81AF0ACFC7378252B00F04D
:100BB800BA80002398469E469C461846711C0F46EC
:100BC80011F8012B2B2A00F0DD8000F2D480202AB6
:100BD80000F0DB80232A00F0DB802BB19DF8483041
:100BE80043F040038DF84830B8F1000F05D09DF868
:100BF800483043F020038DF84830BEF1000F05D08F
:100C08009DF8483043F010038DF84830BCF1000FD0
:100C180005D09DF8483043F008038DF8483028B1D6
:100C28009DF8483043F004038DF848309DF848306B
:100C380003F04401442903D16FF386138DF848303B
:100C48009DF848302A2A43F080030E978DF84830E3
:100C580040F0A3809DF8493043F001038DF84930F6
:100C68007B1C1A782E2A0CBF012100219DF84920EF
:100C780061F341028DF849200CD15A1C0E925A7822
:100C88002A2A40F09A809DF84920023342F0040253
:100C98008DF849201A786C2A00F0BB8000F29D80FC
:100CA800682A00F0A3806A2A00F0BC804C2A00F071
:100CB800C18013F8012B782A06938DF84B2000F297
:100CC80001816D2A00F2C380692A00F2FB80572A4D
:100CD80000F2DA80412A04D0A2F14503022B00F287
:100CE800F18004219DF84A3002F0DF02A2F14107A9
:100CF80061F302037A429DF849107A4162F3C71101
:100D08000A068DF84A308DF84910CBB200F11981E6
:100D180003F07802182A40F003816FF3C6038DF8B8
:100D280049300023F2E0B21C06928DF84B309DF852
:100D38004930D90740F1078154F8042B002A04925E
:100D480008DA9DF8482042F004028DF84820049AF9
:100D5800524204925A0740F1FE8054F8047B002F57
:100D680080F2FD809DF849306FF341038DF84930DA
:100D78004FF0FF37F3E02D2A0DD0302A7FF42DAF46
:100D880001231CE74FF0010C19E74FF0010E16E79D
:100D98004FF0010813E7012011E70EA801F0F4FA5B
:100DA8000E9BBB423FF45DAF9DF848201390C00FE7
:100DB80060F341028DF8482053E70EA801F0E4FAE9
:100DC8009DF848301490C3F3400242EAD07262F3AF
:100DD80041038DF848300E9B5CE7742A26D07A2AA6
:100DE8007FF467AF06219DF849200CE05A78682AFD
:100DF8009DF8492006D1012161F3C6028DF84920EA
:100E0800023356E7022161F3C6028DF84920013307
:100E18004FE75A786C2A9DF8492001D10421EBE765
:100E28000321F0E705219DF84920ECE707219DF80B
:100E38004920E8E7BDF8482022F4F04222F00202F7
:100E480042F4804242F00202ADF84820DFE76E3AF1
:100E5800D3B201229A4040F282431A429DF84930A7
:100E680037D112F0240F5FD1D1072BD503219DF87C
:100E78004A2003F07803A3F1400061F302024342E1
:100E88008DF84A20434141E00120A2F15801C9B23E
:100E980000FA01F111F4624F7FF423AF40F6010329
:100EA80019429DF849301AD111F4043F0AD09DF82F
:100EB8004A2060F3020203F07803402B8DF84A20A1
:100EC8007FF42FAF9DF8483043F001038DF8483088
:100ED80027E702219DF84A2061F30202EBE702208E
:100EE8009DF84A1003F0780360F30201402B8DF857
:100EF8004A1002BF9DF8481041F001018DF84810D2
:100F0800632A7FF40EAF003B18BF01239DF84820E9
:100F1800C2F340010B4363F341028DF8482006E712
:100F280013F0380FCED1FCE603219DF84A2013F0C8
:100F3800780F61F3020214BF012300238DF84A20C1
:100F4800E4E70123E2E79DF94820002AACBF4FF00F
:100F5800FF32139AFDE69F077FF50AAF149F00231F
:100F68009DF84A20CDE9133302F00703042B9DF8BE
:100F7800493007D1980705D49DF949100029ACBF1D
:100F880006270D2702F00702012AC3F3C30333D152
:100F9800DA1E042A04D8DFE802F02146462121009F
:100FA8002268012B4FEAE271CDE910211CD19DF98D
:100FB8004020D117CDE9102104349DF8482091072D
:100FC800079250D032465046069B039915F0F1FE21
:100FD8000028C0F25F830544069ED1E554F8042B2F
:100FE800D117CDE91021E8E7022BE5D111B242F380
:100FF800C032CDE91012DFE7022A24D1DA1E042A12
:1010080004D8DFE802F0181010181800012B4FF070
:10101800000154F8042B14D0022BCDE91021CCD1B7
:1010280092B21092C9E7073424F00704F4E80201E9
:10103800CDE91001C1E754F8042B10920022119257
:10104800BBE7D2B2CDE7042A08D1073424F007045D
:10105800D4E900010834CDE91001AEE7032AACD188
:1010680054F8042BDDE79DF84BB0BBF1780FB3D8EB
:10107800BBF1570F49D8BBF1250F00F09180BBF1A8
:10108800240FA9D9BBF1410F03D0ABF14503022BC3
:10109800A2D8DDE91013002BC0F23781079A160792
:1010A80000F13681C2F300194FEA4919C3F30A5017
:1010B800C3F31303002840F02E8151EA030614BF3E
:1010C80001260026DB0243EA5153C902BBF1460F51
:1010D80040EA010E43EAE07C08BF4FF0660B5EEA87
:1010E8000C0CCDE90C1300F09C81002E40F04A81D5
:1010F8000D9BA0F2FE3843F000430D930020DDE97C
:101108000C1306464FF0050C56E1ABF158012029A7
:101118003FF662AF01A050F821F000BFB112000005
:10112800E10F0000E10F0000E10F0000E10F0000F7
:10113800E10F0000E10F0000E10F0000E10F0000E7
:101148009B100000E10F000035120000491200005A
:101158009B1000009B1000009B100000E10F000096
:1011680049120000E10F0000E10F0000E10F00004C
:10117800E10F0000EB120000B1120000B7120000EE
:10118800E10F0000E10F0000AF110000E10F0000C7
:10119800B1120000E10F0000E10F0000B1120000E1
:1011A80058460399F6E4002F109E3BDB394630463B
:1011B8001AF06FFA002E3FF40FAF4FF000093718FE
:1011C800BB1B9DF84A2012F01001059100F05782D0
:1011D800023312F04002DDF84C80089218BF149ACE
:1011E800434418BF9B18049ACDF81C80002A40F38A
:1011F8006182D31A04939DF848305807C3F3800BD3
:1012080000F15882590640F14882B9F1000F07D021
:1012180048460399D0470028C0F23C82D946013598
:1012280030233BE23046FFF79BFCC6E7109B4FF0AC
:1012380000098DF85C300DF15D07012317AEC0E79A
:10124800079B1A0754BFC3F300194FF02B09DDE9B8
:10125800102358BF4FEA4919002B06DA4FF02D0921
:10126800524263EB4303CDE91023DDE910010DF190
:101278007503009312AA17AB01F09CF80646002FDD
:101288000CDB9DF848200DF175039B1B6FF386124C
:101298009F428DF8482001D9FB1A1393002E3FF482
:1012A8009BAE0DF175075BE04FF00009DDE7109884
:1012B800002800F0DF810DF175030093002117ABC2
:1012C80012AA01F077F8BDF84A30064603F0EF039A
:1012D80043F4F04343F010034FF00009ADF84A30EF
:1012E800CDE7109A072B3FF677AEDFE803F00C0442
:1012F800060C08080C0C15706EE615806CE6EB17EA
:10130800C2E9005368E6156066E64FF02D09CDE6A0
:101318004FF02B09CAE640F2FF76B0422FD1A04821
:101328000BF10102D2B2825C0B4302F003021ED120
:10133800012A0BBF492369234E216E210CBF462287
:1013480066228DF85C309DF848308DF85D106FF39B
:1013580086138DF85E208DF848300DF15F0717AEC3
:10136800BB1BB9F1000F3FF42CAF013329E7012A69
:1013780015BF6E234E23612141211A46E1E700265D
:10138800A0E6013849185B41002BFADACDE90C13C5
:10139800AEE6490841EAC3715B08B3F1333F404602
:1013A80008F10108F5D200F1020801200CFB03FE48
:1013B800A1FB0C13013E734418F1020FE9DB08B1DD
:1013C800CDE90C13DDE90C31B8F1000F2CDCC8F1C4
:1013D8000400A0F1200C08F11C08C34001FA08F829
:1013E80021FA0CFCC1400BF0DF0043EA0803472850
:1013F80043EA0C0338D1F01C01DBB7422ADAABF11F
:101408000202002F5FFA82FB7BDD9DF84800013F56
:10141800820676D43A1E18BF0122059207F1010808
:101428002CE04FF0000869E6023341F100010CA8F6
:1014380008F1FF380136CDE90C3115F08BFCDDE9F8
:101448000C31DB184941002908F1FF38F9DACDE9F8
:101458000C31B7E79DF84820BF1B90064FD43A1EC1
:1014680018BF0122059204E00022BBF1660F059225
:10147800D4D117EB06084FF0660B44D4B8F1100F1F
:10148800A8BF4FF010089FED447B10208DED0E7B18
:101498000B90DDE90E02B8F1000F37D1C01842EB0E
:1014A8000103B3F1805F41D2CDE90C03079BBBF187
:1014B800660F03F0200340F0BC80002E41DC302191
:1014C8008DF85C10002B6DD1002F40F3B4812E23D2
:1014D8008DF85D3086B17342BB42A8BF3B46002BF6
:1014E8001393A7EB0307D4BF002301239DF84A10E9
:1014F80063F345118DF84A100DF15E0839E00022BA
:10150800B0E7002289E74FF00008BCE7400840EA4E
:10151800C2705208CDE90E020EA8CDE9083108F1D3
:10152800FF3815F017FCDDE90831B2E7400840EA5A
:10153800C3705B08CDE90C030CA815F00BFC013651
:10154800B4E70DF15C080B99002909DD0BA90CA87B
:10155800079315F017FC013E079B08F8010BF2D121
:1015680013969BB9002F40F364812E2108F8011BC4
:101578000026002F1FDD0B9B002B1CDD0BA90CA8E0
:1015880015F000FC013F08F8010BF2E72E2308F8DC
:10159800013BEDE7AFF30080000000000000000809
:1015A800321F02002E238DF85D30002EA4D0002FAC
:1015B80091DC0DF15E08059B002B4ED11497474630
:1015C8000BF0DF03452B23D1002EBABF76422D2323
:1015D8002B23632EC8BF64217B70C4BFB6FBF1F315
:1015E80001FB13664FF00A01C8BF03F13000B6FBD8
:1015F800F1F3D2BFBA1CFA1CB87087F800B01746CE
:1016080003F1300001FB1363303307F8020B53700A
:10161800139B002B2CDC149B002BD4BF002301232D
:101628009DF84A2063F3861200238DF84A203B7008
:1016380095E60BA90CA8079315F0A4FB079B302887
:101648008DF85C0018BF06F1FF3613B9002F40F380
:10165800F2802E238DF85D304EE7474617F8013C9F
:1016680008F1FF38302BF8D02E2B08BF4746A7E7E4
:101678000123D5E7714F814605237E1FA1E5110798
:1016880048BF0133A5E5184609930399D0470028B8
:10169800099B05DA1FB0BDE8F08F2023DDF810B0F4
:1016A8005A46002A0BF1FF3BEDDC049BCDF810B045
:1016B8002B449D1AB9F1000F05D048460399D0472D
:1016C8000028E7DB0135089B002B77D09DF94930CE
:1016D800002B28DB3346DFF8689118789B4619F809
:1016E8000020013352073FD49DF84A30AE1B9806BC
:1016F8005E4407D44246002A08F1FF383BDC079BCA
:1017080033449E1A9BF800002E280AD10399D0472B
:101718000028BFDBB8F1000F06F1010631DC0BF140
:10172800010B5D4638E0B14699F80000C8467028BC
:1017380009F1010913D1AE1B149D46443544AB1B76
:10174800002B33DC3B4642465046039915F031FBEB
:1017580000289FDB3044049E0546064464E0039954
:10176800D0470028E0DA95E705930399D047002889
:10177800059BB2DA8EE730200399D0470028B9DA02
:1017880088E730200399D04708F1FF38C0E703996C
:10179800D0470028FFF67EAF2878A84619F8003011
:1017A80001355907F3D4A6EB0B06C5E7302003999A
:1017B800D0470028FFF66EAF0136C0E79DF84A30E3
:1017C800DA0601D41B0706D530200399D047002834
:1017D800FFF660AF0135059B3BB103999DF84B00BF
:1017E800D0470028FFF656AF0135A84406E0302060
:1017F8000399D0470028FFF64DAF0135A8EB050344
:10180800002BF4DC3B4632465046039915F0D1FADA
:101818000028FFF63FAF28449DE720200399D047D2
:101828000028FFF637AF0135731B002BF5DCFFF7F7
:10183800D3BB1E46BFE60DF15D08BCE62D030200D2
:10184800331F0200000000002DE9F04705469946C5
:101858000024282386B088469246CDE9024316F034
:10186800A2FE284602A917F0CDF80746002800F086
:10187800AF8083793A2B18D104230399284604941E
:10188800059316F0F6FE284604A917F0BBF818B120
:1018980090F90130A34205DB6FF01505284606B024
:1018A800BDE8F087284616F07EFEBB79112B58D08C
:1018B800062B58D00020AB68002B4ED19FED487BFB
:1018C800022295F840308DED007B02FB03013A239C
:1018D800A869043105F082F9044600287BD095F800
:1018E8004020E96B17F073F8061E31DBA368204629
:1018F800DB68636495F84820696C17F068F8061E81
:1019080026DBA06895F848100C3015F0DCFFA068BD
:1019180050F80C3FE36395F8401015F0D4FF95F8A4
:10192800483007F1180184F8403095F8403084F8C1
:1019380048303B7EFF2B03D1A06904F027FF014606
:10194800204607F1080217F092F970B16FF004060B
:10195800204616F0D8FD3546A0E71A8A5B68104481
:10196800AAE73020AAE73C20A8E74146524620468D
:1019780017F0CAF801460028E8D1B8F1040F22D1BF
:1019880099FA89F34246204604A9049317F01FF8F0
:101998000646204616F0DBFD0246002ED8D1294621
:1019A800204616F021FF05460028D1D1204616F022
:1019B800FAFD3A21204617F0A2F9204616F084F8DD
:1019C8000028C5DB6AE70422204616F0F9FEDFE7A7
:1019D8006FF0040562E76FF00B055FE7AFF3008077
:1019E80000800000000000002DE9F0472DED028B7B
:1019F80007469FED2D8B4FF00009DFF8B880DFF820
:101A0800B8A084B04FF0FF324FF0FF3307F57E7077
:101A18000DF09CFF436804461E78002331461A46A1
:101A28008DED008B386805F0EBF8616832460131BE
:101A3800054616F0CCFF064638BB237C85F8613096
:101A4800637C85F86230A27C95F8633062F34103C9
:101A580085F86330D4E9020142464B46FEF778FB2D
:101A68004FF47A735A43C5E90801AA6229463868CF
:101A780016F095F8002811DA334601223046CDE9F0
:101A8800016A0B49009617F0C6FB00236068636083
:101A98000AF09EFD284616F036FDB3E760686660DA
:101AA8000AF096FDAEE700BFFFFFFFFFFFFFFFFF55
:101AB80064F2010040420F006814020000000000B8
:101AC8002DE9F04F3A4B85B0D3F8042392070BD594
:101AD800D3F8042142B10022C3F80421354AD3F8CF
:101AE8000431136801331360334D0024A8464FF4C2
:101AF80080362F4FD7F8043306FA04F919EA030F92
:101B08002DD00123A340DB432C49D1E8EF2F02EA73
:101B18000300C1E8EC0FBCF1000FF6D122FA04F380
:101B2800DB0703D4264B53F82430C3B1204617F003
:101B380089FD08F063F84FF02002EFF3118382F378
:101B48001288BFF36F8F08EB041CDCE902AB504529
:101B580071EB0B010AD283F31188BFF36F8F103535
:101B680014B105B0BDE8F08F0124C3E70020D5E922
:101B780000129FED0D7B28600D4803938CED027BCE
:101B88000292C0F84893204617F05CFD039B83F34C
:101B98001188BFF36F8F0029E1D0029A5B4600924B
:101BA80052468847DBE700BFFFFFFFFFFFFFFFFF4D
:101BB80000500150C0440020B8160020B444002052
:101BC80040510150000000002DE9F0472DED028B37
:101BD80004469FED498B4A4E84B04FF02003EFF343
:101BE800118783F31288BFF36F8FD4F8C8508DB96B
:101BF800022104F1E00019F048F9002843D100233C
:101C08008DED008B3946029304F1D0023D480EF069
:101C1800F7FBE2E7D4F8CC202B689542C4F8C8302B
:101C280008BFC4F8CC30D4F8E03043F00203C4F85D
:101C3800E030EB6823F0040343F00103EB606B68CA
:101C480087F31188BFF36F8F284698474FF020031A
:101C5800EFF3118983F31288BFF36F8FEB6899074D
:101C680023F0010219D4EA60D4F8E03023F002032B
:101C7800C4F8E03089F31188BFF36F8FDB05ACD46B
:101C88000EF0A2FAA9E704F1D8050022012128469E
:101C980019F0C5FA0028F8D1B1E7306823F003033A
:101CA800EB600028E0D00027BA46D0F80080002872
:101CB800DAD04268014695420BD1016897B972683B
:101CC8003160824200D1716040F808AB0DF070FEBF
:101CD8003946B8F1000F0BD0D8F8002040460F461F
:101CE8009046E4E739607268824208BF7760EBE7A4
:101CF8004246F3E7AFF30080FFFFFFFFFFFFFFFF60
:101D0800486900203AA100207FB50BAB05930393E7
:101D1800054B0322029300231846CDE9003301F056
:101D280093F907B05DF804FB4E0202001FB50024CA
:101D3800064B2046029303222346CDE9004404497A
:101D4800FFF7E2FF204604B010BD00BF4E020200BC
:101D580044F2010038B5044C044DAC4200D338BD00
:101D680054F8043B9847F8E71CF201001CF2010004
:101D780038B5054C256804EB850405B938BD54F819
:101D88000439013D9847F8E710F201002DE9F04FBA
:101D980091B0009302F004030293C2F3C20301332B
:101DA800840705460E46DDF868800392059340F0E7
:101DB800BD81041D30B1072909D86FF01B0011B08F
:101DC800BDE8F08F01F00706341DC6F10806009B38
:101DD8004FF000094FF0040A591E4FF0FF334F46E9
:101DE8000193CB465346CDF810900DB10098206072
:101DF8000598002800F3EB809948009A824203D3A3
:101E080098488242C0F0E380039AA4EB050E92073B
:101E18004FEA9E0000F106810F2F00F2B480002DDA
:101E280000F0088107F140020DEB020C019A0CF852
:101E3800200C0CF8102C049801300490EAE07A2861
:101E480060D84B280ED847285CD829282FD82528B1
:101E580055D057D820287DD02338D0F1000B4BEB34
:101E6800000B77E0A0F14C0CBCF12E0F4AD8DFE84C
:101E78000CF07149494949494949494949494C4935
:101E8800494949494949495A494C4C5A5A5A714C45
:101E98006E497149184C18494983804C49494C4945
:101EA800800000204FF0000B4FF0040A39E00122B7
:101EB800A0F12A0C5FFA8CFC02FA0CFC1CEA0E0F4B
:101EC80048D11CF062502ED11CEA020B42D0013CD2
:101ED8005444CAF1000C04EA0C04002D61D0A3EBB1
:101EE800050CA4446645FFF468AF002868D1042BAC
:101EF80047D158F8043B2360042304342AE0019AAC
:101F0800013A01924FF0000B24E011F8010C6C2803
:101F180034D1002011F8023C83466C2BC4D14FF019
:101F2800080A5346D3E708F1070828F007080734DA
:101F380024F00704F8E802AB35B106982044B04213
:101F48003FF63BAFC4E900AB4FF0000B08344FF04D
:101F5800080A534611F8010F002878D0BBF1000F8A
:101F68007FF46DAF2528F5D14FF0010B019B0133AC
:101F780001934FF0040AECE7584693E700208346A4
:101F8800A5E7082B02D06FF0150018E708F107083D
:101F980028F00708B8EC027B84ED007B082308349E
:101FA800D8E768B9042B02D108F10408A4E7082B84
:101FB800E9D108F1070828F0070808F10808EDE753
:101FC80005980138059058F8040B00900DE7039A1E
:101FD800900720D54FF0010CA4EB050E4FEA9E00A8
:101FE800BEF5007FCFD20F2FCDD8F5B107F1400253
:101FF8000DEB020E019AC0B20EF8200C0EF8102C50
:10200800BCF1000F3FF417AF60F07F000EF8200C12
:1020180009F101090137C5F108024FF6DA7E0434E7
:10202800069297E74FF0000CDAE7BCF1000F01D0F9
:102038000136EFE7029A0236002AEBD10098CDE983
:102048000631FEF78DFDDDE906310644E2E7631B44
:10205800B3F5806F97D23DB9A6F10804E018AEE653
:10206800C8ED0100F8260200029A9B0828602B7030
:102078009DF81030C2B1EB7085F80290B9F1000FED
:1020880005D0002208A8C5F1010C97420ED14FF0E7
:10209800000AC5F101030DF1200801930DF1300B81
:1020A800574512D1601B8AE66B70E5E710F8013BD3
:1020B800190608D504EB0C0E764503F07F03FFF4F0
:1020C8007CAE04F8013B0132DFE7B9F1000F03D021
:1020D80098F90020002A17DB029BD3B11AF80B20CD
:1020E80004F8012B0022019B981820448642FFF433
:1020F80064AE98F80000009904F8010B204603929A
:1021080019F0C5F9039A14440AF1010A08F1010803
:10211800C6E798F8002055F822300093029B0098F3
:1021280045F82230FEF71CFD421CDCE76FF00D007D
:1021380045E600BF014B1860704700BFB0000020A3
:1021480030B5002587B0CDE903010446009503A901
:1021580005480595FEF70CFDDDE904309842B8BF47
:10216800255407B030BD00BF096501002DE9F047CF
:10217800858B04462807904611D4022905F00705E7
:1021880040F0CD80204614F0BBFC78B10138A18B1B
:10219800042811D8DFE800F0C3106D8595000129E7
:1021A8000CBF45F0100545F02005A58388F311887C
:1021B800BFF36F8FBDE8F08701F0070AAA4500F06A
:1021C800A6800027B9463E46A368002B00F0BD80D4
:1021D80041F00801A18388F31188BFF36F8FA168CC
:1021E800002900F0BB800D68002900F0B780334655
:1021F80052462046D1F80480C047002D76D02B687F
:1022080029461D46F0E701F007035A1F012A1BD88B
:10221800002221F00701062B276889B2C4E90022B1
:1022280009D13B4603E0E28B0132E2831B68002BB5
:10223800F9D141F002012046A18314F061FC002885
:102248007BD041F0200177E0042B0AD121F007016F
:1022580089B22046A18314F053FC10B141F020014B
:10226800A183A18B01F0070AAA4550D00027B946DF
:10227800AAE7236921F0070141F00601062DD3F8EA
:102288000090A1832DD1B9F1000F40D041F0080191
:10229800A18388F31188BFF36F8F20463949C84757
:1022A80029E021F00701236941F0040189B2042DD6
:1022B800D3F80490A183E6D000274FF0040A3E46E5
:1022C80082E721F00701236941F0050189B2052D54
:1022D800D3F80890A183D6D000274FF0050A3E46D0
:1022E80072E700274FF0060A3E466DE72B4687E760
:1022F800B9F1000FD1D14FF02003EFF3118883F328
:102308001288BFF36F8FA38B23F00803A383A58BD9
:10231800EA062ED525F01003A38305F00705A66964
:10232800A18B002EBFF66FAF00232768C4E90033E6
:1023380021F0070141F00101A183A18B4FF00009B1
:1023480001F0070AAA457FF43FAF002F9BD041F068
:102358000801A18388F31188BFF36F8F002FC7D0BE
:102368003D68394633465246204614F0F5FB2F4661
:10237800F4E7AB067FF51AAF25F02003A38305F039
:102388000705FFE68D6B0100F0B5024601680A27D4
:102398000020074E0B461C780131355D6D0701D4CE
:1023A8001360F0BD07FB0043A3F13000F2E700BF64
:1023B800331F02002DE9F84F15469A46D378224A72
:1023C8006F2B12F803B080460F460BF0030B29D091
:1023D80024D8582B0CBF10260A26DDF82890324640
:1023E800002340463946FDF7B3FE092AD4B21ED869
:1023F8003034B045E4B277F1000709F8014D01D354
:10240800D14511D82B789B0605D5082E15D1AB7868
:1024180043F00803AB704846BDE8F88F03F0F703B4
:10242800702BD7E70826D8E780460F46D7E7BBF1D9
:10243800010F0CBF37345734DBE7102EEBD1AB78E4
:1024480043F01003E6E700BF331F0200044608B557
:102458004FF02002EFF3118382F31288BFF36F8FDE
:1024680007F032FD204603F0D5FA034814F05DF872
:1024780002F09AFDFCE700BF2E03020010B5094BDD
:10248800094C00F01F024009012818BF234603EB3E
:102498008203D3F8002222F0E04242EA0172C3F834
:1024A800002210BD002884500025845070B54FF0DC
:1024B8002003EFF3118683F31288BFF36F8F012493
:1024C800134B144DC3F8004502230321C5F8D03639
:1024D8000020FFF7D3FF2046FFF7D0FF2146C5F8BD
:1024E80004472120C5F80449C5F8004BFFF7C6FF8B
:1024F8002020FFF7C3FF0B20FFF7C0FF0A20FFF7DC
:10250800BDFF86F31188BFF36F8F002070BD00BF39
:102518000010005000400050052370B5144D154EB2
:102528002C780134B4FBF3F303EB8303E41A17F0BC
:10253800A0F8114A137823B156F82430C01A072896
:1025480014D94FF05023D3F8141141B10021C3F826
:102558001411D3F814312C700CB9012313702C7892
:1025680017F087F846F82400012070BD0020FCE72A
:1025780047740020982F00204674002048B1054B6E
:10258800054A1B68B3FBF2F35843044B43F00103BD
:1025980018477047AC02002040420F00F0F30100DA
:1025A800062807D10122044BC3F80025BFF34F8F3B
:1025B80020BFFDE7704700BF004000507FB50BAB60
:1025C80005930393054B0122029300231846CDE996
:1025D800003300F039FD07B05DF804FB5B0302002F
:1025E80070B586B005A80AF003FD284B984249D17A
:1025F80007F002FC041E0FDA9DF814000AF0FEFC36
:10260800234B01220293002322491846CDE90033C7
:102618000394FFF7D3FF32E040F607031E4D8DF811
:102628001540AE68ADF816307468059B14B96FF0A4
:102638005704E5E708212846184AA047041EDFDBAF
:102648003369002BF3D00122082128469847041E3D
:10265800D6DB01239DF81450114AAB40C2F804356B
:102668009DF815009DF8176016F0F8FF0D4B45F022
:102678000045B600C0F880509D51002CC0D12046BE
:1026880006B070BD6FF01204BAE700BF0000AD0BD2
:102698005B03020074F3010038EF0100F526000027
:1026A8000070015080A1025038B5049CC4F307257E
:1026B800284607F093FA00210A4BA20B02F0FC020D
:1026C800C0F8801099500123E4B2074AA340284675
:1026D800C2F8083507F0AEFB2046BDE838400AF0DE
:1026E8008DBC00BF80A0025000700150F7B51446A1
:1026F80083681B690BB100229847C4F3072630464C
:1027080007F074FA0546304616F0A8FF0027104B6C
:10271800220E9200C0F880709F50304607F05EFA93
:10272800A20B0C4B02F0FC021344E2B242F000424E
:102738001A60094BC0F8802005F132020093304638
:102748003B460194520016F092FF03B0F0BD00BF63
:1027580080A1025080A00250B12600000AF0A6BA5B
:102768001FB5034660B9114A0090CDE9010210492E
:10277800012214F0DEFB6FF0150005B05DF804FBD4
:1027880083685BB90B4A1846CDE901320849012232
:10279800009314F0CEFB6FF00400EEE71B681BB14A
:1027A80005B05DF804EB18471846E6E79303020006
:1027B8006CF20100A403020030B585B008B101B184
:1027C8006AB9134B01220293002312491846CDE936
:1027D800003314F0AEFB6FF0150005B030BD84680F
:1027E8000CB1E56865B90C4B012202930023094935
:1027F8001846CDE9003314F09CFB6FF00400ECE7B9
:1028080041F8040BE36805B0BDE83040184700BF45
:10281800C20302006CF20100A403020030B51346A3
:10282800044685B060B9194B0090CDE90103012237
:102838000346174914F07DFB6FF0150005B030BD55
:10284800006858B9134B0090CDE9010301220346F3
:102858000F4914F06EFB6FF00100EFE782680AB1D0
:10286800956865B90C4B0122029300230849184664
:10287800CDE9003314F05DFB6FF00400DEE70A4693
:10288800AC46616805B0BDE830406047EE03020021
:102898006CF20100FF030200A40302000020014BB8
:1028A800186070470000072030B50C460E4985B007
:1028B8000291D0F8AC110546CDE9003100F1E001F4
:1028C8004FF0FF3320460CF0C1F850B9012384F8CB
:1028D8006430D5F8A83123B1204605B0BDE83040B2
:1028E800184705B030BD00BF4B70010038B50C4625
:1028F8001146054614F0A7FB034638B92846044993
:1029080014F0A1FB03460020236038BD0120FBE73B
:102918003B2202002DE9F04F0123814605694668F4
:1029280085B005F56B77D7E8EF2F002A03D1C7E804
:10293800E13F0029F7D140F0B880B368B26A043BA0
:102948002632B3EB420F4FEA420126BFB3FBF1F345
:10295800B3FA83F300234FF0010428BFC3F1200327
:10296800013B9C4005F5E47800F09980102208218D
:1029780070689A4002EB4402043099400932C5F865
:102988006002063122F003020A44B16A01FA03FC2C
:10299800510001EB4C01C5F86412B16A994000EB93
:1029A8004103C5F858320333134423F00303C5F831
:1029B80054327368C5F85C42C5F850323C4B404607
:1029C800C5E9A963316800F0BBF9044630BBD9F802
:1029D80004A0D9F81090DAE9073409F5307B012B07
:1029E800584608BF103C18F001FB0023DAF8240011
:1029F80030494FF4806201EB80210093584623460A
:102A08000DF0A0F809F52C702B4918F0B1FADAF896
:102A1800140083685C681CB96FF05704002137E024
:102A28004B46264ADAF81810A04704460028F5D184
:102A3800DAF8140083681B69002BEDD00122DAF85C
:102A48001810984704460028E8D11D4B2846C5F8B9
:102A5800A8311C4BC5F8AC311B4B0393D5F8103289
:102A68000293D5F80832CDE90083D5F86832B26A06
:102A7800D5F8A81300F02CF904460028CED105F1AA
:102A8800E0000CF08FF80028C5F8B0030ADB02213B
:102A9800384614F00DFB204605B0BDE8F08F6FF006
:102AA8000B04BBE76FF01504B8E76FF07704F2E7A3
:102AB800A170010040A10020877001007B70010017
:102AC800D52A00000F720100E970010013B5044611
:102AD80040B100230122CDE90032074BD0E90912A9
:102AE8000BF068FFA36E1B6823B1E06E02B0BDE86F
:102AF8001040184702B010BD3B22020013B504462F
:102B08000846216901F56B71D1E8AF1F022910D180
:102B180093B1A0B10121CDE900311346D0E90912E2
:102B28000BF048FF074B984208BF6FF00B0002B04C
:102B380010BD6FF00F00FAE76FF04C00F7E76FF089
:102B48000100F4E72EF8FFFF2DE9F7438846154604
:102B5800066906F56B73D3E8AF3F022B5FD11368A4
:102B680023B96FF0150003B0BDE8F0831B78002B84
:102B7800F7D0D6F8A893B9F1000F33D106F5D87776
:102B88004FF0FF324FF0FF3338460CF029FE304645
:102B98002A6801A9FFF7AAFE019C1CB9384614F05F
:102BA80085FADEE705F10803A3666B6984F864908B
:102BB800E366E46360B1384614F078FA214630469B
:102BC800236E2A68FFF770FE0020C8F80040CAE7A5
:102BD8002022296804F1400018F048FD384614F016
:102BE80065FAF1E730460F4914F02DFA044600283B
:102BF800B7D005F1080383666B69C063C366002319
:102C080080F8643020222968403018F02FFD2246D1
:102C18000121304600F03EF80028D5D0A1E76FF03A
:102C28000F00A0E73B2202002DE9F04F05460E46B3
:102C380090460027D0F8B0A085B0AAF5AE7421461A
:102C48003046FDF783FFE0B9114BA4F1400B029326
:102C5800DAF810303246CDE9008329464FF0FF33C9
:102C68005846AAF5CE790BF0F1FE60B9702301221F
:102C780003FB079383F86420DAF80C300BB158464D
:102C88009847703417B105B0BDE8F08F0127D6E733
:102C9800717201001FB5144690B18AB1012912D191
:102CA8000A4B00F1E0010293D0F8AC3140320193B5
:102CB8004FF0FF33204600930BF0C8FE04B010BD60
:102CC8006FF01500FAE70020F8E700BF7172010005
:102CD8002DE9F04387B00E46DDE90E811446DDE9A3
:102CE80010251F4630B329B3DFF850C000F1E009C2
:102CF800002D08BF65469EB9CDE9034400F5CE74A2
:102D08002046059617F0A8FE03ABCDE900432A46F6
:102D18003B46414648460BF06BFF07B0BDE8F083E1
:102D2800002241460E9248462A4607B0BDE8F043C5
:102D38000CF088B86FF01500EFE700BF312C0000E9
:102D4800F0B50E46044689B000286FD0012302462C
:102D5800C3630023D0F89810364F403040F80C7CFD
:102D680042F8301FCDE901334FF0FF330093C36DB4
:102D780017F030F9304A06AB92E8030083E8030005
:102D880018460BF037FD0546D8B904F134000BF0AE
:102D980013FD0546A8B93946284805AA17F0F6F8DC
:102DA800054670B9059B9A6872B10C33D4F8940043
:102DB800C4F8A03014F089FAC4F8D40030B96FF020
:102DC8000B05284609B0F0BD0346EFE7D4F8940098
:102DD80014F07BFAC4F8D8000028F0D0D4F88C306E
:102DE800D4F8A010C4F8A8300423C4F8AC30C4F850
:102DF800C4300223A362124BB4F89420D4F8D470E0
:102E0800C4F8B810C4F8D010D4F89010236204F1B4
:102E1800A403A4F8B020C4F8A470C4F8C010A4F89F
:102E2800C820C4F8BC00A661E362CAE76FF01505C4
:102E3800C7E700BF29040200C0F301003304020001
:102E480024F401002DE9F84F81462F480F4614F06D
:102E58007EFA064670B92D4C0546A0464FF0010B88
:102E6800DFF8ACA0544507D3B9F1000F02D04FF0FA
:102E7800010AE5B9BDE8F88F237B73B12368DB68E5
:102E88000BB12046984723681B6943B9636804223D
:102E98002046196800F0C4F801361034E2E72046ED
:102EA80098470028F2D00BFA06F31D43F4E7A94629
:102EB80095FAA5F4B4FA84F40AFA04F3260108EBA7
:102EC80004146FEA030B25EA0305237B63B158F862
:102ED80006301B6993B94644736804222046196872
:102EE80009EA0B0900F09CF8002DE1D127B14FF455
:102EF800A47000210DF0EAF94D46BAE7204698473C
:102F08000028F1D1E7E700BFB42F0020ACF301009F
:102F1800BCF30100014B53F82000704748F401004E
:102F280008B5034608462BB1044A136000F07CFA42
:102F3800002008BD6FF01500FBE700BFE00000208F
:102F48000023054A4FF400411370044A04481360F3
:102F5800044A1360FFF7E4BF48740020AC2F002038
:102F680053730100B02F002070B50B4D297841B97B
:102F78000120FFF767FF094C094EB44202D3012331
:102F88002B7070BD63685B791BB1236820469B6812
:102F980098471034F1E700BF48740020ACF30100F3
:102FA800BCF3010010B50446064814F0D0F93CB152
:102FB800054BD3E8EF1F0139C3E8E21F002AF8D117
:102FC80010BD00BFAC2F0020B02F002070B50A4BF9
:102FD80005461B689847094C094EA860B44200D3BF
:102FE80070BD63685B7923B12368294620461B6856
:102FF80098471034F2E700BFE0000020ACF301006E
:10300800BCF30100044A054B9B1AB1EBD30F34BF44
:1030180052F83100002070471CF20100ACF30100A7
:10302800084B10B4C31A44681B1101332371436859
:103038009A7101224368196043685A715DF8044B1C
:1030480014F0A3B9ACF301002DE9F04F85B002AF3D
:103058000446D7E90EA90E46934698463D6BBAF149
:10306800000F33D0C7F80490CDF8009010215346D4
:1030780000207A6BFEF78AFE0146154A04F0070421
:103088000BF0070BE40044EA8B1402EA41221443D4
:1030980044EA055417350D4425F00705ADEB050D39
:1030A80002ADBAF1000F07D0CDF8009053467A6B05
:1030B80005F11000FEF76AFE4346224631462846CF
:1030C80014F066F90C37BD46BDE8F08F5146D4E7D9
:1030D80000FE0F000EB403B503AB53F8042B0146F2
:1030E8000448019314F096F902B05DF804EB03B0BC
:1030F800704700BFCB730100CA0605D48B064CBFCE
:1031080002490349FFF7E6BF704700BF3A220200B1
:10311800392202002DE9F04F8BB09A46DDE915738C
:103128009DF850B00693179B04460D46189E0892CA
:103138000593BBF1000F00F0858006F001030993A9
:1031480006F00803079314F021F906F00209024675
:10315800002847D020468449FFF7BCFF8046B9F1D4
:10316800000F08D016F0440F3ED12A4620467F496A
:10317800FFF7B0FF8044099B53B17D4B204653F8BD
:103188002B207C4B7C49002A08BF1A46FFF7A2FF78
:10319800079B002B54D0794B204653F82B207849B5
:1031A800FFF798FF0546089B2BB11A46204675493C
:1031B800FFF790FF0544BAF1000F05D052462046AC
:1031C8007149FFF787FF05444544002F48D1059B07
:1031D800002B4ED1F30700F1C08031462046FFF79F
:1031E8008BFFB4E08046BAE7684B18680028C1D066
:1031F800674B4FF47A791B684FF46161B5FBF3F5BF
:10320800B5FBF0F300FB135509FB05F5B3FBF1F231
:10321800B5FBF0FE4FF03C0C01FB123100FB1E55D4
:10322800B1FBFCF309FB05F5B5FBF0F50CFB13113D
:1032380020460091CDE901E55649FFF74BFF99E794
:10324800079DB0E7BAF1010F06D1002F65D1059BA4
:10325800002B7CD000250CE0002FF8D04E485DE014
:103268004E483B4622464E4913F017F9059B002B62
:1032780069D0DFF84081DFF84091059F3146102F73
:10328800204628BF10274FF0000AFFF735FF5545A5
:1032980046DC069B494620461A78FFF71BFF4FF08D
:1032A800010A1AF0070F03D141462046FFF712FF23
:1032B80057453CD9069B4946204613F80A20FFF794
:1032C80009FF0AF1010ABAF1100FEAD14FF0000A1A
:1032D80020463449FFF7FEFE5246069B20469A5C7C
:1032E800314B995C11F0970F08BF2E222F49FFF739
:1032F800F1FE0AF1010ABAF1100F1DD01AF0070FFA
:1033080003D141462046FFF7E5FE57455246E4D82B
:1033180041462046FFF7DEFEEBE720485D46A0E782
:1033280041462046FFF7D6FE0AF1010AAFE72046DC
:103338001F49FFF7CFFEC4E7069B3B440693059B56
:10334800DB1B059399D1BBF1000F7FF443AF2046F7
:103358000BB0BDE8F04F14F064B82046054A0649A2
:10336800FFF7B8FE39E700BF4D0402005104020020
:1033780058F4010048040200652302006CF40100BF
:10338800760402007C040200B4200200BC2F002056
:10339800B82F00205A040200E7730100CB73010024
:1033A8001D74010086040200331F02008804020015
:1033B800C81D0200CA1D0200800402002DE9F04168
:1033C8000F884B6805460C4690468E6886B0C7F352
:1033D80082175BB1134A9B1A43F3CF0100291FDB05
:1033E8002078C0F3C200FFF70DFE0346214651F8CE
:1033F800102B6088C2F34A22002A01EB020408BF9E
:103408000021C0F30B10CDE90308CDE90114002217
:10341800314628460097FFF77DFE06B0BDE8F081EB
:103428000023E3E71CF2010000210123064A904231
:1034380006D8064A01B901231360054B1860704786
:10344800012140085B00F2E740420F00B82F00203E
:10345800BC2F00200122014B1A70704749740020CC
:10346800014B002019607047D42F00200122024B25
:1034780002481A7013F0D5BF4A7400209CF401006A
:1034880010B5064B0C461868FFF744FD2146BDE809
:10349800104003460F220248184700BFD42F0020CF
:1034A8009CF40100F8B507460E460424174D324631
:1034B800394600200BF00CFDC8B101232B70144BCA
:1034C8001B782BB93046F8BD5CB92C704FF0FF342F
:1034D80000200BF071FD0028F4D02B78002BF3D1DD
:1034E800F0E7013C41F2883017F0E8FEF0E72B786E
:1034F80013B1013C04D12C702B78002BD7D1E1E714
:1035080041F2883017F0DAFEF6E700BF4974002070
:103518004A7400202DE9F84305464FF02003EFF3E5
:10352800118683F31288BFF36F8F4FF00C090D4B90
:103538000D4F1C68DFF834802CB986F31188BFF36F
:103548006F8FBDE8F883D4E90123002D18BF134617
:103558002BB198F8142009FB02F2B85C984724684C
:10356800EAE700BFF02F0020E42F002018690020B0
:10357800012270B5164B1C7D04F01F039A40D043FE
:10358800144B610903EB8103D3E8EF1F01EA00053F
:10359800C3E8E65F002EF7D10A4213D00E4B0F4D59
:1035A8008BB10C236343EA185178E85C13F0BBFC39
:1035B8000020FFF7AFFF0C235C4300232A192B518F
:1035C800C2E9013370BD83F31188BFF36F8FEFE752
:1035D80018690020F82F00202F6F0100E42F002029
:1035E8002DE9F041324B07461D7D4FF02003EFF3E4
:1035F800118883F31288BFF36F8F0C246C432D4B13
:103608002D4E195D1A19002947D007CA06EB040C7C
:103618008CE8070000221A5588F31188BFF36F8FD2
:103628000C236B43F05CF218A8B37B1C10D04FF44A
:1036380000400021D2F808C0204C0023ECFB0041D8
:103648001F4A2046FCF784FD0121381A06F000FCC9
:103658000CF082FD0120FFF75DFF1A4B6A0903EBAE
:103668008203012205F01F018A40D3E8EF0F1043BF
:10367800C3E8E10F0029F8D1134B3BB10C2303FB3E
:1036880005F033185978305CFEF78AFFFFF770FFB2
:103698000CF076FD0120BDE8F0810146284600F0D7
:1036A80015F80028B8D007C8344484E80700B3E701
:1036B80018690020D82F0020E42F00203F420F0077
:1036C80040420F00F82F0020A92500002DE9F04FF7
:1036D80085B00E4603A900F043F84FF400470446AE
:1036E8004FF0000B1B4B039DD3F800A0431E1BB2E9
:1036F80003EB4303DFF8648005EB830524B9A14697
:10370800484605B0BDE8F08FC446594668680023AE
:10371800E0FB07C1104A6046FCF71AFDC44659464B
:103728000190A8680023E0FB07C10B4A6046FCF73C
:103738000FFDBAF1FF3FA94601D0824505D9731C98
:10374800DED0019B1844B042DAD9013CA4B20C3D4A
:10375800D4E700BFE400002040420F003F420F00C2
:1037680008B9024B0B600020704700BFACF40100A1
:10377800F0B40C4B0C4E5F6A0C4BB34203D36FF0A2
:103788008500F0BC70475D68BD4209D31C693CB137
:1037980095F802C00579AC4502D12346F0BC18471C
:1037A8002433EAE7FC2F0020DC070020B8070020BC
:1037B8002DE9F04705460E461746124CDFF84880BB
:1037C800DFF84890444503D36FF08500BDE8F087E3
:1037D8006268D9F824309A4212D3A36983B19078E9
:1037E8002979884205D13A4631462846BDE8F0474E
:1037F80018475279012A03D13A4631462846984754
:103808002434DFE7B8070020DC070020FC2F002065
:103818002DE9F04105460E4617460A4CDFF8288088
:10382800444502D36FF0850009E063690BB924347D
:10383800F6E73A463146284698470028F7D1BDE8CA
:10384800F08100BFB8070020DC0700200022024BEF
:103858001A605A60704700BFB730002070B50B4B34
:103868000B4CA34201D3002070BD0022196A1E7FB1
:103878000439D5B2AE4201D82433F2E7013211F847
:1038880032508542F5D10120EEE700BFB80700208D
:10389800DC07002008B509480378C3F341130A334D
:1038A80050F823303BB100F1080200F110019847AD
:1038B800C043C00F08BD1846FCE700BFFC2F00201E
:1038C80010F0700F1FB500F07F030ED000240B4BD3
:1038D80003900293204623460122CDE9004408497B
:1038E80013F0ACFD204604B010BD10F0800F4FF06F
:1038F800010018BF10339840F5E700BFBE0402006E
:1039080094F3010030B585B0054615F0CBFA10F1F7
:10391800780F044616D1134B022202930023124952
:103928001846CDE90033039513F088FD2846FFF7C4
:10393800C7FF0E4A0024D2F8C43023EA0003C2F8B5
:10394800C4300CE00028F1D0094B01220293002377
:1039580005491846CDE90033039513F06FFD20465D
:1039680005B030BDD904020094F30100FC2F0020FB
:10397800FA04020004282DE9F74F04460F46DFF841
:10398800A09015D001282FD1DFF8908098F8B93091
:1039980053B300F0F9FE204D4D4522D24FF0000AF6
:1039A8002A6A2B7F5FFA8AF6B34204D82435F3E7F4
:1039B800FFF74CFFE8E702EBC6063079019215F0F5
:1039C80071FA83463079FFF77BFFD8F8C430BBF132
:1039D800000F23EA0003019AC8F8C4300AF1010A6B
:1039E800DFDA002388F8B9300B4D4D4508D30B4B6F
:1039F8001B6A6BB13946204603B0BDE8F04F184743
:103A0800EB681BB13A462146284698472435ECE72F
:103A180003B0BDE8F08F00BFB8070020FC2F0020DE
:103A2800DC07002070B5C4B286B063060D468DF879
:103A3800174007D02046FFF711FFD8B1194B93F86C
:103A4800BA00B8B1174E0394B5B1174B03220293CD
:103A5800002316491846CDE9003313F0EFFC9DF812
:103A6800170004F0D3F8F3691BB108200DF1170112
:103A78009847012006B070BD0D4B03222846CDE9BA
:103A880001530A492B46009513F0D8FC9DF81700FE
:103A980004F0F4F8F369002BEBD009200DF11701BD
:103AA800E6E700BFFC2F00201C05020094F301008C
:103AB8002F05020070B50446807886B08DF8100096
:103AC80023796279324D43EA0223ADF81230E37864
:103AD80003F003038DF81430FFF7F2FED5F8C43075
:103AE800064618420CD0A478204600F02FFE204647
:103AF800FFF708FF17F001F910B996200CF000FC49
:103B080004A804F04FF810F1780F9DF8103027D171
:103B18000393204B0222029300231F491846CDE944
:103B2800003313F08BFC9DF8100004F0E3F810F15B
:103B3800780F25D19DF8103002220393174B1649B0
:103B4800029300231846CDE9003313F077FC0120D7
:103B5800D5F8C43085F8B9003343C5F8C4300DE052
:103B68000028E0D003930E4B02930023012218464D
:103B7800CDE90033084913F061FC002006B070BDA0
:103B88000028E4D09DF810300393064BECE700BF03
:103B9800FC2F00204405020094F301008B0502006D
:103BA80067050200AB0502002DE9F047924D044677
:103BB800AB690E461746C3B9207800F01F000128EC
:103BC80076D0022800F0DC8000BB94F900103A6837
:103BD800002963782EDA062B0CD0082B25D0ABB938
:103BE800537001231370022303E198470028E3D19F
:103BF80000200DE06388190A0A1F012A8C4605D99E
:103C0800072903D8DAB26B6A1C781CB96FF0150063
:103C1800BDE8F0875D78654503D1824200F0E48015
:103C280001302344F0E71B78E3E095F8BA301370CD
:103C38000123DEE0052B11D0092BE7D163886E6ADA
:103C4800002B32D1FFF702FE638885F8BA30EB69A2
:103C5800002BCDD0032069499847C9E7A07803F025
:103C68005DFF0028C4D0D1E77378042B10D0052B52
:103C780011D0022B04D177796388BB4208BF012099
:103C880033781E443378002BEED10028BED0D9E714
:103C980096F80380F4E76388BB42F1D1B8F1000FCE
:103CA800EED13046FFF706FFEAE7FF27B846E9E717
:103CB80095F8BA30D7F800C0002BA7D06F6AA28851
:103CC8003B4694F804E0187800289FD059780229D8
:103CD80004D193F80480F04500F292800344F2E79F
:103CE8008CF800308CF80130316081E71F4493E094
:103CF8000B2B8BD100264FF0FF08B246C14606E0D9
:103D08007B78042B0FD0052B21D03B781F443B78C0
:103D1800002BF5D1EB6913B1514607209847002EC7
:103D28007FF466AF72E797F80280A38897F803904C
:103D38009845EAD163889945E7D1B8F1070F1CD8AF
:103D480005EB0803BA46012683F8BB90DDE7A38894
:103D58004345DAD1A3784B450AD0BE78304600F007
:103D6800F5FC3046FFF7CEFDB0FA80F67609CCE7D1
:103D78003846FFF79FFE0646C7E7BA460026C4E75F
:103D880094F900206378002A18DA002B7FF43EAFFC
:103D980024793F6863060AD02046FFF75FFD0028B4
:103DA8003FF434AF95F8BA30002B3FF42FAF3946C3
:103DB800204603F083FF00237B7014E7012B08D013
:103DC800032B7FF423AF6388002B7FF41FAF0121FF
:103DD80003E0618800297FF419AFA088FFF722FE6D
:103DE80000287FF405AF11E702293B607FF41BAF81
:103DF8005B883360FCE600BFFC2F0020B630002053
:103E080094F9000063780028BFF672AF002B3FF4E6
:103E180067AF0A2B7FF4FAAE3B78002B3FF4F6AE7F
:103E2800797804297FF462AFB9788A427FF45EAF6B
:103E3800072A8EBF0023521992F8BB308CF8003045
:103E4800F6E600BF2DE9F04F05460F469046994625
:103E580004264FF0000ADFF840B085B04B464246D2
:103E68003946284603F070FF10F10B0F04460DD1B8
:103E7800002302221846CDE902B5CDE900AA05497A
:103E880013F0DCFA0CF0A0F9013EE7D1204605B0AA
:103E9800BDE8F08F94F30100CC05020013B5134C74
:103EA800237DCBB9E26801AB8020A1680192FFF7BE
:103EB800C9FF019AA3681344A360E3689B1AE360EF
:103EC80043B93AB12369E2889A4203DD9B0601D1DE
:103ED8000123237502B010BD002380201A4619461D
:103EE800237502B0BDE8104003F02EBFFC2F002060
:103EF800002370B588B00D4606460593002866D1A4
:103F080000293ED10B46082206A914F0E4FF002838
:103F180004DA802003F07AFE08B070BD314C069AAE
:103F2800C4E903552260079ABDF81E30626004F1A7
:103F38003802A2609DF918202575002A14DB802B11
:103F48000ED9294B01222846CDE9015327492B4692
:103F5800009513F073FA802003F058FE2846D9E73D
:103F680013B1C4E90333D7E7FFF794FC0028D0D096
:103F7800E28823699A42D4BFE260E360FFF78EFFCC
:103F8800CAE7184C05ABD4E90212002A05DC024640
:103F980014F0A1FF0028BFDABBE714F09CFF00284B
:103FA80004DA802003F032FE3046B3E7059AA368AE
:103FB8001344A360E3689B1AE360002BACD104F1BF
:103FC8003803A360FFF766FC0028D7D1A1E7802853
:103FD800A2D1044BDA68002AD0D11B7D002BCDD1A9
:103FE8009AE700BFFC2F0020F305020094F30100BC
:103FF800054B064A58629A62054A0020DA62054A69
:104008001A63054A9A617047FC2F0020B13B0000F3
:104018007937000019380000B93700001FB50D4B7B
:1040280093F8B8409CB900F0F3F8034658B90A4A27
:104038000090CDE901020949012213F0FFF94FF080
:10404800FF3004B010BDFFF7D3FF2046F9E76FF04B
:104058007700F6E7FC2F00200C06020094F301001D
:104068002DE9F041044686B03F4D4FF0FF324FF046
:10407800FF333E480BF0B4FB95F8B86096B13C4B63
:104088000222029300233B491846CDE9003313F07E
:10409800D5F96FF0770435480BF01CFC204606B0C4
:1040A800BDE8F08134482C62E86103F0A5FF03F015
:1040B80003FD041EEFDB00F08BFB041EEBDB40234B
:1040C80004A8ADF812308DF814608DF8106003F074
:1040D80069FD041EDFDB802704A88DF8107003F04B
:1040E80061FD041ED7DB3046244903F071FF041E2E
:1040F800D1DB3846214903F06BFF041ECBDB204C93
:10410800DFF8808044451AD3002003F0F3FD041E35
:10411800C1DBD5F8C430802043F00103C5F8C430B2
:1041280003F0E8FD041EB6DBD5F8C430002443F4E0
:104138008033C5F8C430012385F8B830ABE70026D2
:10414800276A227FF3B29A4201D82434DAE707EBD0
:10415800C30257F83310107903F03AFF01360028EC
:10416800EFD04FF0FF3496E7FC2F00207C050020AD
:104178003106020094F301007D390000F93E000089
:10418800B8070020DC07002030B51F4B8BB005AA0C
:1041980003F11005144618685968083303C4AB4284
:1041A8002246F7D11B7810222370002101A817F0AE
:1041B800A8F912220021154817F0A3F9102101A827
:1041C80014F0EBFF00281BDD0828B8BF082001AB5E
:1041D80009381A1800200D4912F8013F0AAC04EBFF
:1041E800131403F00F0328336B4414F8144C13F81A
:1041F800143C013008280C704B7001F10201EBD11E
:1042080002480BB030BD00BF5F0602004C740020AE
:104218002DE9F04F7F4C89B000264FF0011BB246C4
:104228003546374623783BB97B4B02349C42F3D161
:10423800784809B0BDE8F08F6378052B05D8DFE82A
:1042480003F0A30403A30739274623781C44E9E7AE
:10425800E378002BF9D1A3781BB30AF1010A5FFABE
:104268008AFAF2E76B689C421DD024356B4B9D425D
:10427800F8D36B4B0122029300236A491846CDE913
:104288000033039413F0E9F80024674B20460293A7
:1042980001222346CDE90044624913F0DEF82046A6
:1042A800C7E7624DE2E7AB68002BD6D051462046FF
:1042B8009847D2E7002D64D15D4B0095CDE90153B5
:1042C8002B4601221846574913F0C7F8DCE72A6A3B
:1042D80094F802C002EBC3021079844509D0013377
:1042E8002A7F9342F3D3534B02930023CDE9003343
:1042F800E7E74FF00108E0785FFA88F900F003007B
:104308008DF81C00207994F805C040EA0C20ADF81F
:104318001A0094F90200002826DA08F1100001FAC0
:1043280000F010EA0B0F26D149F080008DF8180034
:1043380006A8CDE9043203F003FCDDE904320121CB
:10434800C8B99DF8183013F0800FA37013710B468D
:104358001DBF09F110095FFA89F901FA09F303FA97
:1043680008F34BEA030B70E701FA08F010EA0B0FA9
:1043780001D14846DAE708F10108B8F1100FBAD1BF
:10438800ADE700230121ABE7032E29D1FFF7FCFE9F
:10439800804670B1FCF7E4FB58B1102815D0264BC5
:1043A8000122029300231F491846CDE9003313F078
:1043B80054F86FF002012378091BE21804EB530349
:1043C800D14216D50136F6B23FE74046A31C08F1A4
:1043D800100250F8041B904243F8041BF9D1E8E797
:1043E800002EE6D177B9154B0097CDE901733B460E
:1043F80067E74FF0000002F8010C13F8010902F812
:10440800020DDDE7E31BBB70C3F30723FB7087F8DE
:1044180004A0D7E7D8060020B7070020DC07002053
:10442800700602008CF3010056070200B80700204E
:1044380090060200D1060200EE06020039070200CB
:10444800094B00211A4610B51C78844205D15C68D6
:104458001CB1482303FB012010BD0131042903F1DD
:104468004803F1D10020F7E7C43000202DE9F041DE
:1044780050F8303C0446103310F8345C88B011D141
:10448800036950F8282C13F0020648D002BB13F039
:10449800040304D11A4619462846FFF7D3FC002323
:1044A80044F8303C54F8303C10330ED054F8206CAB
:1044B8005EB154F8247C54F81C8C16F01EFC0028BD
:1044C8005FD02146344816F080FD08B0BDE8F08181
:1044D80050F82C1C07AB2846FFF7B4FC70B12F4BE3
:1044E800CDE9030502930023CDE9003318460122E4
:1044F8002B4912F0F0FF6FF01503D1E7079A54F833
:104508002C3C134444F82C3C54F8283C9B1A44F89F
:10451800283C54F8243C134444F8243CC2E750F89F
:104528002C1C07AB284603F0A3FC38B11B4BCDE984
:104538000305CDE9016300963346D7E7079E54F893
:104548002C3C334444F82C3C54F8283C9B1B44F83E
:10455800283C54F8243C334444F8243C002E9ED094
:10456800284603F04FFDB6FBF0F303FB1066002E60
:1045780095D154F8283C002B91D0284603F0D6FC5E
:1045880090E744F8200CA4F118000BF011FA424609
:1045980039462846B04798E7980B00208407020060
:1045A800A4F3010070B54B1E012B06460D4686B0DC
:1045B80018D8FFF745FF0446B0B9012D12D105AB55
:1045C800012230460DF1130103F052FC059B002B2C
:1045D800F5D10F4A1846CDE901320E490122009360
:1045E80012F079FF06B070BD16F087FB04F13401B4
:1045F80008B1012D05D1084606B0BDE87040FFF7A7
:1046080035BF054806B0BDE8704016F0DEBC00BFF7
:10461800A1070200A4F30100980B00202DE9F04F38
:1046280087B0064617469846049112F064FF044680
:1046380000287BD14FF02003EFF3118283F3128817
:10464800BFF36F8FDFF8FC900592002300224846E5
:104658000BF0D4F90346C8B94FF0480C0CFB04FC26
:10466800DFF8E4A00AEB0C0BDBF8045015F1100F8F
:1046780026D1304A3049CDE9010203960122009043
:1046880012F029FF48460BF093F910E00134042C8E
:1046980009F14809D9D1294B01220293002326495F
:1046A8001846CDE9003312F016FF6FF00B05059B95
:1046B80083F31188BFF36F8F284607B0BDE8F08FEA
:1046C800109B049ACBF81430119BCBF81000CBF850
:1046D80018306FF00F033046CBE902270AF80C6058
:1046E800CBF84480CBF8043003F08CFC68B130463A
:1046F80003F088FCB7FBF0F303FB10772FB1DBF86E
:10470800443043F00403CBF8443018F0020F08D0CB
:10471800482303FB04A10A48343116F056FC00254F
:10472800C5E7304603F002FC0546C0E76FF00F0509
:10473800C2E700BFD6070200A4F30100BB070200CE
:10474800980B0020E0300020C430002010B54FF056
:104758002003EFF3118483F31288BFF36F8FFFF701
:104768006FFE50B14368103307D16FF08B0300F12F
:1047780034014360034816F028FC84F31188BFF322
:104788006F8F10BD980B002070B504250E4C4FF0AC
:104798002003EFF3118683F31288BFF36F8F6368EA
:1047A800103307D16FF08B030848636004F13401BC
:1047B80016F00BFC86F31188BFF36F8F013D04F1EF
:1047C8004804E4D170BD00BFC4300020980B00201D
:1047D80070B50025094C0A4E3146204616F0C8FB34
:1047E8000122A4F118001146013516F03EFB042DF4
:1047F80004F14804F0D1002070BD00BFF83000205B
:10480800754400000123016981F84B300B6833B10E
:1048180091F849301BB10248083116F0D6BB7047F1
:10482800980B00200123016981F84A300B6833B1E5
:1048380091F848301BB10248083116F0C6BB7047E2
:10484800980B0020F0B5D0F88C3005465B6885B031
:104858001B6A1F7D384612F04EFE0646E0B94FF43B
:104868008062A86F03A912F00CFB0446A0B183066E
:10487800A5F1180385F830600193084B08BF00F1D3
:10488800FF3403990093224602233846FFF7C6FEF9
:104898002146A86F12F011FB05B0F0BDE5480000F5
:1048A800002103460C4AA0F84810106883F89C10B1
:1048B800C3F8940090889279A3F8980083F89A2016
:1048C80083F89B104022A3F89E1083F8A01003F1F0
:1048D8004C0016F016BE00BFDCF30100012310B532
:1048E80082F84830136814463BB192F84A3023B135
:1048F8000A4802F1080116F068FBD4F890301A69EA
:104908009B689A4208D004F118010022BDE81040C3
:10491800002302480BF08CB910BD00BF980B002093
:1049280030B5046987B094F89E308DF8171013B12C
:1049380094F89F305BB11F4B032202930023CDE90B
:10494800003318461C4912F061FE07B030BD012241
:10495800D4F8900084F848300DF1170112F072FA7B
:104968000546F8B9154B0322CDE901031249034660
:10497800009012F04BFE01222946D4F8900012F064
:10498800B1FA30B90E4B012202930023CDE900336E
:10499800D7E70122D4F890000DF1170112F052FA6E
:1049A8000028EFD02122002304F1180105480BF05C
:1049B8003FF9CAE70C08020084F301002C08020042
:1049C8004B080200980B0020F0B50669154696F8CA
:1049D8009E3085B013B196F89F7077B10024154BBF
:1049E8000222029320462346CDE90044124903954A
:1049F80012F00CFE204605B0F0BDD6F8900086F8FF
:104A0800487012F01FFAA84204460BD20B4B2D1A1D
:104A1800CDE9017302223B463846074903950097C2
:104A280012F0F4FD0022002306F1180104480BF0EF
:104A3800FFF8DFE76208020084F30100940802002F
:104A4800980B00201FB5014604460A4812F02DFDB8
:104A5800034650B9084A0949CDE9010203940222E4
:104A6800009012F0D3FD04B010BD012200F8072C0D
:104A7800F9E700BFE4310020B508020084F3010023
:104A88007FB504460E4601791B48154612F000FD15
:104A9800034668B9A28819490392194A0090CDE9DA
:104AA8000102022212F0B2FD6FF0120004B070BDD4
:104AB80094F900106278002916DB202A04D0222AF3
:104AC8000ED06FF08500F1E72A68116840F8101CD5
:104AD800918820F80C1C927900F80A2C0020E5E750
:104AE800628800F8092CF9E7212AEAD1A0F110031D
:104AF8002B6007233360F1E7E431002084F30100E1
:104B0800DB080200F0B50D1E0646144685B002F11A
:104B18004C072EDD2A463946D4F88C0012F092F95B
:104B2800A8420BD2184B2D1A0293002301221846D3
:104B3800CDE900331549039512F068FD012384F887
:104B4800493023683BB194F84B3023B1104804F145
:104B5800080116F03AFAD4F88C104B684A699A1A88
:104B6800CB699B1A3F2B04D8012384F8A03005B0E9
:104B7800F0BD084B4022009339460123304601948A
:104B8800FFF74CFDF3E700BF9408020084F301002F
:104B9800980B00200D4B0000F0B506460D4685B079
:104BA8000146464812F069FC044658B9444B0222B3
:104BB800CDE90103434903460396009012F026FD10
:104BC80005B0F0BD064656F8A439691E5F68052988
:104BD800F6D801A353F821F0654C0000C94B00003A
:104BE800F94B0000514C0000714C00008D4C000046
:104BF800354B34490293002303221846CDE900338C
:104C080012F004FD14F8061C39B93B6A3246187BC9
:104C1800FFF778FF012304F8063C14F85C3C002BEE
:104C2800CED1012304F85C3C54F8A43C002BC7D037
:104C380014F85A3C002BC3D02448A4F19C0105B0B9
:104C4800BDE8F04016F0C1B9214B032202930023BE
:104C58001C491846CDE9003312F0D8FC304605B09F
:104C6800BDE8F040FFF71CBE1A4B03220293002355
:104C780014491846CDE9003312F0C8FC012304F8A2
:104C8800053C9DE70025144B0322029328462B463A
:104C9800CDE900550B4912F0B9FC14F8053C002B7E
:104CA8008ED00E4B0322CDE9015328462B460549E9
:104CB800009512F0ABFC04F8055C81E7E4310020B4
:104CC8000209020084F3010023090200980B002066
:104CD80035090200490902005A090200690902005F
:104CE800002310B50469C4F8A8300C4BC4F8A4001C
:104CF800596804F1A80269B9C3E9002204F108005F
:104D0800074916F035F904F11800064916F074F948
:104D1800002010BD0A605A60F0E700BFE4310020AF
:104D2800297501004D48000030B54FF40033426842
:104D3800056942F2A10085B0CDE90103002385F899
:104D48009D30106AADF80C100A22007901A9FFF70E
:104D580079F8054C95F89D3023B9012016F0AEFA84
:104D6800013CF7D105B030BDA186010037B500245C
:104D7800084D4FF0FF334FF48062284606490094EF
:104D88000AF0E0FE0549284615F0BDFF204603B0AD
:104D980030BD00BF980B002040A500208F090200FD
:104DA80001480EF015BC00BF00F5010038B50446F7
:104DB80018B90F4B0F485B6898476168B1F5683FB1
:104DC8000FD0B1F5680F0CD00B4DA94209D011F4E2
:104DD800686107D02146094815F066FF0023236063
:104DE800656038BD1422206816F08BFBF8E700BF19
:104DF80054030020980902002C5F5CA9EC360020BF
:104E080008B560B34368B3F5683F0ED0B3F5680FD3
:104E180018D0144A934220D000684FF0FF324FF068
:104E2800FF330AF0DDFC58B115E001220368D3E82E
:104E3800EF1F002903D1C3E8E02F0028F7D10AD1DA
:104E4800002008BD0368084A1B7803F5807352F8F0
:104E58002330002BF4D00548F3E70548F1E76FF459
:104E6800E040EEE72C5F5CA900000350E98FFFFFEC
:104E7800EA8FFFFF08B520B34368B3F5683F09D050
:104E8800B3F5680F13D0114A93421DD000680AF099
:104E980021FD14E000220368D3E8EF1F012903D1A4
:104EA800C3E8E02F0028F7D109D0094808BD002140
:104EB8000368084A1B7803F5807342F82310002022
:104EC800F4E76FF4E040F1E70348EFE72C5F5CA9F3
:104ED800E98FFFFF00000350EA8FFFFF10B504467B
:104EE80018B91D4B1D485B6898476368B3F5683F60
:104EF8002FD0B3F5680F2CD0194A934219D12368E3
:104F080003BB4FF0FF324FF0FF33214615480AF03C
:104F18005BFB08B923681BB90F4B13485B689847BC
:104F280014220021206816F0ECFA4FF468636360DD
:104F380008E0B3F5683F0DD83A2B03D040F6BA62C3
:104F48009342DED1206815F0F4FE636843F03A031B
:104F5800636010BD054AF3E7540300209809020076
:104F68002C5F5CA9EC360020BE0902003A00003A2A
:104F780008B5064940231422054815F086FEBDE809
:104F88000840044904480EF0E7BB00BFEC3100209C
:104F9800EC36002008F501001CF50100014910223B
:104FA8000A60704710ED00E072B6404080F3118847
:104FB800BFF36F8F01B5FDF7AFFA002802D0BFF33A
:104FC8004F8F30BFBDE8014062B6BFF36F8F7047A7
:104FD80072B6494081F3118801B5FDF79DFA0028A2
:104FE80002D0BFF34F8F20BFBDE8014080F3118886
:104FF80062B670472DE9F04780460D468CB000290F
:1050080077D000248B68012205934B6820460493CF
:105018000B683B4903933B4BCDE90044029323467D
:1050280012F099FB6B69012205932B6920460493C2
:10503800EB6833490393344B0094CDE9014323468D
:1050480012F089FBEB6901220393304B2046CDE92E
:1050580001432B492346009412F07DFB2F46264638
:10506800DFF8B490DFF898A0D7ED0B7AFCEEE77A7A
:10507800E31C0993CDED0A7AD7ED0A7AFCEEE77ABC
:10508800A31C0793CDED087AD7ED097AFCEEE77AF1
:10509800631C0593CDED067AD7ED087A0023FCEE64
:1050A800E77ACDE90294CDED047A012251461846FB
:1050B800CDE90066043412F04EFB102C07F11007FE
:1050C800D2D12B6E01220393114B0D49CDE9016317
:1050D80000230096184612F03EFBAB6901220393A9
:1050E8000C4B0749CDE9016300230096184612F0DE
:1050F80032FB294640460CB0BDE8F0470AF0EAB852
:105108003CF30100EB0902001A0A0200490A0200F6
:105118009B0A0200AA0A0200580A020040B20028AC
:1051280007DB01234109034A00F01F00834042F8CE
:105138002130704700E100E040B200280CDB01227A
:105148000649430900F01F008240203341F823201C
:10515800BFF34F8FBFF36F8F704700BF00E100E0D0
:10516800054B420953F82220012300F01F0003FADF
:1051780000F01040704700BF00E100E040B2002896
:1051880001F10101ACBF00F16040064B4FEA41114B
:10519800C9B2ABBF00F5614000F00F0080F8001302
:1051A8001954704714ED00E030BFFFF7FDBF00BF92
:1051B800144A08B5144B22F07F029A60BFF34F8F50
:1051C800BFF36F8FD3F8882022F47002C3F88820C9
:1051D800D3F8882042F4A002C3F888204FF0404258
:1051E800C3F83422BFF34F8FBFF36F8F0023E1EE74
:1051F800103A0AF013F90BF015F900F0C9FB0AF0A0
:105208004DF900BF0000000000ED00E0094A0A491E
:10521800936809689867D96708494B6843F08053D1
:105228004B60002383F31188BFF36F8F9368D86FA7
:10523800704700BF18690020C8F7010000ED00E0C2
:1052480022498A6882F8C1E04FF030001044EFF339
:10525800098C80E8F01F1EF0100F03D102F18000C6
:1052680080EC108A202080F31288BFF36F8F184FCC
:105278004FF000660A6A8A603E6092F9C1E0906F5A
:105288000023936780F311881EF0100F03D00023CA
:10529800E1EE103A03E002F1800090EC108AEFF39F
:1052A800148323F0040383F31488BFF36F8F02F190
:1052B800300090E8F01F8CF3098802F1000004B573
:1052C80012F068FABDE80440704700001869002031
:1052D80004ED00E01EF0040F0CBFEFF30880EFF3BD
:1052E8000980816911F8021C0229FFD001B512F06A
:1052F80042FA01BD42F8203C009B0D4942F81C3C93
:10530800019B21F0010142F8183C029B42F8081C5D
:1053180042F8143C4FF0807342F8043C0023836742
:105328004FF47D43203A0265C0F8C030704700BF93
:10533800676501000023E1EE103AEFF3148323F0D0
:10534800040383F31488BFF36F8FBFF36F8F094B88
:105358009860836E83F30B88104681F309880021D7
:1053680063B681F31188BFF36F8F0022002311F019
:10537800F6F800BF1869002001B572B60B4AD0696B
:1053880000281EBF0021D16115F0C4FC62B6EFF3FE
:105398000580A0F110004FEAC0000549014409C981
:1053A8009847BDE8014003490847000018690020F4
:1053B80080EF0100C1530000044B9968186A8842C5
:1053C80003D003494FF080520A60704718690020E3
:1053D80004ED00E0F0B50024414B85B00293074688
:1053E80023460E4601222046CDE900443D4912F0ED
:1053F800D5F93D4B9B6ADD066FD53C4B2046CDE980
:105408000143012223463749009412F0C7F91120BD
:10541800354B9B6A1C070AD5354B012202930023A2
:1054280030491846CDE9003312F0B8F912202E4D54
:10543800AB6A99071FD500242E4B01220293204600
:105448002346CDE90044274912F0A8F96B6BAA6AF4
:1054580012060FD50393284B0122CDE901432046BC
:1054680023462049009412F099F91FB1AB6A23F042
:105478008003AB6213201C4B9B6ADD070AD51F4BC8
:1054880001220293002317491846CDE9003312F090
:1054980085F91420144B9B6A9C060AD5184B0122E7
:1054A800029300230F491846CDE9003312F076F92C
:1054B80015200D4B9A6AD10658BF9A6A9A6A9206C5
:1054C80042BF5A6A22F400525A629A6A42F0FF02B4
:1054D8009A620023337005B0F0BD102098E700BF32
:1054E800D80A02003CF3010000ED00E0EE0A0200D9
:1054F800210B0200340B02004C0B0200620B02006D
:10550800810B0200F0B50024434B85B00293074697
:1055180023460E4601222046CDE900443F4912F0B9
:105528003DF93F4B9B6ADB0465D53E4B2046CDE9F0
:105538000143012223463949009412F02FF917201C
:10554800374B9B6A1D050AD5374B0122029300236E
:1055580032491846CDE9003312F020F91820304DB1
:10556800AB6A9C051FD50024304B012220460293CC
:10557800CDE900442346294912F010F9AB6BAA6A19
:1055880010040FD503932A4B0122CDE9014320468D
:1055980023462249009412F001F91FB1AB6A23F4A3
:1055A8000043AB6219201E4B9B6A59050AD5214B53
:1055B80001220293002319491846CDE9003312F05D
:1055C800EDF81A20164A936A13F4807315D01A4B13
:1055D80001220293002311491846CDE9003312F045
:1055E800DDF81B200E4A936A43F47F43936200233D
:1055F800337005B0F0BD1620A2E7926A9204F1D587
:105608000E4A1846CDE9013204490122009312F0EE
:10561800C5F81C20E6E700BFB00B02003CF3010010
:1056280000ED00E0C60B0200210B0200D70B0200C0
:10563800F00B0200050C0200200C0200810B020096
:105648001FB500243E4B3F490293012223462046C2
:10565800CDE9004412F0A2F83B4B9B6A99016DD545
:105668003A4B2046CDE901430122234635490094AF
:1056780012F094F81E20344B9B6ADA010AD5344B99
:105688000122029300232F491846CDE9003312F076
:1056980085F81F202C4B9B6ADB020AD52D4B012273
:1056A8000293002327491846CDE9003312F076F813
:1056B8000220254B9B6A1C030AD5274B0122029323
:1056C800002320491846CDE9003312F067F821205D
:1056D8001D4B9B6A59030AD5204B012202930023D4
:1056E80018491846CDE9003312F058F82220164B15
:1056F8009B6A9A030AD51A4B012202930023114987
:105708001846CDE9003312F049F823200E4B9B6A66
:10571800DB030AD5134B01220293002309491846DB
:10572800CDE9003312F03AF82420074A936A6FEA69
:1057380003436FEA1343936204B010BD1D209AE738
:10574800380C02003CF3010000ED00E0500C0200B0
:10575800630C02007D0C0200A70C0200C50C0200BD
:10576800EA0C0200040D02002DE9F041714B0646D7
:105778005F68A2B00023C7F3080483F31188BFF35E
:105788006F8F02F07F40B0F17F4F0CD102F00C0018
:10579800082819D1684A1846CDE90132674901221B
:1057A800009311F0FBFF00252E464FF00008E31E82
:1057B8008DF81F80092B00F2A480DFE803F00B9816
:1057C8009C94A2A2A2A2A2A0120746BF0E461D4602
:1057D8000125EAE75A4B0122CDE901830023574905
:1057E8001846544FCDF8008011F0D8FF8DF81F806F
:1057F800FC6A14F0020405D0524BCDE90183CDF8C0
:10580800008006E0FB6A002B0BDA4F4B0094CDE9D1
:105818000143002301221846484911F0BFFF002424
:1058280039E0FB6A5B00FAD5484B0122CDE9014318
:10583800204623464149009411F0B0FF7B69B269C4
:1058480043F480737B61BFF34F8FBFF36F8F7B6926
:1058580032F8022C23F480737B61BFF34F8FBFF3C0
:105868006F8F4DF602739A4208D0BB6ADBB263B3FE
:1058780001200DF11F01FFF7ADFD36E0336820462A
:105888000393334B0094CDE90143012223462B496E
:1058980011F084FF34689DF81F309BB968223146A7
:1058A80008A815F0F4FD0F9B002D3ED0C3F30802A5
:1058B80022B96FEA53236FEA43230F93204608A9BE
:1058C800FFF798FB22B0BDE8F081BB6A13F47F4F65
:1058D80005D001200DF11F01FFF714FE05E0BB6A9A
:1058E800B3F5803F9BD3FFF7ABFE0446D3E7002018
:1058F8000DF11F01BFE700200DF11F01ECE7154B6B
:105908007BE7154A17F4F87F144B18BF1346103C71
:10591800CDE90334124B01220293002307491846AC
:10592800CDE9003311F03AFF79E723F4FF7323F050
:105938000103C2E700ED00E05D0D02003CF3010049
:10594800880D02009F0D0200C00D0200CE0D02005E
:10595800ED0D0200090E0200440D02002F0D020099
:105968002D0E0200044B5A6942F010025A615A691E
:1059780042F480625A61704700ED00E0EFF308805E
:10598800EFF3098101B57246FFF7EEFE01BD00BFD6
:10599800002320210348C2180133452B82F8001345
:1059A800F9D1704700E100E0002080F31488BFF3CC
:1059B8006F8F002080F30A8880F30B88FCF7CEFEF7
:1059C800002011490860BFF34F8F104880F3088802
:1059D80000F044F8202080F311880D484FF0AA0108
:1059E8004FF4006215F0C4F809484FF400614018FC
:1059F80080F30988EFF314800221084380F31488A8
:105A0800BFF36F8FFFF7D4FB94ED00E000E70020B1
:105A1800C0D30020BFF34F8F0549064BCA6802F474
:105A2800E0621343CB60BFF34F8F00BFFDE700BFB9
:105A380000ED00E00400FA05002318460649D1F8F5
:105A48009020C2F30722934200DB7047C1F89830D8
:105A5800C1F8A0000133F6E700ED00E010B572B61A
:105A6800002484F31388FFF7E7FF23464FF0FF3045
:105A78000C4A03F120010133102B42F82100F8D120
:105A880000234FF0FF30074A03F160010133102B68
:105A980042F82100F8D162B6BFF34F8FBFF36F8F82
:105AA80010BD00BF00E100E0084B9B6883420BD1AA
:105AB800EFF3058343B1064B5A6842F080525A60AF
:105AC8005A6A22F400425A620AF03ABC1869002065
:105AD80000ED00E01FB5094C094A23460121094899
:105AE80000F018F900230393074B0121E41A01A8D9
:105AF8000193029400F018F904B010BD00000720CB
:105B0800000000202CF50100E007002010B50C7AF9
:105B18000B6804F01F0223F01F031A43CB686409C3
:105B280023F01F03054943EA440343F00103C1F886
:105B38009800C1F89C20C1F8A03010BD00ED00E02D
:105B480007281FB504460FD9094B03900293002379
:105B580001221846CDE90033064911F038FE6FF0EE
:105B68001504204604B010BDFFF7D0FFF9E700BFC9
:105B7800440E02008CF201002DE9F04F89461446CC
:105B880006464FF00008544D89B0C8452DDAD6F8BE
:105B980004A0BAF1000F4AD0BAF11F0F17D91AF0B2
:105BA8001F0F14D1D6F800B01BF01F0F0FD15846A5
:105BB80011F004FE07460AEB0B00013811F0FEFD58
:105BC800874216D06FF01507444B039702E0444B09
:105BD800CDF80C800293002301221846CDE900334A
:105BE800404911F0F4FD6FF01504204609B0BDE8F6
:105BF800F08F17F1160FE7D0BC42E5DDC5F89870B5
:105C0800D5F89C10C5F89870D5F8A03021F01F0180
:105C180043F01F0BD6E900321A44994202F1FF3AC9
:105C28001DD1D34507D13146F8B211F0E0FD08F196
:105C380001080C36A9E73146C5F89870D5F89C30AC
:105C480022F01F0203F01F031343C5F89C30E0B293
:105C580011F0CDFD10F1160FC5D0441CE7E7C5F8CB
:105C68009870D5F8A020013B23F01F0302F01F0213
:105C78001343D3453146E0B2C5F8A030E8D011F05F
:105C8800B6FD10F1160FAED0C5F89870D5F89C2067
:105C98009DF818300BF1FF3B62F304038DF81830C0
:105CA800D5F8A0309DF818205B0863F347128DF8EB
:105CB8001820D6E900321344049323F01F035B44F1
:105CC800A3EB0A03013023F01F0304A9C0B2079312
:105CD800FFF736FFBEE700BF00ED00E08D0E0200C3
:105CE8006A0E02008CF201000522044BC3F89420CE
:105CF800BFF34F8FBFF36F8F704700BF00ED00E019
:105D0800BFF35F8F0022024BC3F89420704700BF97
:105D180000ED00E010B5034C2278FFF72DFF20704E
:105D280010BD00BF5E7400202DE9F74F294D8A464B
:105D380006464FF00008AB46274FD0451BDAD6F889
:105D48000490B9F1000F3FD031680846019111F075
:105D580035FD0199044609EB0100013811F02EFDCB
:105D680084424FF014021D4B08D002FB08F36FF079
:105D780015024BF8032003B0BDE8F08F14F1160F9D
:105D88002C60F8D01978A142F5DD02FB08B0C7F8FD
:105D98009840C7F89840D7F89C4000F10801007B6C
:105DA80064F304000871D7F8A0000C79400860F388
:105DB80047140C71D7F89C1021F01F016960D7F8BF
:105DC800A01021F01F01296108F1010814350C36D3
:105DD800B3E700BF0C37002000ED00E05E74002040
:105DE80038B50E4D2C68082C15D80020FFF788FF11
:105DF8000B4B0C4AC3F8C020844205D10A4B002043
:105E08001C70FFF771FF38BD696801EB0011FFF7DF
:105E18007DFE0130F0E74FF0FF30F4E738F5010080
:105E280000ED00E0AAFF44005E740020014B1860FA
:105E3800704700BF64010020F8B506460D460024EF
:105E4800064FAC4208DA3B6898470A28305504F1F7
:105E5800010401D00D28F4D12046F8BD60010020CE
:105E6800F8B50D46094F461EC0F10104A3199D421D
:105E780001DC2846F8BD73780A2B02D10D203B6857
:105E880098473B6816F8010F9847EFE76401002030
:105E980008B505210148FFF7E3FFFEE7B00E020051
:105EA80010B5074C2368C2180648C0F1005101F527
:105EB800E0218A4236BF22604FF0FF30C01810BD83
:105EC80020370020F033012008B51D210448FFF7D2
:105ED800C7FF404080F311884FF0030002DF00BF86
:105EE800B60E02001022044B0020C3F840244FF0E5
:105EF8005023C3F8140670470030005007B5042239
:105F080007480DEB020183681B689847002802DAEE
:105F180013F0AFFB0190019803B05DF804FB00BFDC
:105F2800C0EE01003021827A064B01FB0233DA6AA7
:105F380093F82230801A1B3323F00303B0FBF3F0ED
:105F4800704700BF4406002038B53024827A094BD8
:105F580004FB02339B6A0C685B681A68944294BF1E
:105F68000C600A60D3E90054FFF7DCFF05FB004032
:105F780038BD00BF440600202DE9F74F05460191C2
:105F8800104619469146984617461E4615F09AF946
:105F980082468B464FF02003EFF3118183F312887A
:105FA800BFF36F8F2B8C002B5BD0EA8B9A423DD9C5
:105FB800009100220023284609F0C8FC00990446F5
:105FC800002833D081F31188BFF36F8F019B002B1A
:105FD80058D058EA09030FD0B8F1FF3F08BFB9F10C
:105FE800FF3F09D00AF05EFBBAEB00076BEB010636
:105FF800002EBCBF00273E463022A37A274D2046FC
:1060080002FB03539B6A3A461B6801A9D3F8008038
:106018003346C0476061002835D1A07A214600EB9D
:10602800400005EB001014F016FF26E0288C431EF4
:106038002B8481F31188BFF36F8F95F82230EA8B98
:10604800EC6A1B3323F00303121A02FB0344134BBD
:10605800134AEB1A1B115343A37295F82230E372CB
:10606800B4E781F31188BFF36F8F4A464346284649
:1060780009F06CFC04460028A8D10024204603B08F
:10608800BDE8F08F636100230122636022812382CF
:10609800019A63696282E360F0E700BF440600206A
:1060A800ABAAAAAA2DE9F041044600263027164DCE
:1060B8000CB9BDE8F081237AD4F80480013BDBB247
:1060C8002372002BF5D1616959B1637ADB0707D4D4
:1060D800A37A204607FB03539B6A1B689B68984773
:1060E8006661A07AE66007FB005366605B6A1BB1D5
:1060F800204698474446DBE700EB4000214605EB85
:10610800001014F0A8FEF5E744060020034B0846EB
:106118001B681A79196815F0BAB900BF243700202E
:1061280008B5034800F0AAF908B10368986808BDE3
:10613800C80600202DE9FF41036802AE9C681D4B8C
:10614800054693E8030004F1380886E8030004F5DF
:106158009C77404614F0EDFD3846174914F008FFC7
:106168002B68164A10332046136011F013FC0021E7
:10617800084613F094FA16F037FEC4E9000504F057
:1061880057FF54F8500B0E490BF058FA404611F0DF
:10619800F0FB6FF007034FF4C352204609490096FD
:1061A80009F0D0FC3946204614F00FFF04B0BDE8D2
:1061B800F08100BFC8F30100AB790100243700204B
:1061C800F578010040A9002002460B46014809F075
:1061D80007BB00BF18050020014809F07BBB00BFC2
:1061E8001805002038B54FF0FF3105464FF0FF3055
:1061F800FFF7EAFF1B4B1B6873B11A684FF0FF34B7
:106208004FF47A7053B9631C1AD1174814F000FF81
:10621800BDE83840FFF7E0BF1A46EFE7D9691B8CA5
:10622800491B00FB0313002B09DD9C4228BF1C46B9
:106238001AB1116813460A46E4E71146FAE7002442
:106248004FF4004540F2E73000214FF47A72002302
:10625800E4FB0501F9F77CFF02460B46024809F00A
:106268003FFDD5E754390020E00C00202DE9F84F18
:1062780011F02EFD4FF0FF3180464FF0FF30FFF751
:10628800A3FF234B1C68002C3DD054F8145905B1CA
:10629800143D4FF0FF364FF0020BDFF874A001E019
:1062A8002C461D4604F114094146484611F005FFE5
:1062B800074680B94946504684F825B011F0A5FC38
:1062C8003A463946484611F0D9FE4DB16B69002B64
:1062D800E6D0143BE4E7864228BF0646AC42F4D138
:1062E800731C10D04FF4004440F2E73000214FF403
:1062F8007A720023E6FB0401F9F72AFF02460B46EF
:10630800044809F0EDFCBDE8F84FFFF765BF00BF92
:106318004C390020B00C00202DE9F04F054600282C
:106328003FD0061D00204FF0280E0746DFF89C805E
:10633800DFF89C900EFB07535B6A08EA03034B45A2
:106348002AD136F8043C022B26D148F2FE033488C1
:106358009C4221D0002301F1FF3B06F1FF3A1BF8D4
:10636800014F1AF801CF64451DD10833DBB2802BE9
:10637800F5D114789C420FD80EFB075494F82640A8
:10638800640707D53F2B05D80C78FF2C04D14C782F
:10639800032C01D1304613700137062F06F1280669
:1063A800C8D1BDE8F08F84EA0C0414F0800FE0D166
:1063B80003F1080C5FFA8CFC0133DBB264009C45E6
:1063C800E4B2D6D014F0800FF6D0D2E700FF020076
:1063D80000010200F8B511F07BFC4FF0FF310646D2
:1063E8004FF0FF30FFF7F0FE1A490B682BB100227F
:1063F8004FF47A7E17461C6833B93046FFF7F2FE31
:10640800BDE8F840FFF7E8BEDD69188CAD1B0EFB50
:106418000055002D9C460EDC186892B94D6808603E
:10642800AB4200D14860944693F822001F6067F39E
:10643800000083F8220054B12068234662460446CF
:10644800DAE710604868834208BF4A60EBE72046F5
:10645800F3E700BF54390020002808DD431E054833
:1064680000EBC300044B984228BF0020704700206F
:10647800704700BFA4060020AC060020024608B5FD
:106488000649074B8B4202D30023184608BD18461D
:1064980011F0D6FB8242F8D00833F3E7AC060020AF
:1064A800A406002038B504460D464FF0FF304FF0E3
:1064B800FF31FFF789FE0721204611F026FCA0B125
:1064C800636853B105B12B600024FFF785FE2046B1
:1064D80038BD6360C3F81042F4E7054BD3F81022C7
:1064E800002AF6D06FF00204EFE76FF08504ECE7BE
:1064F800303700202DE9F84F81460F464FF0FF3026
:106508004FF0FF31FFF760FE4FF0280B164DDFF814
:106518005CA0554501D3002419E06C680CB3002633
:1065280004F104080BFB064393F826309B0713D5A8
:1065380038F8043C022B0FD180224146484611F01E
:106548009DFB48B107B13D60282303FB0644FFF7D4
:1065580043FE2046BDE8F88F0136062E08F12808CC
:10656800E0D10835D5E700BFA4060020AC0600201E
:106578002DE9F04F80460C464FF0FF304FF0FF31C9
:1065880085B0FFF721FED8F8047037B90025FFF76A
:1065980023FE284605B0BDE8F08F0026282307F122
:1065A800040A03FB06F907EB090292F826B01BF070
:1065B800020F3FD02146504611F082FB28230546A2
:1065C800C0B31BF0010F0DD109F11401DFF874906D
:1065D8003944484611F019FBD9F8003013B9184866
:1065E80014F016FD282303FB067393F826206FF397
:1065F800410283F8262040F2FF2300930023ADF8E0
:106608000430ADF80630ADF808304FF48073ADF8BB
:106618000A30FF238DF80C30637BE27B8DF80D3058
:10662800A37B43EA0223ADF80E306946404611F0D9
:10663800F3FBACE70136062E0AF1280AB1D1A5E72B
:10664800B00C00204C390020F7B511F041FB4FF099
:10665800FF3107464FF0FF30FFF7B6FD224B1C68AD
:106668000CB325684FF0FF3624B33946204611F0A5
:1066780024FDD0B994F8253001A960F3410384F8CA
:106688002530206AFFF70EFF002807DB94F8243036
:106698000199206A04F1100211F0EFFB15B32B6881
:1066A8002C461D46E0E72546DCE7864228BF06461D
:1066B800AC42F3D1731C10D04FF4004440F2E730E1
:1066C80000214FF47A720023E6FB0401F9F740FD3C
:1066D80002460B46054809F003FB03B0BDE8F0404D
:1066E800FFF77ABD2B46DBE744390020800C0020F9
:1066F8002DE9F84F82460E464FF0FF304FF0FF313C
:10670800FFF762FD4FF0180B1E4CDFF87C904C45EC
:1067180035D26EB133685BB1A3422DD165684DB9EE
:1067280008344C45F6D3FFF757FD2846BDE8F88FE7
:106738006568FDB1002705F1F4080BFB075393F8D2
:106748000431DB0711D538F8043C022B0DD1802227
:106758004146504611F092FA38B106B13460182318
:1067680003FB075303F1F005DDE70137082F08F1B4
:106778001808E2D10834CAE708344C45CAD30025C2
:10678800D1E700BFA4060020AC0600200023F7B51F
:106798000D4604464FF0FF314FF0FF308DF80730BB
:1067A800FFF712FD48F2FE032A889A4223D02B787D
:1067B800FF2B02D16B78022B1DD0CCB12946606823
:1067C8000DF10702FFF7A8FD04460BE070682946A3
:1067D8000DF10702FFF7A0FD002818BF0446083690
:1067E800BE42F3D3BCB1FFF7F7FC204603B0F0BDBF
:1067F8000C4E0D4FF4E794B10121204611F076FBC1
:10680800E2E70121284611F071FB04460028EAD18D
:106818000835B542F5D300F0E7F80446E3E7014D43
:10682800014EF6E7A4060020AC060020F8B50546A0
:106838000E464FF0FF304FF0FF311746FFF7C4FC0C
:106848000A4B1B680BB11C681BB9BDE8F840FFF781
:10685800C3BC3A46314628465B6898471CB1226853
:1068680023461446F0E72246FAE700BF28370020FF
:106878000023F0B585B005460C46CDE90033A9B331
:106888001D4B1B68A3B1496C94F8486081B1062E72
:106898000ED80DF10A03184632468DF8096014F037
:1068A800F6FD94F8493000908DF804608DF80530B5
:1068B80009212846676911F028FAC8B1284611F05D
:1068C800BFF92146436828469847061E02DA204643
:1068D80011F019FE1FB13146384611F0B6F9009B88
:1068E80023B1324669462846FFF7A0FF05B0F0BD40
:1068F8006FF07206EBE700BF28370020F8B5244C8C
:106908004FF0FF304FF0FF31FFF75EFC274612F0E3
:10691800ACF8204EB44228D31F4B204ADB1BDB08BF
:10692800964238BF0023E3B11D491E4814F064FBAA
:106938001D491E4814F060FB40231D4C84F80C329E
:1069480047F230532046C4F8003211F0FEFA1949D4
:10695800C4F80402184814F04FFB0022174BC3E98F
:106968000022BDE8F840FFF737BC206803689D683F
:106978005DB12B684BB1072111F0D0F909212068CE
:1069880011F017FA20462B6898470834C2E700BF71
:10699800A4060020AC060020B30600209D060020B7
:1069A80075620000B00C002051660000800C0020C9
:1069B80030370020DD630000E00C0020543900204F
:1069C80038B5074C074DAC4200D338BD03212046EB
:1069D80011F09BF910B9204611F029FB0834F2E7B1
:1069E800A4060020AC060020004870476CF50100A2
:1069F8004FF0FF320121014814F037BA5C3900200A
:106A08000146014811F064BD7406002073B50546BF
:106A180016461C4614F071F908B10026344601A93F
:106A280032462346284608F0CFFD0146A8B9019C06
:106A38006822204614F065FDFF22012384F85720C0
:106A4800074A20469542A363656008BF84F864300E
:106A580011F0A9FD204602B070BD0024FAE700BF7E
:106A68009004002002460B460148FFF7CFBF00BF45
:106A7800900400202DE9F74F07468A46DDE90C010E
:106A8800164605460C4614F01DFC80468946BAF1A8
:106A9800000F05D126B997F84F305B0900F08F80B9
:106AA80014F02BF908B100252C46384611F04FFD9B
:106AB80097F84F20002853D1530953D0022B0CBF0D
:106AC80028230023112E45D10833BE6953445209A7
:106AD8000EB131680E8B022A46D1B6F5A06F38BFC9
:106AE8004FF4A066361A9E4228BF1E467A68384B75
:106AF80038483949824214BF8A469A4655EA0403FF
:106B08000FD0B4F1FF3F08BFB5F1FF3F09D009F03E
:106B1800C9FDB8EB000569EB0104002CBCBF0025DA
:106B28002C462846214614F0CDFB002381468B468F
:106B3800984601932A462346504610F0A8FE01992C
:106B4800034698B9B8F1000F3DD16FF00B0003B0C0
:106B5800BDE8F08F012E01D03A2EB6D10433B4E748
:106B68000023B2E70346B0E71E46BBE7B8F1000FC3
:106B780000D131B34B605A8AB24288BF5E825A8ACA
:106B8800B61A55EA040211D0B4F1FF3F08BFB5F1B7
:106B9800FF3F0BD0019309F085FDB9EB00056BEBC6
:106BA8000104012D74F10002019B01DB002EC0D10C
:106BB800B8F1000FC9D04146384611F00AFD00204F
:106BC800C5E78046D7E74046FFF76CFABDE700BF48
:106BD80074060020900400204406002030B585B0DB
:106BE8000093DDE908451346CDE902450A4601460A
:106BF800024811F0FFFC05B030BD00BF9004002032
:106C080030B585B00093DDE908451346CDE9024566
:106C18000A460146024811F0EDFC05B030BD00BF40
:106C280070040020034BC0EB001003EB001014F0BD
:106C380007B900BF100D0020082828BF0020014B0D
:106C4800185C70479A0F020010B588B00F4C2046A8
:106C580014F0E9F84FF0FF324FF0FF33CDE9062387
:106C680000230B49CDE90323CDE901334FF4BC627E
:106C7800084B009404F1200008F00EFD20B108B084
:106C8800BDE8104014F044B808B010BD100D002045
:106C9800A0C10020538A01002DE9F04F994690F8D1
:106CA8004F3089B05B090493013B012B05468846A8
:106CB800069200F2B5801346112A15BF4FF0000A5C
:106CC800D9F80030CDF814A01A8804BF0592B3F89B
:106CD80002A0049B022B32D1086800210830FFF77C
:106CE80009FCD8F800400646102204F1180104F106
:106CF800080014F0BCFB00B11EB1059B9A4500F0DA
:106D08008F80237EA3F1FF0CDCF1000343EB0C031F
:106D18004FF0000B03934B4B5E461C684FF0FF335C
:106D2800079374B9039B002B6ED0BBF1000F79D089
:106D3800284611F0E8FB204609B0BDE8F08F002393
:106D4800E6E7A36B002B36D194F84230002B3FD1F5
:106D5800B4F84030069A934238D1E38813B1059AC3
:106D6800934233D1E38B0BB153452FD194F8437041
:106D7800B80706D5012341462846221D11F086FE94
:106D880020B3790707D500234146284604F11C02A1
:106D980011F07CFED0B11EB196F843301A0715D415
:106DA800079B07F07807BB4210DA039BA3B93BB2F5
:106DB800264607930AE0B3F870201705C4D5AF69D3
:106DC80093F97200FFF748FB8742BDD02468A8E713
:106DD800049A9A42BCD0F9E740F6CD4200232846EF
:106DE80011F0D9FD8346D8B1E36B014600934246C2
:106DF8004B462046676BB847022802D1584611F027
:106E080082FBDDF80CB0E1E776B995F84F305B0905
:106E1800022B05D13346042201212846FAF714FD36
:106E2800022089E7002EFBD0F36B424600932946E7
:106E38004B463046746BA047831E58425841400069
:106E48007AE700BF7439002000230B4A10B5C2E965
:106E580000330A4A1846114614460133042B0860C9
:106E680002F1440202D008461146F6E7044B054AEF
:106E7800C3E9002410BD00BF743900208439002004
:106E88007C390020503A0020034B1A6802605A6887
:106E9800186002B958607047943A00200022042311
:106EA80073B50E4669460546CDE9002311F0AAFDE3
:106EB800044610B9022002B070BDA86911F0B5F8F7
:106EC800B8B92846019911F0D4FB0D4B1B68002B6B
:106ED800F0D0197A22789142F8D15A7A61789142A1
:106EE80001D0002AF2D12246314628465B689847ED
:106EF800E1E73A21284611F08CF90028E1D0D9E7DA
:106F0800943A00200148FFF7BFBF00BF6801002086
:106F18002DE9F04F282300268DB0CDE9066308AB94
:106F28000A930823044688460B938369039383686E
:106F3800002B40F0A680204606A911F063FD054607
:106F4800002800F0C38087887FBABFB22837B742CD
:106F580000F3BC8003DA3946204611F096FCAB6892
:106F68003BB9EB682BB92B691BB96B69002B00F097
:106F7800AD802B7AFF2B00F0A980297E05F1180639
:106F8800FF2903D16B7E002B00F0A080B8F1000F21
:106F98007BD06B782A781B0943EA0213DAB2C3F371
:106FA800850343EA821384F85830AB79002184F8CA
:106FB80057302823022284F84E30A368A4F85210D0
:106FC800DB68DB7984F8513094F84F3062F347136B
:106FD80084F84F302B7EFF2B07D03046FFF78AFA14
:106FE800002873D02B7EFF2B02D16B7E012B79D129
:106FF8002046079911F03DFB95F80690B9F12C0F42
:1070080000F0848066D8B9F1000F00F08180A9F102
:107018002B08D8F1000646EB0806B6004FF0060824
:107028004FF0000AB9F13A0FA4F8548000F0FE803E
:10703800B9F1110F00F0FA80B9F1060F00F0F680EF
:10704800B9F13B0F42D0204611F02FFC01228046B7
:107058000DF10B01204611F0BEFBB8BB9DF80B30BB
:107068002C2B00F0AD8055D82BB12B2B03D0112B36
:1070780056D0062B54D0204611F017FC0122431E8F
:10708800CFE01A8A5B68164452E7304611F0BAFD21
:10709800E0B905F1080011F0B5FDB8B9FF2902D132
:1070A8006B7E012B12D0FFF79FFC0146304611F092
:1070B800BAFD00283FF46DAF2B7EFF2B7FF469AF3C
:1070C8006B7E052B02D0082B7FF463AF02200DB036
:1070D800BDE8F08FA9F13C0CDCF1000646EB0C068C
:1070E80076009BE7022B06D130465F4911F09BFDE5
:1070F80000287FF47DAF304603A9FFF7F9FA00288E
:10710800E4D0037D98073FF573AFDFE7082685E7EE
:10711800012683E73C2B59D1B1074BD446F0020630
:10712800B9F1000F02D0B9F13C0FA4D1002301221C
:10713800204605A91FFA87FB8DF8143011F04BFB88
:107148000028C3D19DF814300133BBEBC30F4FEABD
:10715800C309BBD34FF0020BA9F1030301932046E7
:1071680011F0A3FB0122009004A9204611F033FB83
:107178000028ABD19DF8102072BB9DF810209AB35F
:10718800012A9DF8141034D0019B8B429EDD02F039
:10719800C002802A43D0C02A3DD0002A96D120467A
:1071A80011F067FA002891D19DF8142002320BEBF8
:1071B80002031BE072063FF55EAF46F04006AFE7FC
:1071C80033073FF558AF46F00806A9E7A3F13B029D
:1071D800012AA5D93A2B4DE70122204605A911F02D
:1071E800FAFA0028C9D071E70BF101031FFA83FBF3
:1071F80007E08A1C0BEB020320461FFA83FB11F001
:1072080038FAD945ABD8D1441FFA89FA5FFA88F819
:107218009DF80B9006E72B7EFF2B3FF457AF022219
:10722800009B04212046FAF70FFB4FE7B9F1110F35
:10723800A4F852A008D0B9F13A0F7FF447AF294615
:107248002046FFF72BFE42E720460AA911F0D3FD9E
:10725800049000283FF43AAF4A46204604AB05A9FB
:107268000595FFF719FD32E79CF50100020600F0CD
:107278007F0312D5082B05D1010700F00F0306D5AF
:107288000E48704710F0780F12D100F00F034C2011
:1072980000EB43100A4B18447047082B05D102072E
:1072A80000F00F0306D50748704710F0780FF6D0A6
:1072B80000207047044800EB43107047E83B00206B
:1072C8009C3A0020083D0020083C00200149024863
:1072D80013F07BBEC43A0020000E0020014601488E
:1072E80013F0AEBD2806002000220023014808F054
:1072F8002DBB00BF2806002010B5054CFFF7F4FF92
:1073080020B1011D204613F0CFFCF7E710BD00BFE8
:107318005004002010B586B000220023184805A9A3
:1073280008F052F940B30024164B012220461649B2
:107338000293CDE90044234611F0A1FDFFF7DCFFDD
:10734800002200230E4805A908F03EF958B10F4B5A
:107358000122CDE90143204623460B49009411F050
:107368008EFD00200AE00423059840600374FFF7AF
:10737800B5FFFFF7ABFFF4E70598406006B010BD16
:1073880050040020D60F02009CF30100F40F020005
:1073980002281FB512D8104B1C5CFFF7BBFFC0B109
:1073A800002204720274FFF799FF0C4B93F8243003
:1073B8007BB104B0BDE81040FFF788BF084B0390CD
:1073C8000293002301221846CDE90033054911F044
:1073D80056FD04B010BD00BFE71102009C3A002022
:1073E800101002009CF30100F0B58778064687B0BC
:1073F8003846FFF73BFF3B060546F47822D57CB1BB
:10740800032C0BD02A4B012202930023CDE903471A
:107418001846CDE90033274911F031FD07B0F0BD1A
:10742800FFF778FF03460028F8D00122AC770274F2
:10743800032202739D60FFF751FF07B0BDE8F040DB
:10744800FFF744BF54B1012CDCD1FFF763FF0346BB
:107458000028E3D06C7704740473EBE7FFF75AFF56
:107468000028DBD0B278144B12F0800F02F008012C
:1074780011D041B1D3F8A836EB600123037402237D
:1074880085600373D7E7142102F00F0201FB023372
:10749800D3F80836F0E711B1D3F8A837ECE7142190
:1074A80002F00F0201FB0233D3F80837E4E700BF0C
:1074B8002B1002009CF301000060035013B500225A
:1074C80001213720FDF75AFE3720FDF727FE124825
:1074D80006F010FC114B98421AD10024104805F010
:1074E80047FE104807F09EF84FF0FF334FF48062D4
:1074F8000D490E48009408F025FB0D490B4813F080
:1075080002FC0C480C4913F033FD204602B010BDB4
:107518006FF00400FAE700BF7D7500000000AD0BB6
:10752800EA110200ACF5010080C70020000E00201F
:1075380057100200C43A002049770000002310B514
:107548000B49D1E8EF2F012A03D1C1E8E03F002819
:10755800F7D10CD151F8044C143920460FF0B1FB87
:10756800783004D12046BDE810400FF085BB10BD2F
:10757800BC3A00202DE9F04106468EB014220021C5
:1075880009A813F0BEFF3378013B052B21D8DFE8AB
:1075980003F0970314148716032300248DF82C3066
:1075A800FFF7B8FE0346A0B100F108020474DDE954
:1075B8000B0182E8030018462BE00423EDE7B778B7
:1075C8003846FFF753FE837A05462BB1013B022B61
:1075D80060D90EB0BDE8F0813A06F47820D56CB1D8
:1075E800032CF6D0374A1846CDE90132CDE90347D6
:1075F80001223549009311F042FCEAE7FFF78AFEC1
:1076080003460028E5D00122AC77027403220273F6
:107618009D60FFF763FE0EB0BDE8F041FFF756BE70
:1076280054B1012CDED1FFF775FE03460028D0D0F7
:107638006C7704740473EBE7FFF76CFE07460028C9
:10764800C7D04FF00108022380F8108003738560CB
:10765800B07805F10C0112F06BFC50B11B4B039094
:10766800CDE901434246234620461749009411F0CC
:1076780006FC174AE968B2F88C328B4206D95B1AC5
:10768800A2F88C3206F068FD3846C2E70023A2F85B
:107698008C32F9E730460EB0BDE8F041FFF7A4BEE2
:1076A80007A806F037FD9DF81D30052B04D19DF87D
:1076B8001C3013F0600F8CD0064B01240B936FE73E
:1076C80002246DE72B1002009CF3010062100200F7
:1076D8009C3A0020083C002038B5002464F07F0064
:1076E800C0B2FFF7C3FD013411F0B6FB082CF5D189
:1076F80000240E4DE0B2FFF7B9FD036903B9056137
:10770800013411F0A9FB082C05F14005F2D1084815
:1077180011F0A2FB074BD3F87C2212B9064AC3F832
:107728007C22064811F098FB002038BD2C4100202F
:10773800E83B00209C3A00202C3D0020083D00201A
:107748002DE9F0430746A64CDFF8989289B0FFF779
:10775800CBFD064610B909B0BDE8F08394F82520A2
:10776800337C06F104083AB9002B00F0A4804146A6
:107778009C4813F099FAEAE7042B00F28481DFE8C9
:1077880013F09A00050018014301680117F8043C3A
:107798005BB9B2681846527A93490392934A0093A8
:1077A800CDE90132012211F06AFB337BB568032B66
:1077B80037D8DFE803F0023D686D00226E698C4B14
:1077C80032607260D3F880143170D3F88414717009
:1077D800D3F88814D3F88C0441EA00217180D3F8D7
:1077E8009014D3F8940441EA0021B180D3F8981496
:1077F800D3F89C3441EA0323F3800823EB60306814
:1078080071687C4B03C311462B68687A984796F9D0
:107818000030002B08DBF38833B1A4F88C3206F073
:107828009BFC41464846A4E70023A4F88C32F8E7BD
:107838006B7F002BF5D02B7F002BF2D000264FF06A
:10784800FF324FF0FF336C486E772E7711F026FB2E
:107858006B6905A905936B68CDE90636687A06F069
:107868008BFA664B98420AD0654B0390CDE90163C9
:107878000122334630465C49009611F000FB5E4811
:1078880011F00EFBCDE701212B68687A9847C8E70D
:10789800AB7A6BB9EB7F5BB957484FF0FF324FF0CB
:1078A800FF3311F0FBFA06F08BFC534811F0F8FA9D
:1078B80002212B68E9E7337A042BB2D8DFE803F01A
:1078C80055031F636F0006F0DFF905460028A8D1AD
:1078D80006F086F901234B49D1E8EF2F002A03D19E
:1078E800C1E8E03F0028F7D19BD141F8085C41F896
:1078F800105CE069143963610FF066F991E70025BF
:1079080065F07F00C0B2FFF7B1FC037A13B1407A8B
:1079180006F004FE0135082DF2D194F854311BB15C
:1079280094F8550106F0FAFD0025E8B2FFF79EFC31
:10793800037A13B1407A06F0F1FD0135082DF4D130
:1079480094F874321BB194F8750206F0E7FD012033
:1079580006F07CF9012384F825302368002B3FF4D6
:1079680060AF0021022098475BE7002584F8255086
:1079780006F092FDFFF7E2FD2368002B3FF451AFBC
:1079880029460420EFE7002A3FF44BAF06F086F9BA
:107998002368002B3FF445AF00210520E3E7236867
:1079A800002B3FF43EAF002A3FF43BAF00210620F6
:1079B800D9E707F110054FF0FF334FF0FF322846A3
:1079C80011F06CFAFFF788FE284611F069FA57F8AB
:1079D800283C002B3FF425AF00210120C3E700BF5E
:1079E8009C3A0020500400209CF301008210020001
:1079F80000600350A03A0020D43A00200000AD0BEC
:107A0800A8100200BC3A002094F8743283B1012512
:107A180084F8895284F88852FFF77CFC034678B9C9
:107A28001F4A2049CDE9010200902A4611F027FAA1
:107A380057F8283C002B3FF4F4AE00210A2092E7C7
:107A4800194A057405738260FFF748FCFFF73EFC8E
:107A5800EEE7164B01220293002312491846CDE99E
:107A6800003311F00CFA06F0C5FD06F015FD06F01E
:107A7800ADF8FFF741FCFFF72FFE06F0B3FD0C4809
:107A880006F038F9CDE603930A4B0122029300234E
:107A980004491846CDE9003311F0F1F9C1E600BFF9
:107AA800CE1002009CF30100083D0020E210020005
:107AB8007D750000F910020038B5154D95F8244081
:107AC80024BB05F1380013F034F9022000F0AEFBB6
:107AD80022460121E8613620FDF750FB06F082FDC1
:107AE800FFF7FAFD044610B9012385F82430094B45
:107AF8001B680BB1FFF7EAFB074BD3F80034DB0731
:107B080002D50020FFF744FC204638BD0024FBE7DF
:107B18009C3A00202806002000700350074B93F879
:107B280024203AB193F82530002B14BF00206FF0C1
:107B3800120070476FF01200704700BF9C3A002097
:107B48001FB5034602781B7902F00F0073B950B1D4
:107B5800104A02920122CDE9003318460E4911F06D
:107B68008EF94FF0FF3005B05DF804FB082803D903
:107B78000A4B02930023EDE7012B08D112F008030A
:107B880005D1074A0093CDE901320222E5E700203A
:107B9800E9E700BF111102009CF301003011020057
:107BA8004F11020030B5164B044693F8243085B0C7
:107BB80013B305782846FFF759FBA8B14572237916
:107BC8008372638843602078618810F008030FD1BE
:107BD8004A1E0A420CD00B4A1846CDE901320A491E
:107BE8000122009311F04BF96FF0150005B030BD7C
:107BF80012F099F90020F9E76FF01200F6E700BFDC
:107C08009C3A0020651102009CF3010030B5184B26
:107C1800054693F8242085B03AB393F8253023B36A
:107C2800FFF724FB044618B96FF0150005B030BD06
:107C3800827A012A0FD007D9023A012A07D90020EF
:107C48006369E060A361F1E706F0C2FAF7E7284646
:107C580006F032FAF3E7074B074902930023184668
:107C6800CDE9003311F00BF9DEE76FF01200DDE724
:107C78009C3A00208D1102009CF3010038B50E4B90
:107C8800054693F8242082B193F825306BB1FFF7AD
:107C9800EDFA68B115F008040AD1284606F02EFA64
:107CA800284606F08FFC204638BD6FF01200FBE72F
:107CB8006FF01500F8E700BF9C3A002038B50C4B70
:107CC800054693F824200C4662B193F825304BB151
:107CD800FFF7CCFA48B144B1284606F0F5F9207010
:107CE800002038BD6FF01200FBE76FF01500F8E7D1
:107CF8009C3A002070B5134E044696F82430C3B160
:107D0800FFF7B4FA0546B8B1230705D4204606F0B4
:107D1800F5F9204606F056FC2B7A83B901232B721D
:107D280096F825300BB9002070BD204606F0F6FB0A
:107D3800F9E76FF01200F7E76FF01500F4E76FF05E
:107D48007700F1E79C3A00202DE9F043DFF81C8129
:107D58001E4698F8243007468946154689B0002BF8
:107D680076D098F82530002B72D003060FD5FFF790
:107D78007DFA044658B1037A7BB9374A1846CDE9EB
:107D88000132364901220397009311F078F86FF019
:107D98001504204609B0BDE8F0834FF0FF334FF0DB
:107DA800FF3208F1380011F079F8A37F33B108F1F8
:107DB800380011F075F86FF00A04EAE7A37A2DB3DA
:107DC800A3B301234FF00008A377384605A9CDE9EE
:107DD8000595CDF81C8005F0CFFF214B984233D094
:107DE80084F81E800EB1C6F800801E4B03900293E3
:107DF800002301221846CDE90033184911F03FF855
:107E08006FF00404184811F04BF8C2E7E27F02B1A2
:107E1800E577002BD5D106F0E3F98742D1D006F0FB
:107E2800CFF9114811F03CF80024B2E7B8F80A304D
:107E3800AB42F0D96268B5FBF2F302FB1353002B97
:107E4800E9D10123E377E6E706B135600024D9E7F5
:107E58006FF012049DE700BFAF1102009CF3010010
:107E68000000AD0BCE110200D43A00209C3A00204D
:107E78002DE9FF411D46294B174693F824208046DB
:107E88000E46002A47D093F82530002B43D010F037
:107E9800800F01D129B927B16FF0150004B0BDE8F2
:107EA800F0814046FFF7E2F904460028F4D0037A4F
:107EB8005BB91B4A1846CDE901321A490122CDF8AF
:107EC8000C80009310F0DBFFE6E74FF0FF334FF034
:107ED800FF32154810F0E2FFE368BB42984628BF1E
:107EE800B8463EB937B905B12B600F4810F0D8FF36
:107EF8000020D3E742463046A16913F0C8FAA369C7
:107F08004344A361E368A3EB0803E360002DECD0CE
:107F1800C5F80080E9E76FF01200BFE79C3A00203F
:107F2800AF1102009CF30100D43A00207FB5244D24
:107F3800064695F82430002B3FD095F82530002BC5
:107F48003BD003060FD4FFF791F9044658B1037AE2
:107F58006BB91C4A1846CDE901321B490122039628
:107F6800009310F08CFF6FF0150004B070BD4FF057
:107F7800FF334FF0FF3205F1380010F08FFFE36850
:107F8800B3B9012663692677A361637F83B1FFF7DD
:107F9800C1F930B905F1380010F082FF6FF00B001D
:107FA800E3E7067484600673FFF798F9FFF78EF924
:107FB800064810F075FF0020D7E76FF01200D4E7ED
:107FC8009C3A0020AF1102009CF30100D43A002033
:107FD80010B5084B0C4693F824302BB1FFF746F93F
:107FE80028B10460002010BD6FF01200FBE76FF0AD
:107FF8001500F8E79C3A0020014B1860704700BF55
:108008009C3A002008B5074B93F8243023B1FFF7BA
:108018002DF920B1406808BD6FF01200FBE76FF042
:108028001500F8E79C3A002070B50D46064904464D
:10803800411A49114022054810F079FF2B460146A4
:108048002046BDE87040184740430020A8EE0100D4
:1080580037B540230C460A490093411A4911054691
:108068002346084A084810F090FF011E05DA284602
:10807800234603B0BDE83040184703B030BD00BF09
:108088004043002001900100A8EE01002DE9F843CB
:108098000022012106460520FDF770F8114804F07A
:1080A80029FF114B984219D104F034FF00244FF0F6
:1080B8000C080127DFF834903569494605EB441070
:1080C8000EF06FFD002807DB08FB04550134042C73
:1080D800C5F88870F0D10020BDE8F8836FF004007F
:1080E800FAE700BF318100000000AD0BB4F50100D4
:1080F80001460C2300224B4370B50948C418883345
:108108001844D4E92056C4F8802010F0FDFE2DB1A3
:1081180032462B46BDE870400248184770BD00BF84
:1081280040430020A8EE0100052812D8DFE800F03F
:10813800030F11110D0B074BD3F8880010F007003F
:1081480007D1FFF7D5BF0220FBE70320F9E701209D
:10815800F7E770474043002008B54FF02003EFF3DE
:10816800118183F31288BFF36F8F124A136843F0AB
:1081780002001060DA0708D481F31188BFF36F8F0B
:10818800BDE80840012011F0F1BD4FF05023D3F8AD
:108198000C24D3F80C34D307EED5074810F0B4FEFE
:1081A80081F31188BFF36F8FBDE808400020FFF707
:1081B8009FBF00BFF0430020C84300207FB50022C6
:1081C8000123CDE9022304ABCDE90433094A6B4608
:1081D800CDF800D0CDF804D010F007FF002805DB5B
:1081E8004FF480420023684607F008FC07B05DF8AA
:1081F80004FB00BF3190010010B54FF02003EFF3EE
:10820800118483F31288BFF36F8F074A136823F032
:108218000201DB07116002D4012011F006FE84F38D
:108228001188BFF36F8F10BDF0430020024BC0B21E
:1082380003EB4010704700BF404300202DE9F04198
:10824800012207463749D1E8EF3FC1E8E02F00286F
:10825800F9D133B9344935484B60CB608A600EF0A8
:10826800B3FC7B1E012B2BD8012F07D14FF05023D5
:10827800D3F81C3403F00303022B21D012F03DFD88
:108288000546F8B92A4B1B78E3B14FF05023022278
:108298000646C3F808234FF05024DFF89880D4F836
:1082A8001834D4F81824D20316D503F00303022B8C
:1082B80001D0012F10D175B386F31188BFF36F8FEA
:1082C800BDE8F0814FF02003EFF3118683F31288A5
:1082D800BFF36F8F0125DEE7C5B13046FCF778FEA6
:1082E800D4F81835DBB2012BD9D1D4F80421002AEF
:1082F800D5D00022C4F80421D4F804210222C4F8FD
:1083080018252022C8F88021A360C8E70021212071
:1083180007F0DCFFE4E74FF050230222C3F8042300
:10832800CEE700BF3C4300202C43002060430020E0
:1083380037A1002000E100E010B5044C2046F9F711
:10834800F9FE2046FDF772FD002010BD598300009C
:10835800F7B504460325124E8DF8070006F036FEE1
:10836800012200200DF1070106F0FAFD074606F08C
:1083780037FE27B101233370204603B0F0BD3378B0
:10838800002BF9D0013D08D012F0B7FC0028E5D148
:108398000021422007F09AFFE0E73570ECE700BFC4
:1083A8005F74002000F1744000F5A6000A289ABF07
:1083B800024B33F910006FF00F00704714000200F1
:1083C800024B0B6001231360704700BF80F6010069
:1083D8000048704714F60100054B994206D14FF04A
:1083E800FF324FF0FF33303007F008BB704700BF53
:1083F8000000AD0B70B54C68054688B0ECB1D4E907
:1084080000438868D8B1D0E90060C8B1C3B18342DD
:108418000FD10133092B097815D9CDE90313194B6D
:1084280002220293002318491846CDE9003310F0C0
:1084380031FE6FF0150008B070BD2346E1E706462F
:1084480001330344E6E78DF8193040F20113ADF823
:108458001A30002328698DF81C308DF818108DF813
:108468001D2010F026FE2146324606A805F0F0F839
:108478000446286910F035FE204608B0BDE8704073
:10848800FFF790BF3E1202004CF3010038B50569B2
:10849800044695F86030FBB9284610F00AFE002221
:1084A800002305F1480007F0A9FA2B6D4BB90B4DD5
:1084B80005F01AF9A84209D105F038F90022084B4D
:1084C8001A702069BDE8384010F00BBE002140F258
:1084D800676007F0FBFEEBE738BD00BF0000AD0B9F
:1084E80060740020F8B50669054696F86040D4B96E
:1084F800304610F0DEFD0D4F06F1480007F058FA3F
:108508003B785BB932460A49686804F0B7FFFFF761
:1085180049FFB0FA80F304465B093B70286910F004
:10852800E0FD2046F8BD0024FBE700BF6074002092
:10853800919001002DE9F04F002906461546D0F824
:1085480004A087B005DBDAF818308A189A42884602
:1085580011D9464BCDE90315029300230122184691
:10856800CDE90033424910F095FD6FF0150420461F
:1085780007B0BDE8F08FC1F30B02002DF5D0C5F3AD
:108588000B031343F1D1FFF7ADFF044660BB30691D
:1085980010F0A1FD2146304610F0AEFD044600BBA8
:1085A800306910F086FDDFF8D8B0DAF81830AB4241
:1085B8001ED111F055FCA946074639463069FFF728
:1085C8000BFF5F4540D1B5EB0905C844EDD13069D3
:1085D80010F087FD0121304610F08EFD002C08BFF9
:1085E8000446306907F0E4F93046FFF74FFFBEE76D
:1085F800B5F5803F0AD31FFA88F353B941460120E5
:1086080005F0E2F84FF480390746D6E7B5F5805F04
:1086180009D3C8F30B0030B9414605F0D5F84FF43B
:1086280080590746C9E7134B0122029300231049DA
:108638001846CDE90033CDE9038510F02BFD0E492E
:108648003069FFF7C9FE0C4F0C4B0122029300233F
:10865800CDE903851846CDE90033054910F01AFD28
:108668003846FFF79FFE0446B1E700BF61120200DB
:108678004CF30100AB1202000400AD0BC91202005A
:108688000000AD0B2DE9F041436890B01E6A054625
:10869800002130460DAA10F048FE041E4CDB0D9B4D
:1086A80032681979186800F0CFFF041E44DB4FF0D8
:1086B80050240127002201212B20FCF75FFD6E6862
:1086C8002A693046C4F8B8755D4904F0D7FE02231C
:1086D800C4F8B835FFF766FE041E2DDB0022AB2375
:1086E80028460DA9CDE90D220F928DF83430FFF7F9
:1086F80081FE041E20DB232012F0E0FDF37A023B0A
:10870800BB421DD996F80A80A8F10308B8458CBF6A
:108718004FF000084FF00108284610F002FD041E33
:1087280010DA484B01220293002347491846CDE945
:108738000033039410F0AEFC204610B0BDE8F08181
:10874800B846E9E7E2B2C4F38014A0450AAE0BAF1D
:108758002FD0002382F04002ADF828308DF8282071
:10876800012228460DA9CDE90C230B960F938DF80D
:1087780034200E97FFF73EFE041E13D0DCDA334A8E
:10878800334B3149B8F1000F18BF1346CDE9033414
:10879800304B0122029300231846CDE9003310F034
:1087A80079FCC9E7284610F0BCFC041EE7DBE307A8
:1087B800F8D42846FFF76AFE03240023CDE90C43CA
:1087C8000E939F2328460B968DF834300F97FFF7AA
:1087D80089FE024628B12846FFF758FE6FF01204BA
:1087E800AAE728460DA9FFF705FE07462846FFF722
:1087F8004DFE002FF2D16D682246314605F11C006E
:1088080012F035FE0446002896D0AB7F012208936B
:108818006B7F384607932B7F0B4906939DF82A30C8
:10882800009705939DF8293004939DF82830039309
:10883800094BCDE901733B4610F02CFCCEE700BF95
:1088480091900100F11202004CF30100E7120200BE
:10885800EB12020001130200121302002DE9F04787
:1088680005460F461E46904688B0CAB1C3B1042BD0
:1088780001D99A0714D1BB0712D1002F6A6803DB0C
:108888009269BB19934211D93F4B012202930023ED
:10889800CDE903761846CDE900333C4910F0FAFBE0
:1088A8006FF01504204608B0BDE8F0872846FFF7AA
:1088B80019FE044600285FD1286910F00CFC2146F7
:1088C800284610F019FC0446286910F0F2FB002C29
:1088D80040D1032E1CD83A46042107A811F0BDFA4E
:1088E800044601462869FFF777FD294B9C4231D1A0
:1088F8003246414607A812F0CAFD3A46042107A8A5
:1089080011F0A8FA044601462869FFF765FD21E041
:1089180008F06043B3F1005F32D0DFF874A0042E92
:10892800B14628BF4FF0040941464A4607A812F04D
:10893800AEFD3A46042107A811F08CFA0446014618
:108948002869FFF749FD544504D1B6EB0906C84428
:108958004F44E4D1286910F0C4FB0121284610F0E7
:10896800CBFB0646286907F023F8002C14BF2046E5
:108978003046FFF717FD04462846FFF787FD91E7C5
:108988003A4631464046BBE7441302004CF3010027
:108998000000AD0B2DE9F04F81460E461C4690466F
:1089A8008BB0AAB1002B00F09E800029426803DB3F
:1089B8009269CB18934211D94C4B012202930023A0
:1089C800CDE903641846CDE90033494910F062FB4C
:1089D8006FF0150528460BB0BDE8F08FFFF782FD54
:1089E800054600287BD1754205F00305D9F810002B
:1089F80010F05FFBA54228BF2546D8F1000303F01D
:108A0800030308F0030758BF5F427F4207F00307DC
:108A1800A74228BF2746631BE41B24F0030423F066
:108A2800030AA245C8BFA24603F0030BC8BFA3EBC5
:108A3800040BBAF1000F19D008EB0703721951465D
:108A48001846079311F009FA04460146D9F81000B0
:108A5800FFF7C2FC274A944239D1BD4206D0079B92
:108A68005246194608EB050012F031FDADB1C5F1CB
:108A780004070421F21B08A811F0EFF90446014687
:108A8800D9F81000FFF7A8FC1A4B9C421FD108AB7D
:108A98002A464046D91912F0FAFCBBF1000F15D04E
:108AA80072190821524408A811F0D7F90446014662
:108AB800D9F81000FFF790FC0E4B9C4207D10AEB47
:108AC80005005A4608A9404412F0E1FC094CD9F8BF
:108AD800100010F006FB2046FFF764FC05464846E8
:108AE800FFF7D4FC76E71D4674E700BF8E1302003B
:108AF8004CF301000000AD0B024B0B600123136027
:108B0800704700BFF4430020004870479CF60100FE
:108B180070B50D4686B0194628461C46164610F014
:108B28001BFB034668B90B4A0090CDE90102CDE969
:108B380003540122084910F020FB6FF0150006B01D
:108B480070BD24B122462946304612F0A0FC002010
:108B5800F5E700BFED13020054F2010010B5012241
:108B68000648114612F081F911F067F9044C2060AB
:108B780011F060F96060002010BD00BFFC430020C8
:108B8800F4430020F0B587B00E46144611F052F9B0
:108B980021460546304610F0DFFA3746034688B3CB
:108BA800B6FBF5F305FB136323B9B4FBF5F305FB3B
:108BB800134373B1184B0122029300231846CDE9E1
:108BC8000364CDE90033154910F0D7FA6FF01500AA
:108BD80002E0A54202D9002007B0F0BD4FF0FF32F5
:108BE8004FF0FF330E4806F009FF11F023F9054650
:108BF800384604F08FFA641B2F44F9D1084806F070
:108C0800D7FEE8E7074ACDE90364CDE90102034945
:108C180001220090D8E700BF0A14020054F20100B4
:108C2800FC430020ED130200F0B50E4687B019464C
:108C380030461C46174610F08FFA034668B91D4A9D
:108C4800CDE90364CDE9010201221B49009010F02F
:108C580094FA6FF0150007B0F0BD46EA040515F068
:108C680003050AD0154B012202930023CDE90364C2
:108C78001846CDE900331049E9E7A4B14FF0FF32B7
:108C88004FF0FF330E4806F0B9FE24F00304A54266
:108C980005EB060009D10B4AD2F80034DB07FBD5F7
:108CA800074806F085FE0020D5E7795904F050FA08
:108CB8000435ECE7ED13020054F201002914020018
:108CC800FC43002000900350014BB3F8780670472E
:108CD8003810002038B50B4DD5F8704664B94FF4FC
:108CE8007A704843C5F8702603F066FB38B9C5F8B2
:108CF80070064FF0FF3038BD6FF07700FBE7204675
:108D0800F9E700BF381000202DE9F04114468AB079
:108D18000B290DD8DFE801F006182F33373C787C93
:108D2800B0BAAA80137843B1507820B1012802D094
:108D38006FF0150005E003F0D7F9207803F04EFA3C
:108D480000200AB0BDE8F08153791179106833B179
:108D580003F060FA0028F3D16FF00B00F1E730B1AF
:108D680003F082FA0028EBD16FF00100E9E708462A
:108D780003F0A4FAE4E7107803F07EF9E0E710784E
:108D880003F096F9DCE71268424BC3F87426D7E77C
:108D98000025414FA8463C46166863684BB12046FB
:108DA800013503F02FFD032DC4F8048004F10804F5
:108DB800F3D14FF00008394D06F10A042E3654F865
:108DC8000A3C002BBCD0B442BAD0049314F8013C3E
:108DD800CDE906488DF81430CDF8208014F8023C0F
:108DE80004A883F001038DF8243003F0D7FC069B18
:108DF8000C341A782B4605F8012B9DF8142007F837
:108E0800082B47F8043CDAE7106803F08FFC97E773
:108E1800106803F0A7FC93E7D388916804AA164664
:108E2800ADF80C3001F1080313F8010D8B4202F87C
:108E3800010BF9D1A38873B101250095226800219F
:108E480003A803F06DF9009529463046A3882268E7
:108E580003F066F974E71946012203A803F092F9B2
:108E680001223046114603F08DF969E7106810F0C9
:108E7800AEF903F00DFD63E7506810F0A8F9002380
:108E880000932378A26803F071F859E7108803F07B
:108E9800E3FC55E7381000201444002061740020DA
:108EA8001FB503F041F8034660B9074A0090CDE9C1
:108EB80001020649012210F0AEF96FF0040005B076
:108EC8005DF804FB0020FAE78414020064F2010054
:108ED8001FB5044603F006F838B10A4BD3F87436C8
:108EE80033B10022022120469847002004B010BD6B
:108EF800054A1846CDE9013204490222009310F0D0
:108F08008AF9F2E738100020A214020064F2010086
:108F18002DE9F04F1F46046993F81090DB6889B07B
:108F2800059304F2D15A09F1020380460D4616460C
:108F380050464A46059984F8D03512F0A8FA04F547
:108F4800B76B584606F082FD022D4FF0000336D06D
:108F580012D9EA1E012A44D9894A0395CDE901327A
:108F6800184601228749009310F055F96FF08505DE
:108F7800284609B0BDE8F08FADF81B3096F863308D
:108F880005F00105C3F3800206A9C3F3C00304F585
:108F9800BA608DF818208DF819308DF81A5003F042
:108FA80079FA002846D1784A0346CDE90102754985
:108FB8000122009010F02FF96FF00405D8E7ADF802
:108FC8001A3096F8633006A9C3F3800204F5BA6034
:108FD800C3F3C0038DF818208DF8193003F010FA88
:108FE800DFE7ADF81B308DF81D3096F86330C3F31A
:108FF8008002C3F3C0038DF819302B1F5D425D4119
:109008008DF818208DF81A5003F090F94FF47A7201
:1090180000238DF81B00D6E90C01F7F799F810F03A
:10902800D6F80B4606A90246009104F5BA6003F08B
:109038007DFAB6E7554BD3F874361BB13A46002192
:10904800404698474FF0FF334FF0FF32584606F03E
:10905800D5FC4A465146059812F019FA94F87A2632
:1090680096F8633062F3820386F8633094F87B26BF
:10907800DBB262F3C30386F8633094F85036052BED
:109088009AD801A252F823F0AF900000A9900000EE
:109098007D91000083910000C18F00007D91000048
:1090A8006FF00F0564E7D4F85C56002D3FF460AF0D
:1090B800002200232D782068CDE9002300232946CB
:1090C8001A46FDF79DFD064690B9314B0122CDE9C0
:1090D80001032C490346009010F09DF86FF00B0532
:1090E800D4F85C0603F074FA0023C4F85C363FE752
:1090F800D4F85C162A4601310FF069FC00280FDA13
:10910800244B0122029300231E491846CDE900335F
:1091180010F081F86FF00B0530460FF0F4F9DFE737
:1091280094F8683604F5CC6186F8613094F86936AD
:10913800194A86F86230D1E900010023F7F708F8E8
:109148004FF47A735A43C6E90801B26230460FF009
:109158002AFA3146206801F0E3F848B10F4B0322A0
:109168000293002307491846CDE9003310F053F85D
:109178000025D1E76FF02205FAE66FF06805F7E6FB
:10918800CF14020064F20100E81402003810002035
:10919800FA1402001415020040420F0031150200B3
:1091A80070B5054688B04668046904F57E7011F00C
:1091B8003AFE0122002104F5B76011F056FE0122A3
:1091C800002104F29C5011F050FE10F0F0FC03F066
:1091D80049FA82B2D301D10001F4816103F48073AA
:1091E80052020B4302F40062134343F42D73174AEF
:1091F80043F00303A2F8783633682846984704F505
:109208004C76002200230025CDE906236FF00D03DC
:109218004FF44872CDE903353046CDE901550C4B82
:10922800009404F1100106F037FA0A49304611F0AB
:109238006AFD094B2846CDE9015303222B4607490D
:1092480000950FF0E8FF284608B070BD38100020E0
:10925800F1190000551502005D15020064F20100C5
:109268001C4B2DE9F04100241E4607468C46DDE9DB
:109278000601D3F81C5435B10134102C03F118033E
:10928800F7D1BDE8F0814FF0180808FB0465C5F870
:109298001C7485F829C485F828243A7810F091FCC4
:1092A80005F58465C5E9000108FB04F47B783219EB
:1092B80013F0200318BF96F8983504F5836482F8F4
:1092C8002A34002386F8983531190348BDE8F0415F
:1092D80011F0B6BD381000203014002073B5164DBB
:1092E80004462B680A461B681E68D5F8743621B9EF
:1092F800022130469847082C16D0013C072C17D875
:10930800DFE804F0180414161616161801238DF851
:109318000730002385F89835D5F8743623B1012134
:1093280030460DF10702984702B070BD0223EEE700
:109338000323ECE70023EAE7381000204378034AC8
:10934800C3F3001382F89835704700BF3810002027
:10935800002310B50F4C84F850360B7884F87A3611
:109368004B7884F87B368B68C4F85C366BB191F91E
:109378000D2004F5CC6462728A7B22721A78D1E9D6
:10938800040110F01EFCC4E90001BDE810400248C9
:1093980006F00EBB38100020F0150020064880F8B3
:1093A8005016137880F87A36537880F87B3600F5B3
:1093B800B76006F0FDBA00BF38100020034B83F8F1
:1093C800B40503F29C5006F0F3BA00BF3810002031
:1093D8000023034880F8B43500F29C5006F0E8BA40
:1093E8003810002070B5094CD4F8705665B10023C8
:1093F800C4F8703610F0DDFB236801461B68186856
:109408002B46BDE87040184770BD00BF38100020DB
:10941800064BD3F8702642B10021C3F870161B68BA
:1094280047F6FF711B68186810477047381000200E
:1094380010B504460269A6B0C2F88000244900208D
:1094480003F0EAFD002201212A20FBF797FE646859
:109458008422002105A812F054F86368B3F5803F10
:1094680009D31C4B0222029300231B491846CDE95D
:1094780000330FF04AFF2368B3F5803F09D3174B39
:1094880002220293002314491846CDE900330FF055
:109498003CFF00230120259305AA61680432D940C6
:1094A800C90744BF00FA03F142F8041C2168D940F7
:1094B800C90748BF00FA03F103F1010348BFD163AC
:1094C800102BEAD105A803F0BFFD002026B010BD7F
:1094D800399500009615020084F20100C2150200B9
:1094E80030B505460C4685B04AB10F4B02220293AF
:1094F80000230E491846CDE900330FF006FF0F2C64
:109508000FD86B685B68E340DB070AD501230020AE
:10951800A400E4B204F1A04404F52834236005B0A3
:1095280030BD6FF01500FAE7EE15020084F2010075
:109538007FB5D1F880600F2804460D46736803D8BC
:109548001B68C340DB0709D4144B02220293002393
:1095580013491846CDE900330FF0D7FED5F884300B
:10956800E34013F0010308D10E4A1846CDE9013251
:109578000B49022200930FF0C8FE05EB840255F850
:10958800245045B1002321463046AC46126C04B045
:10959800BDE87040604704B070BD00BF0916020006
:1095A80084F201002516020030B50F290C46056922
:1095B80085B041D843681B68CB40DB073CD5D5F85C
:1095C8008430CB4003F001031AB90BBB6FF077006E
:1095D80030E0002BFAD155F8213043B9184A184623
:1095E800CDE901321749022200930FF08EFED5F81B
:1095F800843013B92A20FBF791FD0122D5F8843075
:10960800A2401343C5F88430E0B203F03DFD0AE000
:10961800C8B203F041FD0122D5F88430A24023EA04
:109628000203C5F88430D5F8843013B92A20FBF733
:1096380083FD002005B030BD6FF01500FAE700BFCC
:109648004216020084F201004FF0010C2DE9F047A8
:109658005B4E5C4F00EB8101814202D10020BDE8E6
:10966800F087046804F07F03C4F343257F2B4FEA97
:10967800144408BF4FF0FF33222C00F29D80DFE82E
:1096880004F0122328422B3E429B9B9B9B45729BD6
:109698009B9B9B9B9B9B9B9B757D80839B9B9B869E
:1096A8008C8F92959800C2F80C354FEA5318B8F190
:1096B800010F14BFB646BE4603F01F040CFA04F4AB
:1096C800CEF80840012402E0C2F814350024A6466A
:1096D80023E0C2F80835E8E70024C2F808354FEA65
:1096E8005319B9F1010F14BFB046B84603F01F0E65
:1096F8000CFA0EFEC8F80CE04FF0010E0DE0C2F8AF
:109708000C350124EBE7C2F81035DFE7C2F808355D
:10971800002DDBD100240625A64650F804AB03F043
:109728001F090AF40058B8F1000F4FEA53131CBF81
:1097380001244FF0000E012B0CBFB846B04608EBD1
:109748008908D8F80032CAF3C11A03F0E0492B029D
:1097580043EA8A0343EA0E0343EA440343EA09035C
:10976800C8F8003278E7C2F80C35D1E7C2F860359E
:109778000468C4F38034002CC3D096E7C2F864357B
:10978800F6E7C2F86835F3E7C2F86C35F0E7C2F8D7
:10979800243501244FF0000EBFE7C2F8283584E7CE
:1097A800C2F83035F5E7C2F83435F2E7C2F8383593
:1097B800EFE7C2F83C35ECE76FF085004FE700BFF4
:1097C80000258450002884507FB50BAB0593039384
:1097D800054B0122029300231846CDE90033F9F71F
:1097E80033FC07B05DF804FB8B160200F0B54B792B
:1097F800012B29D0032B24D110278B79032B20D1BF
:10980800CE790EB1012E1CD10A79012A1ED0022A66
:1098180020D0B2B914460B684568B3F5164FD5F891
:1098280000C06ED033D8B3F5165F6DD01CD8B3F531
:10983800966F6BD010D8B3F5967F6AD0B3F5167FC4
:109848006AD06FF085005BE00027D6E74FF480749C
:109858000E22E0E70024FBE7B3F5166F5FD0B3F5FF
:10986800965FEED1384B3CE0B3F5E14F5AD007D8BC
:10987800B3F5615F58D0B3F5964FE2D1334B30E082
:1098880047F61225AB42DCD14FF4000329E0B3F5CB
:10989800613F4BD013D8B3F5963F4AD009D84DF65F
:1098A800C025AB4247D0B3F5614FCAD14FF46B0323
:1098B80017E0B3F5E13FC4D14FF0EB7311E0B3F516
:1098C800612F3BD008D8224DAB423AD0B3F5E12FF7
:1098D800B7D14FF0E86304E01E4DAB42B1D14FF071
:1098E80080530569CCF8243543683A431B683443F0
:1098F8002243C3F86C252B1D03C983E8030000200D
:10990800F0BD4FF41D03ECE7134BEAE74FF49E2339
:10991800E7E74FF4A033E4E74FF41C33E1E74FF4F3
:109928001D23DEE70D4BDCE70D4BDAE74FF06C73D8
:10993800D7E70C4BD5E74FF46503D2E74FF07063D8
:10994800CFE74FF08063CCE700B0130000A04E00D3
:1099580090D0030040420F000050270000C075005F
:1099680000F03A0000903A012DE9F043804687B0B4
:10997800002201210820FBF701FC0820FBF7CEFBA1
:109988000021D8F80470D8F810603D6805AAC5F819
:109998000015C6F80080D7F80C9048460FF0C5FCB3
:1099A800041E24DB059BD9F8002019791868FFF7F5
:1099B8004BFE041E1BDB4046311DFFF717FF044614
:1099C800A8B97B68990723D506F11C0003F010FBA2
:1099D800234B98420FD0234B2046CDE901430094F6
:1099E800234601222049FFF7EFFE6FF004042046CA
:1099F80007B0BDE8F083337F43F00043C5F8A031DA
:109A0800C5F88C300123327F9340184AC2F80435D8
:109A18000823C5F800353B7A53B9C5F81031D5F895
:109A28001031B369C5F834350123C5F838352B60D2
:109A38007B689A075CBF4FF48073C5F804337B6872
:109A4800DB0644BF4FF48003C5F804337369C5F8D7
:109A580044350023C5F848350123AB60EB60C6E701
:109A68000000AD0B8B1602007CF301000070015062
:109A7800F8B504460D46076911F03FF9B0B9214B16
:109A88001B789BB1642660680FF031FD00BB012094
:109A980010F0A7F8013EF6D10021212006F016FCAF
:109AA800F0E781F31188BFF36F8FF5E74FF02003DC
:109AB800EFF3118183F31288BFF36F8F60680E464E
:109AC8000FF015FD90B981F31188BFF36F8FEDE7A3
:109AD8004FF02003EFF3118183F31288BFF36F8FE8
:109AE80060680E460FF003FD0028DAD07B6901227A
:109AF8001D70204679690FF03AFC86F31188BFF390
:109B08006F8FF8BD37A100200123834070B5DC4377
:109B18000B4AD2E8EF1F01EA0405C2E8E65F002E0F
:109B2800F7D14FF4803282400648C0F80823BFF3CB
:109B38005F8FBFF36F8F0B4214BF0120002070BDF1
:109B4800BC4400200050015070B40E4922F07F46FA
:109B5800D1E90034D01AC31844F10004C1E9003433
:109B6800A6F50013B3F5400F09D2074B1B681A0A74
:109B78001B069C19054B42F10005C3E9004570BC62
:109B880006F026BDD8160020C0440020E0160020AC
:109B9800D9B101230D4A8340D2E8EFCF4CEA030C38
:109BA800C2E8E1CF0029F7D14FF48033084A834057
:109BB800C2F80433074BD3E8AF3FC340DB0742BFCB
:109BC8004FF40012044BC3F800217047BC44002036
:109BD80000500150B444002000E100E0C3B2024844
:109BE8009B001844704700BF40510150024B00F5DC
:109BF800A87053F820007047005001500D4B1868AA
:109C0800010A0006BFF35F8F0B4BD3F80435181811
:109C180041F10001B3F5801F0AD2084BD3E90023B4
:109C2800904271EB030303D210F1807041F10001FF
:109C3800704700BFC044002000500150E0160020CB
:109C48002DE9F74F16461F460446FFF75DFF0090C3
:109C5800FFF7D4FFB04271EB070351D2384B301AEB
:109C680067EB0101984271F1000166D2354B03EBB5
:109C78000413D3E902239F4208BF96424AD04FF407
:109C88008039314909FA04F9204626F07F4BC1F89A
:109C980048930FF0D7FC4FF0030A584604F15005DB
:109CA800AD00ADB205F1502504F5A873DFF8A0C0EA
:109CB80005F580350193019A20F07F4341F8223061
:109CC800C1F84493D1F80485A0EB0800033820F0CC
:109CD8007F4060451ED9286868B1D1F80485A8EB93
:109CE8000B0020F07F40B0F5000F13D920460FF08D
:109CF800A9FCDFF85CC00AEB08000AF1010ADAE700
:109D08000123124AA340D2E8EF0F1843C2E8E10F3B
:109D18000029F8D100250B490C98230101EB041206
:109D2800C850C2E902670D9B536020460099FFF7AF
:109D38002FFF284603B0BDE8F08F6FF01505F4E754
:109D480001008000B816002000500150B4440020E3
:109D5800FDFF7F0073B54FF4803200254FF0FF30D0
:109D68004FF0FF311C4C1D4B0226C4F80833C4F8D1
:109D780048331B4BC4F80855C3E90201C4F804234F
:109D8800C3E906014FF400334FF40012C4F804335A
:109D9800144B0121C4F804631520C3F880212A4616
:109DA800FBF7ECF91520FBF7B9F901230322A360AF
:109DB80023600D4B28461A600C4B0D4A1E600D4B54
:109DC800019500930023FFF73BFF3046FEF736FA74
:109DD800284602B070BD00BF0050015003000F00BC
:109DE800B816002000E100E0BC440020B844002080
:109DF800FFFF7F00519B000070B501240C4B1868D1
:109E080090B1B0FA80F0C0F11F0004FA00F1C94324
:109E1800D3E8EF2F02EA0105C3E8E65F002EF7D189
:109E2800C240D207EBD570BD6FF00B00FBE700BF57
:109E3800B84400200123054A8340D2E8EF0F1843B5
:109E4800C2E8E10F0029F8D1704700BFB8440020EC
:109E5800431C13B521D0012821DD124A124B904230
:109E6800D4BF04461C46FFF7C9FE104B0E49D3E980
:109E78000023801AB0F5000F28BF002404448C4248
:109E880028BF0C4600200A49A2180190009143F10E
:109E98000003FFF7D5FE02B010BD034CE3E7012431
:109EA800E1E700BFFEFF7F00FFFF7F00D81600201C
:109EB800519B000008B5FFF7A1FE024B1B68C01AB2
:109EC80008BD00BFD8160020012310B5074C152087
:109ED8006360FBF731F94FF40012054BC4F80833FF
:109EE800C4F84833034BC3F8802110BD005001501B
:109EF80003000F0000E100E07FB50BAB059303936F
:109F0800054B0122029300231846CDE90033F9F7E7
:109F18009BF807B05DF804FBC41602001FB50024C7
:109F2800F9F722F8064B2046029301222346CDE991
:109F380000440449FFF7E0FF2046FBF76BFD00BF34
:109F4800C41602004CF201000122024B1A700DF0F7
:109F58001EBD00BF877400200122024B1A700DF04D
:109F680016BD00BF8674002010B50D4B04461A7844
:109F78001AB100221A7008F073F80A4B1A7872B1F5
:109F880000221A7000F082FF20B12046BDE8104080
:109F980013F0DEB82046BDE8104008F03DB810BD0B
:109FA800867400208774002008B511F085F94FF4F5
:109FB8007A72A0FB020302FB0133C00B40EA434064
:109FC800014B1B68C01A08BDC444002037B58C1863
:109FD800FFF7EAFF241A002C16DD4FF4004540F283
:109FE800E73000214FF47A720023E4FB0501F6F70D
:109FF800AFF802460B4600210020CDE900010648D3
:10A0080006F0DCFB03B030BD0122044B1A7003B02C
:10A01800BDE830400DF0BBBCE00300208774002091
:10A02800014811F071B900BFE0030020014811F0A8
:10A038006BB900BF1804002008B511F03DF9064AB5
:10A04800A0FB020302FB0133C00B40EA4340034B71
:10A058001B68C01A08BD00BF40420F00C84400205A
:10A0680010B5FFF7E9FF044600200FF032FB054B5F
:10A07800201A18604FF47A7390FBF3F0024B1860C3
:10A0880010BD00BFC8440020C444002037B58C1858
:10A09800FFF7D2FF241A002C14DD4FF400450021ED
:10A0A8000C480023E4FB05010B4AF6F751F8024679
:10A0B8000B4600210020CDE90001084806F07EFB90
:10A0C80003B030BD0122064B1A7003B0BDE8304022
:10A0D8000DF05DBC3F420F0040420F001804002005
:10A0E8008674002070B50D46044678B171B1094EEA
:10A0F800304610F022FD58B1B3682A462146304652
:10A108001B689847003818BF012070BD0720FCE77E
:10A118000120FAE7C0EE01000D4BA0F10B020F2A57
:10A1280093F9003003D97F2B0BD100207047094ADF
:10A138007F2B024412F90B0C04D17F2808BF0020A2
:10A1480070477F209842A8BF184640B2704700BFAA
:10A158009C7400208A740020024B1980024805F084
:10A1680027BC00BF3C740020C0050020034BD3E887
:10A17800AF3F43FA00F000F001007047CC440020E4
:10A1880001238340DB43044AD2E8EF0F1840C2E8BA
:10A19800E10F0029F8D17047CC4400200123054A7B
:10A1A8008340D2E8EF0F1843C2E8E10F0029F8D145
:10A1B8000DF0EDBBCC440020044B834204D1044B8A
:10A1C80006201980FFF7EABF704700BF68EF01005B
:10A1D8003C740020012908D002291AD0D9B90E4BA5
:10A1E8001878032817D1FFF7D9BF0B4B1B78022B20
:10A1F80011D11378012B08D0022B08D0002B08BFEF
:10A208001221064B02201970EDE71121F9E71621FA
:10A21800F7E70720E7E770471C75002089740020DE
:10A228002DE9F041374F384DBB882A68374C023B3F
:10A2380013822368B979364EDB68364831809847EF
:10A2480023683078D3F81480FFF766FF0146314859
:10A25800C047314EFB7E3168C3F30002C3F30013DD
:10A268009B0043EAC20391F863202A4822F00C02BB
:10A27800134381F8633023685B689847C00519D594
:10A288003B69BBB1796932680B444FF47A71A3FB1F
:10A298000131C2E90C31042120682B6884691D480A
:10A2A800A047431D1CD0E0B110F1230F0CBF0E20B6
:10A2B8000F2016E0F97E236811F004011ED05B68B8
:10A2C800144898470107236804D59C6902212B6824
:10A2D8003268E4E79B680F48984748B1421DE3D1CC
:10A2E8000B200E4B1870BDE8F0410420FFF756BF55
:10A2F800236801469C6932682B68D0E79C693268FC
:10A308002B68CCE7F0170020D4440020D04400206C
:10A318004074002068EF0100D844002088740020B1
:10A32800F8B58B680C461D4600261DB97F2E05D949
:10A338000120F8BD2A8A6D681644F6E7DB681B78A9
:10A3480003F00703022BF3D1134F32463946204658
:10A358000EF041FA0028EBDB104894F86130104900
:10A36800837594F8623086804375236A666AA3FB16
:10A37800013201FB0622A16A4FF47A74B1FBF4F1B1
:10A38800203B42F1FF325B1842F10002C0E9023281
:10A3980007602846CDE700BF9D740020D017002035
:10A3A80040420F0030B5002187B00020FCF75AFB6F
:10A3B8001F4D0022002328607F20FCF721FB1D4C45
:10A3C8000146206028680EF004F923681A4DDA68FF
:10A3D8001A4B7F211A601A48102211F092F8194C72
:10A3E800AB6823600BB300234FF4886200931649CF
:10A3F8006FF00703154805F0A5FB1549134810F041
:10A4080082FC236828465B689847830605D4404049
:10A4180080F311884FF0040002DF0E4B04210393F0
:10A42800236805489B6A03AA984707B030BD00BF58
:10A43800D8440020D444002068EF0100F017002021
:10A448008A740020D044002080CB0020E816002029
:10A4580009170200DDA1000008B50146034810F005
:10A46800EFFC0120FFF79AFE002008BDF005002050
:10A4780008B50146034810F0E3FC0020FFF78EFE04
:10A48800002008BD0C06002013B5064BADF80610D9
:10A498001B6802221C6901210DF106030248A0472E
:10A4A80002B010BDD044002068EF010013B5054B81
:10A4B80001911B6800221C69012101AB0248A047D9
:10A4C80002B010BDD044002068EF0100012213B58E
:10A4D800054BADF806101B6811461C6903480DF1C1
:10A4E8000603A04702B010BDD044002068EF010069
:10A4F800024B1878003818BF012070471C750020DF
:10A50800034B1A780AB901221A700020704700BF5D
:10A518001C750020034B1A780AB100221A7000201B
:10A52800704700BF1C75002010B5084C2378013B0C
:10A53800022B08D8064B07481B681B6A984701235B
:10A548000020237010BD0D20FCE700BF1C75002003
:10A55800D044002068EF01002DE9F041054688B09D
:10A568000020FFF703FE00285DD10120FFF7FEFD64
:10A5780070B10120FFF704FE944FDFF88882944EF3
:10A5880000220023384605F0E1F90446002858D196
:10A598000220FFF7EBFD70B10220FFF7F1FD00F09C
:10A5A80075FC8C4B01461A78002800F0AB8000211E
:10A5B800284613F05EFB0320FFF7D8FD30B10320D7
:10A5C800FFF7DEFD2846844913F039FB0420FFF726
:10A5D800CDFD824E002800F0A1800420FFF7D0FDB9
:10A5E8003378032B40F09280022333707C4B7A4FF0
:10A5F8001B6893F86330C3F38002C3F3C00343EAD4
:10A608000213FA7E22F011021343FB7600F03EFC9F
:10A61800744B0446002800F0B480394628461A785E
:10A6280013F02AFB7AE00020FFF7AAFD6E4C002207
:10A638000023204605F08AF9002896D00DF063FF24
:10A64800F5E720220021684610F05BFFA0680DF0B6
:10A6580023F90022C3680093A368002B49D14FF463
:10A668007A7CB8F8003094F863008DF8063094F8D6
:10A678006130ADF804208DF8163094F86230C0F3DC
:10A6880040028DF815309DF8173062F300038DF8FD
:10A698001730D4E90831A3FB063206FB0122A16A70
:10A6A800203BB1FBFCF142F1FF325B1842F10002A2
:10A6B800C107CDE902320FD5C2060DD59DF8173076
:10A6C800C0F3401060F341038DF81730E36D049335
:10A6D80094F860308DF8143000F0D8FB024660B171
:10A6E80000226946284613F0C4FA20460DF00BFFF5
:10A6F80046E7198A5B680A44AFE76946284613F0BB
:10A7080097FAF2E7284613F093FA54E7374B38489C
:10A718001B685B68984783053FF566AF0720FFF71E
:10A7280025FD28B10720FFF72BFD2846FFF7FCFE83
:10A738003378032B47D00520FFF718FD88B12B4C41
:10A748002C4A23681178DB682948984723682A49E6
:10A758001B6B2A4A09882648984710BB0520FFF733
:10A768000FFD0620FFF702FD68B3254B284693F935
:10A77800001013F077FA062008B0BDE8F041FFF7A3
:10A78800FFBCDFF884803946B8F804202846002A40
:10A7980014BF424600221B7813F058FAA8F8044068
:10A7A800BCE70620FFF7E2FC40B1154B284693F9B9
:10A7B800001013F057FA0620FFF7E2FC08B0BDE8D6
:10A7C800F0410DF0E4B808B0BDE8F081F0050020D4
:10A7D80040420F0089740020F01700201C750020EB
:10A7E800D8440020887400200C060020D0440020A3
:10A7F80068EF01009A7400203E740020C1A1000097
:10A808003C74002040740020D0170020F8B50C4D8F
:10A818000C4C2B680C4E2046DB68318098472B681F
:10A8280030785F69FFF778FC01462046B8472B6807
:10A838002046DB6998470222044B00201A70F8BDB5
:10A84800D044002068EF0100407400201C750020EF
:10A858001FB5CDE90223074B8DF804101B680821AA
:10A868009B6A01AA04489847003818BF012005B020
:10A878005DF804FBD044002068EF010070B5134D6B
:10A888002A68536AE3B1124C237889B1022B1BD191
:10A89800104B56691878FFF73FFC01460E48B04741
:10A8A8002B680D485B6A984760B90323237070BD15
:10A8B800032B09D1BDE87040064B1978FFF7A6BFF6
:10A8C8000C20F4E70120F2E70D20F0E7D044002047
:10A8D8001C7500204074002068EF010038B50D4B4E
:10A8E8000D4D1B680D485B6898472B78022B03D0E9
:10A8F800830501D40D2038BD094810F042FB0446F9
:10A908000028F7D10323064906482B7010F05DFB99
:10A918002046F0E7D04400201C75002068EF0100B5
:10A9280050020020E816002000487047F017002069
:10A9380010B50E4C0E4823685B68984710F08000ED
:10A9480010D0236801211B6B0A4A0948984750B95F
:10A958004FF0FF334FF0FF32074805F04FF8074B31
:10A9680093F9000010BD7F20FCE700BFD044002011
:10A9780068EF010061A10000C00500203C740020C0
:10A9880008B5114B11481B685B6898470246C0F32D
:10A99800C0135800110748BF40F00800930648BF8D
:10A9A80040F00100910548BF40F01000530548BF32
:10A9B80040F02000D10548BF40F04000130548BFD3
:10A9C80040F0800008BD00BFD044002068EF0100BF
:10A9D800014B1878704700BF9B7400201FB50023F7
:10A9E800CDE901330393074B8DF804101970064B1A
:10A9F80003211B6801AA9B6A0448984705B05DF8C3
:10AA080004FB00BF9B740020D044002068EF0100C5
:10AA1800F8B5114E114B3768114D19703B6B0C4648
:10AA28002A80B3B10520FFF7ABFB0620FFF7A8FB90
:10AA38002146FB680B48984733680B4A1B6B2988EB
:10AA48000848984708B90020F8BD0520FFF7A6FB7D
:10AA5800F9E70C20F8E700BFD04400209A740020E2
:10AA68003E74002068EF0100C1A100001FB500235B
:10AA7800064ACDE9013312688DF80410946A194624
:10AA8800039301AA0248A04704B010BDD044002097
:10AA980068EF01001FB50023CDE902330123094AFD
:10AAA800ADF8001012681946946ACDF804D08DF8F4
:10AAB800093001AA0448A047002814BF0320002039
:10AAC80004B010BDD044002068EF01001FB540F26B
:10AAD80001120023CDE90223074B01911B680121D4
:10AAE8009B6A01AA05489847002814BF0320002044
:10AAF80005B05DF804FB00BFD044002068EF0100FA
:10AB08001FB50023CDE90233084BADF800101B68D0
:10AB180001219B6ACDF804D001AA0548984700286E
:10AB280014BF0320002005B05DF804FBD0440020CA
:10AB380068EF01001FB5002301910121CDE902331F
:10AB4800074B8DF808101B6801AA9B6A05489847AF
:10AB5800002814BF0320002005B05DF804FB00BFE7
:10AB6800D044002068EF01001FB50023CDE9013370
:10AB78000393054B01211B6801AA9B6A0348984768
:10AB880005B05DF804FB00BFD044002068EF010069
:10AB98001FB500230121CDE901330393054B8DF83F
:10ABA80008101B6801AA9B6A0348984705B05DF81E
:10ABB80004FB00BFD044002068EF010021B1034B23
:10ABC80000201B780B707047072070479C7400208A
:10ABD800014B0020197070479C74002010B50A4B77
:10ABE8001B682BB15B6B1BB1BDE8104007481847C9
:10ABF80010F062FB064AA0FB020302FB0131C00B06
:10AC080040EA4140C90B10BDD044002068EF010064
:10AC180040420F002DE9F04114461E4692B0CD087F
:10AC28002C22DDE91887002107A810F06AFC012C06
:10AC380006968DF8215022D18023CDF824808DF8F6
:10AC480022308DF82D508DF82E400C978DF8395004
:10AC5800631CDBB28DF83A300023CDE90033CDE92F
:10AC680004330293DCB96B4603930E4B05211B6832
:10AC780003AA9B6A0C48984712B0BDE8F081631E8E
:10AC8800802C8DF82230CDF824808DF82D508DF849
:10AC98002E400C978DF83950DAD10123DAE706AB4C
:10ACA800E2E700BFD044002068EF01001FB5002391
:10ACB800CDE90233054B01911B6806219B6A01AA65
:10ACC8000348984705B05DF804FB00BFD044002056
:10ACD80068EF01001FB50023CDE90233054B019150
:10ACE8001B6807219B6A01AA0348984705B05DF8CD
:10ACF80004FB00BFD044002068EF010070B50C468B
:10AD080086B0002C05930CBF0023062340F604519F
:10AD18000F4EADF810303368ADF8041001A9039157
:10AD2800ADF812200B2103AA9B6AADF80840094828
:10AD380098473368054609219B6A039403AA054886
:10AD48009847C54214BF0120002006B070BD00BF5F
:10AD5800D044002068EF01001FB50023CDE902337D
:10AD6800054B01911B680A219B6A01AA0348984771
:10AD780005B05DF804FB00BFD044002068EF010077
:10AD8800024B03481B689B6B184700BFD044002048
:10AD980068EF010010B588B0C1F38000ADF80A2053
:10ADA800C1F340020393C1F3C00113185B1821D00B
:10ADB8001C1D8DF8104000248DF811404BF69B04A3
:10ADC800ADF81240EA24ADF814401AB303228DF806
:10ADD8001620072230B10224501C20326A4402F89F
:10ADE800104CC2B221B1012120326A4402F8101C71
:10ADF8000633DBB2ADF80830074B04AA1B68019292
:10AE08000B219B6A01AA05489847003818BF012002
:10AE180008B010BD0622DDE7D044002068EF01002D
:10AE2800A1F10B030F2B10B512D80A4B0B4403F8F2
:10AE38000B2C094B1888884201D0002010BD074B05
:10AE48001B685C69FFF768F901460548A047F4E705
:10AE58000720F3E78A74002040740020D0440020C3
:10AE680068EF010008B5184602991368024A0BF00A
:10AE780069FB0C2008BD00BF29170200024A1070A8
:10AE880008B9FFF751BB70471D750020014B1878B2
:10AE9800704700BF1D750020034B1B780BB1FFF7EF
:10AEA800EDBC0D20704700BF1D7500202DE9F04353
:10AEB80004464B4F87B0DFF83881A3685B6C002BE2
:10AEC8007FD1A3681B6C002B40F08380A3685B6B69
:10AED800FBB94FF00009386805A9C2690BF080FF7B
:10AEE8000546002848D0A36805999B69002B38D0EF
:10AEF8000246204698470646002835D0314638682D
:10AF08000BF08BFFAE424FF00109E4D00CF03FFD8F
:10AF180003E0204698470028DBD1A3685B6A1BB191
:10AF2800204698470028C8D02E4DD5E8AF9FB9F1E4
:10AF3800010FC0D1DFF8BC80B8F80060002E30D017
:10AF4800A368294D5B69296843B332462046984770
:10AF58002B6803442B60B8F800301B1AA8F800309F
:10AF6800A9E76FF05706C9E7014638680BF055FFA7
:10AF7800B9F1000FD1D0C9E703460222CDE9010893
:10AF88001A4900900EF0B1FBA3689B69002BEFD023
:10AF9800012220460DF113019847E9E76FF05700A9
:10AFA800D6E720460EF09CFB2B4643F808690C3385
:10AFB800D3E8EF2FC3E8E19F0029F9D10CF0E7FCB3
:10AFC80079E72046984700287FF47BAF07B0BDE8B3
:10AFD800F0832046984700287FF478AFF6E700BF53
:10AFE8006002002068020020DC4400200CF301000D
:10AFF8004E1702004274002037B50C4D286801A98D
:10B00800C2690BF03EFF044630B9EB6813B110F08B
:10B0180059FDEC6003B030BD0198A1B210F05BFDA2
:10B02800214628680BF049FFE8E700BF60020020CE
:10B03800F0B53148314D87B068600FF07EFD0346AA
:10B0480050B92F4A2F49CDE90102012200900EF094
:10B058004CFB012007B0F0BD6868836823B19B6C86
:10B0680013B12A4628499847002630460596F8F72E
:10B07800F7FF044640B1254B0122CDE90163304674
:10B08800334620490096E2E7214B0322CDE901032C
:10B098001C49034600900EF028FB1E4E194F059BD5
:10B0A80068686BB108210EF02FFB686810210EF05C
:10B0B8002BFB686883689B6A03B198470020C9E73F
:10B0C80083681B6D73B1042105AA984768B10023F2
:10B0D800CDE90260012239461846CDE900440EF058
:10B0E80004FBDCE76FF05700F1E7002140F6CD40A4
:10B0F80005F0ECF8D3E700BFD8EE010060020020AD
:10B10800631702000CF30100B5AE000079170200C6
:10B118008E170200BA170200F8B5104E104D33888A
:10B12800C3B9002401220F4BAC60D3E8EF1FC3E87A
:10B13800E02F0028F9D10CF02AFC2046F8BD3B6826
:10B148006868195D836801345B6898473388A3424F
:10B15800F5D8E6E70024044FF8E700BF4274002062
:10B16800600200206C020020DC440020034610B579
:10B178000120A3B10F4AD2E8EF4F002C04D1C2E856
:10B18800EC0FBCF1000FF6D112D10B4803600B4B4A
:10B1980019800B4B1B781BB1FFF7BEFF002010BDB9
:10B1A80052F8040C8368DB69002BF7D09847F5E761
:10B1B8000520F4E768020020DC44002042740020E7
:10B1C8001E7500200CB405287FB510D80A4B1A56F6
:10B1D800002A0CDB09AB05930393089BD2B20293B8
:10B1E800002319461846CDE90033F7F72DFF07B0BD
:10B1F8005DF804EB02B070470F180200F7B5124E65
:10B20800124C134D4FF0FF324FF0FF33304604F02D
:10B21800F5FB4FF4967321780E4859436F58043163
:10B228003A462944F7F7FAFA2378874203F10103EB
:10B2380003F00F032370E5D04FF0FF3301A801930B
:10B248000EF050F8DEE700BFD8050020207500207A
:10B25800E0440020A0570020014804F0A9BB00BF2B
:10B26800900500201FB51C48F7F77AFA002812DA73
:10B2780010F1780F0FD0194B03900293002301228D
:10B288001846CDE9003316490EF055FA6FF005005F
:10B2980005B05DF804FB134A13490F48F7F78CFA19
:10B2A800002802DA114B0390E7E700234FF400422D
:10B2B8000F4804F0A3FB00284FF0000309DA0D4AF9
:10B2C8001846CDE901320649012200930EF033FAFF
:10B2D800DCE71846DCE700BF08EF0100241802008D
:10B2E80064F3010090020020A057002044180200D7
:10B2F800900500206818020030B585B005460C4658
:10B308000FF0FBFC38B3184918480B7800785A1C22
:10B3180002F00F0290420DD1154B01220293002337
:10B3280014491846CDE900330EF005FA4FF0FF3006
:10B3380005B030BD0A704FF4967253430E4822464A
:10B34800C45004332946184410F0A1F80B4804F0FF
:10B358002FFB2046ECE7224629460948F7F75EFA14
:10B3680040EAE070E4E700BF1F7500202075002068
:10B378008418020064F30100E0440020D80500208E
:10B38800A05700207FB50BAB05930393054B012213
:10B39800029300231846CDE90033F7F755FE07B0AE
:10B3A8005DF804FBF31802000122034B83F814250F
:10B3B80002480FF0BEBC00BFA8570020C05C0020A8
:10B3C80010B504464FF0FF324FF0FF33094804F040
:10B3D80007FA28B13C21084B084A094805F084FAC5
:10B3E800084B1A68013203D03F21074B034AF4E7A0
:10B3F8001C6010BDC05C0020B0190200A71A020032
:10B4080011190200A80200207F19020030B5044675
:10B4180085B060B3431C2DD04FF4004540F2E730AF
:10B4280000214FF47A720023E4FB0501F4F790FE43
:10B4380002460B46124804F0E1FAF0B1114B012222
:10B448000293002310491846CDE900330394FFF70F
:10B4580099FF4FF0FF320D4B1A600D4804F03AFA8D
:10B4680060B15C210B4B0C4A0C4805F03DFA0022F8
:10B478001346DFE74FF0FF32FAE7094805B030BD61
:10B48800A8050020F31802006CF30100A8020020B0
:10B49800C05C0020A9190200741A020011190200E8
:10B4A800A857002008B50A4B984205D06D21094BD2
:10B4B800094A0A4805F018FA012380F814350848A3
:10B4C80004F008FA18B17421064B034AF1E708BDE5
:10B4D800A8570020B91902004B1A020011190200DE
:10B4E800C05C0020B019020038B5134D14462B6813
:10B4F800834220D1114B93F8140528B97D21104BB4
:10B50800104A114805F0F0F9002083F814054FF0AF
:10B51800FF30B2F5A26F286003D982210B4B094A8C
:10B52800EFE718460FF0B3FFC0F810450848BDE82C
:10B53800384004F03DBA38BDA8020020A8570020C2
:10B54800DC190200171A020011190200ED19020095
:10B55800A80500202DE9F04FB2F5004F87B08146CD
:10B568000C4615469846109EC0F02F820CF08CF9B8
:10B5780016234FF0FF370360B0E1533A252AF5D878
:10B5880001A353F822F000BFFBB6000051B9000038
:10B59800E7B7000075B5000075B5000033B70000C7
:10B5A80075B5000075B5000075B5000075B50000EB
:10B5B80075B5000075B5000075B5000075B50000DB
:10B5C80075B500005DB60000E5B6000093B8000050
:10B5D80083B7000075B5000075B5000075B50000AB
:10B5E800B1B7000075B5000075B5000017B70000C9
:10B5F80075B5000075B5000075B5000075B500009B
:10B6080075B5000075B50000FBB6000051B9000023
:10B6180075B5000075B5000075B5000033B70000BA
:10B62800433A092AA2D801A353F822F0E5B600004C
:10B6380093B800005BB7000075B5000075B5000051
:10B6480075B5000075B5000075B5000075B500004A
:10B6580017B7000033681A1D32601A681DB90CF05C
:10B6680013F98B2385E722B12378003B18BF012308
:10B67800137001370134013D40460EF0AEF88046A4
:10B6880098F80020002A00F02981292A00F0268154
:10B69800782A3FF66BAF522A3FF66FAF4C2A3FF637
:10B6A80065AF422ABCD82E2AE6D0362A7FF45EAF90
:10B6B8000F2DD4D9336804F11002191D31601B68AD
:10B6C800B9F1000F41D02BB154F8041B944243F850
:10B6D800041BF9D114461037103DCDE733681A1D05
:10B6E80032601B68002DBAD0002BC2D022781A70A5
:10B6F800BFE73368012D03F1040232601B68AED93D
:10B708000BB122881A8002370234023DB4E733684D
:10B71800032D03F1040232601B68A0D90BB1226823
:10B728001A6004370434043DA6E73368072D03F193
:10B73800040232601B6892D91BB121686268C3E9B0
:10B74800001208370834083D96E7002BC2D01C6069
:10B75800C0E7072D83D933681A1D32601B68B9F119
:10B76800000F06D0002BECD022681A6062685A607D
:10B77800E7E7002BE5D01C60E3E7052D7FF66FAF08
:10B7880033681A1D32601B68B9F1000F08D01BB16D
:10B7980022681A60A2889A8006370634063D6BE74D
:10B7A800002BF9D01C60F7E7336829461A1D326070
:10B7B8001A6820460DF0CFFF3AB11268844B9A42BE
:10B7C80003D90CF061F82223D3E6002840F38680E1
:10B7D8008542C0F28380074404442D1A4CE7002DAB
:10B7E8003FF43DAF0023E25C9A46013332B90AF1D7
:10B7F800010A5545FFF433AF20461DE09D42F2D1C2
:10B80800AA46F4E7180618D559067FF5AFAE98068C
:10B8180029D5D90629D51B073FF5A8AE032304E08F
:10B8280001F0C00180297FF4A1AE013BDBB2FF2B00
:10B83800104612F8011BF3D1024612F8013B002B07
:10B84800E0D133681A1D3260B9F1000F18D01A46DA
:10B8580052F8080B32605B6868B19A4507D90CF05A
:10B8680013F80C2385E60123DFE70223DDE75246C0
:10B8780021460FF00CFE57445444A5EB0A05FBE69D
:10B888001B68002BF7D01C60F5E70023ADF81630D5
:10B89800336840461A1D32601A4652F808BB3260B7
:10B8A800D3F804A00DF099FF98F800200378642AD3
:10B8B80002D0BBB1292B15D029460DF1160320461D
:10B8C800444A0DF0B3FF0028034604EB000105DDF0
:10B8D80040F21352BDF81600904207D9384607B017
:10B8E800BDE8F08F21460023ADF81650BDF81620AC
:10B8F800D018A8423FF7B3AEB9F1000F12D0BAF191
:10B90800000F3FF433AEDAF800009042FFF42EAE99
:10B91800584603930FF0BBFD039BBDF81620CAF8E9
:10B92800002007E0BBF1000F01D0CBF80010BAF1FE
:10B93800000FF2D1BDF8162013449AB217FA83F714
:10B9480014FA83F4AD1A97E600234046ADF8163092
:10B958000DF043FF98F800200378742A02D063B3EF
:10B96800292B2AD0294620461A4A0DF116030DF034
:10B978005DFF0028824604EB0001AFDD40F213535F
:10B98800BDF816209A42A9D8BDF8162002EB0A0382
:10B99800AB423FF764AE0020009608F10203FFF7C0
:10B9A800D9FD0028FFF65BAEBAF1000F0BD0BDF849
:10B9B80016309A441FFA8AF00DE721464FF0000A24
:10B9C800ADF81650E0E780B205E7002758E600BF5B
:10B9D800FEFF1F000E1E0200B1F5004F2DE9F74FC4
:10B9E80005460C4690461F4609D30BF04DFF16231B
:10B9F8004FF0FF360360304603B0BDE8F08F0028F3
:10BA080008BF0024002698F80030002BF3D0292B1B
:10BA1800F1D0782BE9D8522B1ED84C2BE5D8422BE5
:10BA28006CD82E2B00F09280362BDED13B680F2C81
:10BA380003F104023A6006F1100640F294812A46A6
:10BA48001B6803F1100153F8040B8B4242F8040BF6
:10BA5800F9D11035103C79E0533B252BC5D801A20C
:10BA680052F823F06FBB000001BD000069BC000064
:10BA7800F3B90000F3B90000B9BB0000F3B9000046
:10BA8800F3B90000F3B90000F3B90000F3B90000FE
:10BA9800F3B90000F3B90000F3B90000F3B90000EE
:10BAA8003DBB00005FBB00009FBC0000F9BB00006D
:10BAB800F3B90000F3B90000F3B9000043BC00007B
:10BAC800F3B90000F3B9000091BB0000F3B900001E
:10BAD800F3B90000F3B90000F3B90000F3B90000AE
:10BAE800F3B900006FBB000001BD0000F3B900000E
:10BAF800F3B90000F3B90000B9BB0000433B092BC0
:10BB08003FF673AF01A252F823F000BF5FBB0000FD
:10BB18009FBC00001FBC0000F3B90000F3B900008F
:10BB2800F3B90000F3B90000F3B90000F3B900005D
:10BB380091BB00003B6801361A1D3A6034B11B689E
:10BB4800003B18BF012305F8013B013C40460DF0BE
:10BB580044FE804657E73B6801361A1D3A60002CC0
:10BB6800F4D01B68EFE73B68012C03F104023A604C
:10BB780006F1020640F2F7801B68023CC3F3072275
:10BB88006A7005F8023BE1E73B68032C03F1040205
:10BB98003A6006F1040640F2E6801B68043C1A0E7F
:10BBA800EA701A0CAA701A0A6A7005F8043BCDE705
:10BBB8003B68072C03F1070323F0070303F108028E
:10BBC8003A6006F1080640F2CE80D3E90023190E48
:10BBD800E971190CA9712B71190A130EEB70130C6A
:10BBE800AB70130A69716B7005F8082B083CADE758
:10BBF8003B68052C03F104023A6006F1060640F2A0
:10BC0800B2801B6806351A68063C45F8062C9B88E6
:10BC180025F8023C9AE73B68072C03F104023A60D6
:10BC280006F1080640F29F801A680835136845F83F
:10BC3800083C536845F8043CD8E73B681A1D3A604D
:10BC48001A684A4B9A423FF6D0AE214628460DF074
:10BC5800AEFD84420644C0F286800544241A75E786
:10BC68003B681A1D3A60D3F800A0BAF1000F0DD056
:10BC78005046F4F775FF00F101094C454E4472D364
:10BC88004A46514628460FF002FC31E04FF00109C0
:10BC9800DFF8E0A0F1E73B6840461A1D3A601A4613
:10BCA80052F808AB3A60D3F804900DF096FD98F876
:10BCB80000200378642A02D0ABB1292B13D04B465D
:10BCC800214628462A4A0DF0C3FD00287FF78DAE8D
:10BCD80000EB09039C421E4445D30544241ABAF1DB
:10BCE800000FCDD104E04C454E443CD3002DF6D195
:10BCF8004D44A4EB090429E740460DF06EFD98F881
:10BD0800013090F80090282B7FF46FAE00213B683B
:10BD180008F1020A0193524601AB0846FFF75CFEA0
:10BD280098F800308346742B05D0B9F1000F18D06D
:10BD3800B9F1290F15D021465B4628460C4A0DF06B
:10BD480087FD011E7FF751AE8B44A3455E440ADC94
:10BD58000D44641A3B46524621462846FFF73CFEEE
:10BD68007BE70021F0E70024F0E600BFFEFF1F009C
:10BD78000E1E02003B2202008123802AB2FBF3F34D
:10BD880010B506D929B97421094B0A4A0A4804F0A2
:10BD9800ABFDC0E9001300231C4642689A4200D854
:10BDA80010BD03EBC3120A4482F880400133F4E764
:10BDB800FA1A0200A81B0200371B0200812273B581
:10BDC800D0E900534C1BB4FBF2F40026A3420196C1
:10BDD80005D86521084B094A094804F085FD04EB9C
:10BDE800C41401A825440DF095FC019885F88060DD
:10BDF8000DF09AFC02B070BD861B02009C1B02006D
:10BE0800371B02002DE9F34105461430DDF8208088
:10BE180016461F4601910DF031FDC8F8000078B1B3
:10BE28003A4631460FF033FB4146284601AA0DF049
:10BE3800CEFD28B95021044B044A054804F054FDAE
:10BE480002B0BDE8F08100BFC91B02001D1C020042
:10BE5800D01B020000487047646500200048704706
:10BE68009065002007B504220B490C480DF056FDDB
:10BE780010230B4A0B490C480DF025FDFFF794FAE7
:10BE8800FFF7F0F9002803DA019001A80DF02AFA6B
:10BE980003B05DF804FB00BF8065002090650020BA
:10BEA800D45C0020E46400206465002000B589B0FB
:10BEB80007AB029306AB019305AB0093084A0DF15B
:10BEC80013030DF0B3FC002807DBDDE90612059823
:10BED8000DF07CFE09B05DF804FB6FF00200F9E795
:10BEE8003B1C02001FB5002443F636408DF80B407A
:10BEF800FFF766FA43F63643032280210948009487
:10BF08000DF0E3FD002805DB0DF10B000DF002FE3E
:10BF1800002803DA039003A80DF0E4F99DF80B005C
:10BF280004B010BD3F1C02001FB5002443F60240B8
:10BF38008DF80B40FFF744FA43F6024303228021B1
:10BF4800094800940DF0C1FD002805DB0DF10B0038
:10BF58000DF0F7FD002803DA039003A80DF0C2F9ED
:10BF68009DF80B0004B010BD3F1C0200F0B51F4641
:10BF780000230C461646054689B043F627408DF83F
:10BF88001B30FFF71DFA0E9B0322CDE903738021B6
:10BF980043F62743CDE90054094802960DF095FD74
:10BFA800002805DB0DF11B000DF0CBFD002803DA9E
:10BFB800079007A80DF096F99DF81B0009B0F0BD91
:10BFC800431C02001FB504460020FFF7F9F90223BD
:10BFD8000322CDE90043802143F60C4307480DF0C6
:10BFE80074FD002803DB0DF0C3FD002803DA03907D
:10BFF80003A80DF077F904B010BD00BF501C020073
:10C008001FB504460020FFF7DBF902230322CDE920
:10C018000043802143F60D4307480DF056FD0028E4
:10C0280003DB0DF0A5FD002803DA039003A80DF04B
:10C0380059F904B010BD00BF501C02001FB50446DA
:10C048000020FFF7BDF908230322CDE90043802132
:10C0580043F60E4307480DF038FD002803DB0DF0CA
:10C0680087FD002803DA039003A80DF03BF904B01C
:10C0780010BD00BF501C02001FB504460020FFF78A
:10C088009FF943F60F4303228021084800940DF0DE
:10C098001CFD002803DB0DF06BFD002803DA03907C
:10C0A80003A80DF01FF904B010BD00BF551C020015
:10C0B8001FB504460020FFF783F943F61043032217
:10C0C8008021084800940DF000FD002803DB0DF0E6
:10C0D8004FFD002803DA039003A80DF003F904B01C
:10C0E80010BD00BF551C02001FB504460020FFF715
:10C0F80067F943F60B4303228021084800940DF0AA
:10C10800E4FC002803DB0DF033FD002803DA03907C
:10C1180003A80DF0E7F804B010BD00BF5A1C0200D8
:10C12800F0B50F461E46002389B0044643F620406A
:10C138008DF81B301546FFF743F9002F0CBF02237B
:10C1480008239DF83820CDE90135CDE9036243F68F
:10C158002043032280210A4800940DF0B6FC0028F1
:10C1680005DB0DF11B000DF0ECFC002803DA07904D
:10C1780007A80DF0B7F89DF81B0009B0F0BD00BF87
:10C188005F1C020070B500230E4686B0044643F6D5
:10C1980021408DF813301546FFF712F9002E0CBF19
:10C1A800022308230322CDE90135802143F62143E8
:10C1B800094800940DF089FC002805DB0DF11300F7
:10C1C8000DF0BFFC002803DA059005A80DF08AF8E9
:10C1D8009DF8130006B070BD661C02001FB504462A
:10C1E8000020FFF7EDF843F60743032280210848B3
:10C1F80000940DF06AFC002803DB0DF0B9FC002860
:10C2080003DA039003A80DF06DF804B010BD00BF69
:10C21800551C0200002330B50D4685B0044643F690
:10C2280008408DF80B30FFF7CBF8002D0CBF022328
:10C2380008230322CDE90043802143F60843094837
:10C248000DF043FC002805DB0DF10B000DF079FC27
:10C25800002803DA039003A80DF044F89DF80B00BA
:10C2680005B030BD501C0200002330B50D4685B026
:10C27800044643F609408DF80B30FFF7A1F8002D6E
:10C288000CBF022308230322CDE90043802143F693
:10C29800094309480DF019FC002805DB0DF10B00D6
:10C2A8000DF04FFC002803DA039003A80DF01AF8EC
:10C2B8009DF80B0005B030BD501C02001FB50446A8
:10C2C8000020FFF77DF843F60A430322802108483F
:10C2D80000940DF0FAFB002803DB0DF049FC002860
:10C2E80003DA039003A80CF0FDFF04B010BD00BFF3
:10C2F800551C02001FB504460020FFF761F843F6FD
:10C30800044303228021084800940DF0DEFB002836
:10C3180003DB0DF02DFC002803DA039003A80CF0D2
:10C32800E1FF04B010BD00BF5A1C02001FB5002376
:10C3380043F603400DF10B048DF80B30FFF740F87E
:10C3480043F6034303228021094800940DF0BDFB06
:10C35800002804DB20460DF0DDFB002803DA0390FB
:10C3680003A80CF0BFFF9DF80B0004B010BD00BF80
:10C378003F1C02001FB5002443F611408DF80B4006
:10C38800FFF71EF843F61143032280210948009461
:10C398000DF09BFB002805DB0DF10B000DF0D1FB28
:10C3A800002803DA039003A80CF09CFF9DF80B000B
:10C3B80004B010BD3F1C02001FB50023044643F61D
:10C3C80014408DF80B30FEF7FBFF43F614430322AD
:10C3D80080210A4800940DF078FB002805DB0DF158
:10C3E8000B000DF0AEFB002803DA039003A80CF055
:10C3F80079FF9DF80B0004B010BD00BF4B1C020074
:10C4080030B5002305468DB00C468DF82730FFF770
:10C4180025FD29460AAA0DF08BFA1C4B002C08BFF3
:10C428001C4678B343F61C40FEF7CAFF2B7803225C
:10C438000433CDE905530A9B8021049394F9033012
:10C4480013480393A37802936378019323780093A6
:10C4580043F61C430DF039FB041E09DB0DF12700E0
:10C468000DF06FFB041E03DB9DF827000DB030BDF7
:10C47800FFF7F4FC0A990DF073FA0BA80B940CF073
:10C4880031FFF1E76FF00804F7E700BFCA1C0200AC
:10C498006C1C020030B5002305468DB00C468DF8A3
:10C4A8002730FFF7DBFC29460AAA0DF041FA1D4B9D
:10C4B800002C08BF1C46002831D043F61B40FEF76D
:10C4C8007FFF2B7803220433CDE906530A9B802192
:10C4D800059394F9043014480493E3780393A378FC
:10C4E8000293637801932378009343F61B430DF07E
:10C4F800ECFA041E09DB0DF127000DF022FB041EE7
:10C5080003DB9DF827000DB030BDFFF7A7FC0A99A3
:10C518000DF026FA0BA80B940CF0E4FEF1E76FF08F
:10C528000804F7E7C51C0200791C0200F0B50546AF
:10C538001E46002391B08DF837301746169CFFF73A
:10C548008DFC29460EAA0DF0F3F91F4B002C08BFED
:10C558001C46002835D043F62540FEF731FF2B78DE
:10C56800CDE906760433CDE909530E9B03220893DF
:10C5780094F9053080210593237914480493E378CE
:10C588000393A3780293637801932378009343F687
:10C5980025430DF09AFA041E09DB0DF137000DF062
:10C5A800D0FA041E03DB9DF8370011B0F0BDFFF789
:10C5B80055FC0E990DF0D4F90FA80F940CF092FECB
:10C5C800F1E76FF00804F7E7BF1C0200871C0200C0
:10C5D8001FB50446FFF73EFC214602AA0DF086F976
:10C5E80030B96FF00700039003A80CF07BFE18E049
:10C5F8000020FEF7E5FE029B03220093802143F60C
:10C608001A4309480DF061FA0028ECDBFFF722FC19
:10C6180021460DF073F90028E3D00DF0A9FA00289F
:10C62800E1DB04B010BD00BF4B1C02001FB504467F
:10C638000020FEF7C5FE43F6064303228021084882
:10C6480000940DF042FA002803DB0DF091FA00285F
:10C6580003DA039003A80CF045FE04B010BD00BF38
:10C66800971C020030B5002485B043F61F400294A1
:10C67800FEF7A6FE009443F61F43032280211048CC
:10C688000DF023FA041E10DB4FF4FA70FEF7BEFE1D
:10C69800054688B1D0F8101502AA00F041F9044601
:10C6A8002846FEF7FFFE002C03DA03A803940CF0DB
:10C6B80019FE029805B030BD6FF00404F5E700BF1D
:10C6C8003F1C02000022002330B543F6224087B009
:10C6D800CDE90423FEF774FE002303220093802192
:10C6E80043F6224310480DF0F0F9041E10DB4FF416
:10C6F800FA70FEF78BFE054690B1D0F8101504AA23
:10C7080000F01CF904462846FEF7CCFE002C03DA9C
:10C7180003A803940CF0E6FDDDE9040107B030BD81
:10C728006FF00404F4E700BF3F1C02001FB5044685
:10C738000020FEF745FE43F62943032280210848DE
:10C7480000940DF0C2F9002803DB0DF011FA00285F
:10C7580003DA039003A80CF0C5FD04B010BD00BFB8
:10C768004B1C02001FB504460020FEF729FE4FF4BB
:10C77800715303228021084800940DF0A6F900287F
:10C7880003DB0DF0F5F9002803DA039003A80CF099
:10C79800A9FD04B010BD00BF4B1C020010B500235A
:10C7A80004468AB043F62A408DF82330FEF708FE87
:10C7B800237D03220793236980210693E3681048A9
:10C7C800059309230493A368039323790293102301
:10C7D80001932368009343F62A430DF076F9002865
:10C7E80005DB0DF123000DF095F9002803DA099017
:10C7F80009A80CF077FD9DF823000AB010BD00BF12
:10C808009C1C0200002310B5044686B043F62B405A
:10C818008DF81330FEF7D4FD0923029363680322D1
:10C8280001932378802100930A4843F62B430DF0A7
:10C838004CF9002805DB0DF113000DF06BF9002809
:10C8480003DA059005A80CF04DFD9DF8130006B01D
:10C8580010BD00BFAC1C02001FB504460020FEF747
:10C86800AFFD43F62C4303228021084800940DF0C5
:10C878002CF9002803DB0DF07BF9002803DA03907C
:10C8880003A80CF02FFD04B010BD00BFB51C0200BA
:10C8980030B50C46054685B00020FEF791FD43F6FD
:10C8A8003F4303228021CDE9005407480DF00DF9DC
:10C8B800002803DB0DF05CF9002803DA039003A8D5
:10C8C8000CF010FD05B030BDBA1C020008B51346C7
:10C8D800044A0CF0ABFF0028B4BF6FF00200002040
:10C8E80008BD00BF411C020008B51346044A0CF0FD
:10C8F8009DFF0028B4BF6FF00200002008BD00BFF4
:10C90800AA1C020008B51346044A0CF08FFF002841
:10C91800B4BF6FF00200002008BD00BF3D0F020049
:10C9280008B51346044A0CF081FF0028B4BF6FF025
:10C938000200002008BD00BF491C020008B51346CC
:10C94800044A0CF073FF0028B4BF6FF00200002007
:10C9580008BD00BF6D20020070B59CB00EAB0193FE
:10C968000DAB0093B24A0CAB0CF060FF00280FDB54
:10C9780043F623430C9898424FD843F61343984202
:10C9880009D8002853D0A0F57053013B122B2BD99E
:10C998006FF0020002E1A0F57053143B0F2BF7D89B
:10C9A80001A252F823F000BF37CA000061CA000094
:10C9B8007BCA00009BCA000017CC00005DCC0000B9
:10C9C80099C9000037CA000037CA0000F1CA000040
:10C9D800A9CB000037CA000037CA000037CA0000D8
:10C9E80037CA000037CA00000122924902FA03F44C
:10C9F8000C401CD1122B20D0112BC9D18E4A16AB5A
:10CA0800DDE90D018DF858400CF010FF0028BFDB60
:10CA18009DF85800FCF7D2FC0DE0A0F57053253BBB
:10CA2800192BB5D8854A22FA03F3DB07B0D5DDE91F
:10CA38000D12FEF759FD0020B0E08DF8582016AB16
:10CA48007F4ADDE90D010CF0F1FE0028A0DB9DF81E
:10CA58005800FCF7BDFCEEE7794A16ABDDE90D019D
:10CA68000CF0E4FE002893DB9DF85800FCF7BAFCB4
:10CA7800E1E70123DDE90D018DF85830704A16AB66
:10CA88000CF0D4FE002883DB9DF85800FCF7C0FCAE
:10CA9800D1E716AB049311AB039310AB029314AB1D
:10CAA800019313AB0093674A12ABDDE90D010CF05B
:10CAB800BDFE0028FFF66CAFFFF7CCF9DDE91212D6
:10CAC80015AB0093149B043BFFF79CF9002863D037
:10CAD800DDE916239DF94010CDE9002315989DF84E
:10CAE8004420FCF7BDFBA6E70021DDE90D5616AC96
:10CAF8001822204615910EF004FD11AB0A9318ABCD
:10CB0800099310AB08931AAB07930DF166030693CC
:10CB18000DF16503059319AB04930DF15903CDE9A4
:10CB2800024312AB019314AB284600933146464AA0
:10CB38000FAB0CF07BFE0028189DFFF629AFFFF71E
:10CB48008DF90F9913AA0CF0FFFE10B96FF00700CA
:10CB580024E0119B042B13D1FFF780F90F990CF0F7
:10CB6800FFFE0028F2D0DDE91301129A043A0EF014
:10CB78008EFC159B214613981893FCF7E9FB5AE79E
:10CB8800FFF768F915AB0093119B2A461099043BEF
:10CB9800FFF738F90028DFD16FF008001CB070BD2E
:10CBA80016AC1822DDE90D56002120460EF0A9FC2E
:10CBB8000DF15903CDE9034311AB029315AB019372
:10CBC80013AB009331462846204A12AB0CF02EFED8
:10CBD8000028FFF6DDAEFFF741F9129914AA0CF010
:10CBE800B3FE0028B2D0FFF739F912990CF0B8FE5D
:10CBF8000028ABD0DDE91310159A043A0EF047FC73
:10CC080022469DF844101498FCF7C8FB13E716ABAE
:10CC180000930F4A15ABDDE90D010CF007FE002863
:10CC2800FFF6B6AE16999DF85400FCF757FB02E7DD
:10CC38003C1C020097010100AA1C02006F7FB2028F
:10CC48003D0F0200CE1C0200D71C0200E81C0200A7
:10CC5800481C020016AB00930A4A15ABDDE90D012A
:10CC68000CF0E4FD0028FFF693AE159800283FF479
:10CC78008FAE0278169B9A427FF48AAEFCF75EFB71
:10CC8800D9E600BF301D02004FF47F03D3F83021EE
:10CC9800D3F83431072A05D1023B032B02D8024AC4
:10CCA800D05C704700207047F91C020008B5FFF7F8
:10CCB800EBFF58B1694BD3F8202A3AB90D21C3F8D4
:10CCC800201A0121C3F81C19C3F81C290022D3001B
:10CCD80003F57F03D3F80013013107D0D3F800130D
:10CCE8000132D3F80433202A0B60F0D1FFF7CCFFD0
:10CCF800002840F0AA80FFF7C7FF40B1584B594AB7
:10CD0800C3F830254FF050230122C3F858254FF4BB
:10CD18007F03D3F83021D3F83431072A09D1023BF5
:10CD2800032B06D8504AD35C1BB100224F4BC3F8E3
:10CD38004C25FFF7A9FF50B14FF05023D3F800243A
:10CD4800D10742BF0022C3F81421C3F818214FF4B9
:10CD58007F03D3F83021D3F83431072A09D14FF0B3
:10CD68005023D3F80024D20744BF6FF00102C3F860
:10CD78000024FFF789FF18B16522384BC3F80C2748
:10CD88004FF47F03D3F83021D3F83431072A16D172
:10CD9800364BD3F82034002B11DA4FF050230322FE
:10CDA800C3F8182501229A60D3F80421002AFBD081
:10CDB8000022C3F804210122DA60C3F818254FF4D1
:10CDC8007F03D3F83021D3F83431072A23D1023B2B
:10CDD800032B02D8264AD35CEBB17E221F4B204995
:10CDE800C3F80C27C3F83C297F23224AC2F818311C
:10CDF8000023C1F8043EC1F8083E01F54821C1F8F6
:10CE08001031C2F82431C2F82C3102F5FF1202F5B4
:10CE18008052C2F8A032184B1849D3F88C2042F43B
:10CE28004062C3F88C200868154AC2F84405C969ED
:10CE3800C2F84C15D3F8882042F47002C3F8882051
:10CE4800BFF34F8FBFF36F8F08BD2922034BC3F881
:10CE58000C270322C3F83C274DE700BF00400050D1
:10CE6800009003504400EFBEF51C02000020035060
:10CE7800F11C02000020005000ED00E00080FF00DF
:10CE88000060005070B501250268B2FA82F3C3F160
:10CE98001F03DBB205FA03F422EA0404D0E8EF6FBB
:10CEA800964204D1C0E8EC4FBCF1000FF6D1EBD1AB
:10CEB80001480B7070BD00BF0000AD0B10B50368D2
:10CEC800CB40DB0710D401238B40026843EA020100
:10CED800D0E8EF4F944204D1C0E8EC1FBCF1000F3A
:10CEE800F6D1F2D1014810BD0148FCE70000AD0BB6
:10CEF8000400AD0B044B1A7922B9012218601A718B
:10CF08000248704702487047A46500200000AD0B36
:10CF18000C00AD0B08B50520F8F722F910B905206B
:10CF2800F8F7FCF84FF050220123C2F81835C2F880
:10CF38001435C2F88035014A137008BD21750020E8
:10CF48004FF0502310B5D3F8002152B10020C3F898
:10CF58000001D3F800210122C3F80823234B1B68E2
:10CF680098474FF05023D3F804218AB10022C3F820
:10CF78000421D3F80421D3F81824D3F8181402F0A4
:10CF88000302012A4FF0020128D1C3F818159A604C
:10CF98004FF05023D3F8202162B10022C3F820219A
:10CFA800D3F820214FF48072C3F808230F4B0420D4
:10CFB8001B6898474FF05023D3F82421AAB10022C8
:10CFC800C3F82421D3F824214FF40072C3F80823AE
:10CFD800064B0520BDE810401B681847C3F8081326
:10CFE800024B01201B689847D2E710BDA4650020BA
:10CFF80001460148FFF746BFB00200200123044A5A
:10D0080083400146C2F808350248FFF757BF00BF02
:10D0180000700150B002002070B5084C0E4623790C
:10D02800154643B92A20F8F779F8012304482371F3
:10D038002660A56070BD0348FCE700BFAC65002012
:10D048000000AD0B0C00AD0B002330B50D4A50F8B5
:10D05800234003F5A2710133102B42F82140F6D189
:10D068000023084A00F13C0103F5B27451F8045F4B
:10D078000133102B42F82450F6D1D0F88030C2F892
:10D08800043330BD00A002500123024A8340C2F895
:10D098000433704700A002500123024A8340C2F8BB
:10D0A8000833704700A00250F8B5012600270B4B43
:10D0B8000B4DD3F80C4304B9F8BD94FAA4F0B0FAB8
:10D0C80080F006FA00F324EA0304064B82009F501E
:10D0D8002B68002BEFD0A9689847ECE700A0025016
:10D0E800AC65002000A102500022034BC3F8842540
:10D0F800C3F80425704700BF00900350044AD2F8D3
:10D108000034DB07FBD50160BFF35F8F704700BFBA
:10D118000090035008B5C0F30B0383B90222094BF2
:10D12800C3F88425C3F804254FF0FF320260D3F812
:10D138000024D207FBD5FFF7D7FF034808BD0348F3
:10D14800FCE700BF009003500000AD0B0A00AD0BD8
:10D15800012208B5054BC3F88425C3F80425FFF759
:10D16800CDFFBDE80840FFF7BFBF00BF00900350E8
:10D1780010B5174C23784BBB0378164AC3F340030A
:10D18800C2F8003B037803F00103C2F804370378C0
:10D19800DB0710D54FF47F03D3F83011D3F83431BF
:10D1A800072908D1023B032B05D80B49CB5C13B1E7
:10D1B8000123C2F828370520F7F7D2FF10B9052058
:10D1C800F7F7ACFF01230548237010BD0448FCE7BE
:10D1D8002275002000400050121D02000000AD0B17
:10D1E8000C00AD0B4FF0502310B5D3F80443610782
:10D1F8000AD5D3F808213AB10022C3F80821D3F898
:10D208000831124B1B689847A2060CD54FF05023E3
:10D21800D3F814213AB10020C3F81401D3F814311B
:10D228000B4B1B68984763060FD54FF05023D3F874
:10D23800182152B10022C3F81821D3F81831044B31
:10D248000120BDE810401B68184710BDBC650020D0
:10D25800B865002070B500F06044B4F1005F68D193
:10D26800840766D1354D95F83040012C01D09C4299
:10D2780061D12C6804BB022B314B0BBFC3F81025BE
:10D28800C3F80425C3F81405C3F808050BBFC3F891
:10D298001815C3F80C15082204220021C3F8001140
:10D2A80002F1A043012203F52C331A60244AD2F874
:10D2B8000031002BFBD00DE0AE68214C66B1022B8B
:10D2C800E8606961EA612DD1C4F81025C4F8140535
:10D2D800C4F818151B4870BD022B85F83030296139
:10D2E800AA61A8600CBFC4F81025C4F804254FF043
:10D2F80000020BBFC4F81405C4F80805C4F81815D3
:10D30800C4F80C1508BF08230D4918BF0423C1F839
:10D318000021012203F1A04303F52C33C1F80423B3
:10D328001A60D7E7C4F80425C4F80805C4F80C1532
:10D33800D0E70548CFE70548CDE700BFC065002026
:10D3480000B002500000AD0B0A00AD0B0B00AD0B96
:10D3580038B54CF25034064DD5F8003133B90A20AF
:10D368000CF03FFC013CF7D1024838BD0248FCE70D
:10D3780000B002500700AD0B0000AD0B084B9A68D7
:10D388005A621A699A629A69DA62DA689A6032B1FC
:10D398005A691A61DA699A610022DA60704770473F
:10D3A800C065002010B50A4A0A4C00F01F03400966
:10D3B800012818BF224602EB8302D2F8003203F09C
:10D3C800E04343EA012343F00203C2F8003210BDF0
:10D3D800002884500025845010B50E4B0238D3F82D
:10D3E8003C26D3F83836072813D8DFE800F0110FA9
:10D3F8000D0B0A080604100EC871100C8871100A6B
:10D4080048710A711A0ECA701A0C8A701A0A4A7080
:10D418000B7010BD00B00250023807281FD8DFE893
:10D4280000F02927251123211F04CB791B068A79AF
:10D4380043EA02434A7943EA02230A7913430E4A2C
:10D44800C2F83C36CB781B068A7843EA02434A780E
:10D4580043EA02230A781343074AC2F8383670476A
:10D468000023E4E70023E5E70023E6E70023EBE7F2
:10D478000023ECE70023EDE700B002502DE9F0416E
:10D488006D4D044695F830300E461746002B40F097
:10D49800CE80C27C12B1037D002B6CD12079FF288D
:10D4A80000F0C8806379FF2B00F0C480A379FF2BBC
:10D4B80000F0C080E179FF2900F0BC806368DFF8E4
:10D4C8008CC123F07F43634540F0B4800E2940F0BF
:10D4D800B180237AFF2B02D00F2B40F0AB80637A08
:10D4E800FF2B02D0102B40F0A580B2B90321FFF723
:10D4F80059FF6079FFF756FFA079FFF753FFE079EE
:10D50800FFF750FF207AFF2801D0FFF74BFF607A22
:10D51800FF2802D00321FFF745FF237D5BBB23795A
:10D52800FF2B14BF1A464FF0FF32444BC3F8242593
:10D538006279FF2A08BF4FF0FF32C3F82825A27985
:10D54800FF2A08BF4FF0FF32C3F83025E279FF2ADF
:10D5580008BF4FF0FF32C3F83425227AFF2A08BFEC
:10D568004FF0FF32C3F83825627AFF2A08BF4FF020
:10D57800FF32C3F83C2501230022DFF8C080C8F839
:10D588000833C8F80021C8F80030FFF7E1FE2C4B3B
:10D5980098424DD02368C8F84035237BE17AA27AB7
:10D5A8009B0143EAC1031343627B43EAC213C8F8F1
:10D5B8004435627CD8F84435A2BB43F440331F4954
:10D5C800C1F844354FF4C063C1F84036D1F800269D
:10D5D800A37B22F07F4222F0FF021343E27B43EA5F
:10D5E8000263227C43EA4263627C43EA0273C1F825
:10D5F8000036E37CC5E9006785F8313016B12B2089
:10D60800F7F78CFD00210122C5E902110B4B85F8C3
:10D618003020C3F80025C3F800111A60BDE8F041B6
:10D62800FFF796BE23F4003343F48033C7E7054879
:10D63800BDE8F0810448FBE7C065002000B0025057
:10D648000700AD0B0500AD0B0400AD0B11120D006A
:10D658002DE9F04115461F4A044692F83020012A68
:10D6680035D111B14078FFF7D7FE012300271A4EB4
:10D67800DFF86880C6F80833C6F800713360FFF732
:10D6880067FE404502D11548BDE8F081C6F8007133
:10D69800A37862781B0343EA022322781343E278D3
:10D6A80043EA4233227943EA8233627943EAC23356
:10D6B800C6F83436FFF74CFE4045E4D0C6F8007192
:10D6C8001DB129466078FFF787FE0548DCE7054865
:10D6D800DAE700BFC065002000B002500700AD0BBC
:10D6E8000000AD0B0B00AD0B1FB500230C4A02A8C0
:10D6F80002920DF1070211468DF80730ADF80C3093
:10D70800FFF7A6FF074B984206D19DF8073013F0A4
:10D71800010F054B18BF184605B05DF804FB00BFA4
:10D72800050200010000AD0B0B00AD0B2DE9F8431D
:10D738002B20F7F701FD214B214ED3F8342602F4B4
:10D748004032B2F5803F04BF1E4AC3F83426012296
:10D75800C3F808231A610022C3F80025C3F8002182
:10D7680096F8312022BBD3F82405D3F82895C0B207
:10D77800D3F83085D3F83475D3F83855D3F83C4509
:10D788000CF065FB5FFA89F00CF061FB5FFA88F03A
:10D798000CF05DFBF8B20CF05AFBE8B2FF28E4B2DB
:10D7A80001D00CF054FBFF2C02D020460CF04FFBAC
:10D7B800002386F83030BDE8F88300BF00B002507F
:10D7C800C0650020000103008B0721D1124A1368AD
:10D7D8001BB192F83030012B1CD1042382F8303071
:10D7E8000E4BC3F81C150021C3F82005C3F800111F
:10D7F8000121D960106840B9D3F800110029FBD085
:10D80800012382F8303006487047C3F80413FAE75A
:10D818000448704704487047C065002000B00250B3
:10D828000000AD0B0A00AD0B0B00AD0B10B5174B8C
:10D83800D3F80021E2B10022154CC3F8002194F876
:10D848003020032A15D0042A15D0022A04D1012336
:10D8580084F82030FFF792FDA36813B9012384F8F8
:10D868003030D4E9003100209847002384F8203074
:10D8780010BD0223ECE7032284F82020D3F81C25EE
:10D888006262D3F8203584F82830E5E700B002500A
:10D89800C0650020054B10F0800FA3F1900208BF6F
:10D8A800134600F00F0003EB001070479C67002040
:10D8B800002307B5064A01A81370064A137001230E
:10D8C8000193054B1B68984703B05DF804FB00BF44
:10D8D80025750020247500203468002013B5194BE5
:10D8E800D3F80044C3F80044E105D3F8003408D560
:10D8F8000122154B01A81A7002230193134B1B68D0
:10D908009847A20508D500220F4B01A81A700323D7
:10D9180001930E4B1B689847630510D50A4B1A787C
:10D928006AB100221A700122064B01A8C3F8082523
:10D938009A659B6D04230193044B1B68984702B0BA
:10D9480010BD00BF0060035025750020346800201A
:10D95800F8B54B6806469A4228BF1A4615460C4643
:10D96800084F4023384609680DF09EFDC6E900754A
:10D9780060682368401B2B4460602360003818BF30
:10D988000120F8BDF465002070B54B6806469A4240
:10D9980028BF1A460D46144692B140230968094823
:10D9A8000DF082FD074BC6E900346B68201EA3EB1F
:10D9B80004036B602B6818BF012023442B6070BDE3
:10D9C8001346F0E7F4650020002307B58DF804300E
:10D9D8000B4B01A8D3F82025ADF80620D3F8C034A6
:10D9E800084A002B14BF4FF001214FF480711368CF
:10D9F8000B431360044B1B68984703B05DF804FBA6
:10DA0800006003503068002034680020044BD3E8DD
:10DA1800EF1F0140C3E8E21F002AF8D1704700BF9A
:10DA28002C680020002208B50B4B01461A70FFF73E
:10DA380031FF837B032B0AD108460CF054FA0123EB
:10DA480003FA00F0C043BDE80840FFF7DFBF0368F2
:10DA5800002BF1D008BD00BF237500200022084B21
:10DA68001A70084B93F89E20032A03D16FF0010027
:10DA7800FFF7CCBFD3F89030002BF7D0704700BF2A
:10DA8800237500200C670020012273B502FA01F506
:10DA98001C4910F0800F0B68044643EA05031A4E30
:10DAA8000B6024D0194B00F00F0233F8123003F149
:10DAB800A04303F558331A6832B1002280281A604F
:10DAC8001B6811D0FFF7AEFF33682B400AD106223E
:10DAD8008DF806408DF804208DF807300C4B01A80E
:10DAE8001B68984702B070BDFFF7B8FFECE73368D2
:10DAF8001D42F7D106238DF806008DF804308DF805
:10DB08000720EBE7306800202C6800203C0002006A
:10DB18003468002008B5054B1A7810460CF0E3F974
:10DB2800BDE8084001461046FFF7AEBF2475002047
:10DB380007B500220D4B1A700D4B93F88E20032A5F
:10DB480010D0D3F880306BB96FF08070FFF75EFFAC
:10DB580006238DF804300823ADF80630054B01A8DC
:10DB68001B68984703B05DF804FB00BF23750020CD
:10DB78000C6700203468002007B50022104B1A708B
:10DB8800104B93F81E21032A06D16FF4807003B05E
:10DB98005DF804EBFFF73ABFD3F810316BB96FF4B7
:10DBA8008070FFF733FF06238DF804308823ADF823
:10DBB8000630054B01A81B68984703B05DF804FBC5
:10DBC800237500200C670020346800200023024AD7
:10DBD8001360024A137070473468002026750020CD
:10DBE8004FF40062134BC3F80024D3F80024012239
:10DBF800C3F80025D3F80025D3F800241205FBD577
:10DC08004FF40062C3F80024D3F800248022C3F83C
:10DC18001C25002240F2FF11C3F83025064B19607D
:10DC2800064B1A60064B1A70064B1A700222064BF6
:10DC38001A70704700600350306800202C6800207C
:10DC480023750020247500202675002000220A4B29
:10DC580010B51A70094A0A4B0A4C002808BF134627
:10DC68003620C4F80433F7F759FA0123C4F8043509
:10DC7800D4F8043510BD00BF257500200714C00175
:10DC88000714E00100600350034B1878012894BF83
:10DC980000200120704700BF2675002010B54FF006
:10DCA8002003EFF3118183F31288BFF36F8F0F4BBB
:10DCB8001B7803F0FF0093B10D4BD3F8002412F446
:10DCC80000720CD10124C3F82C45D3F82C45D3F8A5
:10DCD8000044A40504D5C3F82C25D3F82C3500201E
:10DCE80081F31188BFF36F8F10BD00BF2575002029
:10DCF80000600350F8B51C4B1C7894BB1B4A40F2DB
:10DD0800FF171060012226461A7064F07F0514F090
:10DD1800080FEDB214BF3946402128460CF003F92C
:10DD28002846FFF7B7FD0134092C86730660866024
:10DD3800EBD1002440F2FF17254614F0080FE6B295
:10DD480014BF3946402130460CF0EDF83046FFF755
:10DD5800A1FD0134092C857305608560EDD1044867
:10DD6800F8BD0448FCE700BF267500203468002091
:10DD78000000AD0B0500AD0B2DE9F84304464FF04C
:10DD88002003EFF3118683F31288BFF36F8F10F02F
:10DD98000F0903D1284B1B78834248D1274B284FC2
:10DDA8001A683B68D243204692B21A434FF00108E2
:10DDB8000CF099F808FA00F812EA080F39D1204651
:10DDC800FFF768FD0C232206054603FB09F32AD555
:10DDD8000A68886802F06042B2F1005F00F0010052
:10DDE8001ED1184A184C002808BF22461748034479
:10DDF8002A6007C983E807006B6000234FF480029C
:10DE0800AB60AB733B68124843EA08033B60114BB5
:10DE1800C3F8042186F31188BFF36F8FBDE8F88338
:10DE28000D4A0E4CDFE70E4A13440E4AE0E70E484F
:10DE3800F0E70E48EEE700BF2475002030680020A8
:10DE48002C680020C59E0100A39E0100A06600204A
:10DE58000000AD0B00E100E091D9000059D90000A5
:10DE680034660020719E01000A00AD0B0B00AD0B5B
:10DE780010F0080F074B06D0D3F8C00410F4803F09
:10DE880018BF0020704700F00F0000F5947053F899
:10DE980020007047006003502DE9F04F544E85B0C4
:10DEA8003378002B69D1DFF86081524DD8F80040F3
:10DEB8002B681C4061D014F0012314BF93FAA3F41B
:10DEC80094FAA4F44FF00109B4FA84F409FA04F9B5
:10DED8000F2C6FEA090953D9103CE4B22046FFF72A
:10DEE800D9FC82462046FFF7C3FFDAF800700346E4
:10DEF8008346BAF80C20DAF8041002A8B847029B47
:10DF0800002B49D108B9CAF80000012333702B68E7
:10DF1800039A03EA09032B60DAF8083061B2134464
:10DF28000029CAF8083004F008050298324B04F0BA
:10DF38000F044EDA002D44D0C3F8A006C3F8A42677
:10DF48000423012203EB840303F1A04303F55833B0
:10DF58001A601B68294A2A4B13EA210338BF134663
:10DF680033F81430244903F1A04303F558331A68F1
:10DF78001AB9D1F80021002AF9D005B0BDE8F08F10
:10DF880044F080042046FFF785FC824603688289B6
:10DF9800416802A89847B5E7039B9B45B2D9022779
:10DFA80048468AF80E70FFF731FD06238DF80430D5
:10DFB800144B8DF806401B688DF8077001A8984728
:10DFC80074E7142505FB0433C3F80006C3F80426D8
:10DFD800B6E72DB1C3F8A007C3F8A4272823B0E7F4
:10DFE800142505FB0433C3F80007C3F80427F5E735
:10DFF8002375002030680020006003502A000200CA
:10E008003C000200346800202C68002038B5012547
:10E018000E4BD3F86C44C3F86C441CB9BDE83840C7
:10E02800FFF73ABF94FAA4F3B3FA83F30F2BC8BFF0
:10E03800A3F110001946D4BF43F08000C0B205FA1E
:10E0480003F324EA0304FFF71FFDE6E7006003502B
:10E0580037B50022164B04461A70FFF71BFC837B6A
:10E06800032B0DD120460BF03EFF012303FA00F0ED
:10E07800C043FFF7CBFC03B0BDE83040FFF70CBF4F
:10E088000568002DF7D120460BF02DFF012303FA78
:10E0980000F0C043FFF7BAFC06238DF80430054BA7
:10E0A8008DF806401B688DF8075001A89847E2E7ED
:10E0B8002375002034680020024B40F48070C3F8B8
:10E0C8001805704700600350020713D400F00F03CF
:10E0D80010F0800F084A0BBF03F5887303F58473AB
:10E0E80002EB830252F8230008BF5068431E5842CF
:10E0F800584170470020704700600350044BC3F834
:10E108000C0540F48070C3F80C05D3F80C35704743
:10E11800006003500023036043600E4BD3F8802453
:10E128000270D3F884244270D3F88824D3F88C146E
:10E1380042EA01224280D3F89024D3F8941442EAA8
:10E1480001228280D3F89824D3F89C3442EA03232E
:10E15800C3807047006003500122024BDA64DB6C15
:10E16800704700BF00600350002213B5114B1A70AE
:10E17800114B9A7B032A06D16FF4803002B0BDE8B8
:10E188001040FFF743BC1C6874B96FF48030FFF788
:10E198003DFC06238DF80430084BADF806401B689B
:10E1A80001A8984702B010BD02B0BDE81040FFF7C3
:10E1B800D3BF00BF237500200C67002034680020FF
:10E1C8000122024B1A651B6D704700BF00600350A7
:10E1D8000122024B5A655B6D704700BF0060035017
:10E1E800014B1878704700BF24750020024610B50F
:10E1F8004FF02003EFF3118483F31288BFF36F8F7E
:10E208000BF071FE01230D4903FA00F00B6823EAB5
:10E2180000030B6012F008010AD102F00F039B0003
:10E2280003F1A04303F55833C3F8A014D3F8A0347E
:10E2380084F31188BFF36F8F10BD00BF30680020D2
:10E24800F7B501464FF02003EFF3118583F31288E9
:10E25800BFF36F8FFFF71EFB064608460BF043FE21
:10E26800012211F0800F02FA00F22E4819D103683A
:10E2780032EA03030AD00846FFF7B8FF0323B37353
:10E2880085F31188BFF36F8F03B0F0BD3360036867
:10E29800254923EA020303600B6823EA02030B60A3
:10E2A800ECE70B0715D48029204B2FD001F00F0481
:10E2B80004F2DA346400C3F80048D3F80448D3F809
:10E2C8000478E4B244F002043C43C3F80448D3F8A9
:10E2D8000438154F04683B6864EA030C1CEA020F13
:10E2E800CED013433B60002324EA02040460336069
:10E2F80003230622B3738DF807300D4B8DF80420E5
:10E308001B688DF8061001A89847B9E740F2B47465
:10E31800C3F80048D3F80448D3F80478E4B244F0CA
:10E328000404D1E72C680020306800200060035006
:10E338003468002073B5144B144CD3F88054236808
:10E34800134EDA43134B31781B68084692B21A43CE
:10E358000BF0C9FD01238340134202D00846FFF7A2
:10E368006FFF6FF0011025F07F053570FFF74EFB4A
:10E37800236801A843F00103236005230193064B9A
:10E388001B68984702B070BD0060035030680020D9
:10E39800247500202C680020346800202DE9F04105
:10E3A8001A4B0124D3F8040300231D4670B94FF01B
:10E3B8000108174F03F4000623F40004BCB9FFF763
:10E3C8006BFD06B3BDE8F041FFF7B4BF90FAA0F2C9
:10E3D800B2FA82F20F49960031440E6804FA02F24A
:10E3E80016B10D600968134320EA0200DEE794FACB
:10E3F800A4F5B5FA85F557F8253008FA05F59847D4
:10E4080024EA0504DAE7BDE8F08100BF00600350A4
:10E4180044F70100006103504FF48002F8B51A4B2D
:10E428003620C3F88421F6F79BFEB8B10127174EB2
:10E43800174B34681B68240C24041C437CB940F235
:10E44800FF13144D33603620C5F80445D5F804355C
:10E45800F6F772FE4FF0FF33C5F80833F8BD94FAAB
:10E46800A4F5B5FA85F528460F2DC6BFA5F110000D
:10E47800C0B240F08000030701D4FFF7E1FE07FABD
:10E4880005F524EA0504D9E700E100E0306800203A
:10E498002C6800200060035008B5FFF7BDFF084B4B
:10E4A800D3F80423C3F808230022C3F80025D3F8BF
:10E4B8000035044B1A700122034B1A7008BD00BFC7
:10E4C80000600350237500202675002010B504460F
:10E4D800FFF7B6FE012304F00F008340DB430C4A2C
:10E4E80014F0800F15BFD2F81015D2F814150B4090
:10E4F8000B4015BFC2F81035C2F81435054B064B52
:10E508001A5C01239340024AC2F8083310BD00BFC9
:10E51800006003501F1D0200161D020010F0800F3E
:10E5280070B5244904464FF0010500F00F0312D0DE
:10E53800214AD25C05FA02F2C1F80423D1F8102569
:10E54800DA40D00706D4D1F8102505FA03F31343AF
:10E55800C1F8103570BD194AD25C05FA02F2C1F84B
:10E568000423D1F81425DA40D207F3D4D1F814657E
:10E5780005FA03F23243C1F81425002BEAD0030749
:10E58800E8D44FF02003EFF3118683F31288BFF32A
:10E598006F8FFFF72BFE20460BF0A5FC084A05FA03
:10E5A80000F0136823EA0003136086F31188BFF3B1
:10E5B8006F8FCFE7006003501F1D0200161D020079
:10E5C8002C680020030610B5044605D4FFF77CFD2F
:10E5D80010B12046FFF70AFE014BC3F8184510BDDD
:10E5E800006003500722024BC3F80423704700BFA2
:10E5F800007003500722024BC3F80823704700BF7E
:10E6080000700350072208B5044B3720C3F80823CD
:10E61800F6F792FD0022024B1A6008BD0070035005
:10E628003868002010B50446FFF7ECFF2268074B56
:10E6380037201A600022064BC3F80021C3F80821CE
:10E64800C3F80421BDE81040F6F768BD386800201B
:10E658000070035010B5114CD4F800312BB10020D4
:10E668000F4BC4F800011B689847D4F8043133B144
:10E678000023C4F804310A4B01201B689847074B54
:10E68800D3F8082142B10022C3F80821044B022024
:10E69800BDE810401B68184710BD00BF007003504C
:10E6A800386800202DE9F0410E4617460C4D55F804
:10E6B800184FAC4203D16FF01200BDE8F08131462B
:10E6C80054F8440CA4F14408F2F740FA30B9C7F8FA
:10E6D80000804046BDE8F0410BF04CBD2468E8E7F7
:10E6E8003C68002010B5D0E909124A60416A00F17F
:10E6F80024031160C0E909334368044603B198470D
:10E70800054B1A78062A05D95B681BB107202268D1
:10E7180002499847002010BD3C680020321D0200C5
:10E728002DE9F04107460D460B4E56F8084FB44206
:10E7380002D16FF001000AE0394654F8240CA4F124
:10E748002408F2F703FA20B91DB1C5F80080BDE826
:10E75800F0812468EBE700BF3C68002010B5044650
:10E7680000B30068F0B10378E3B10021FFF7D8FFE8
:10E77800D8B104F11C03C4E907330D4B04F124029A
:10E78800D96803F10800DA60A16260620A601A7849
:10E79800062A05D95B681BB10720226805499847F6
:10E7A800002010BD6FF01500FBE76FF01000F8E7D0
:10E7B8003C680020341D020010B5036893B11B7833
:10E7C80083B18368012B0DD8084B00F144014360E5
:10E7D800074BDA6903F11804826444640020D961A4
:10E7E800116010BD6FF01500FBE700BFB4020020F8
:10E7F8003C6800200E4B10B5044620220021184624
:10E808000CF07FFE226842600246217902F8081B5C
:10E81800C0E9022200F11002C0E9042200F1180246
:10E82800C0E906222046BDE8104000F00FB800BF3E
:10E838003C68002008B500F011F8BDE80840202227
:10E84800002101480CF05DBE3C68002008B5024874
:10E85800FFF784FF002008BDB40200200148FFF73D
:10E8680041BF00BFB40200200EB4431E062B33B5CF
:10E8780088BF0020094B05AC54F8045B53F82010FE
:10E88800074807F052FE21462846019407F04BFE40
:10E8980002B0BDE8304003B0704700BFA8F70100E0
:10E8A800652302002DE9F04F9A46836A0646934293
:10E8B800174687B041D300254FF0180BBD4203D14E
:10E8C800002007B0BDE8F08F0BFB05F8D6F82C90B8
:10E8D800B26909EB0804231D0593CAB96069616828
:10E8E8000368B4F80CC0C91AA3680CF1030E5C1EC7
:10E8F80004EB0C145B4204EB4E041C4004EBCC0309
:10E9080084680633A14228BF4FF0FF310BF0FFFBAC
:10E9180059F8083030460293336AA9B21B6A01934A
:10E92800109B53F8253000935AF82520059B0BF0CF
:10E9380068FC0028C5D10135C0E70148C1E700BF20
:10E9480040F4FFFF10B5044690B1828C43899A4287
:10E9580009D0084B1A78032A05D95B681BB14268AD
:10E968000549042098472046BDE810400CF064BDD6
:10E9780010BD00BF3C680020DF1D020030B544898F
:10E988008C4212D9036A013C5D882C4003EBC40316
:10E9980059609A60BFF35B8F026A538801335380D2
:10E9A800C38C0133C384002030BD0148FCE700BF9D
:10E9B80041F4FFFF70B4039E144658B1006A48B191
:10E9C80043B1013406D0002E04DB846F14B1A44691
:10E9D80070BC6047014870BC704700BF2DF8FFFF4E
:10E9E80070B4039E144660B1006A50B14BB1013453
:10E9F80007D0002E05DBD0F8884014B1A44670BCBF
:10EA08006047014870BC70472DF8FFFF70B50C4691
:10EA1800114605461E460C4B2022002908BF194600
:10EA280020460CF023FE049B6662A362059B2562C8
:10EA3800E362069B23636A6804F13403C4E90D5258
:10EA48006B60A26B136070BD3B2202002DE9FF478B
:10EA5800DDF834900D4692461F46064600286CD0D5
:10EA680000296AD0B9F1000F67D001F15808404673
:10EA78000BF030FD781C40D1AC6C05F1480314F064
:10EA880001040BD000240134802C54D0620953F8BF
:10EA9800222004F01F01CA40D107F4D401216009E3
:10EAA80053F8202004F5806704F01F04A1400A43AE
:10EAB80043F820200E9B5246CDE901930C9B31462A
:10EAC800009328463B46FFF7A1FF404600F070FF41
:10EAD800347874B195F890405CB1B36A01332ED1A3
:10EAE800002130460BF025FD044610B130460BF0EE
:10EAF800F7FC204604B0BDE8F087B7F5806FD9D39E
:10EB0800A7F580637F2B05F148010FD8580951F804
:10EB1800204003F01F0324FA03F2D2070BD401228A
:10EB280002FA03F3234341F82030C3E7054C40467B
:10EB380000F03EFFDDE7044CF9E7024CD9E700247A
:10EB4800D7E700BF2DF8FFFF29F8FFFF2DE9FF47A2
:10EB58008A46904603A90D9A054699460BF0F8FE99
:10EB68000446D8B10C9E039BD5F8AC009E42A8BFC2
:10EB78001E4601688768611A33464A46B94228BF6B
:10EB88004FF0FF310BF089FA23464246514628469A
:10EB980000960BF07DFE04B0BDE8F0870048FAE768
:10EBA8002EF8FFFF38B50446E0B100F158052846B5
:10EBB8000BF04EFDD4F8A0309B6953B9D4F89440BB
:10EBC800103C002C00DC084C28460BF03FFD20468A
:10EBD80038BD012BF7D1D4F8A8000BF063FCA0F1E5
:10EBE8001004EEE7014CF2E72EF8FFFF2DF8FFFFC7
:10EBF8002DE9F0478AB00D46DDE9129790461E468A
:10EC0800044620B9814F38460AB0BDE8F08700298C
:10EC1800F8D0002BF6D0942200210CF072FC0122CF
:10EC280004F1580011460CF020F9794BC4F8A050B3
:10EC3800C4F870806C62A367764BE367764BC4F8C0
:10EC48008030764BC4F88430754BC4F88830754BE7
:10EC5800C4F88C30D4F8A030D3F81880B8F1000F7D
:10EC68006ED1002FCED097E8070004F1940383E813
:10EC78000700D4F8A000036A9B689847002328611E
:10EC880000F001006B6184F89000B8F1000F6DD1BD
:10EC98003B7A002B68D009F10C03C4F8B030B9F105
:10ECA800000FAFD0D9F80820002A00F0AD809B688B
:10ECB800002B00F0A9805C4B04935C4B05935C4BE4
:10ECC80006935C4B0793EB6A1B68C4F8A430EB6AA5
:10ECD8009B69C4F8A83004F1B403C4E92D3306AB2A
:10ECE800C4F8AC60009302220021D4F8A00004AB61
:10ECF800FFF7D8FD0746002885D1D4F8A8000BF007
:10ED08006CFBEB6A1B689E62EB6A9B699E62B8F1BA
:10ED1800000F61D1C246D4F898300993D4F8A430D2
:10ED28005B89534534D894F89030C4E90044002BEB
:10ED380059D1D4F8A0000421036A5B68984762E7B8
:10ED4800B8F1010F95D1D4F8A000036A1B68984761
:10ED5800420606D5D4F8A0000021036A5B689847EC
:10ED6800F1E74307EFD584E74B4696E7B8F1010F83
:10ED7800B1D12E4B04932C4B05932E4B06932C4B61
:10ED88000793EB6A9B69C4F8A430EB6A1B68A0E799
:10ED98004846D4F898100BF0CCFD0546C8B1316848
:10EDA8000890411AB0680022814228BF4FF0FF3115
:10EDB800D4F8983030460BF0AAF9009501230022C8
:10EDC800D4F8A40008A90BF049FA18B90AF1010A05
:10EDD800A4E71948074616E794F89030C4E90044B8
:10EDE800002B3FF410AF00230293144B20460193ED
:10EDF8003523134A009304F10801FFF707FEB8F121
:10EE0800000F7FF400AF94E70B4FFCE62DF8FFFFEF
:10EE180055EB000045A6010059A8010059A90100B9
:10EE280099A8010065A60100011E0200071E020044
:10EE3800A5A7010053A601002EF8FFFFA7A6010011
:10EE48000D1E0200F0B505460E46174687B0074A64
:10EE580003AC07CA84E807000C9A3146009228469A
:10EE68003A460194FFF7C4FE07B0F0BDD0F30100A5
:10EE78000322114B11491A615A61114A9961DA61E9
:10EE88004FF480621A6200229A625A62DA62196644
:10EE98000C495966102199661A67DA665A670A4A50
:10EEA8001268C3F80720094A1068928818609A8087
:10EEB80020229A71704700BF5C680020101E020073
:10EEC8003775002027750020191E02001D1E02003C
:10EED8002DE9F84F4FF0180B204F14460BFB00722A
:10EEE800936A556A0646AB42884631D8D2F820A0C4
:10EEF800AAEB050909F1FF32944211D8182306FB41
:10EF080003333B4458682246414628440CF0BFFA74
:10EF18002C441823012003FB06735C62BDE8F88FBC
:10EF280013449C4218D800FB0BBBBB44DBF804001D
:10EF38004A4628442C440CF0AAFAB4EB0A04E8D058
:10EF48002246DBF8040008EB09010CF0A0FAE0E720
:10EF5800013B5B1BA342D1D20020DFE75C680020A5
:10EF6800F8B5182700FB0775124B0E461D4407FB22
:10EF78000033DB6A1446012B0AD0022B14D023B9C4
:10EF880028460BF07EFD844208D900242046F8BDAF
:10EF980028460BF076FD844228BF044622463146B7
:10EFA80028460BF077FDF1E72846BDE8F8400BF05E
:10EFB8008EBD00BF5C6800201822034B02FB0033A3
:10EFC8009A6A586A801A70475C6800204FF0FF32CE
:10EFD8004FF0FF33014800F003BC00BF5405002088
:10EFE800014800F077BC00BF540500204FF42051C1
:10EFF800014800F035B900BF3779002001680E4A92
:10F008000346914215D1C169A2F11022A2F1EF1273
:10F0180091420ED18268012A0BD8C26812B10169E7
:10F028008A4206D0586928B19B691B1A5842584130
:10F0380070470120704700BF55AA00FF70B50D4BFF
:10F048009E68A6B13046FFF7D9FF044678B9F36841
:10F058006BB935690DB9204670BD2846FFF7CEFF5C
:10F0680028B9EB68B34202D12E462D69F2E7012494
:10F07800F1E700BF04690020F8B5384D2B68EE6849
:10F08800D3B1AB68C3B1002860D000295ED001FBC2
:10F0980000F4B4FBF0F0884258D1211D56D8A207DD
:10F0A8000CD024F003020432334603E0586890423F
:10F0B8004ED29B69002BF9D11846F8BD2246F3E7DA
:10F0C800801A232803F120061CD801229A60D3E96C
:10F0D8000512A9B18A619A690AB159695161002278
:10F0E800C3E905222B69DB0703D5FFF7A7FF002833
:10F0F80031D12246002130460CF003FA0346DBE703
:10F10800EA60E8E702F1200C03EB0C012038C1E9C2
:10F118000107CB601869124F086143F80C70A7F11A
:10F128001027A7F1EF17CF6100B1C1605869486196
:10F138009F698F6140B18161886900B14161012097
:10F148001961C3E90120CAE7E960F5E70023B3E7DD
:10F158009F68002FB4D0012001F0E4FB046900206F
:10F1680055AA00FF70B50546002840D03B4E3368CD
:10F17800002B3CD0B268002A39D0834203D8726889
:10F188001344984202D3012001F0CCFBA0F12004E3
:10F198002046FFF733FF0028F5D155F8183C012B1E
:10F1A800F1D155F8143C45F8180C0BB39A68FAB924
:10F1B80055F81C2C02F120015A680A445A6055E996
:10F1C80005321A6155F8145C2B6903B1DD60202201
:10F1D800002120460CF095F9286908B183684BB3E3
:10F1E80033699B0703D5FFF729FF0028CBD170BDF2
:10F1F80055F8100C00282AD0836843BB426863681E
:10F2080013442033636003692361D4E905239AB961
:10F21800CBB9436963618269A261B3B19C61A36997
:10F2280003B15C61236903B1DC60202200210CF08A
:10F2380068F9D5E72C46E1E79361A369002BE8D08C
:10F2480062695A61E5E7F360F7E7F460E7E7F368B6
:10F2580045F8083C03B15C61F460C1E7046900202B
:10F2680038B50C4614220021054613480CF049F91C
:10F278001249134804F04CF9232C1CD915F0030348
:10F288001FBF043CE418C3F10403ED182246002113
:10F2980028460CF036F9084B0A49C3E90054203CCB
:10F2A8009D606C609A6811609A68A1F11021A1F1C3
:10F2B800EF11D161DA6038BD046900206DF10000FA
:10F2C80081F0000055AA00FF014B98686430704730
:10F2D800186900202DE9F041064686B00F464FF028
:10F2E8002003EFF3118883F31288BFF36F8F01F0C7
:10F2F80021F80024042E96BF214B224B53F82630C8
:10F308000546CDE90434204B0122CDE901432046CE
:10F3180023461E49039600940BF01AFC6FB1FB6953
:10F32800C3F308034BB11A4B0122CDE90143204630
:10F338002346164900940BF00BFC2DB128460BF020
:10F34800E5FC08B1037803B91248134B0122029374
:10F358000023CDE90350CDE9003318460B490BF0E3
:10F36800F7FB39463046FAF7D9FD88F31188BFF321
:10F378006F8F284606B0BDE8F041F6F795BB00BF91
:10F38800CCF70100241E02003A1E02003CF30100E3
:10F39800621E0200321E0200831E0200104B70B56E
:10F3A80053F82040013053F82060A64200D870BDC1
:10F3B800D4E900358DB12846984738B10028B8BF40
:10F3C8004042FF28A8BFFF20EB681870EA6853780E
:10F3D80043F0010353700834E7E79847FBE700BFA1
:10F3E800E0F70100012208B50A4B03201A70FFF765
:10F3F800D5FF0CF02CF807F049F80420FFF7CEFFF2
:10F4080000F076F9F2F792FC034A137B23F001032C
:10F41800137308BD37A10020A019002008B50348C0
:10F42800034A0021121A0BF0A3FB08BDE0070020D5
:10F4380040A10020C82370B5134E012203FB0066CB
:10F44800002386B0CDE904230F220193CDE90232CF
:10F458001C234FF4A0720D4D0D4903FB00550446C3
:10F4680002FB00110B4B3046009500F0DBF8737B74
:10F478002C7523F004037373074B013403EBC42387
:10F48800EE606B6006B070BDD818002018690020C7
:10F49800C0DB0020B1F70000C0D3002080B50020F9
:10F4A800B8B0FFF77BFF2F4B03F5006282F30888A3
:10F4B80083F30A880024E0232B4D2C4E85F8223054
:10F4C800EC772C766C76AC7685F820406B6A284F02
:10F4D80043F4E0236B6285F82340F6F743FAF5F727
:10F4E8005DFD4FF0FF33AB62EB62F6F779FCF6F7A0
:10F4F800F1FAF3F725FD40F2011306AD2846ADF801
:10F508002430CDE9204401F0B7F9B5600BF014FBC5
:10F518000120FFF743FF0220164DFFF73FFF00F0E1
:10F528004BFE154B35620593012314494FF42062B5
:10F53800CDE9034328463B46CDE90144009400F059
:10F5480071F806466A7B284622F004026A730BF0BB
:10F55800ADFD2046FFF76EFF3A4631462846F5F7DF
:10F56800E9FE00BFC0D3002000ED00E018690020CC
:10F57800EDF30000A0190020E51E020000DD0020C8
:10F5880038B5064C064DAC4201D3002038BD2046A4
:10F59800D4E901120BF0F0FA1834F4E7B0040020B3
:10F5A800C8040020002038B5054C064DAC4200D3F5
:10F5B80038BD20460BF053FB0028F9DB2034F5E773
:10F5C80050040020B004002073B50C464FF020050D
:10F5D800EFF3118185F31288BFF36F8F85695DB1F1
:10F5E80025602B688361C3690133C361002081F3FF
:10F5F8001188BFF36F8F11E052EA030603D16FF051
:10F608000B002560F3E7CDE900230246083000F03F
:10F61800DDFC18B9024B9B685B69236002B070BDC2
:10F62800186900202DE9F043984685B000F1580389
:10F63800C0E91633109B0026037304230F460446C3
:10F64800437307320F9B22F0070583732A46C0E9EC
:10F6580006668660C67301EB05093846AA210BF0D9
:10F6680050FF0E9BC4E91A75266702930D9B4A4604
:10F6780001930C9B3946009320464346F5F73AFE22
:10F68800044B66659B6803B15B6F4846636705B0CA
:10F69800BDE8F08318690020F0B5002587B005950E
:10F6A800109DDDE9127604950F9D044603950E9D85
:10F6B80002950D9D01950C9D0095FFF7B3FFB6F1DE
:10F6C800FF3F08BFB7F1FF3F05D056EA070305D152
:10F6D800204600F0F1FC204607B0F0BD3A4633461C
:10F6E800024904F1180000F0FDFEF4E73DB1010005
:10F6F8002DE9F043294C2A4D87B02646AE4204F145
:10F708002C040FD300F028FD4FF4004640F2E737F1
:10F71800224CDFF89090AC4220D307B0BDE8F0430C
:10F7280000F02EBD54F8043C059354F80C3C0493A7
:10F7380054F8103C039354F8143C029354F8183CC2
:10F74800019354F81C3C009354E9092354E90B0134
:10F75800FFF768FF54F82C3C5E65CEE7636A5A1CD5
:10F768000DD00021384623EAE373C3FB060151EAB2
:10F77800C333D4F8008004D1404600F09DFC2C34FB
:10F78800C9E74FF47A720023F0F7E2FC02460B4611
:10F7980008F11800494600F0A5FEF0E7A8F10100BD
:10F7A800D4F101003DB1010008B50B4C0B4D4FF0F1
:10F7B8002002EFF3118382F31288BFF36F8F0BF0EF
:10F7C80067FD2B78E06113B9F5F7EEFBEFE7F3F788
:10F7D80007FF0028EBD1F7E71869002037A10020C0
:10F7E8002DE9F341044617461E464FF02003EFF378
:10F7F800118883F31288BFF36F8FC368334A7BB1D4
:10F8080080689168884219D057EA060318D188F3AE
:10F818001188BFF36F8F6FF00F0002B0BDE8F08161
:10F82800916891F90E100133E36093682161A36038
:10F8380088F31188BFF36F8F0020EEE72169F2E7A4
:10F8480091F90E1090F90E306FF07E029942A8BF20
:10F8580019469142B8BF11468B422EDD0BF061FA72
:10F86800054622464146CDE90076194800F0AEFB30
:10F878000028E1D04FF02003EFF3118683F31288BC
:10F88800BFF36F8FA068D0B1236821699C420AD06A
:10F898004BB193F90E309942A8BF19466FF07E0319
:10F8A8009942B8BF19460BF03CFA40B131460848B6
:10F8B80000F0F0FB6FF00A00AFE70025D1E7002D5C
:10F8C800F4D186F31188BFF36F8FF3E7186900202E
:10F8D80038A1002038B5836804466BB3194A92688A
:10F8E80093422CD1C368012B03D9013BC36000208C
:10F8F80038BD4FF02003EFF3118583F31288BFF36F
:10F908006F8F016980680BF00CFA20460BF02DFC14
:10F91800A06058B190F90E2022610022C2670BF056
:10F92800C5FB2946084800F0B5FBE0E7E06085F331
:10F938001188BFF36F8FDAE76FF01500D8E74FF043
:10F94800FF30D5E71869002038A1002037B54FF0FF
:10F958002001EFF3118581F31288BFF36F8F0468DC
:10F968009CB12368426823F003039442036008BFF4
:10F978004360012120460BF04AFA044685F31188BA
:10F98800BFF36F8F204603B030BD52EA0301F5D0B4
:10F99800CDE90023294600F10C02083000F016FBDF
:10F9A8000028EFD1014B9B685C69EBE718690020E0
:10F9B80038B504464FF02003EFF3118583F312881E
:10F9C800BFF36F8F0BF0D1FB48B10022C2670BF079
:10F9D8006DFB2946BDE83840074800F05BBBD4E919
:10F9E80002329A4218BF01330221A36004F11000C9
:10F9F8000BF001FDEDE700BF39A1002013B54FF072
:10FA08002004EFF3118184F31288BFF36F8F8468A9
:10FA180044B1013C846081F31188BFF36F8F0020EB
:10FA280002B010BD52EA030406D181F31188BFF376
:10FA38006F8F6FF00F00F3E7CDE90023024602480D
:10FA480000F0C4FAECE700BF39A1002070B5044605
:10FA58004FF02003EFF3118583F31288BFF36F8F04
:10FA68006FF00A0620460BF080FB18B1C6670BF052
:10FA78001DFBF7E7A060022104F110000BF0BBFCAE
:10FA88002946BDE87040014800F004BB39A10020B8
:10FA9800F8B5C36804469A070F46C3F340062CD44A
:10FAA8005B071AD40B680BB983680B60E368DD0742
:10FAB80042BFA36802263B603D6858BF0126002D5F
:10FAC8003AD01F4B9B68AB420AD0D5F8E030D80734
:10FAD800C3F3800214D46FF0120600233B6025E0C4
:10FAE8000BF00BF9D5F8E0300028F0D1D907C3F3B3
:10FAF800C002F0D552B15B0708D46FF00F06ECE7EF
:10FB0800002AFAD1C3F3C003002BF6D100232360E7
:10FB1800D5F8CC3063B9C5E9324428460BF0CFF9A3
:10FB2800E36843F00403E3603B68A3603046F8BD34
:10FB38001C60C5F8CC40F0E76FF01506CDE700BFB4
:10FB480018690020F0B50446002089B0C4E93200E5
:10FB58000E9D04F1D000C4E9340004F1D800C4E9D2
:10FB680036001DB32879002840F2011008BF012093
:10FB7800C4F8E00000204FF0FF364FF0FF37CDE922
:10FB88000330CDE90100CDE906672046084B009413
:10FB9800FFF782FD25B1296811B120460BF0B3F8B3
:10FBA800204609B0BDE8F0400BF0B2B80120DFE70D
:10FBB800D11B000030B50A46044685B04FF020033B
:10FBC800EFF3118583F31288BFF36F8FD0F8E0301D
:10FBD80013F0060F1DD1B1B143F00C03C4F8E030A7
:10FBE80020460BF06CF900234FF0FF3202934FF0E0
:10FBF800FF332946CDE900230C4804F1D80200F070
:10FC0800FFFB05B030BDD0F8C80048B143F004038D
:10FC1800E4E743F00401C0F8E010002AE0D0DBE795
:10FC280085F31188BFF36F8FEBE700BF3AA100207F
:10FC380037B5019008464FF02001EFF3118481F3A6
:10FC48001288BFF36F8FC16811F00E0F16D153EAF7
:10FC5800020508D101A9FFF71BFF84F31188BFF340
:10FC68006F8F03B030BD41F00801C16001991030B9
:10FC78008161034900F036FC0120EEE70020ECE743
:10FC88003BAF0100F7B50C4616461D4601904FF0F4
:10FC98002003EFF3118783F31288BFF36F8F0846B1
:10FCA8000BF0FEF855EA060309D1204601A9FFF733
:10FCB800EFFE87F31188BFF36F8F03B0F0BDE368E1
:10FCC80004F1100043F00803E360019B3246A3628D
:10FCD80002492B4600F006FC0120EAE73BAF010091
:10FCE80001460148FFF7CEBF881A0020C3897F2B41
:10FCF80012D80A4B1B6863B1094B90F90E201B6898
:10FD08009A4209DB437BDB0606D1064BC31A18BFB0
:10FD1800012303F0010070470023FAE75869002027
:10FD280054690020D81800200122044BC01A044B43
:10FD3800C0105843034B1A54704700BF681A00207C
:10FD4800ABAAAAAA3BA1002070B50E4B0E4C1E7D93
:10FD5800054606EB460304EBC30420460BF082FA83
:10FD680000220A4B28469A55FFF7C0FF48B1084BB6
:10FD78002046BDE870401A680649013AD31700F0DA
:10FD8800B1BB70BD18690020681A00203BA1002093
:10FD98005869002031FD000038B5234D6B6A05F124
:10FDA800240293422C6902D14CBBEC6803E02CBBC3
:10FDB800002BFAD01C46AB6858B95A7BD20608D13A
:10FDC800A26932B9DA897F2A03D994F90E200F3251
:10FDD80012DA9C4202D02046FFF7B6FF94F90E30A3
:10FDE8000F331CDAAB6893F90E200F3203DBDA8984
:10FDF8007F2A00D92B6123462B6238BD2BB9637B40
:10FE0800DB06D8D000232B61CFE793F90E200F3201
:10FE1800D0DB627BD106CED000222A61CAE7034B31
:10FE28009C42E8D00023E5E718690020D818002094
:10FE380070B590F90D200146002A437B04DA03F0DF
:10FE48007F0343730BF0F8F8154A4B7B104663F0B9
:10FE58007F034B7350F8243F946A834208BF002302
:10FE680023B9C1E90004216091620CE091F90E50B8
:10FE780093F90E60B5420ED0AE420CDD5868C1E968
:10FE88000030016059609068BDE87040431A5842DC
:10FE98005841FFF781BF9C42E3D01B68E0E700BFF1
:10FEA8001869002070B490F90D30427B002B29DBD3
:10FEB800D30627D183692BBB134962F07F024273B3
:10FEC8000A4652F8244F944218BF23468C6A23B935
:10FED800C0E90024206088620CE090F90E5093F984
:10FEE8000E60B5420AD0AE4208DD5A68C0E9003259
:10FEF80010605860002070BCFFF74EBFA342E7D0E7
:10FF08001B68E4E770BC70471869002008B590F9D1
:10FF18000D200146002A437B04DA03F07F03437374
:10FF28000BF08AF8044B9868431A58425841BDE8C8
:10FF38000840FFF731BF00BF1869002070B51546AB
:10FF48001C4606460BF08AF8B4F1FF3F08BFB5F12E
:10FF5800FF3F08D02A46234606F118000249BDE8AB
:10FF6800704000F0BFBA70BD3DB1010038B54FF028
:10FF78002003EFF3118583F31288BFF36F8F104BC3
:10FF8800104A9C681068A04206D1FFF7DDFE85F391
:10FF98001188BFF36F8F38BD00211B7D11600A4A9D
:10FFA800D35C002BF3D02046FFF7A0FE0028EED04C
:10FFB800637BDB0602D12046FFF73AFF2046E4E7E1
:10FFC80018690020506900203BA1002070B50C483A
:10FFD8000C4D86680C462E601146DDE904234FF06F
:10FFE8002006EFF3118586F31288BFF36F8F8068C0
:08FFF800FFF7A4FF2046BDE85D
:020000021000EC
:100000007040F5F707B900BF18690020506900205B
:10001000F8B504464FF02003EFF3118683F31288FE
:10002000BFF36F8F437B49B2DA0619D18569BDB939
:1000300003F07F0343730BF003F8437B164A63F02E
:100040007F0343731346817353F8240F984218BFFC
:100050000546906A5DB9C4E900300460946211E01D
:100060000020A17386F31188BFF36F8FF8BD95F957
:100070000E70B9420BD08F4209DD6B68C4E90053A2
:100080001C606C600120FFF78BFE0120EAE7A842AC
:10009000E1D02D68DEE700BF1869002049B9EFF311
:1000A000058030B9054B1A6A9B689A4201D0F5F772
:1000B000B1B881F31188BFF36F8F704718690020C2
:1000C00010B54FF02002EFF3118482F31288BFF3D2
:1000D0006F8F427B510704D484F31188BFF36F8F75
:1000E00010BD22F004024273FFF7E0FE2146BDE896
:1000F00010400148FFF7D2BF3CA1002070B5044674
:1001000018300BF0B3F84FF02003EFF3118683F3B0
:100110001288BFF36F8F94F90D20637B002A05DAF4
:1001200003F07F03204663730AF08AFF0B4D637B65
:10013000A86843F010036373031B58425841FFF74C
:100140002FFE86F31188BFF36F8FAB68A34203D1F4
:10015000BDE870400BF04DB870BD00BF18690020BD
:100160004FF02003EFF3118183F31288BFF36F8FF9
:10017000044B9A68D37B013BD37381F31188BFF39F
:100180006F8F70471869002010B54FF02003EFF310
:10019000118483F31288BFF36F8F084B00209A6895
:1001A000D37B0133D373FFF7FBFD84F31188BFF3D7
:1001B0006F8FBDE810400BF01CB800BF186900201D
:1001C000024B03F12402C3E9092270471869002099
:1001D000F8B54FF02003EFF3118583F31288BFF3D6
:1001E0006F8F19498868437B03F07F0343730AF0DC
:1001F00027FF08468B685A7B62F07F025A7350F8DB
:10020000242F8C6A824208BF002222B9C3E900046D
:1002100023608B620CE093F90E6092F90E70BE427F
:100220000ED0B7420CDD5168C3E900210B6053606A
:100230000120FFF7B5FD2846BDE8F840F4F7EABF16
:10024000A242E3D01268E0E71869002050EA0103F7
:100250002DE9F04105460E4603D1FFF7B9FF002016
:100260002CE0831C71F1FF332ADB0BF025F82C18EE
:100270004FF02003EFF3118883F31288BFF36F8FE1
:10028000114F124BB8681860FFF744FEB868104968
:100290002A463346183000F029F9BA684046537BA5
:1002A00043F010035373F4F7B5FF0BF005F8201A71
:1002B00063EB0303012873F10003D0DBBDE8F08199
:1002C0006FF00104241AD3E7186900205069002058
:1002D0003DB10100B1F1FF3F08BFB0F1FF3F08B5EC
:1002E00006D1084B9868FFF709FF4FF0FF3008BDB3
:1002F000FFF7ACFF4FF47A7380FB0303C00B40EAB7
:100300004340F4E71869002038B500214FF4004558
:10031000084C0023C0FB0541074A2046EFF71CFFAD
:10032000C117FFF793FF044B80FB0303C00B40EAA8
:10033000434038BD3F420F0040420F00014B9868D8
:10034000704700BF186900202DE9F04104464FF0C6
:100350002003EFF3118683F31288BFF36F8F037BC3
:10036000D9070BD586F31188BFF36F8F404080F318
:1003700011884FF0040002DFBDE8F081437B1A07CB
:1003800004D586F31188BFF36F8FF5E723F02002C1
:1003900042F00801D20920D14173A36813B120466D
:1003A0000AF056FE04F118000AF060FF4FF0000852
:1003B00004F15807A56DBD4200D0B5B90120FFF783
:1003C000EFFC104B9B68A342DBD1EFF30583002BBE
:1003D000D7D13046F4F71EFFD3E703F05F0343F0B5
:1003E000080343730AF02CFED7E728460AF030FED4
:1003F00005F118000AF03AFF2846C5F87C80FFF79F
:1004000055FDD7E718690020D3B5DDE90667089CDC
:10041000CDE90067FFF7DEFD1CB1034B9B685B690C
:10042000236002B0D0BD00BF1869002008B506489F
:10043000064A0749121A0AF0A1FBBDE80840054A1E
:10044000054906480AF09ABB00000020DC0700209E
:10045000F826020000000000F8260200000000203C
:10046000034B1B680BB9F9F729BD0020704700BF8B
:100470005C69002010B50E4B1C689C4204D1FFF74C
:10048000EFFF6FF0004010BDFFF7EAFF002CF8D03F
:10049000D4E904321B1A62EBE072B3F1004F72F13F
:1004A0000001EEDA002AACBF18460020EBE700BFDF
:1004B000E002002030B570B10B4B5B6898420AD067
:1004C000036843B1D3E90421D0E90445121941EB93
:1004D0000501C3E90421D0E9003213605A6000230A
:1004E000C0E9003330BD00BFE0020020B3F1FF3FA0
:1004F00008BFB2F1FF3FF8B504461D4616465CD072
:1005000081604FF02003EFF3118783F31288BFF36C
:100510006F8F013275F1FF3324DA6FF001032C493C
:10052000D1E900209B1A4FF0FF3262EB00009E1BC6
:1005300060EB0500012E70F1000301DA01260020B6
:10054000C4E90460234ED6F800C07568B44508BFFE
:100550004FF0000CBCF1000F0DD1C4E900652C6018
:1005600074601CE0FFF77CFF013645F1000536188A
:1005700045EBE070E4E7DCE90420D4E90431934280
:1005800071EB000E1ADAD21ADCF8043060EB0100CD
:10059000CCE90420C4E900C31C60CCF804403368F3
:1005A000B34206D09C4204D1FFF764FF0021F9F763
:1005B00053FC87F31188BFF36F8FF8BD9B1A61EB73
:1005C0000001AC45C4E90431C7D0DCF800C0C1E784
:1005D000801A0020E00200202DE9F84F4FF02003A0
:1005E000EFF3118783F31288BFF36F8FDFF8B890B2
:1005F0002B4E4FF0000A3060D9F800004FF0000B8E
:10060000484508BF0020274C3D46D4E9001E33680A
:1006100088B3D0E904874FEAE37C43457CEB0702CB
:1006200006DAB8EB030267EB0C07C0E9042722E007
:1006300018EB01014EEBE873C0E904ABC4E9001309
:10064000FFF738FF85F31188BFF36F8F83689847F2
:100650004FF02003EFF3118583F31288BFF36F8F00
:100660003368D9F80000A3EB080348452F463360F0
:10067000CAD1D4E9001E59184EEBE373C4E9001344
:1006800000243460FFF7F6FE2146F9F7E5FB85F319
:100690001188BFF36F8FBDE8F84FFFF76BBC00BF49
:1006A0005C690020801A0020E002002010B54FF0A5
:1006B0002003EFF3118483F31288BFF36F8FFFF7EA
:1006C000CFFE0346054AD2E90001181841EBE37159
:1006D00084F31188BFF36F8F10BD00BF801A002014
:1006E000F8B504464FF02003EFF3118783F3128827
:1006F000BFF36F8F026822B187F31188BFF36F8F4A
:10070000F8BDD0E90A36581C46F10001022871F103
:10071000000127D3012B76F10001BCBF012316464F
:100720005D1E46F1FF360AF0CBFD013041F10001BC
:10073000401946EB0101012871F100013ADB0AF092
:10074000BFFD013041F100016FF00102401946EB9D
:1007500001034FF0FF31121A61EB030320461849E1
:10076000FFF7C4FE236B01332363236A73B187F35E
:100770001188BFF36F8F2046236A98474FF02003FC
:10078000EFF3118783F31288BFF36F8F54F8185F6C
:10079000A542B1D0002DAFD028460AF09BFC002323
:1007A000EB6787F31188BFF36F8F2846BDE8F840E9
:1007B0000AF080BC6FF001024FF0FF33CEE700BFBC
:1007C000E1060100B3F1FF3F08BFB2F1FF3F2DE9A1
:1007D000F047DDE9088905461C4617461E461BD032
:1007E000531C74F1FF3308DB012A74F10003BCBF12
:1007F00001220024571E44F1FF3628460AF036FD38
:100800000023C5E90A892B633A4633462846BDE8EA
:10081000F0470249FFF76ABEBDE8F087E106010034
:1008200038B503464FF02002EFF3118582F31288AA
:10083000BFF36F8FC160012181600068834206D1E0
:1008400085F31188BFF36F8F0024204638BDD0E9AF
:10085000003213605A600023C0E900330AF075FDCE
:10086000294604460148FFF719FCEEE73DA10020A8
:100870000A46014601480AF0D0BD00BFB00400207E
:10088000014B4367704700BFB004002038B50446F1
:100890000D460AF036FA20B9064B9B685B6F0BB920
:1008A00038BD054B2A4621461846BDE838400AF0B7
:1008B000B4BD00BF18690020B00400201FB500249B
:1008C000084B4FF48C62029302AB009306494FF041
:1008D000FF3306488DF80C40FFF738F9204604B086
:1008E00010BD00BFED1E020000F70020881A002096
:1008F0001FB514461A46094B05461B68D86854B9FB
:10090000074B1C4600910749CDE901342B4600F006
:1009100021F80AF0CEFE044BF4E700BFE802002005
:100920003B220200031F0200F61E020008B5074B1F
:10093000044613B10021AFF30080054B1868836AA9
:1009400003B198472046F5F7A7FA00BF0000000062
:10095000F8F701000EB403B503AB0146054853F8A0
:10096000042B0068019300F0B3F802B05DF804EBCB
:1009700003B07047E8020020024B0146186800F0FF
:100980004DB800BFE802002038B50546002941D027
:1009900051F8043C0C1F002BB8BFE41800F084FD94
:1009A0001D4A136833B9636014602846BDE83840B7
:1009B00000F080BDA34208D9206821188B4201BFF6
:1009C00019685B6809182160EDE71A465B680BB18E
:1009D000A342FAD911685018A0420BD120680144F3
:1009E000501811608342E0D118685B680844536076
:1009F0001060DAE702D90C232B60D6E720682118B3
:100A00008B4202BF19685B680918636008BF2160E8
:100A10005460CAE738BD00BF64690020F8B5CD1C3A
:100A2000064625F0030508350C2D38BF0C25002D92
:100A300001DBA94203D90C2333600020F8BD00F08C
:100A400033FD21490A6814469CB9204F3B6823B9FD
:100A50002146304600F096FA38602946304600F0CC
:100A600091FA431C23D10C233046336000F022FD61
:100A7000E3E723685B1B17D40B2B03D923601C44CB
:100A8000256004E06368A2420CBF0B6053603046EF
:100A900000F010FD04F10B00231D20F00700C21A26
:100AA0001CBF1B1AA350C9E722466468CCE7C41CCC
:100AB00024F00304A042E3D0211A304600F062FA89
:100AC0000130DDD1CFE700BF6469002060690020FC
:100AD0002DE9F04F0D469DB014469846064618B1D4
:100AE00083690BB900F022FC874B9D421BD17568CE
:100AF0006B6ED90705D4AB899A0502D4A86D06F0B0
:100B0000BFFEAB891B0701D52B69EBB929463046DF
:100B100000F022FBC0B16B6EDC070ED54FF0FF304A
:100B20001DB0BDE8F08F794B9D4201D1B568DFE77C
:100B3000774B9D4208BFF568DAE7AB899805EDD49D
:100B4000A86D06F0A3FEE9E70023CDF80C804FF076
:100B50000109DFF8C081099320238DF82930302363
:100B60008DF82A3023469A4613F8012B0AB1252A1C
:100B7000F9D1BAEB040B0BD05B462246294630462E
:100B80000AF0E2FC013000F0A680099A5A4409926A
:100B90009AF80030002B00F09E8000234FF0FF32C7
:100BA0000AF1010A049307938DF853301A93CDE9A3
:100BB000052354460522574814F8011B0AF04DFC42
:100BC000049BD0B9D90644BF20228DF853201A07C0
:100BD00044BF2B228DF853209AF800202A2A14D0E3
:100BE000079A544600204FF00A0C214611F8013BA9
:100BF000303B092B4AD970B914E0A0EB0800A2469B
:100C000009FA00F018430490D3E7039A111D126803
:100C1000002A039101DB079204E0524243F00203F1
:100C20000792049323782E2B0AD163782A2B32D192
:100C3000039B02341A1D1B6843EAE3730392059376
:100C4000DFF8E0A00322217850460AF006FC38B114
:100C5000A0EB0A004022049B01348240134304931A
:100C600014F8011B06222C488DF828100AF0F5FB19
:100C700000283FD0294B1BBB039B073323F00703FE
:100C800008330393099B3B4409936BE70CFB023247
:100C90000C460120A9E7002301344FF00A0C194645
:100CA0000593204610F8012B303A092A03D9002B6E
:100CB000C6D00591C4E70CFB012104460123F0E7EF
:100CC00003AB2A4604A930460093154BAFF30080CE
:100CD0000746781CD6D16B6ED90705D4AB899A0527
:100CE00002D4A86D06F0D2FDAB895B063FF516AFC6
:100CF000099815E703AB2A4604A930460093084B30
:100D000000F012F8E4E700BF3CF801001CF8010015
:100D1000FCF70100332002003D200200000000002B
:100D200049B50100392002002DE9FF470F7E9146A9
:100D300080460C46782F9A460C9D01F1430207D855
:100D4000622F0AD8002F00F0E080582F00F0BB80FF
:100D500004F1420684F842703AE0A7F16303152BD0
:100D6000F6D801A151F823F0C10D0100D50D010005
:100D7000510D0100510D0100510D0100510D0100F7
:100D8000D50D0100510D0100510D0100510D010063
:100D9000510D0100F10E0100650E0100A70E0100CA
:100DA000510D0100510D0100130F0100510D010003
:100DB000650E0100510D0100510D0100AF0E010043
:100DC0002B6804F142061A1D1B682A6084F8423021
:100DD0000123ABE0236829681F0601F104002860A5
:100DE00001D50D6803E05E06FBD5B1F90050002D7A
:100DF00061687ADA2D200029A16084F843002DDA99
:100E00006D425E480A231646B5FBF3F103FB11570A
:100E1000C75D06F8017D2F460D46BB42F4D9082B6D
:100E20000BD12368DF0708D5236961689942DEBFCB
:100E3000302306F8013C06F1FF36921B22614B4637
:100E400003AA21464046CDF800A00AF08FFB0130EE
:100E500071D14FF0FF3004B0BDE8F08723F00403F8
:100E60002360CDE72B682068191D2960050601D590
:100E70001D6802E04106FBD51D886F2F3F4814BF57
:100E80000A230823002184F843106668002EA66018
:100E9000B9DB216821F004012160002DB3D1002EBF
:100EA000B1D11646BBE7236843F0200323607827BF
:100EB000334884F84570296823680E1D2E601E068D
:100EC00003D50D6804E02D48F3E75D06F9D50D88DC
:100ED000D90744BF43F0200323600DB11023D1E7AD
:100EE000236823F020032360F8E724480A23CCE793
:100EF0002B682668181D6169286035061B6801D5B6
:100F0000196002E07006FBD51980002316462361A4
:100F100095E72B6800211A1D2A601E68626830461A
:100F20000AF09BFA08B1801B6060636823610023AC
:100F300084F8433083E72369324649464046D04728
:100F4000013086D023689B0714D4E068039B984245
:100F5000B8BF18467FE70123324649464046D0478E
:100F600001303FF476AF0135E36803995B1AAB4279
:100F7000F1DCEAE7002504F11906F5E75F06020057
:100F80004420020038B50023054D044608462B6076
:100F9000F4F78AFF431C02D12B6803B1236038BDEC
:100FA00068690020242B2DE9F0478646904601D839
:100FB000012B06D106F06CFC162303600020BDE86F
:100FC000F0870D4635482A4615F8014B065D16F0A8
:100FD0000806F8D12D2C24D12C780126951C2BBB8A
:100FE000302C30D00A2306F1004C00220CF1FF3CDB
:100FF0001046BCFBF3F903FB19CAA4F13007092F13
:1010000028D83C46A34234DD571C07D081452DD358
:1010100001D1A2452ADB00FB0340012215F8014B58
:10102000EBE72B2C04BF2C78951CD8E7102BDAD1DA
:10103000302CD8D12A7802F0DF02582AD3D16C782C
:1010400010230235CFE72B7803F0DF03582BF6D0BF
:101050000823C8E7A4F14107192F01D8373CD1E78D
:10106000A4F16107192F04D8573CCBE74FF0FF32AA
:10107000D4E7531C08D122236046CEF80030B8F1E3
:10108000000F9CD0691E06E006B14042B8F1000F87
:1010900095D0002AF6D1C8F8001090E7331F02005F
:1010A00013460A46014602480068FFF77BBF00BFAF
:1010B000E8020020F8B50E461446054618B18369CB
:1010C0000BB900F033F9214B9C4210D16C68A36935
:1010D000A360A3891A0701D5236993B9214628463D
:1010E00000F03AF868B14FF0FF373846F8BD184BBA
:1010F0009C4201D1AC68EAE7164B9C4208BFEC6801
:10110000E5E72369F6B220683746C01A636983426F
:1011100005DC2146284600F08BF80028E3D1A368BF
:101120000130013BA36023685A1C22601E70636972
:10113000834204D0A389DB07D7D50A2ED5D1214617
:10114000284600F075F80028CFD0CCE73CF8010025
:101150001CF80100FCF70100314B70B51D68064614
:101160000C4625B1AB6913B9284600F0DFF82D4BCA
:101170009C420ED16C68B4F90C301A072CD4DD06F1
:1011800011D40922326043F040034FF0FF30A381B5
:101190003DE0254B9C4201D1AC68ECE7234B9C42DF
:1011A00008BFEC68E7E7580712D5616B41B104F15D
:1011B0004403994202D03046FFF7E6FB0023636305
:1011C000A38923F02403A3810023636023692360A0
:1011D000A38943F00803A38123694BB9A38903F4CE
:1011E0002073B3F5007F03D02146304600F01CF990
:1011F000B4F90C3013F001020AD00022A260626937
:101200005242A261226942B913F08000BBD170BD85
:10121000990758BF6269A260F4E70020F7E700BFB2
:10122000E80200203CF801001CF80100FCF7010076
:1012300038B50B6905460C4613B90025284638BD5C
:1012400018B183690BB900F071F8144B9C421BD1A3
:101250006C68B4F90C30002BEFD0626ED00704D468
:10126000990502D4A06D06F00BFB284621460AF032
:1012700027FA636E0546DA07E0D4A3899B05DDD41F
:10128000A06D06F003FBD9E7054B9C4201D1AC6889
:10129000DFE7044B9C4208BFEC68DAE73CF801004A
:1012A0001CF80100FCF70100002310B50446836020
:1012B000818119464366C28108228361C0E90033F7
:1012C000C0E904335C300AF020F9054B2462636204
:1012D000044BA362044BE362044B236310BD00BFC5
:1012E00019B901003BB9010073B9010097B90100B8
:1012F00001490AF07EBA00BF31120100014806F030
:10130000BFBA00BFDC040020014806F0BFBA00BF2E
:10131000DC040020014806F0B3BA00BFF00400204E
:10132000014806F0B3BA00BFF004002010B504462F
:10133000FFF7F0FFA3691BB1BDE81040FFF7F0BF56
:10134000C4E9123323652046124B134A1B68A2627C
:10135000A34204BF0123A36100F020F8606020468F
:1013600000F01CF8A060204600F018F800220421CC
:10137000E0606068FFF798FF01220921A068FFF78D
:1013800093FF02221221E068FFF78EFF0123A36181
:10139000D2E700BFF8F70100F1120100F8B50746E7
:1013A000FFF7ACFF1E4B1E68B36913B93046FFF759
:1013B000BDFF4836D6E90134013B03D533680BB392
:1013C0003668F7E7B4F90C50D5B9164B04F158005C
:1013D0006566E36006F04AFAFFF796FF08222946A1
:1013E00004F15C002560A561C4E90155C4E9045518
:1013F0000AF08BF8C4E90D55C4E912552046F8BD32
:101400006834D9E7042138460AF0DDF90446306033
:101410000028D5D1FFF778FF0C233B60EEE700BF33
:10142000F8F701000100FFFF8B89F7B59D0706461D
:101430000C4607D504F14703236023610123636150
:1014400003B0F0BD01AB6A460AF0F2F9009F054611
:1014500030463946FFF7E2FA48B9B4F90C309A053C
:10146000EED423F0030343F00203A381E2E70D4B24
:10147000B362A389206043F08003A381019BC4E988
:1014800004075BB1B4F90E10304600F067F828B1DC
:10149000A38923F0030343F00103A381A3891D4320
:1014A000A581CDE7F1120100014806F0E9B900BFBE
:1014B000C8040020014806F0E9B900BFC8040020B4
:1014C000024B014618680AF0FDB900BFE80200208F
:1014D00038B50023064D0446084611462B6006F039
:1014E000BCF9431C02D12B6803B1236038BD00BF97
:1014F0006869002038B50446064D084611460022AA
:101500002A601A4606F09BF9431C02D12B6803B1EE
:10151000236038BD6869002038B50023054D0446B6
:1015200008462B6006F08FF9431C02D12B6803B1EB
:10153000236038BD6869002038B50023064D044695
:10154000084611462B6006F08CF9431C02D12B682B
:1015500003B1236038BD00BF6869002038B500239F
:10156000054D044608462B6006F072F9431C02D173
:101570002B6803B1236038BD6869002038B5044684
:10158000064D0846114600222A601A4606F05EF90A
:10159000431C02D12B6803B1236038BD6869002069
:1015A00038B50446064D0846114600222A601A4600
:1015B00006F041F9431C02D12B6803B1236038BD0A
:1015C0006869002038B50446154600F08DF804F629
:1015D0004213C4F83C394FF4006304F58A50C4F850
:1015E0003859A4F8403904F63C1104F58B55043001
:1015F0000DF001FB043504F58A50234629460E4AB6
:101600000C300DF02BFB4FF40071002204F58053D9
:10161000A3F8681109490635C3E9DC12A3F8602173
:1016200083F86C23201D22460549C3F864510CF051
:101630000AFE204638BD00BF33BB0100A5BA010039
:10164000C7B9010008B50A4601460348FFF7BAFFCB
:10165000BDE8084000F0C4B8701B00202DE9F0413F
:101660000C46A0B016461F460AF0B1FA2346802168
:101670001A4A684604F0D0FD6846EFF775FA6946E5
:101680000246002000F062FA6D460024DFF8548024
:10169000BC4215D1A4B204EB4404C4F18001104A49
:1016A0000DEB040004F0B8FD6846EFF75DFA0DF1AC
:1016B0000101421E002000F049FA20B0BDE8F0818F
:1016C000292CE8D0A4EB84012846335D42468031C2
:1016D00004F0A2FD01340335DAE700BF5520020013
:1016E0006F2002006920020070B5064604460025FE
:1016F00046F8041B4FF4006200F1D10130460CF0B3
:1017000095FD266504F1540304F17402C3E9005504
:1017100008339342FAD1C4E91E55A4F8745004F179
:1017200080000DF007F8C8230421284A84F8C81067
:10173000C4E928234FF6FF732549A4F8A8300968A7
:10174000244BC4F8CC10FF210022C4E92B35002320
:10175000A4F8181904F51361C4E92E23C4E9302351
:1017600084F89850C4F89C50C4F8B45084F8D05011
:1017700084F8D158A4F8D258C4F81059C4F81459B0
:10178000C4F81C59C4F82059C4F82459C4F828597D
:1017900084F82C59C1E900230F4B224630460F49EB
:1017A0001C600CF053FD3C22002104F6D40009F02B
:1017B000ACFE7722002104F1B80000F061FA04F1D8
:1017C000AC0000F009FC204670BD00BF00F8FF0728
:1017D00084FE01007D1901006C690020E9BD010053
:1017E000014B1868704700BF6C690020013804285D
:1017F0009ABF024B185C0020704700BF72200200A5
:10180000F8B501F00F0611F00F0117461A4606D180
:10181000022F02D1B83000F033FA00200CE090F82B
:10182000D35890F8D238EC1A0E2C06DDB8300E22C0
:10183000002100F025FA0320F8BD90F8D1488C4231
:1018400031D12C460E2C32D81A4B04F50D7407F00A
:10185000030746F0100100EB840403EAC21341EAD7
:10186000471119436368013503F000431943616070
:1018700080F8D358D1E70F3CE4B20E2CFBD804F526
:101880000D7400EB840494F804C01CF0100F08D011
:101890000CF00F0E8E4504D16FF3041C84F804C0C5
:1018A000CFE70133DBB29D42CBD91C46E5E70F3CC5
:1018B000E4B2C7E780FFFF7F2DE9F84FD0E92E3271
:1018C0001343044604D1012384F82C39BDE8F88F72
:1018D000B8300BF088FA002580464FF00109264FFA
:1018E000EBB24345EFD2D4E92E30C5F12001A5F18A
:1018F0002002EB4000FA01F10B4320FA02F21343FD
:1019000013F0010FC5F1200AA5F1200602D10C3712
:101910000135E5E73A682ABBD7F804B0BBF1770F89
:1019200006D1206807F0BCFE082898BF00F1700BB4
:101930005A46802120460AF093F90028C3D1D4E901
:101940002E3209FA06F629FA0AFA46EA0A0609FACE
:1019500005F123EA010322EA0602C4E92E32134309
:10196000D5D1B0E794F82C39002BE8D001238021A1
:1019700020460AF08FF9E0E7B0FB0100014B186840
:10198000FFF79ABF6C690020022337B5B0F88820B2
:101990008DF80730B0F8863004469A421BD1206893
:1019A0000BF02CFA0023FF228021A4F818292046EE
:1019B000702284F8123984F81739C4F81C39C4F835
:1019C0002039C4F82439C4F828390AF049F9054601
:1019D000284603B030BD0DF1070180300CF0C2FE87
:1019E0009DF807300546022BD9D020680BF004FA89
:1019F0000022014B1A60EBE76C690020002337B529
:101A000005460DF1070180308DF807300CF0AAFE75
:101A1000044608BB9DF80730F3B1022B1FD128689C
:101A20000BF0F1F9C0B195F91839013319D1D5F896
:101A3000A030C3B15A1E1A4015D15B08114602F1FD
:101A40000102FAD185F81819084BB5F8A4202868C6
:101A5000C9B20BF0EBF90446204603B030BD0C24AC
:101A6000FAE70D24F8E70724F6E700BFE91B0100B9
:101A700073B504460E4680300DF107010CF072FE7E
:101A8000054690BB9DF80730022B1FD003D9DA1E04
:101A9000012A88BF032384F8C83000230C2284F86D
:101AA000D0303146012320460AF0F4F894F8C830CB
:101AB000042B17D060B9201D0CF0CEFC0123C4F814
:101AC000CC0084F89830284602B070BD0123E2E7CC
:101AD0000A4B1B68C4F8CC30012384F8983084F892
:101AE000D060F0E70028EED0F9E70AF026F831469A
:101AF000024620460AF0B4F80546E4E784FE0100F9
:101B000010B5044600680BF0A1F9B8B10A280DD849
:101B10004FF4FA6303FB00F101F55C2101F5346138
:101B200004F15000BDE810400CF027BF192807D879
:101B300041F28833034903FB0011F1E70249EFE763
:101B40000021EDE7B0DB2300CC3F0D0010B41346BD
:101B5000064A0446106828B10A4621465DF8044B3F
:101B60000AF03BB80D205DF8044B70476C6900200B
:101B700010B504460B462A2202490AF002FE20460E
:101B800010BD00BFB8F9010010B504460B4617227E
:101B900002490AF0F6FD204610BD00BFA4F801007E
:101BA00010B504460B46032202490AF0EAFD20461E
:101BB00010BD00BF80F8010010B504460B4603229B
:101BC00002490AF0DEFD204610BD00BF5CF80100AE
:101BD000014B18680AF086BE6C6900200148006855
:101BE0000AF099BE6C690020014B18680AF0FABE31
:101BF0006C690020002313B504460DF10701803005
:101C00008DF807300CF0BEFD014630B99DF8073065
:101C100020682BB90BF0F4F80146084602B010BD5D
:101C20000049F7E7D11B010038B5044600680D46AE
:101C30000BF0E9F8A0B120680BF0F0F80146D0B144
:101C400020460AF0BFFF034658B90C4920680BF044
:101C5000E7F8034628B905F00F0584F8175938BD91
:101C60000D23184609F069FF294602462046BDE8C3
:101C7000384009F0F5BF0323F3E700BFDD1B010087
:101C8000002330B5174C25688D4224D165689542F4
:101C900021D1C3F12004D0E90225A3F1200105FAE6
:101CA00004F4DA40224325FA01F10A4312F0010F4D
:101CB000C3F12004A3F120020CD1012121FA04F484
:101CC00001FA02F222439940D0E900430C43134346
:101CD000C0E9004330BD0133DBB2202B04F10C041A
:101CE000D1D1F7E7B0FB01002DE9F04700244FF018
:101CF000010C26461D4D95F808E0BEF1000F22D0DC
:101D00002B688B421FD1D0E902A9A4F12003C4F1B2
:101D100020062CFA06F60CFA03F333430CFA04F708
:101D20006FEA0708DE43BAB14AEA070749EA030344
:101D3000C0E90273D0E9007307EA08073340C0E93D
:101D4000007331B976460134202C05F10C05D2D14F
:101D50004EB10020BDE8F08708EA0A0306EA09064A
:101D6000C0E90236EDE70720F4E700BFB0FB010051
:101D7000002230B50F4B1C7A9CB11C688C4210D1EC
:101D8000C2F12004D0E90235A2F1200123FA02F0C9
:101D900005FA04F4204325FA01F1084300F001009C
:101DA00030BD0132D2B2202A03F10C03E3D100206E
:101DB000F6E700BFB0FB0100004870477720020043
:101DC0000148F8F709BE00BFE82E002008B5836976
:101DD00023B10348F8F706FE002008BD0D20FCE7FC
:101DE000E82E0020836913B10248F8F7A1BB0D204B
:101DF000704700BFE82E002008B5836923B103486F
:101E0000F8F738FE002008BD0D20FCE7E82E002082
:101E1000836913B10248F8F741BE0D20704700BF37
:101E2000E82E002007B5836953B1684601220BF004
:101E300069FD69460348F8F74DFE03B05DF804FB01
:101E40000D20FAE7E82E0020836913B10248F8F765
:101E50005BBE0D20704700BFE82E002007B58369E8
:101E600053B1684601220BF04DFD69460348F8F76F
:101E700065FE03B05DF804FB0D20FAE7E82E0020B4
:101E800008B5836923B10348F8F772FE002008BD46
:101E90000D20FCE7E82E002008B5836923B1034834
:101EA000F8F77AFE002008BD0D20FCE7E82E0020A0
:101EB00010B5064C94F8AD302BB920460AF0F0FF6F
:101EC000012384F8AD30014810BD00BFE82E00208A
:101ED000F0B50C460546ABB0164604A9962202A8FA
:101EE0001F460BF05AF8134B13491A5D02A80BF06A
:101EF00079F80E2128460BF045F8104B0E220344CA
:101F000000930F492B4602A80E4D0BF06BF83A4692
:101F1000314602A80BF048F829460B4A02A80BF0FC
:101F200061F82A461021204604ABF9F74FF92BB08F
:101F3000F0BD00BFB9200200AA200200BF200200AD
:101F4000B0200200652302003B22020037B5094D94
:101F500004462B8843B904210DEB0100F8F7C6F8BD
:101F6000019905480AF0EAFF20462B8801332B80AF
:101F700003B030BD447400207069002001480AF0AD
:101F8000E7BF00BF70690020014B53F82000704785
:101F900030FD0100F8B505460C46064F8E18B442D8
:101FA00001D12846F8BD3946284614F8012B0BF01C
:101FB00019F8F4E7C9100200036823B90160054865
:101FC000496005F0DCBC5B684B60036859600160E8
:101FD000704700BFE82E00204368014613B902484D
:101FE000FFF7EABF704700BFEC2E002070B5056810
:101FF0000C4625B9BDE870404B68084818478B6807
:1020000098476A680146831A002BB8BF121A2368E2
:10201000A8BF0022BDE8704000481847E82E002005
:1020200010B504460AF0E6FE30B104F10800034999
:10203000BDE810400BF059B810BD00BF44FD0100D1
:102040004160024A014602480BF020B838FD010009
:10205000F42E00200146024A02480AF0F1BF00BFF8
:1020600038FD0100F42E002010B504460AF0C2FE2F
:1020700030B104F10C000349BDE810400BF035B855
:1020800010BD00BF38FD010003460846114613B1DC
:10209000014A04F0C1B87047D520020073B5012988
:1020A00014461D46069E07D1136831462846194A34
:1020B00004F0B2F8002402E0022908D007242046E8
:1020C00032462946FFF7E0FF204602B070BD1249B4
:1020D0001068EEF73FFD0028F0D1606801A90BF011
:1020E0003DF804460028EAD1019BF21E9A4228BF1F
:1020F0001A460A21944205D1084A311B281904F0D6
:102100008BF8D7E7B4FBF1F301FB134330332B55C6
:102110000134EFE7A6220200EA2002003922020081
:102120002DE9F347DDF82880814615461F460C4609
:1021300081B9F8F7AFFE2A4A2A4B4146002818BF5A
:1021400013463846284A04F067F80026304602B0A5
:10215000BDE8F08725491068EEF7FCFC28B9013C82
:1021600014F0FF0405F10405E3D000234FF00B0A3F
:102170001F4E3B70BAF1010A08D13B462A46214660
:10218000CDF800801B48F8F771FE1BE03168286825
:10219000EEF7E0FC10BBB36876685A1009EB6300F9
:1021A000DB0748BF59F8023004F1FF3148BF9E59A0
:1021B000012C08BF00223B46C9B218BF2A1DCDF82A
:1021C0000080B04723280646C0D1012CBED041462E
:1021D00038462B68084A04F01FF8B7E70C36C9E701
:1021E000C6110200F1040200F1200200ED200200FD
:1021F00050FD0100E82E002029170200F0B50C4622
:102200001E460023E5B007464FF480712046154670
:102210008DF80F300AF0B6FEFF281DD8214624A8FD
:102220000CF040FD384604AB0DF10F0224A90AF072
:10223000E7FF032804460FD0072814D0C8B9287038
:102240002B4638469DF80F10009604AAFFF768FF4A
:102250000446204665B0F0BD31462846064A03F0E4
:10226000DBFF0324F5E7054A3146284603F0D4FF97
:10227000EFE7034AF8E700BF0A2102002C21020021
:10228000612102002DE9F7430229884617461D46C1
:102290000A9E1BD140491068EEF75CFC00283ED135
:1022A000786801A90AF05AFF044678BB01980DF13D
:1022B00002010AF0BDFF044640BB314628469DF8A6
:1022C0000230364A03F0A8FF00241FE003291AD188
:1022D00033491068EEF73EFC08BB786801A90AF0A4
:1022E0003DFF044690B9B8680DF10201DDF80480A5
:1022F0000AF077FF044648B940469DF802100AF0FC
:1023000095FF044602E0012909D8072420463246F9
:102310002946FFF7B9FE204603B0BDE8F083214906
:102320003868EEF717FC0028EFD1786801A90AF0A9
:1023300015FF04460028E9D1B8F1020FDDF804903A
:1023400014D148460DF103010AF076FF0446002837
:10235000DCD19DF803302BB9134A3146284603F0EF
:102360005BFFB1E7012BAFD1104AF6E7B8F1030FDD
:10237000AAD10F49B868EEF7EDFB38B10D49B8683E
:10238000EEF7E8FB00289FD1012100E021464846F6
:102390000AF050FFB5E700BF82210200862102004B
:1023A000E71202008B210200902102009521020019
:1023B000E71E0200801802000A4608B510230348F1
:1023C00022F8103F0AF03CFF08BD00BFE82E0020B5
:1023D0002DE9F04190B00746884614461D46169EEA
:1023E000F8F758FD002847D0B8F1000F1FD1694613
:1023F0003846FFF7E1FF044680B9212207A905A866
:102400000AF0CBFD6946BDF8102005A8FFF7C2FD14
:1024100031462846194A07AB03F0FEFE20463246F5
:102420002946FFF731FE204610B0BDE8F08114497F
:102430002068EEF78FFB28B9012112480AF002FF4D
:102440000446EBE710492068EEF784FB01460028BC
:10245000F3D0102320686A460DEB0301ADF810306D
:102460000BF0A5FC04460028D8D16946BDF8102021
:1024700004480AF0E3FEE3E70D24CFE7A6220200BA
:102480009B210200E82E0020A221020070B50E461A
:1024900014461D46F8F7FEFCD8B13EB90724204685
:1024A0002946049AFFF7F0FD204670BD0A492068CE
:1024B000EEF750FB28B901210848F8F7F1FC044673
:1024C000EDE707492068EEF745FB01460028E5D116
:1024D000F2E70D24E3E700BFAA210200E82E002066
:1024E000B021020070B50E4614461D46F8F7D2FC26
:1024F000D8B13EB9072420462946049AFFF7C4FD07
:10250000204670BD0A492068EEF724FB28B9012156
:1025100008480AF099FE0446EDE707492068EEF7FF
:1025200019FB01460028E5D1F2E70D24E3E700BFDF
:10253000AA210200E82E0020B021020007B51020D9
:102540001346908202F114000190101D0090023396
:1025500002480AF07BFE03B05DF804FBE82E002081
:102560002DE9F04F9FB083460E4690461C46289DAD
:10257000F8F790FC0746002800F0C680002E40F0D7
:102580008E8029462046614A03F046FE002847DD3A
:10259000854245DD0B21B14604442D1A1B298DF8D7
:1025A0001B1009D9002630462A462146FFF76CFD4C
:1025B00030461FB0BDE8F08F34D1B9F1000F3AD0EA
:1025C0004FF01708BDF91C10BDF93420BDF93630A5
:1025D000914233D0BDF934300DF1540A0493BDF962
:1025E00036302122514613A805939DF81B900AF01E
:1025F000D4FCBDF848200EA913A8FFF7CBFC059B1F
:1026000009F1FF390293049B2946CDE90093204646
:1026100033463F4ACDF80CA003F0FEFD002826DC2F
:102620000326C0E7584607AAFFF788FF8046B9F19E
:10263000000FC7D110B34FF0000913E0BDF91E2001
:102640009A42C7D1BDF83030BDF848209A42C1D176
:102650000EA908A808F00FFF0028BBD1B8F1000FA1
:10266000B8D1B9469DF81B100131C9B296E7854231
:10267000D6DD04442D1AB8F1000FDCD10DF1340C75
:102680000DF11C0EBEE80F00ACE80F009EE8030041
:102690004CF8040B9DF81B60ACF80010E1E7012E2C
:1026A00001D007267FE7D8F800000DF11B010BF0E1
:1026B0006DFB064600287FF476AF9DF81B10A1F154
:1026C0000B030F2BEDD8584607AAFFF737FF064636
:1026D00000287FF468AF15AF3946BDF91C80BDF9FD
:1026E0001E90212213A80AF058FCBDF8302008A93A
:1026F00013A8FFF74FFC434629462046CDE9009733
:10270000044A03F089FD4EE70D264CE7B52102008F
:102710003C2202006122020070B504460D4600F121
:10272000100649B10A480B4A0B490AF0F9FB30463A
:1027300000F026FA40B170BD0548084A06490AF083
:10274000EFFB304600F030FA00206560F3E700BF91
:1027500068230200E3220200E8220200F4220200C1
:102760002DE9F041064615460C4691B18F88284662
:1027700000F008FE3A460346084909480AF0D0FB33
:10278000736843B13DB92A462146BDE8F04105488A
:1027900018470F46EBE7BDE8F08100BFFA220200C0
:1027A00068230200E82E00202DE9F0410446184677
:1027B000B1F804800D4617461E4600F0E3FD424680
:1027C0000346094909480AF0ABFBD4F80880B8F180
:1027D000000F06D033463A4629460548C047002335
:1027E000A360BDE8F08100BF1A2302006823020045
:1027F000E82E002010B5436804462BB1C3681BB116
:10280000024898470023E36010BD00BFE82E002077
:1028100070B518460C46A4B08BB100F0B3FD054668
:102820002146667E02A800F023F804ABCDE90063E0
:102830002A469DF8A030034903480AF063FB24B000
:1028400070BD00BF3B23020068230200430708D08D
:1028500000F01803083BDBB2102B04D8034AD05C0D
:102860007047FF2070470520704700BFDD2302003E
:1028700070B580220D4698B000F1080104460AF0B8
:102880008CFB00238DF818308DF824302B68AA8833
:102890009B7820462B490AF0A5FB2B681A7802F09A
:1028A0000702032A4BD8DFE802F0022E3032264915
:1028B00020460AF097FB04A928460AF010FE07A953
:1028C00028460AF0B3FD04A90AA800F04DF807A9AC
:1028D00011A800F049F82B681878C0F3C000FFF782
:1028E00053FB2B6806461878C0F34010FFF74CFBEB
:1028F0001649CDE9006013AB20460CAA0AF072FB22
:10290000204618B070BD1249D2E71249D0E72846D8
:102910000DF10F010AF03FFF10B1FF238DF80F30CA
:102920009DF80F20042A06D0072A06D00A4920461F
:102930000AF058FBBFE70949BAE70949B8E709496E
:10294000F5E700BF7023020089230200B9230200CB
:1029500090230200B1250200B1230200952302005A
:10296000A2230200FE12020038B50D46112200F12A
:10297000080104460AF011FB2B7A022B06D108222B
:1029800029462046FFF706FB204638BD23B92046DE
:1029900004490AF027FBF7E720462A8802490AF093
:1029A00021FBF1E7EE230200FF23020070B51D4E6C
:1029B000044630460D46F7F7E7FF20703046F7F73C
:1029C000B7FF29460025606104F118000BF031F9CA
:1029D00029461022C4E9075504F1240008F095FDAA
:1029E0002946102204F1340008F08FFD29461022F8
:1029F00004F1440008F089FD23460B4A204643F8C1
:102A00005C2F63662346094A43F87C2FC4F8843060
:102A1000FF2384F8783084F879300AF0A0FF20464C
:102A200070BD00BFE82E00204D2F01001D310100B8
:102A300010B50C460448F7F72BFD2246BDE81040C0
:102A4000024903480AF06CBAE82E0020F323020082
:102A50002025020010B504468180054800F0E0FB07
:102A6000A28804490448BDE810400AF059BA00BFE2
:102A7000F92E0020062402002025020010B50A6865
:102A80008AB0C0F806204A68841DC0F80A200122D6
:102A900001A80AF037FF01A9064800F0BBFB214658
:102AA00003A80AF020FF0449044805AA0AF038FAEE
:102AB0000AB010BDF92E00202024020020250200BB
:102AC00070B50E4601210446B14000200AF04EFACE
:102AD0004FF4A07303FB00F5A37BDB0714D56369F8
:102AE0000C489979F7F796FE294604F15C000AF044
:102AF0001AFB6378062B0BD133462A46BDE870409B
:102B0000054906480AF00CBA0248F7F711FDEBE751
:102B100070BD00BFE82E00203424020020250200F2
:102B2000837B9B0702D40248F7F706BF7F207047DC
:102B3000E82E002003789B075FBF044B9869B0FA2A
:102B400080F0400948BF0020704700BFE82E0020F9
:102B500038B50C4641780546A14209D0054A0648D9
:102B600052F8243052F8212004490AF0D9F96C7047
:102B700038BD00BFC8FD0100202502005724020017
:102B800010B5437804465BB90648F7F7BDFC40B979
:102B90000448F7F7CDFC20B901212046FFF7D8FF04
:102BA000002010BDE82E002038B505467C30FFF728
:102BB00051FA05F15C00FFF74DFA0848F7F7B8FC49
:102BC000044640B90548F7F7A9FC044618B9014680
:102BD0002846FFF7BDFF204638BD00BFE82E002085
:102BE00038B5837B05469B070B480CD5F7F7A0FC4F
:102BF000044658B100F0C6FB0849024608480AF0EE
:102C000073F9204638BDF7F705FEF1E702212846A3
:102C1000FFF79EFFF5E700BFE82E00206C240200BE
:102C20002025020010B54378044603F0FB03032B74
:102C300024D10378DB0604D4436911489979F7F766
:102C4000E9FD04212046FFF783FFE3691BB1012161
:102C5000226A6069984761690A4800F0E7FA0D281E
:102C60000CD1626913694BB1002313616269054895
:102C700053616169BDE8104000F0D8BA10BD00BFD3
:102C8000E82E0020F92E002070B543780446154642
:102C900063B3033B042B29D9837B9B0704D57F2196
:102CA0000AF0C0FE002070BD037813F0020607D0C2
:102CB0001048F7F7B1FE05212046FFF749FFF1E77D
:102CC000FFF738FFA0B10B48F7F7A4FD0521204618
:102CD000FFF73EFF7F23E373F7F76AF905443146B8
:102CE000256104F15C000AF01EFADBE70D20DAE74B
:102CF0000C20D8E7E82E002038B5436904461B694C
:102D00008578EBB10721FFF723FF20460AF084FE08
:102D100088B1144806F0E1FC6369D3E904218B18FB
:102D2000C3F1A803C34206D504F15C00A839BDE88D
:102D300038400AF0F5B92046BDE83840FFF772BFC9
:102D40000321FFF705FF20460AF059FE0028F2D0C4
:102D5000E91CC9B205292046BDE8384028BF052135
:102D6000FFF7AEBEE82E00202DE9FF4708290546F3
:102D7000DDE90C78894692461C4612D180F858202D
:102D800000F124060FCB86E80F0005F1340697E822
:102D90000F0086E80F0005F1440698E80F0086E86A
:102DA0000F0028460AF025FE40B9CDE901802346F0
:102DB0005246494603480097F7F730FF04B0BDE894
:102DC000F08700BFE82E00202DE9F7431E46044699
:102DD0005C300D469046FFF73DF90E2E1BD005D80E
:102DE000CEB10B2E06D003B0BDE8F0830F2EFAD182
:102DF000002711E0294620460AF0F1FE0023A370C7
:102E000020460AF003FEE37878B36F7E9F4294BFBA
:102E1000002701272AE00127EB7E5B0705D539460D
:102E2000AA7904F118000AF005FFB4F868301BB164
:102E30002D4806F052FC6067294620460AF0CFFE76
:102E40007FB920460AF0DBFD58B1A3782A7E9A426A
:102E500007D90133A370204603B0BDE8F043FFF764
:102E60004BBF0023A370002ECAD100270197E3783F
:102E700004F118090093424633462946484600F0BB
:102E800059F9E7B1E3780E2E03F10103E370EB7E0D
:102E900043F00203EB76DED106212046FFF758FE11
:102EA000204694F85910FFF70BFE94F8593001337F
:102EB000DBB2052B28BF052384F8593093E70221A4
:102EC0002046FFF745FEA97EAB798B4202D006482B
:102ED000F7F7A0FC334642462946484603B0BDE812
:102EE000F04300F035B900BFE82E002010B543785C
:102EF0000446033B042B21D8DFE803F003071C182A
:102F00000300BDE81040FFF78DBE0D490D480AF0E3
:102F100007F863690C489979F7F77CFC20466169EA
:102F20000E23BDE810400022FFF74EBFBDE8104061
:102F3000FFF7E2BEBDE810400AF081BD10BD00BF42
:102F40008D24020020250200E82E00200148FFF712
:102F5000CDBF00BF0C2F002010B504463AB1426D22
:102F60008A4238BF41650AF044FD50B110BD616529
:102F70000AF03FFD0028F9D1BDE810400348F7F7FB
:102F800099BE0248BDE81040F7F7A8BEE82E002021
:102F90002DE9F843A023DFF87C800446B0F86850A0
:102FA000404616465D430F4606F097FB636F6D087B
:102FB000A0EB03094046F7F7E7FE94F87830144A8F
:102FC0000344A3FB09014FEAE37C09FB0C11002336
:102FD000EDF7C2F894F87930814603EB830340465D
:102FE0005C0006F07CFB03B203EB830304EB4304B9
:102FF00004EB090000F59F531033AB4294BF3B60D4
:103000003D60854294BF35603060BDE8F88300BF05
:1030100040420F00E82E002073B50446694601AA1D
:10302000B0F86860FFF7B4FF94F86A30216FDA09EE
:1030300004F17C0017D06FF3C71384F86A30009B4B
:10304000C91AFEF7FDFF6378082B5CD12F48F7F70C
:103050006FFAF6F7F5FF02462D492E4802B0BDE89B
:10306000704009F05DBFA0235E4394F90030002B4F
:1030700025DA009D31442167491BA5F59C55083D83
:10308000FEF7DEFF0095216F2048F7F769FE94F9FF
:103090000030002B637820DA13F0FD0F33D0009B53
:1030A0000198226F94F86A10D21A03441748921BB1
:1030B00001F07F0102B0BDE87040F7F7CDBB019B86
:1030C0001944FEF7BDFF94F86A3043F0800384F89A
:1030D0006A30236F33442367D5E7082B13D194F864
:1030E0006A100A4801F07F01F7F794FBF6F7A8FF92
:1030F000DDE9001302460B440648074902B0BDE86B
:10310000704009F00DBF02B070BD00BFE82E002076
:10311000A124020020250200AF2402000148FFF78D
:103120007BBF00BF0C2F00200148FFF719BB00BF79
:10313000FC2E002010B49DF804009DF80840CDE955
:10314000010402485DF8044BFFF762BBFC2E00202F
:103150000148FFF729BB00BFFC2E00200148FFF704
:1031600049BB00BFFC2E0020002370B5194690B06B
:103170004FF6FE722648F7F7C5FD00212448F7F701
:1031800079FC2348F7F7F4FC2148F7F705FD2048C0
:10319000F7F7B2F928B11E48F7F7CAF91C48F7F754
:1031A000BDF900240CAD4FF6FF711948F7F770F91F
:1031B00029461748CDE90C44F7F77CF94FF6FE7124
:1031C0001348F7F787F9102221460DEB020008AEED
:1031D00008F09BF921461022304608F096F9214666
:1031E0001022284608F091F92246214604ABCDE989
:1031F000015407480096F7F711FD21460448F7F7F8
:1032000059FD2146024810B0BDE87040F7F7EABB0F
:10321000E82E00200148F7F74DB900BFE82E002046
:103220000148F7F757B900BFE82E00200148F7F72B
:1032300059BB00BFE82E00200048704700F8FF0788
:103240002DE9F84F00240D4616468346A146DFF8C7
:10325000908002F1FF3A5F461BF8010B18B900237A
:1032600005EB840536E05C2825D19BF80020A2F10F
:103270000903DBB2172B0CD828FA03F3DA070AD5B7
:103280003846EDF771FC59460246384608F023F9F6
:1032900001E05C2AF4D01BF8013C002BDBD01CB110
:1032A0001BF8023C002BD6D1544517D0631C45F8BF
:1032B0002470DCB2CFE70938C3B2172BEBD828FA59
:1032C00003F3DB0748BF0BF8019CE4E70134E4B2E9
:1032D00045F8043BB442F9D3BDE8F88F0720BEE7B8
:1032E000130080002DE9F3470E460446D8B1037859
:1032F000302B1AD1437803F0DF03582B15D1012767
:10330000023400224FF0993915464FF00A08DFF8D1
:1033100070A020785FB10DF107010AF0C0FC58BB26
:10332000B5F1805F12D3072026E00027E9E73038A7
:10333000C0B20928F7D891457AEB05038DF807004C
:10334000F1D3A2FB082308FB053303E02B0143EA7A
:10335000127312019DF807100020891853F1000321
:1033600028BF01200A461D460028DCD114F8010FB1
:103370000028CED1C6E9001302B0BDE8F08700BF37
:103380009999991925289ABF024B53F820000248B1
:10339000704700BFECFD01002725020001480AF03C
:1033A00081BB00BF0C2F002001480AF015BB00BFF5
:1033B0000C2F00200148FFF707BD00BF0C2F002095
:1033C00001480AF02FBB00BF0C2F002001480AF073
:1033D00069BB00BF0C2F0020134602480022FFF7F4
:1033E000F3BC00BF0C2F002038B57E2905460C46E3
:1033F00000680AD87C2903D801F0FD03112B06D1FF
:103400008388012B08D8032005E0F829F7E7214637
:103410000BF0E4FB40B138BD7D210BF0DFFB2868E9
:1034200084F020010BF0DAFBAA88054B5440E4B28B
:1034300033F81430002083EA1223AB80EBE700BF9F
:103440004E000200F8B504460D468E18AE4200D17B
:10345000F8BD237815F8011B012B0BD0022B3CD0B3
:10346000002BF3D17E29F1D1012323704FF6FF7396
:103470002361EBE77D2915D07E2916D06068878807
:10348000002F40D0228A234F82EA0103DBB237F8B3
:10349000133083EA122323820BF0A0FB638A0133EB
:1034A0006382D3E702232370D0E7638A002BDDD049
:1034B000012B10D04FF2B803228A9A420BD100217F
:1034C00063681A68023A1A609A8802329A80D4E9CC
:1034D00002309847CAE70621F9E76068878897B104
:1034E000228A81F0200182EA01030A4FDBB237F819
:1034F000133083EA122323820BF070FB638A0133BB
:1035000063820123CFE70321A368E068984727700F
:103510009CE700BF4E000200024B1860024B0020E7
:1035200019607047500300204C03002010B50C4C6C
:10353000236813B10B4B1B682BB900F05DFE30B94B
:103540000122084B1A6001232360002010BD0138BE
:10355000072801D9044810BD044B53F8200010BDC2
:103560007869002074690020FE8FFFFF88FE01004B
:10357000BFF34F8F0549064BCA6802F4E06213435C
:10358000CB60BFF34F8F00BFFDE700BF00ED00E051
:103590000400FA0530B44FF0FE3200250B4B0C4C02
:1035A0000C494968C3F80024C3F80424C3F808246C
:1035B000C3F80C24C3F81024C3F81424C3F8182447
:1035C000C3F81C24C4F8005530BC08470050845090
:1035D0000040845054030020024BD0E90012C3E99C
:1035E0000012704754030020144B2DE9F0430028CB
:1035F00014BF04461C46124F236883B0BB4219D047
:1036000016460D4620464FF4E07104F1040900F01F
:10361000EBF804F58E78484600F0CEFC404600F00A
:10362000F1FA2B464A4640460649009600F000FB58
:1036300008B92760002003B0BDE8F0837C69002052
:10364000A5BCC95A3D40010070B50D4C1D4600286F
:1036500014BF064626460B4B306882B098420DD107
:1036600006F58E70002633460096144600F030FBB7
:10367000002818BF34462C6002B070BD0248FBE73A
:103680007C690020A5BCC95AE88FFFFF10B504462D
:1036900050B1636813F0685F05D0064A934202D0C8
:1036A00000236260236010BD034B04485B689847A9
:1036B000EFE700BF2C5F5CA954030020A8FE0100C7
:1036C000C8B143680D4A934213D013F0685F0ED01F
:1036D000012350E8002F194640E8001C9CF0000F21
:1036E000F7D1012AF5D0BFF35F8F0020704704485F
:1036F0007047044870476FF4E04070472C5F5CA946
:10370000E98FFFFFEA8FFFFF034680B14268094956
:103710008A420AD012F0685F05D0BFF35F8F0022A3
:1037200010461A60704704487047044870476FF4A9
:10373000E04070472C5F5CA9E98FFFFFEA8FFFFF35
:1037400010B5044620B10023034A2360626010BD17
:103750000248FFF71FFFF6E73A00003AD0FE0100EB
:103760002DE9F041174C4768066867608768C068B4
:10377000A760E06026600868134B144D1860486825
:10378000D5F818215860886812F0685F9860C8689A
:103790000969D860196112D000230D4A05F58A70B5
:1037A000C5F81431C5F8B831C5F81821C5F8BC21E1
:1037B000B047236805F5DC70BDE8F0411847BDE867
:1037C000F08100BF700300205C0300207C690020B2
:1037D0002C5F5CA938B131B10022014403460130AD
:1037E00081421A70FAD1704738B131B100220144D8
:1037F0000346013088421A70FAD170472DE9F04F24
:10380000B2F5C07FBDB000F2DA800C46DFF8B491AB
:10381000154600214FF4D07282460DF17C084846CF
:1038200007F073FE404601F05BF930232146002487
:1038300089F8173009F118066BBA2A46A9F8123030
:103840003046A9F8104007F026FE80222346725524
:103850000DF12B0101F8013F0133202BFAD14FF478
:10386000807240460BA901F051F98346002840F0D0
:10387000A38005F1190313AD2F4607AE0293CDF8CF
:103880000CA00196049510220021019807F03DFE3E
:10389000DFF834A1DDF808B005970A9B5AF8044C0C
:1038A000089F099A07995AF8100C5AF80C6C5AF8A4
:1038B000085C5C40019B7E40554081EA00071A4647
:1038C00001214046CDE90776CDE9095401F040F9E0
:1038D000BBF1100F94BFABEB0B0BABF1100B0AF16C
:1038E000100A002847D1BBF1000FD6D1059F102246
:1038F0003846019907F0CFFD99F8033010370133AE
:10390000474589F80330BED1049D4FF480722946A3
:103910004046DDF80CA0019E01F0F8F8834678BB24
:1039200054460AF130071BAB1A460121404601F00C
:103930000FF9834620BB102220461BA9144407F030
:10394000AAFDA742EFD1404601F0DAF84FF4D0715A
:103950001C48FFF749FF28463021FFF745FF0BA819
:103960002021FFF741FF30461021FFF73DFF584669
:103970003DB0BDE8F08F8346DDF80CA0019E049DAC
:10398000404601F0BDF84FF4D0710E48FFF72CFF10
:1039900028463021FFF728FF20210BA8FFF724FF3E
:1039A00010213046FFF720FF30215046FFF71CFF63
:1039B00058463DB0BDE8F08F13AD07AEE0E76FF0BD
:1039C000370BF5E74C6B00205C6B00202DE9F041D4
:1039D0008CB004460D463022002168466F4607F041
:1039E00094FD04F12006E27B0132D2B2E273002A98
:1039F0004DD1A27B0132D2B2A273002A47D1637BA0
:103A00000133DBB26373002B41D1237B0133DBB283
:103A10002373002B3BD1E37A0133DBB2E372002B3B
:103A200035D1A37A0133DBB2A372002B2FD1637A95
:103A30000133DBB2637253BB237A0133DBB22372EF
:103A40002BBBE3790133DBB2E37103BBA379013311
:103A5000DBB2A371DBB963790133DBB26371B3B954
:103A600023790133DBB223718BB9E3780133DBB205
:103A7000E37063B9A3780133DBB2A3703BB9637819
:103A80000133DBB2637013B92378013323703B46F3
:103A900022460121304601F05BF88046002841D1E2
:103AA00010370CAB9F429ED1029AAB6803995340EA
:103AB00002933046EE68D5F820804E400396049974
:103AC0002E69D5F828C04E4004966E6905990B9F63
:103AD0004E4005960699AE69009B4E400696EE69EB
:103AE00007994FF480724E400796089ED5F824E05F
:103AF00088EA0608099E8EEA060E0A9E8CEA0601EE
:103B0000EE6A7E402F687B4000936B68019D6B409E
:103B10000193CDE9088ECDE90A16694600F0F6FF5B
:103B2000804638B168463021FFF75EFE40460CB053
:103B3000BDE8F0811022204608A907F0ACFCF1E7AF
:103B40002DE9F8431D468369B3F5C07F52D8164668
:103B5000C3F5C072AA424DD3C5F5C072D31AB342A1
:103B600048D30446DFF898904FF4C0720F46484699
:103B7000002107F0CAFC4946D4F89430A269D4F871
:103B800098009847002838D1D4F818803DB1D4E97E
:103B900025302A4609EB0801984770BBA84407B1B5
:103BA000C6B9174942460846FFF728FE054638B110
:103BB0004FF4C0711248FFF717FE2846BDE8F8839E
:103BC00020460F49FFF702FF05460028F0D10123E8
:103BD0002361EDE73946324609EB080007F05BFC4C
:103BE0000749B04442460846FFF708FE054600284C
:103BF000DED1E5E76FF03705DFE76FF03305DCE78F
:103C0000EC6C002010B5A4220021044607F07DFCD6
:103C10004FF0FF314FF6F072044B2161E26104F185
:103C20009C001B68BDE81040184700BFC00300207F
:103C30002DE9F047054688B00F46164600212022A0
:103C40006846984607F061FC1F4B05F19C09484601
:103C50001B689847044618B1204608B0BDE8F087B5
:103C600005F1200A504600F03BFFAA69C5E9257618
:103C7000F2B920232E69AB61002E22DB6946504643
:103C80004FF4807200F042FF044630B9334641469B
:103C90002846109AFFF754FF04460C4B48461B6811
:103CA0009847002818BF0446204608B0BDE8F087B2
:103CB0002E69002EE2DA2F2A96BF013226465608D8
:103CC000DCE71026DAE700BFBC030020B8030020C1
:103CD0002DE9F04FB2F5806F91B01A9F00F2E380AA
:103CE000B7F5807F00F2DC80044615460E46302290
:103CF000002104A8984607F008FC6C4B04F19C09CD
:103D000048461B6898478346002840F09280226905
:103D1000E3699A4200F391806369002B40F08D8043
:103D2000002F40F0A980DFF888A16F46002D00F039
:103D300098806F4604F120080EE0102DAB4628BF96
:103D40004FF0100B304639465A4607F0A4FBB5EB4E
:103D50000B055E4400F08580E37B0133DBB2E37347
:103D6000002B4DD1A37B0133DBB2A373002B47D1D2
:103D7000637B0133DBB26373002B41D1237B0133BF
:103D8000DBB22373002B3BD1E37A0133DBB2E37266
:103D9000002B35D1A37A0133DBB2A372002B2FD1D4
:103DA000637A0133DBB2637253BB237A0133DBB234
:103DB00023722BBBE3790133DBB2E37103BBA3793D
:103DC0000133DBB2A371DBB963790133DBB2637119
:103DD000B3B923790133DBB223718BB9E3780133B3
:103DE000DBB2E37063B9A3780133DBB2A3703BB9F4
:103DF00063780133DBB2637013B923780133237026
:103E00003B4622460121404600F0A2FE83460028A0
:103E100093D0DAF80030484698470346302104A88A
:103E2000002B18BF9B46FFF7DFFC10213846FFF739
:103E3000DBFC584611B0BDE8F08F3A4641460023FE
:103E40002046FFF77DFEDFF868A000283FF46DAF45
:103E50004846DAF800309847834600283FF465AFBB
:103E6000E7E7204604A9FFF7B1FD83460028D0D13B
:103E7000236901332361CCE73A46414604A8FFF7A2
:103E8000BDFC834618B16F46DFF824A0C1E7204689
:103E900004A9FFF79BFD834600283FF444AFF2E7F7
:103EA0006FF0370BC5E76FF0350BC2E7BC0300209E
:103EB000B80300202DE9F043202B1D460646884616
:103EC00091468BB026D8DBB202AF8DF80480B046A5
:103ED00058F8041B8DF8053021B9404600F07AFEF1
:103EE000044640B9012302224046336001A900F094
:103EF00085FE044638B138462021FFF775FC204680
:103F00000BB0BDE8F0832A464946404600F076FEF5
:103F10000446F0E702AF1946104600233A4600F087
:103F2000F3FF04460028E6D12023B9461D46CCE71E
:103F30002DE9F041D0F8F830A6B0002BD8BF02AE82
:103F400031DD05460027D0F80C4102AEA4F101088E
:103F50009022D5F8FC403146D0F8000101AB019722
:103F6000B8FA88F8A0474FEA5818044620B9019BD0
:103F700053B9B8F1000F16D030469021FFF734FC4A
:103F8000204626B0BDE8F081014632462846FFF7BC
:103F900091FF58B9D5F80431019A1344C5F804319A
:103FA000B8F1000FE8D16FF03C04E5E70446204685
:103FB00026B0BDE8F08100BF70B50025044614228C
:103FC00004F588762946C0F8F850FC3007F09DFAD1
:103FD00008222946304607F098FA144B30461B68F1
:103FE0009847204640F8045B00F0DAFD104B30465D
:103FF0001B689847C8B9D4F8F830AB420FDC03EB24
:10400000830204EB82022021C2F800010120C2E9F0
:10401000421008490133C2F8FC10C4F8F830064BCE
:104020003046BDE870401B68184770BDC0030020D3
:10403000BC030020DD490100B80300202DE9F04752
:10404000202A88B07AD83F4B00F5887904461B684F
:1040500048461746884698470546F8B940F2011683
:10406000D4F8F830002B65D02046FFF761FF0546F5
:1040700038B9D4F8F830002B14DC013EF2D16FF0DF
:104080003B056E4620213046FFF7AEFB2E4B4846DF
:104090001B689847002818BF6FF01D05284608B018
:1040A000BDE8F087D4E94132934203D3D4F80C2120
:1040B000012A02D0013ED7D1E1E71F2BFAD96E4683
:1040C00001462022304604F1040A07F01EFA314668
:1040D000504600F0BDFD05460028D3D1504600F003
:1040E00073FD504600F05CFD2946504600F072FD1D
:1040F00005460028C6D150462022314600F07EFDFC
:1041000005460028BED1034632462021304600F045
:10411000FBFE05460028B5D1D4F8F8303A46002B0E
:10412000C8BF002340463146C8BFC4F8043107F079
:10413000B2F9A7E76FF03F056E46A3E76FF03B05C6
:10414000ACE700BFBC030020B8030020002130B55D
:104150008DB0282202A8019107F0D7F902A800F03B
:10416000FBFE044610B120460DB030BD1B4D4FF094
:10417000FF31286800F036F960BB194BD3F8340ED4
:1041800010F0010017D100F05DF9F8B9154A02A945
:1041900001A800F015FC0446012000F053F988B98D
:1041A000286800F027F90028DDD00F48FFF7F2F962
:1041B00020460DB030BD2868052400F01BF900280A
:1041C000D1D0F2E70948FFF7E5F9E9E70848FFF73A
:1041D000E1F9DBE70748FFF7DDF9CEE7A4030020AC
:1041E000006084506C6E00204CFF01002CFF010029
:1041F0000CFF0100F4FE010030B583B000F036F88A
:1042000078B900F055F890B9144BC3F80C0AFFF7D1
:104210009DFF0446F8B9124D2B6863B1204603B0E8
:1042200030BD032400F072F8204603B030BD0424F2
:10423000204603B030BD02460146FFF7D5F950B91C
:104240006822084901ABFFF7FFF920B92046064B69
:104250002B6003B030BD0524E0E700BF0050845060
:104260008C700020907000205AEA5A5A0020704743
:10427000430504D54FF0FF32034BC3F80821024B2E
:10428000C3F8080A704700BF00508450014BC3F8C0
:10429000040A70470050845008B100F073B84FF41E
:1042A0007500704708B100F04FB84FF475007047C3
:1042B00010B5114800F082F800B110BD0F4800F0B1
:1042C0007DF80028F9D10E4C204600F077F8002840
:1042D000F3D10C4B0C481C6000F070F8014600282C
:1042E000EBD100F02DF8044608B1204610BD00F0D7
:1042F0008BF82046FAE700BFB4030020B00300208B
:10430000AC030020A4030020A803002008B508483F
:1043100000F05EF8074800F05BF8074800F058F836
:10432000064800F055F8BDE8084000F00BB800BFA3
:10433000B4030020B0030020AC030020A803002039
:1043400000207047704700BF10B402460C4C01E0DB
:10435000134207D1D4F8003A13F48070F8D001204A
:1043600042F4807229B1064BD3F804410C60C3F8C3
:104370000841034BC3F8082A5DF8044B704700BF9F
:10438000005084500246084901E01A4207D1D1F892
:10439000003A13F48070F8D0012042F48072024B8E
:1043A000C3F8082A704700BF0050845007F093B844
:1043B00007F0ABB80A46002107F0A7B808B5034BD1
:1043C00002681B6810689847002008BD7003002031
:1043D00008B5034B02685B6810689847002008BD69
:1043E00070030020024B02689B681068184700BFEA
:1043F0007003002008B5034B0268DB68106898471B
:10440000002008BD7003002070B5094C094D2069DB
:10441000AB68984718B1084B08485B68984700217B
:10442000074AEB6811602069BDE87040184700BF7B
:104430005C030020700300205403002064FF01008F
:10444000F8700020F8B51A4D1A4E0446B268286973
:104450009047E8B9184F3B684CB1A3B1012B19D074
:10446000013B3B602869F36898470020F8BD43B9D9
:104470000121124AC2F800151149D1F81029002A69
:10448000FBD101333B60F368286998470020F8BDF1
:104490000C48F8BD0A4AD2F81039002BFBD1074A64
:1044A0006FF07E40C2F80035FFF7F0FE3B68D7E7BB
:1044B0005C03002070030020F8700020004084504E
:1044C00000508450E98FFFFF014B1B68184700BF65
:1044D00070030020014B9B68184700BF7003002049
:1044E000014BDB68184700BF700300202DE9F04145
:1044F000002873D00C46002970D01D46002B6DD0CB
:1045000007461AB1012200232A6003602B68002BA2
:104510005FD02946204600F0D9FD804600285AD1B8
:104520002146286800F0B8FD8046002853D128684D
:10453000082867D0042867D0A0F10200B0FA80F004
:1045400040090121314EC6F8C411C6F84011C6F821
:10455000C411636AC6F83031D6F830219342F6D1DF
:104560000023C6F82C314FF0FF33C6F808316FF046
:104570001B03C6F80031C6F80C01D6F8040A40F453
:104580008060FFF783FE0A23C6F83831069B012BB3
:1045900029D023691E4AA2FB03231B09626A4046F5
:1045A00002FB03F303EB4303184ADB039B09C2F846
:1045B000D8310123C2F82C313B682A6823F07F43AD
:1045C00043EA02633B602A6843EA02233B60BDE89A
:1045D000F081DFF840804046BDE8F081DFF83880A8
:1045E0004046BDE8F0814FF47F03D3F80C2C013234
:1045F00006D0D3F80C3C064AA2FB03231B09CDE7E7
:104600001623CBE703209CE702209AE70050845052
:10461000ABAAAAAA310CF100350CF10058B34B1E1D
:10462000B3F5047F27D230B54FF0000ECD007446AD
:1046300071464B0901F01F0C50F82330BCF11F0FDD
:1046400023FA0CF306D003F0010319B901211C462B
:104650008E46EEE79C4201F1010106D01C464FF068
:10466000010EA942E5D1002030BD0EF1010E9645A4
:10467000F7D1024830BD0148704700BF360CF10049
:10468000C0B32DE9F0434C1EB4F5047F1DD2E3B155
:10469000DAB100252E46A8462C46CF0003F1FF399B
:1046A0004FEA541C04F01F0E50F82C10BEF11F0FDF
:1046B00021FA0EFC0CD00CF0010C4CB90126E0469E
:1046C00034463546ECE7964216D90C48BDE8F083EF
:1046D000AB420BD0C44508BF0136A945F3D0013524
:1046E0000134BC42DCD10020BDE8F0830125E04666
:1046F0002E46F5E7014870471D46F1E7370CF100FB
:104700002DE9F04F8FB08246DDE919460D46002EA7
:104710006ED1096904911C60002318990B60002A6E
:1047200000F02881994B6A6AD3F83811D3F83031F8
:104730009A4269D10A2967D19AF80330069304F1A5
:10474000080305930423049A0393914B8F4CA3FB16
:10475000023B4FEA9B0B0BEB4B0BA2EB4B0B189B5B
:10476000049E1E60002E00F0E580002700F0BEFCD5
:104770000797BAF1000F00F0D0804FF00109DDF883
:104780001480002D00F0C980069B002B3ED02846E7
:1047900006A900F09BFC00283AD07E4B984220D01E
:1047A000069B082B00F0E08000225B000693294660
:1047B00006AB50460092FFF799FE774B984200F007
:1047C000CF8070B9DAF80020130A03F47F03134393
:1047D00023F07F43CAF80030039B013B0393BED113
:1047E0000020039000F082FC03980FB0BDE8F08F2A
:1047F0004FF47F01D1F80C0C01300CBF4FF4047161
:10480000D1F80C1C049186E76448EAE76248C4E7E3
:104810002946069800F040FC0028BED1069B082BD4
:1048200000F0A480042B00F0A380A3F10203B3FAEC
:1048300083F35B09C4F8C491C4F84091C4F8C491EF
:104840006A6AC4F83021D4F830118A42F6D10022C5
:10485000C4F82C214FF0FF32C4F808216FF01B027E
:10486000C4F80021C4F80C31D4F8040A40F4806084
:10487000FFF70CFD0A23C4F838312B69444AA2FB28
:104880000313696A1B0901FB03F303EB4303DB0317
:104890009B09C4F8D831C4F82C910698DAF8003096
:1048A00023F07F41030243EA00630B43CAF8003060
:1048B00007A800F0E1FB079B354A03F01A03034306
:1048C0007FF46EAFA2FB0632D4F81431B7EB920F2F
:1048D0000893D4F818310993D4F81C310A93D4F80A
:1048E00020310B93D4F824310C93D4F828310D9354
:1048F00002D1BBF1000F12D14046182208A9183E80
:10490000FFF754FD08F1180801379EB100F0EEFBE7
:1049100000230793002D7FF437AF21483DE7404641
:104920005A4608A9A6EB0B06FFF740FDD84401370D
:10493000002EEBD1049F059E6A6939463046FFF789
:104940006DFEAA6940B94FF4806339463046FFF7DF
:1049500097FE00283FF444AF0023189A13601CE729
:104960002B6A002B3FF43DAF0E483AE7032361E783
:1049700002235FE7012229465046009606ABFFF767
:10498000B5FD00283FF4DBAE2BE700BF005084509C
:10499000ABAAAAAA020CF100310CF100300CF10014
:1049A000350CF100320CF10030B4DDE90234029430
:1049B0000024049DCDE9035430BCFFF7A1BE00BF25
:1049C00030B51546012487B005AB00930022CDE930
:1049D000015404ABFFF794FE07B030BDF0B587B0CB
:1049E000002967D01E46002B64D01446002A61D0EF
:1049F000324F0D4638684FF0FF31FFF7F3FC0028C7
:104A00003DD12F4BD3F8340E10F0010015D04FF0EC
:104A1000FF354FF408712B48FEF7DCFE04212A48CD
:104A2000FEF7D8FE29482821FEF7D4FE3868FFF7A4
:104A3000E1FC40BB284607B0F0BDFFF703FD0028AE
:104A400034D1224800F088FA70B91E4A0346029217
:104A500005AA019204AA039000921C4902461A4832
:104A6000FFF7A2FF0346A0B14FF0FF350120FFF78B
:104A7000E9FC0028CDD01648FEF78CFDC9E71548A3
:104A8000FEF788FDBDE71448FEF784FD284607B011
:104A9000F0BD28461D46059B22469C4228BF1A466B
:104AA000049932600831FFF781FCDFE70B48FEF71D
:104AB00071FDC6E74FF0FF35BCE700BFA40300203F
:104AC0000060845028710020FC70002000710020DC
:104AD0002CFF0100F4FE010084FF01000CFF010027
:104AE00010B5044630B1002201236265A265E3657A
:104AF000236610BD0148FEF74DFDF4E79CFF010061
:104B000018B174220021FFF753BC7047C8B1D9B166
:104B100008B50023C02A836380F83C300FD0B2F57B
:104B2000807F04D0802A03D06FF01F0008BD0223CD
:104B30000363D2081030FFF739FC002008BD0123C1
:104B4000F6E76FF0210070476FF01F00704700BF5D
:104B500070B5044686B0F8B11046EAB1E3B1012958
:104B60001AD8A26B16D0012A16D1102500210DEB00
:104B70000506019602AA61632946009500F0C8FA6D
:104B800050B92B463246204602A900F073FD18B9F1
:104B900006B070BD002AE8D06FF02100F8E700BF32
:104BA00010B5044628B12046BDE81040F421FFF7B7
:104BB00001BC0448FEF7EEFC2046BDE81040F4219D
:104BC000FFF7F8BBB0FF010010B1F421FEF702BE01
:104BD000704700BF08B521B1012908D06FF0360039
:104BE00008BD012100F058F80028F7D108BD0221C6
:104BF00000F052F80028F9D0F0E700BF30B50546C4
:104C00008818B0F5801F0B461446A1B001D8802A41
:104C10000CD9B3F5801F17D922461946284600F053
:104C20007DF8044684B9204621B030BD6846FFF7C0
:104C3000BDFB22466946284600F070F880210446F4
:104C40006846FFF7B7FBEDE76FF03604EBE700BF10
:104C500070B5E8B10E46D9B1044600F031F805460A
:104C6000B0B92368012B0BD0022B01D0284670BDB0
:104C70001C22304604F10801FFF798FB284670BD5E
:104C80002022304604F10801FFF790FB284670BD52
:104C90006FF03605EAE700BF78B138B50D46F02170
:104CA0000446FFF787FB402320462560E36500F0BC
:104CB00061FA003818BF012038BD0120704700BFDD
:104CC000F0B5056EA5B0044604AEE5B90023012792
:104CD000019330466760294602AA009300F018FA53
:104CE00010B1012025B0F0BD2A46204602A900F0EF
:104CF00069FA0028F5D1204600F06CFB0028F0D1BD
:104D0000206625B0F0BD802D2A46304628BF80227F
:104D100004F16401FFF74AFB256ED7E7002800F095
:104D2000AE802DE9F04F1446A5B0002A3DD00F46C5
:104D3000002949D0B2F5803F0546006E20D34FF6DA
:104D4000FF7805F1640AEB6D1A1AB2FBF3F103FB6D
:104D50001122002A65D18342B9464FF6FF7672D000
:104D6000B6FBF3FB03FB0BFBBBF1000F30D1002EB6
:104D700045D1A4F57F44FF3CB4F5803F4744E2D2DF
:104D8000EA6D161AB6FBF2F302FB1366A64228BFC1
:104D90002646002E75D1824200F08D80B4FBF2F6DB
:104DA00002FB06F62EB9002C79D1002025B0BDE813
:104DB000F08F002331463846CDE9003302AA00F0D7
:104DC000A7F9002800F09580012025B0BDE8F08FFC
:104DD000002359464846CDE9003302AA00F098F96D
:104DE0000028F1D15A46284602A900F0EBF9002824
:104DF000EAD1A6EB0B06286ED944002EB9D01930A3
:104E00004946324605EB8000FFF7D0FAA4F57F440F
:104E1000286EFF3C3044B4F5803F4744286692D268
:104E2000AEE7424528BF4246164639465044FFF792
:104E3000BDFA286EEB6D3044834207EB0609286605
:104E4000A8EB06068CD1802B28BF802351461A463A
:104E500004A8FFF7ABFA0023E96D02AACDE90033FD
:104E600004A800F055F90028AED12846EA6D02A941
:104E700000F0A8F90028A7D1EB6D286670E70120A3
:104E8000704705F16403394632461844FFF78EFA3D
:104E9000286EEA6D3044A41B374428667BE72B6EEE
:104EA0002246193305EB83003946FFF77FFA2B6E54
:104EB00023442B6679E7802A28BF802205F164010C
:104EC00004A8FFF773FA0023E96D04A8CDE90033C5
:104ED00002AA00F01DF900287FF476AF2846EA6D9B
:104EE00002A900F06FF900287FF46EAFEA6D286622
:104EF00054E73246284602A900F064F900287FF4FE
:104F000063AF3744A41B4EE7F8B51C46054611486D
:104F100016460F46FFF744FE21460E48FFF75AFE9D
:104F2000044620B10B48FFF74FFE2046F8BD3A4635
:104F300029460848FFF762FE04460028F2D13146B0
:104F40000448FFF785FE04460248FFF73DFE204671
:104F5000F8BD00BF487300201C2370B582B001A9C2
:104F60000546019300F032F8044638B9019B1C2B2A
:104F700007D0144C1C212846FFF71CFA204602B02B
:104F800070BDD5E90112131E18BF0123003918BFE7
:104F90000121012628689B00EA6843EA41030028B2
:104FA00018BF43F00103EE612AB9C5E90834002BAC
:104FB000E4D1054CDEE7204643F00803C5E9083498
:104FC00002B070BD370CF0000E0CF000034618B1B3
:104FD00011B10A681C2A01D0012070474FF47F02EA
:104FE000D2F8101C01310CBF40F2DC51D2F8101C79
:104FF0004FF47F020160D2F8141C01310CBF40F263
:10500000DC51D2F8141C4FF47F024160D2F8181C16
:1050100001310CBF40F63401D2F8181C4FF47F0266
:105020008160D2F81C1C01310CBF40F63401D2F86B
:105030001C1C4FF47F02C160D2F8001C01310CBF70
:105040009021D2F8001C4FF47F020161D2F8041CB9
:1050500001310CBF5121D2F8041C4FF47F02416191
:10506000D2F8081C002001310CBF40F23732D2F8D0
:10507000082C9A61704700BF014608B54FF4806064
:10508000FFF710F90022034BC3F8C821C3F82C2105
:1050900008BD00BF005084500138072805D8DFE85C
:1050A00000F0100E040A0404040607487047CB6899
:1050B00000204B6270478B6800204B6270474B6842
:1050C000F6E70B68F4E700BF310CF1000B6802E073
:1050D000082B0B6006D8026A13424FEA4303F7D04D
:1050E0000020704700487047310CF100002310B5D4
:1050F000064C4FF48060C4F82C31C4F8C431FFF77B
:10510000B7F84FF0FF33C4F8083110BD0050845099
:105110002DE9F041002482B015461E4601220DF112
:1051200007030746DDF824808DF8074001F030F8CA
:10513000D0B99DF8073004462F602B71B8F1000FED
:105140000ED04EB10246089930460DF1070301F02A
:105150001FF848B99DF80730C8F8006088F8043097
:10516000204602B0BDE8F0814FF47504204602B03D
:10517000BDE8F081D8B108B50368012B04D0022B3B
:105180000FD043B10B4808BD20220B490830FFF770
:105190000DF9002008BD142208490830FFF706F970
:1051A000F7E7202206490830FFF700F9F1E74FF44E
:1051B000730070470100F300C0FF0100000002000F
:1051C000E0FF01002DE9F047002900F0EB800446E4
:1051D000002800F0EB80036888469146002B00F021
:1051E000B580013B012B00F2C9804FF0FF317148BF
:1051F0004FF0020AFFF7F6F8002840F0B1800020D7
:10520000FFF720F90746002840F0B4806A4DD5F832
:105210001069002EFBD14FF0FF30FFF729F8D5F8C9
:10522000040A20F40060FFF731F801230722C5F8D3
:105230001838C5F82038C5F80029C5F8C437C5F8AE
:10524000A466A36CC5F8CC37E36CC5F8D037C5F8B5
:10525000C0A723685BB1013B012B18D8636AC5F86E
:105260005C36236AC5F85836E369C5F85436A26936
:10527000514BC3F850266269C3F84C262269C3F823
:105280004826E268C3F84426A268C3F84026B9F16C
:10529000000F56D063684FF40060012B04BF464AEC
:1052A000C2F8843698F80430D8F80010424A5B00FF
:1052B00003F00203C2F80C3BC2F8281CC2F82C9C75
:1052C000FEF7EAFF0746236863B1013B012B19D8BB
:1052D000394BD3F85C266262D3F858262262D3F8A1
:1052E0005436E361344BD3F85026A261D3F84C26F0
:1052F0006261D3F848262261D3F84426E260D3F8ED
:105300004036A360002201212B4BD3F8CC07A064C8
:10531000D3F8D007E064C3F8C417C3F88426C3F8F1
:10532000C827C3F81828C3F82028AFBB0120FFF70F
:1053300089F868BB1F48FFF75DF818BB3846BDE821
:10534000F08704221C4BC3F8C827BCE74FF0FF319D
:1053500018484FF0010AFFF745F800283FF44FAF17
:105360001648FEF717F90020FFF76CF807460028EB
:105370003FF44CAF1248FEF70DF947E7114F38469E
:10538000BDE8F0871048FEF705F93846BDE8F0871C
:105390000E48FEF7FFF8CDE7102104F10800FFF7F3
:1053A00009F8C3E70A4F3846BDE8F0874FF47307A2
:1053B000C4E700BFB403002000508450F4FE010095
:1053C0000CFF01000100F3004CFF01002CFF010065
:1053D0000300F300A0B3034670B4D0E90240D3E960
:1053E000041226BA05BA0CBA10BAC3E90440D3E9CC
:1053F0000612986A09BAC3E9026512BA996100BA3D
:10540000D3E9084125BA0CBAC3E90725D3E90B1241
:10541000C3E9094009BAD86B12BAD962D3E90D4180
:1054200025BAC3E90C250CBA00BAD3E9101209BA9F
:1054300012BAC3E90E40196400205A6470BC704768
:105440004FF47300704700BF70B500284DD0436B18
:105450000446032B3CDD063B012B3BD8A36B012B01
:105460003BD8E36D012B3DD8236E012B41D8224E52
:10547000D6F81059002DFBD14FF0FF30FEF7F8FEA3
:10548000D6F8040A20F40060FEF700FF0123C6F8F6
:105490000039C6F8BC54636B23F00402032A18BF1A
:1054A000A16B226B0CBF294601F00101022A17D81B
:1054B0009B0003F01C0343EA02330F4A0B43C2F87C
:1054C000C034636B072B06D10123C2F87C3402E0A1
:1054D000002BC3DA094D284670BD094D284670BD22
:1054E000084DF8E7084D284670BD4FF47105284671
:1054F00070BD064DEFE700BF005084500100F10081
:105500000200F1000600F1000300F1000400F100C8
:1055100000287DD038B590F83C300446002B55D09B
:10552000022B23D03C483D4D2A683D4B1268C3F8FE
:1055300000242A685268C3F804242A689268C3F8D1
:1055400008242A68D268C3F80C242A681269C3F8B0
:1055500010242A685269C3F814242A689269C3F88F
:1055600018242A68D269C3F81C2438BD016B006C6A
:1055700000F032FB294D0028D6D12A68284B12684A
:10558000C3F800242A685268C3F804242A68926881
:10559000C3F808242A68D268C3F80C242A68126960
:1055A000C3F810242A685269C3F814242A6892693F
:1055B000C3F818242A68D269C3F81C24216B206C14
:1055C00000F020FB0028AFD1002038BD0269144B49
:1055D000C3F800244269C3F804248269C3F808248C
:1055E000C269C3F80C24026B013A012AECD8026AA2
:1055F000C3F81024426AC3F81424026B022AE3D1D0
:10560000826AC3F81824C26A0020C3F81C24DCE7AD
:105610004FF47100704700BF0900F100A0030020A3
:1056200000508450114A124B11680968C3F80014E5
:1056300011684968C3F8041411688968C3F808142C
:105640001168C968C3F80C1411680969C3F810140B
:1056500011684969C3F8141411688969C3F81814EA
:105660001268D269C3F81C24704700BFA003002051
:10567000005084502DE9F04F85B0002958D01746CE
:10568000002A55D00446002800F0DC809846C36DFF
:105690000E46002B42D1B8F5805F44D294F83C30DE
:1056A000042B00F0C7804FF0000A4FF0FF31B548DF
:1056B000FEF798FE002840F0B9800020FEF7C2FEF9
:1056C000002840F0AF804FF00109DFF8BCB220465F
:1056D000CBF81098CBF82098FFF7B6FE054620B916
:1056E0002046FFF715FF054638B3BAF1000F40F02A
:1056F00085800022A44B0120C3F81028C3F820287D
:10570000FEF7A0FE002840F089809E48FEF772FE5A
:1057100000287CD1284605B0BDE8F08F012BBDD113
:10572000B8F5803FBAD3994D284605B0BDE8F08F53
:10573000974D284605B0BDE8F08F636B072B00F24C
:10574000CA8009FA03F919F08A0F40F0D38019F0E2
:10575000440F40F0C28019F0010F00F0BC80337993
:105760003A795B0002F0010203F002031343864A18
:1057700031683868C2F80C3B636B23F00403032BD9
:105780000AD0236E012B0BBFC2F8280DC2F8300DD2
:10579000C2F82C8DC2F8348DE36D4FF40060012BFC
:1057A000794B0BBFC3F8281CC3F8301CC3F82C8CF2
:1057B000C3F8348CFEF770FD0546002895D1626B66
:1057C000072A15D80123934013F08A0F40F09F80D9
:1057D00013F0440F0CD06C4BD3F860242260D3F844
:1057E00064246260D3F86824A260D3F86C34E36068
:1057F0000123A365BAF1000F3FF47BAF04232021FE
:1058000004F1100084F83C30FEF7D4FD71E76148E4
:10581000FDF7C0FE284605B0BDE8F08F5E48FDF7F5
:10582000B9FE72E75D48FDF7B5FE4CE75C48FDF751
:10583000B1FE42E7216B206C00F0B8F928B14FF0BF
:10584000010A32E74FF4710564E7DFF85C914E4DD1
:10585000D9F800301B68C5F80034D9F800305B680F
:10586000C5F80434D9F800309B68C5F80834D9F875
:105870000030DB68C5F80C34D9F800301B69C5F876
:105880001034D9F800305B69C5F81434D9F8003009
:105890009B69C5F81834D9F80030DB69C5F81C34A9
:1058A000216B0229CBD8236D4FEAC10A0193E36C27
:1058B0000AF1100A04F1100B0093CDF80CA0CDF8FA
:1058C00008B0206CD4E9112300F072FB68BB002300
:1058D00084F83C30B3E7334D07E72368CBF86034F6
:1058E0006368CBF86434A368CBF86834E368CBF81A
:1058F0006C3434E72368CBF840346368CBF8443425
:10590000A368CBF84834E368CBF84C3427E71E4B48
:10591000D3F840242260D3F844246260D3F84824AA
:10592000A260D3F84C34E36062E7D9F80030514606
:105930001B685846C5F80034D9F800305B68C5F8D4
:105940000434D9F800309B68C5F80834D9F8003021
:10595000DB68C5F80C34D9F800301B69C5F8103481
:10596000D9F800305B69C5F81434D9F800309B6968
:10597000C5F81834D9F80030DB69C5F81C34FEF7D7
:1059800019FDA4E7B4030020005084500500F10085
:105990000B00F1004CFF01002CFF01000CFF010087
:1059A000F4FE01000100F100A00300202DE9F04702
:1059B00001B3FAB10446002854D01D46436B0E468D
:1059C000072B1BD05DB9032B10D1836D73B94566CE
:1059D0008566C5660567102500F164030B602B46DC
:1059E00031462046BDE8F047FFF744BE2F46384613
:1059F000BDE8F087644F3846BDE8F087C36DA3BBB0
:105A0000B5F5805F36D20DB9A36D9BBB4FF0FF316A
:105A10005E48FEF7E7FC00284CD10020FEF712FD9F
:105A2000002843D14FF00108DFF864912046C9F8FF
:105A30001088C9F82088FFF707FD0746E0B100226B
:105A4000534B0120C3F81028C3F82028FEF7FAFCB6
:105A500040BB4E48FEF7CEFC0028C8D04D48FDF7AD
:105A600099FDC4E74FF47107C1E7012BCBD1B5F520
:105A7000803FC8D3484FBAE72046FFF749FD0746A5
:105A80000028DCD1636B072B0AD808FA03F818F05A
:105A90008A0F13D118F0440F5AD118F0010F19D101
:105AA0003E4FCCE73E48FDF775FDD2E73D48FDF798
:105AB00071FDB7E73C48FDF76DFDAEE72368C9F817
:105AC00040346368C9F84434A368C9F84834E368CB
:105AD000C9F84C3401212E4AC2F87C14C2F8BC54D7
:105AE000337930688B4003F00203C2F80C3BE5B910
:105AF000A36D0BB9C2F82415626B072A9FD8012346
:105B0000934013F08A0F30D113F0440F97D0204BFD
:105B1000D3F860242260D3F864246260D3F8682448
:105B2000A260D3F86C34E36089E7E36D012B0BBF0F
:105B3000C2F8280CC2F8300CC2F82C5CC2F8345CF5
:105B40004FF40060FEF7A8FB0028D5D0074676E7A3
:105B50002368C9F860346368C9F86434A368C9F875
:105B60006834E368C9F86C34B4E7094BD3F84024CF
:105B70002260D3F844246260D3F84824A260D3F8AA
:105B80004C34E3605BE700BF0B00F100B40300207E
:105B9000005084504CFF01000500F1000100F100AD
:105BA0002CFF01000CFF0100F4FE01007F2809D842
:105BB00051B10139022909D805497F280CBF08468F
:105BC00000207047024870470846704701487047F8
:105BD0000100F7000300F7007F2809D851B101390F
:105BE000022909D805497F280CBF084600207047C4
:105BF0000248704708467047014870470100F700A7
:105C00000300F700F0B401298EB009D0022900F09A
:105C1000DE80002900F0AF80AB480EB0F0BC7047CA
:105C20000026AA4AAA4BC400C3F80015C2F80861AE
:105C3000D2F80871451C0697069FC2F80061D2F899
:105C4000007104F57F030697069FC2F80461D2F83D
:105C5000046103F504430696069EC2F800551B68CE
:105C6000BFF34F8F0793079D9A4B9D4240F0AB8047
:105C7000116005E09DF80530DBB99DF80630C3B929
:105C8000D2F80031003B18BF01238DF80430D2F860
:105C90000831003B18BF01238DF80530D2F80431DC
:105CA000003B18BF01238DF806309DF80430002B0F
:105CB000E0D09DF80530002B40F071819DF8063052
:105CC00003F0FF02002B52D10121804B804DC3F81D
:105CD0000025C5F80015C3F80821D3F80851023093
:105CE0000895089DC3F80021D3F800510895089D38
:105CF000C3F80421D3F804210892774A089D22446E
:105D0000C3F800051268BFF34F8F09920998734AD0
:105D1000904258D1196005E09DF80820DAB99DF845
:105D20000920C2B9D3F80021003A18BF01228DF82A
:105D30000720D3F80821003A18BF01228DF8082067
:105D4000D3F80421003A18BF01228DF809209DF8EC
:105D50000720002AE0D09DF80830002B40F01F817A
:105D60009DF8093003F0FF02002B00F011815C4820
:105D70000EB0F0BC70470124544A554DC300C5F81D
:105D80000045C2F80811D2F8085120440495049D3A
:105D9000C2F80011D2F8005103F57F030495049D69
:105DA000C2F80411D2F8041103F5044304910499D4
:105DB000C2F800051B68BFF34F8F05930599454B4B
:105DC000994200F0BA8047480EB0F0BC70470025F9
:105DD00001263E4A3E4FC100C7F80065C2F808518F
:105DE000D2F8087184190A970A9FC2F80051D2F8B4
:105DF000007101F57F030A970A9FC2F80451D2F897
:105E0000045103F504430A950A9DC2F800451B6836
:105E1000BFF34F8F0B930B9C2E4B9C42D3D116603C
:105E200005E09DF80B30DBB99DF80C30C3B9D2F812
:105E30000031003B18BF01238DF80A30D2F8083139
:105E4000003B18BF01238DF80B30D2F80431003B22
:105E500018BF01238DF80C309DF80A30002BE0D0DC
:105E60009DF80B30002B40F09A809DF80C3003F029
:105E7000FF02002B7FF47BAF0124144B144DC3F8B9
:105E80000025C5F80045C3F80821D3F808510230B1
:105E90000C950C9DC3F80021D3F800510C950C9D76
:105EA000C3F80421D3F804210C920B4A0C9D0A4438
:105EB000C3F800051268BFF34F8F0D920D99074A82
:105EC000914280D11C6015E00C00F100009003505D
:105ED00000408450005484500884FF0010548450C3
:105EE0000200F7000600F7009DF80E20DAB99DF8D1
:105EF0000F20C2B9D3F80021003A18BF01228DF853
:105F00000D20D3F80821003A18BF01228DF80E2089
:105F1000D3F80421003A18BF01228DF80F209DF814
:105F20000D20002AE0D09DF80E30002B37D19DF8CF
:105F30000F3003F0FF025BB319E7146005E09DF832
:105F40000230DBB99DF80330C3B9D2F80031003B11
:105F500018BF01238DF80130D2F80831003B18BF7B
:105F600001238DF80230D2F80431003B18BF012321
:105F70008DF803309DF80130002BE0D09DF8023001
:105F80006BB99DF8033003F0FF02002B7FF4EFAEF6
:105F90000020054BC3F800250EB0F0BC7047034845
:105FA0000EB0F0BC704700BF009003500100F70036
:105FB0002DE9F0470024CCB082468946164621469A
:105FC00074220EA81F46579DDDF8588105F09DFAF2
:105FD000802221462CA82B9405F097FA8423B5F54E
:105FE0007F6FCDE90A440D940C94059364D8FFF7B4
:105FF00019FB05AB30462BAE01933946DDE954233E
:106000000295009600F064F8002850D10223072280
:106010008DF813309DF813301B928DF874300022E8
:106020000123012410211C900EA8CDE92423CDF8D2
:106030006890CDF878A02694FEF7BCF910220DF1F7
:1060400020090092304605990AABCDF8049006AAC3
:10605000FFF75EF8074688B11EE0102D2E4628BFD8
:1060600010260EA93246FEF7A1F910210EA8FEF760
:10607000A1F90134AD1B3744E4B222D0059B4A4656
:1060800006A90EA88DF8AC40FFF790FC034608EB7C
:106090000700002BE1D01F460EA874220021FEF756
:1060A00087F9FFF7BFFA38464CB0BDE8F087064FD6
:1060B00038464CB0BDE8F087044F38464CB0BDE8D8
:1060C000F0872F46E8E700BF0E00F1000F00F10057
:1060D0002DE9F041002482B00A9D0194B5F57F6F4F
:1060E00040D8ED00B5F5807F1E4634BF032304235E
:1060F00001F1FF3CBCF13F0F0C46009332D888B34E
:10610000174666BB089A6AB3099A116851B3A21977
:106110001344994226D3089B01462246581CFEF799
:1061200045F9089B04F102081C440023637026BB58
:10613000089BFF2D009503EB080017D92B029BB29B
:1061400043EA1523022201A90193FEF72FF908F172
:1061500002030020099A136002B0BDE8F0810AB181
:10616000402ECFD9094802B0BDE8F081012269462E
:10617000FEF71CF908F10103EBE7089B324603EB3D
:1061800008003946FEF712F9B044D1E70600008056
:1061900000201870704700BFD8B1D1B1C02A0346A3
:1061A00015D0B2F5807F04D0802A0ED06FF01F008A
:1061B00070470E2010B500241860D20803F10800C3
:1061C0005C60EAF737FB204610BD0A20F2E70C209E
:1061D000F0E76FF020007047034610461A4610B5EE
:1061E0005C6852F8083B063B02EB84029B00EAF72E
:1061F000CDF9002010BD00BF034610461A4610B569
:106200005C6852F8083B063B02EB84029B00E9F70E
:10621000BDFF002010BD00BF0CB4184B30B50C1EE4
:106220009DB01D6808DA8B234FF0FF302B601DB046
:10623000BDE8304002B070474FF402730290069000
:1062400002A9ADF8143014BF04F1FF332346209A9D
:106250002846049307934FF6FF73ADF8163021AB31
:10626000019300F01BF8431CBCBF8B232B60002C58
:10627000DDD0029B00221A70D9E700BFE80200209F
:1062800007B5009313460A4601460348006808F024
:1062900011FD03B05DF804FBE80200202DE9F04F8A
:1062A00098468B899DB007461B060D46144610D5AF
:1062B0000B6973B94021FAF7B1FB2860286130B946
:1062C0000C233B604FF0FF301DB0BDE8F08F402342
:1062D0006B610023CDF80C804FF00109DFF8A0813D
:1062E000099320238DF8293030238DF82A30234656
:1062F0009A4613F8012B0AB1252AF9D1BAEB040BFF
:106300000BD05B4622462946384608F0FEFC013099
:1063100000F0A780099A5A4409929AF80030002B9D
:1063200000F09F8000234FF0FF320AF1010A04932E
:1063300007938DF853301A93CDE90523544605226F
:106340004F4814F8011B05F088F8049AD8B9D00614
:1063500044BF20238DF85330110744BF2B238DF801
:1063600053309AF800302A2B15D0079A5446002053
:106370004FF00A0C214611F8013B303B092B4BD959
:10638000B0B1079214E0A0EB0803A24609FA03F3A8
:1063900013430493D2E7039B191D1B68002B039141
:1063A000BBBF5B4242F0020207930793B8BF04925F
:1063B00023782E2B0AD163782A2B32D1039B023407
:1063C0001A1D1B6843EAE37303920593DFF8C0A02C
:1063D00003222178504605F040F838B1A0EB0A00BE
:1063E0004022049B013482401343049314F8011BA0
:1063F000062224488DF8281005F02FF8002836D002
:10640000214B1BBB039B073323F007030833039384
:10641000099B334409936AE70CFB02320C460120C6
:10642000A8E7002301344FF00A0C194605932046D3
:1064300010F8012B303A092A03D9002BC6D0059158
:10644000C4E70CFB012104460123F0E703AB2A4615
:1064500004A9384600930D4BAFF30080421C06465A
:10646000D6D1AB895B063FF52DAF09982CE703AB7E
:106470002A4604A938460093044BFAF755FCEDE789
:10648000332002003D200200000000000BED01005F
:106490003920020008B5EBF76FFCBDE80840EBF7C8
:1064A0005DBC2DE9F04706460D46174698462BB3CE
:1064B0004FF0000A98F8004093F80190DB78A400B0
:1064C00004EB430498F802301C444444CA4509D301
:1064D00039463046AC46D8F8042008F10803BDE838
:1064E000F047604714F8013B0AF1010A204648F8DA
:1064F0002340EAF739FB01300444E7E76FF0150069
:10650000BDE8F0870020704730B58A680C68551CDC
:1065100014B14B68934201DC8D6030BD013B934266
:1065200008BF00228D600CBFE254A054F5E700F0D4
:1065300022BF0FB407B504A951F8040B019100F074
:106540001AFF03B05DF804EB04B070470CB407B554
:1065500004AB53F8042B0193EBF7F6FD03B05DF8A1
:1065600004EB02B07047044608B5084611461A46C7
:10657000A047F9F7E3FEEFF79BFA836800EBC10150
:10658000B3F5004F2CBF51F8220031F812007047CC
:1065900000EBC1018068B0F5004F2CBF41F82230FC
:1065A00021F812307047012208B5FFF7E6FFD0400E
:1065B00008BD836800EBC101B3F5004F08D34B68F9
:1065C0001AB143F001034B60704723F00103FAE76F
:1065D0004B881AB143F001034B80704723F001034D
:1065E000FAE753000122FFF7D3BF8368B3F5004FEA
:1065F00034BF04230823C91A081AC0087047B0F52D
:10660000004F34BF04230823481C0833A0EBD300F9
:10661000B0FA80F0C0F11F0070472DE9F041174635
:1066200003220E460446FFF7A8FF8642054607F1FF
:1066300004080AD10122E368BA4023EA0203E360B6
:10664000002344F82830BDE8F0813146022220467C
:10665000FFF793FF06462B4601460322204644F8E7
:106660002850FFF795FF334629462046BDE8F04104
:106670000222FFF78DBF70B50D4686680446FFF70E
:1066800092FFB6F5004F014601D3012809D03046EC
:10669000FFF7B5FF294602462046BDE87040FFF7E8
:1066A000BCBF70BD2DE9F04705468068FFF7A7FF26
:1066B00005EB800ADAF8109088460646B9F1000F1B
:1066C0001BD00327DAF8104028462146FFF76BFF5E
:1066D000404507D3324621462846FFF79EFF204615
:1066E000BDE8F087032221462846FFF746FF013F19
:1066F000CAF8100001D08145E4D14FF0FF34EB68B7
:106700000136B4401C40EAD094FAA4F2B2FA82F204
:10671000131D55F82340DEE72DE9F04114460E46DF
:106720000546FFF740FFA4EB0608371B0744424627
:1067300031462846FFF755FF3A4621462846FFF7DF
:1067400050FF4346002221462846FFF721FF2146FD
:106750002846FFF728FF3B46211800222846BDE8BF
:10676000F041FFF715BF2DE9F041164604460F46EC
:10677000FFF719FF314605462046FFF714FF054491
:106780002A4639462046FFF72CFF31462046FFF7C0
:106790000AFF2B46311800222046BDE8F041FFF7E2
:1067A000F7BE2DE9F0410D4686680446FFF7FBFE73
:1067B000B6F5004F014601D3012832D03046FFF72D
:1067C0001EFF04EB80010E6996B90122E368824046
:1067D0001343E36002220D612B4629462046FFF752
:1067E000D7FE032229462046BDE8F041FFF7D0BE80
:1067F000022231462046FFF7C0FE074603462946DF
:106800002046FFF7C5FE0322334629462046FFF700
:10681000BFFE39462B462046FFF7BAFE022231461C
:10682000E1E7BDE8F081F8B50C460546FFF7BBFE91
:106830002618012231462846FFF79FFEC3070CD4D5
:1068400031462846FFF717FF21462846FFF7ABFEE3
:10685000214622182846FFF786FF002221462846B7
:10686000FFF78BFE271A012239462846FFF785FEDF
:1068700010EA020613D139462846FFF7FCFE2146EE
:1068800032462846FFF779FE2246211A2846FFF7AE
:106890006AFF214632462846FFF76FFE241A21463A
:1068A0002846BDE8F840FFF77CBF38B571B10568F0
:1068B00000222846FFF799FE044601462846FFF7C6
:1068C00078FE2146BDE83840FFF7ADBF38BD70B552
:1068D000066809B9002070BDB368B3EBD10FF9D9D0
:1068E000B3F5004F34BF04230823CC1D1C44E40837
:1068F00021463046FFF7D6FE05460028EAD001467D
:106900003046FFF750FEA04209D92C4429463046B4
:106910002246FFF701FF21463046FFF742FF30468F
:1069200001222946FFF745FEB368B3F5004F34BF97
:106930000423082303EBC5031844CCE72DE9F843EF
:1069400006681446B26801F1FF39B2F5004F34BF52
:106950000423082319EA01090F460BD049423940A4
:106960008B424F4628BF0B46894654B9002528461E
:10697000BDE8F8839942F8D82146BDE8F843FFF70F
:10698000A6BFB2EBD40FF1D9B2F5004F34BF042249
:106990000822E11D3944C91A11443046C908FFF7DD
:1069A00081FE80460028E1D0B36809EBC005B3F54D
:1069B000004F34BF042308231D4435447B1E1D446F
:1069C0007F423D40A5EB090529463046FFF70DFE05
:1069D0002C44073424F00704A41B804507464FEAE3
:1069E000E40408D2024641463046FFF795FE414690
:1069F0003046FFF7D6FE39463046FFF7D4FD38441F
:106A0000844208D2394630462246FFF785FE2146A9
:106A10003046FFF7C6FE012239463046FFF7C9FD72
:106A2000A5E7B2F5802F2CBF082304232DE9F04100
:106A30000026D21A8C18CD1D25F0070524F0070476
:106A4000641BE408056021462046AC60EE60FFF759
:106A5000D6FD421D9200013002F107074FEAD70729
:106A60003146A2F1100205F11000B8BF324604F021
:106A70004CFD3A4631462846FFF7B3FD33463246D1
:106A800031462846FFF784FDA4EB07082846314627
:106A90000122FFF78EFD42463946FFF7A2FD3B4635
:106AA000324639462846FFF773FD21462846FFF750
:106AB00098FD4346324621462846FFF769FD2146A8
:106AC00028460122FFF775FD3946BDE8F041FFF782
:106AD00068BE002203680BB9184670478B4210D17C
:106AE0000B6842B942680360914200D143600023C1
:106AF00001200B60704713604368994208BF4260F1
:106B0000F5E71A461B68E6E7838B13F0070305D108
:106B10000368002B0CBF002003207047022B05D117
:106B2000C08BB0FA80F0400980007047012B05D17E
:106B30000368002B0CBF0020052070470020704721
:106B400010B50C4600B111B96FF0150010BD081D4D
:106B500000F0D7F80028F9D1A368032BF6D9F3E7A2
:106B60002DE9F0410D4607461946281D90461E4660
:106B700000F0DBF8044638B1334642462946384631
:106B8000A446BDE8F0416047BDE8F08110B44FF085
:106B90002004EFF3118284F31288BFF36F8F8161B9
:106BA0005DF8044B0121EBF7E5BA38B50C46054614
:106BB00058B151B10B6843B14B6833B12022002169
:106BC00004F0A3FC00202C6138BD6FF01500FBE73A
:106BD00070B505460E46FFF7B3FF041E15DB4FF0F8
:106BE0002003EFF3118283F31288BFF36F8F4FF608
:106BF000FF71EB8BAC8B8B4204F0070407D182F35F
:106C00001188BFF36F8F6FF00A04204670BD022C0D
:106C10000CD10133EB8382F31188BFF36F8F002314
:106C2000224631462846FFF79BFFEEE7062C14D894
:106C3000DFE804F004131313041A04000023336084
:106C40006B683BB9C5E90066ACB902212846EBF791
:106C500091FADAE71E606E60F6E782F31188BFF3FF
:106C60006F8F6FF00404D0E782F31188BFF36F8F4A
:106C70006FF08504C9E782F31188BFF36F8FC4E713
:106C800010B54FF02003EFF3118283F31288BFF3A6
:106C90006F8F848B04F00704022C0AD0012C0CBFE8
:106CA0006FF004006FF0850082F31188BFF36F8FDF
:106CB00008E0C38B013B9BB2C38323B92146EBF7AA
:106CC00059FA204610BD2046EEE738B5B0B1A9B15B
:106CD0004FF02002EFF3118582F31288BFF36F8F1C
:106CE000848BFFF7F6FE30B104F0070085F31188BE
:106CF000BFF36F8F38BD6FF07700F7E76FF01500C7
:106D0000F8E7034640B1426802F00302022A06D0C7
:106D1000032A04D0012A05D06FF0150070471A68C5
:106D2000002AF9D000209860704710B542680346E9
:106D300002F00302022A4FF00004816007D0032A08
:106D400002D05C60002001E018685C6010BD18682B
:106D50005C600028F6D0F9F763FDF3E7D0E9002185
:106D600030B54FF03333A2FB0324D51843EB0405B1
:106D7000A1FB0313521844EB0304521944F100021F
:106D8000891843F10003C0E9001330BD10B50A684B
:106D90000346002A0FDD013A0A6044680A201A6897
:106DA000A2FB001200FB0422100F22F07042C3E984
:106DB0000012303010BD3020FCE72DE9F0410746CD
:106DC000884615461E461446B44205D30EB1601BD4
:106DD00008E02378002BFAD0414614F8010BB8479D
:106DE0000028F1DABDE8F0819446F0B50446C369A5
:106DF000C66845684069AF1B281A1A1ABB429CBF77
:106E0000FF1AF618624528BF6246D81B904228BF79
:106E100010462368AD1B2B440B606368034463601A
:106E2000F0BDD0E90123D21A8A420CD31944C368B9
:106E3000C269C0E90111C91A8A4201D9002070470C
:106E40001344C360FAE76FF0150070472DE9F34172
:106E500080460E46154600272A4601A94046FFF700
:106E6000C3FF044602463146019804F014FB2D1B73
:106E70002744264401D0002CEED139464046FFF786
:106E8000D0FF384602B0BDE8F081F0B50446944624
:106E900086690569A368C069AF1B5A1BB8429CBFCD
:106EA00036183F1A624528BF6246C01B904228BF71
:106EB00010462368AD1B2B440B60236903442361F8
:106EC000F0BDD0E90423D21A8A420CD31944C0E998
:106ED0000411D0E90632C91A8A4201D9002070474C
:106EE00013448361FAE76FF0150070472DE9F34111
:106EF00080460D46164600273246404601A9FFF758
:106F0000C4FF04462DB102460199284604F0C3FA95
:106F10002544361B274401D0002CEDD1394640468C
:106F2000FFF7CFFF384602B0BDE8F081704700237D
:106F300083F31188BFF36F8F70477FB50BAB059359
:106F400003930A9B0122029300231846CDE90033E4
:106F5000ECF77EF807B05DF804FB0369D3F8B003E3
:106F600070476FF085007047084608B5114618B1A4
:106F700003F004FB002008BD6FF00100FBE70846AA
:106F800008B5114618B103F0F1FA002008BD6FF002
:106F90000100FBE713B504460846216901F56B7152
:106FA000D1E8AF1F022909D15BB168B10093134644
:106FB000D0E90912F7F718FD02B010BD6FF00F000D
:106FC000FAE76FF04C00F7E76FF00100F4E72DE906
:106FD000F8431C46DDE90853164698460F460069FB
:106FE00039B34AB344B36A1C43F10003022A73F174
:106FF000000324D2226842B1D0F8B0339A4204D9B7
:107000006FF00B002360BDE8F88305EA080909F179
:1070100001035A425A412146384603F0B8FA88B96A
:10702000B8F1FF3F08BFB5F1FF3FF0D06FF0680047
:10703000E9E76FF00100E6E76FF01500E3E76FF0B6
:107040008500E0E730600020DDE703F0E4BA38B502
:107050000D46044600F140012846E9F77BFD30B1BA
:10706000284604F1B001E9F775FD20B9012070232D
:1070700003FB004038BD0020FCE702F52C7102F54F
:10708000307003F0A6BFD0F8F830A0F52C70003BAC
:1070900018BF012300EB8300D0F89C0203F018BA5C
:1070A000CB6833B1C86883681B6813B100220969D3
:1070B00018477047F8F712BCD0E8EF3FC0E8E21F6E
:1070C000002AF9D1704710B5436804691B68C4F8F9
:1070D000A83304F5D87003F030FE002104F56B707E
:1070E000FFF7EAFF084610BD2DE9F34117460D46AC
:1070F00079B30B786BB3D0F8B040A4F5CE781434E4
:107100004FF0FF324FF0FF332046F8F76DFB2A4671
:10711000404601A9EBF7EEFB019E2EB9204602B0D6
:10712000BDE8F041FFF7C6BF58B12046FFF7C2FFE8
:107130003B462A463146404602B0BDE8F041EBF7F7
:10714000B7BB2022294606F1400004F093FA3766C7
:10715000E4E702B0BDE8F0812DE9F84306464FF0C0
:1071600001090569D0F8048005F56B77D7E8EF3F92
:10717000022B03D1C7E8E29F002AF7D141D195F84D
:107180004030002B40D195F8B030002B3CD1284640
:10719000D5F8A81300F06EF8044680BB7168366914
:1071A000486983681B6943B3224689699847044646
:1071B00028BB06F5307649463046F8F7FFFC3046E6
:1071C00005F5E476EEF774FC3046D8F8001000F0D0
:1071D0008EF8044698B90146E822304604F095F945
:1071E00021464FF4E272284604F08FF921463846D2
:1071F000FFF762FF2046BDE8F8836FF057040221D5
:10720000F5E76FF07704F5E76FF00F04F2E710B5DC
:107210000846029B114652B993F864202AB901220C
:10722000184683F86420EBF755FC002010BD9A6ED9
:107230005468002CF9D0DA6EA047F6E710B50C467A
:10724000036903F56B73D3E8AF3F022B0AD161B139
:10725000084603F0E0F970220021204604F055F9B9
:10726000002010BD6FF00F00FBE76FF00100F8E7A2
:1072700003F0D1B938B50D46044660B1E03003F0F3
:10728000F6FB0DB1002038BDC4F89C51C4F8A051E4
:10729000C4F8A451F6E76FF01500F4E70268D2F8DD
:1072A000E03013B1D2F8DC1018477047704783699B
:1072B00013B9D0F88830197070470120704783697E
:1072C000012B04D1D0F888301878C0B27047042060
:1072D000704738B5C4003434204604F0B8F8054689
:1072E00018B12246002104F010F9284638BD38B5FF
:1072F00004463022002104F008F91822002104F18C
:10730000BC0004F002F91822002104F1A40004F0EA
:10731000FCF8D4F8D800F7F719FBD4F8D400F7F745
:1073200015FB002304F13400C4F8A03002F050FE35
:10733000F7F784FAE36E04F140050BB1284698474D
:1073400038220021284604F0E0F8002038BD002053
:10735000704702F092B90346D3E8EF0F421CC3E82E
:10736000E12F0029F8D17047002108B50846EBF756
:107370006DFD002008BD1FB50023CDE902011A46AE
:1073800019461846CDE90033EBF762FE05B05DF80B
:1073900004FB70470020704770B50E46154619462D
:1073A0000446120D18B9BDE87040EBF7FFBD2BB1D4
:1073B0001030C5F34A23184404F06DF8C4E90056B0
:1073C0002046BDE87040EBF705BE07B5D1E90032B5
:1073D0008DF80700012152680DF107009847002041
:1073E00003B05DF804FB0A2838B504460D4602D107
:1073F0000D20FFF7EAFF29462046FFF7E6FF0020B1
:1074000038BDF8B506460D4614461F4621462846A7
:107410003A46B047241A0544F8D1F8BD13B5002404
:107420000094E9F7A9FB02B010BD10B5426804460C
:10743000D2E9002381680068FFF7E3FF0022636858
:107440001A6010BD7FB50BAB059303930A9B0293A3
:1074500000231846CDE90033EBF7FAFD07B05DF8DD
:1074600004FB7FB50BAB059303930A9B01220293A8
:1074700000231846CDE90033EBF7EAFD07B05DF8CD
:1074800004FB006838B150F8043C04385B688B4258
:1074900001D04068F6E77047006848B150F8043CF6
:1074A00004385B685B689B788B4201D04068F4E7E6
:1074B000704730B5006888B150F8043C04385B6808
:1074C0001A6A1D7F0023043ADCB2A54201D8406845
:1074D000F1E7013312F833408C42F5D130BD7FB56E
:1074E0000BAB059303930A9B0122029300231846DA
:1074F000CDE90033EBF7ACFD07B05DF804FB08B550
:10750000ECF7A2FF28B1406810F1100F14BF002063
:10751000012008BD4B1CDBB28170817680F82530DC
:10752000C37600F8061C704750E90231D0F89C0081
:1075300018470022036983F84A207047036993F8CB
:107540004A0008B193F8480070470022036983F8A5
:107550004B207047036993F849007047036993F81B
:10756000482012B193F84A202AB993F8490018B17B
:1075700093F84B0070470120704701207047036962
:10758000C3E9001270470229036908D004290BD00F
:1075900001290ED1D3F8943000201360704793F87E
:1075A0009B30C3F34003F7E793F89B3003F00103EC
:1075B000F2E76FF0850070470020704710B503694F
:1075C000D3F894200A6093F898206AB1012A0CBF7E
:1075D000022203224A7193F89920501E032805D8ED
:1075E000DFE800F0050505050122F3E700220A7136
:1075F00093F89A30062B09D0072B09D0052B0CBF26
:107600000023032300208B71C87110BD0123F9E70B
:107610000223F7E77FB50BAB059303930A9B029315
:1076200000231846CDE90033EBF712FD07B05DF8F3
:1076300004FB08B5402903693FD013D8102932D084
:1076400006D801291ED0082920D06FF0120008BDED
:107650002029FAD193F89C1001F0FB0152B341F0BC
:10766000040127E0B1F5807F30D0B1F5007F36D03E
:107670008029EAD193F89C1001F0EF01D2B141F0DA
:10768000100117E0C3F894200020E0E793F89C1065
:1076900001F0FE010AB141F0010183F89C100121C3
:1076A000EDF746FBF0E793F89C1001F0FD010AB1FD
:1076B00041F0020183F89C10F2E793F89C1001F06E
:1076C000F701002AF6D041F00801F3E793F89C1087
:1076D00001F0DF01002AEDD041F02001EAE793F844
:1076E0009C1001F0BF01002AE4D041F04001E1E725
:1076F00070B504690546D4F88C00FFF7F7FBD4F8A1
:107700008C3006461A699968914204BF002284F8B9
:10771000492094F8A0209AB15A685969DB69521A35
:107720009B1A3F2B0CD994F89E3033B16B682246DC
:107730001B6A0021187BEDF7E9F9002384F8A030DB
:10774000304670BD012208B5FFF7D2FF013818BFDF
:107750004FF0FF3008BD002008B5EAF77BFE7FB58B
:107760000BAB059303930A9B012202930023184657
:10777000CDE90033EBF76CFC07B05DF804FB014684
:107780000068EDF73BBC00210120EDF737BC08B5E0
:10779000EDF70EFDBDE80840EDF712BE836E83F3F2
:1077A0000B8870477FB50BAB059303930A9B0122AF
:1077B000029300231846CDE90033EBF749FC07B0EC
:1077C0005DF804FB40E800F313F4803FD8B208BF33
:1077D0006FF0150070477FB50BAB059303930A9BC1
:1077E0000122029300231846CDE90033EBF730FC69
:1077F00007B05DF804FB30B50C684B6885B00A89AA
:107800004D890094013B24F01F04234402F01F0221
:1078100042EA451223F01F0369468DF808200393BE
:10782000EEF792F905B030BD002070474FF0FF3001
:1078300070470020704708461146EEF701BB084626
:107840001146EEF711BB4FF0FF3070470020704734
:107850000228CCBF00200120704700207047002084
:1078600070474FF4005300204B60704710B504463A
:107870001420F9F781F82060BDE8104003F05DBAEC
:107880004FF0FF324FF0FF33F7F7AEBFF8F726B8EF
:10789000F7F71EBD7047816A49680968EEF770BB4B
:1078A000034618465B68002BFBD17047426810B551
:1078B0002AB10B461C465B68002BFBD1626041601D
:1078C00010BD8388026819448180D0187047034630
:1078D00000689A88521A01449A80196070470368B8
:1078E0008268C0889B1AC01A80B270470320704714
:1078F0000020704710B50C46F3F73CFC00280CBF85
:107900002046002010BD73B503680C469E683046C3
:1079100000F063F8A042054615D1304600F069F842
:107920000022282369462846CDE9002301F06EF89D
:1079300010B9012002B070BD8079A0F12C0358422B
:1079400058410130F6E72046F2F78AFD003818BFAB
:1079500001204000EEE738B50C4600258B6843B99E
:107960002046F2F789FD10B1204600F0D0FD2846F0
:1079700038BD1A8A5B681544F1E7F7F7AFBF08B561
:10798000EEF7D2FB30B1BDE8084000F59C715030F5
:1079900003F01FBB08BD0020FFF7F1BF4FF0FF321F
:1079A0004FF0FF333830F7F71FBF38B5A0F59C759F
:1079B00004462846FFF7F2FF286805F067FA40B949
:1079C000286801F077FEA4F58070BDE83840FFF725
:1079D000D4BF286805F04FFAEEE742890389934245
:1079E00001D1037B1BB1043250F8220070471846C6
:1079F0007047438902899A4201D1027B3AB101332F
:107A00009BB20A2B08BF00234381002303737047F6
:107A1000026803464AB9406848B99A6842B9D868CA
:107A200000F17F435842584170470020704710468C
:107A3000704738B590F8503004466FF3C30380F8B0
:107A4000503083680D466BB189B194F850302046B0
:107A500043F0080384F8503000F0A9FD94F84F304B
:107A60007F2B0DD92046BDE8384000F050BD0146BF
:107A7000806900F087FA0128E7D00028F2D138BDEC
:107A8000A368DB681B7803F0F003602BEAD129467A
:107A90002046EFF741FAF0E708B500F0D9FFEEF71E
:107AA000ABFFEFF733FA01F074F9EFF7D1F9EEF726
:107AB00029FFEFF7CDF8EEF787FF002008BD01F1B1
:107AC000100351F8042B994240F8042BF9D1704768
:107AD00030B5044685B0002859D08368002B56D0B5
:107AE0008369002B56D000F048FD204600F05FFD72
:107AF00094F84F305B09022B40D1A368DD68EEF7A4
:107B000077FF183501461022284603F0B4FC18B957
:107B10006FF07C0005B030BDA368DD6818352846DD
:107B2000FFF776FF0146B8B1A5686846E9680831F5
:107B3000FFF7C5FFE86800F118010830FFF7BFFF45
:107B4000A3686946D8681830FFF7B9FF01212046BD
:107B5000FFF76FFF0020DDE72846EEF7CFFC002897
:107B6000E2D1A368D868037EFF2B02D1437E012BAC
:107B7000ECD00830FFF74CFF0028C9D12146A0699E
:107B800000F015FA0228E5D16FF00400C2E76FF0AB
:107B90003C00BFE76FF01500BCE7816809B9FFF74B
:107BA00048BF4968FAE738B505460C4641B338B3D3
:107BB0008B6843B3DA6832B31B8A23B303680C3390
:107BC000D3E8AF3FDB0721D591F84F30084643F0AB
:107BD000010381F84F3000F0EAFCA5612B6894F8AE
:107BE00064005B7D84F841302B685B7D84F849300C
:107BF000EFF726F82146C0B2EFF718F8002038BD9D
:107C00006FF01500FBE76FF03C00F8E76FF07200D3
:107C1000F5E7002203680BB9184670478B4210D174
:107C20000B6842B942680360914200D1436000236F
:107C300001200B60704713604368994208BF42609F
:107C4000F5E71A461B68E6E710B1006800B1406826
:107C5000704710B430B1C46C24B1234642685DF85B
:107C6000044B18475DF8044B704710B50346FFF707
:107C7000EBFF28B1C2681AB1BDE8104018461047A2
:107C8000002010BD802AF8B507460E46144617D8C6
:107C9000D5082A4603F0EFFB90B9644214F00704BC
:107CA00010D07B5D725DC4F108015A40FF238B4008
:107CB00083F0FF03A3401A420CBF01200020F8BD4F
:107CC0000020FCE70120FAE7102208B503F0D3FBFF
:107CD000B0FA80F0400908BD08B503F0F1FA4FF49E
:107CE0007A72A0FB020302FB0133C00B40EA43405F
:107CF00008BD01234A0901F01F018B40DB4300EB63
:107D00008200D0E8EF2F1A40C0E8E12F0029F8D117
:107D1000704730B103680C33D3E8AF0F084100F06F
:107D20000100704701230C308B40D0E8EF2F1A433D
:107D3000C0E8E12F0029F8D1704710B50368002191
:107D400004469A7EFFF7E5FF88B9022123689976F9
:107D50002068837E8B422FD1062A2DD10C3008213A
:107D6000FFF7C7FF2046BDE81040FFF77EBF09219F
:107D70002046FFF7CEFF0028E7D00A212046FFF774
:107D8000C8FF2168C0F10603DBB28B762068817ED4
:107D9000994211D10629DFD1062A0DD00821FFF71B
:107DA000C1FF2046FFF761FF030705D42046BDE869
:107DB00010400721FFF7ADBF10BD012310B503FA36
:107DC00001F10C30D0E8EF3F43EA0102C0E8E42FB4
:107DD000002CF7D1194214BF0120002010BD2DE95D
:107DE000F041054688464FF0FF304FF0FF311E4608
:107DF0001746EEF7EDF908212846FFF78AFF0446FB
:107E000058B92B68C3F810802B681F752B685E75F6
:107E1000EEF7E6F92046BDE8F0814FF0FF34F7E7D2
:107E20002DE9F84F044689464FF0FF304FF0FF31FF
:107E3000EEF7CEF9666816B300274FF0180B06F17F
:107E4000F4080BFB076393F8045103F5807AEB0702
:107E50000ED549464046FFF737FF044640B16FF361
:107E600000058AF80450EEF7BBF92046BDE8F88F0C
:107E70000137082F08F11808E3D10024F3E734464E
:107E8000F1E72DE9F04707460E4690469946002552
:107E90004FF0280A0C1D0AFB056393F826309B0758
:107EA00011D534F8043C022B0DD194F82030012B6D
:107EB00009D14A4621464046FFF7E4FE18B1214663
:107EC0003846EEF759FB0135062D04F12804E2D1BE
:107ED000BDE8F08710B504464FF0FF314FF0FF309A
:107EE000EEF776F964680CB194F80C42EEF778F985
:107EF000204610BD70B504460D464FF0FF304FF0E0
:107F0000FF31EEF765F96468ECB10022282148F2F0
:107F1000FE00231D01FB024696F82660B6070CD52D
:107F20006E1C03D093F92160AE4206D133F8046C85
:107F3000022E02D11E88864209D00132062A03F1A0
:107F40002803E7D10024EEF74BF9204670BD1C460C
:107F5000F9E738B504464FF0FF314FF0FF30EEF748
:107F600037F9D4F80042EEF73BF96508EDF7CAFFA0
:107F700004EB4404C5EB5404B0FBF4F303FB14001E
:107F8000284438BD10B50346FFF75EFEBDE810403B
:107F900002681846104710B50C4691F8640000F0CE
:107FA00066FD2146A069BDE81040EEF765BC70B5DE
:107FB00005464E694FF0FF300C464FF0FF31EEF7AB
:107FC00007F909212846FFF7A4FE20B90EBB636C10
:107FD0002BBB022419E004212846FFF79AFE002853
:107FE000F4D101212846FFF794FE48B9E36B3BB971
:107FF000A3691A681269E2631B681B7D84F840302C
:1080000021462846FFF7C7FF0024EEF7E9F820468F
:1080100070BD6FF072013046FFF71BFED7E76FF0BF
:108020007202284604F14401EEF704FCD1E7012076
:1080300070470120704738B505464FF0FF314FF0CB
:10804000FF30EEF7C5F800212846FFF762FEB0B911
:108050002846FFF7F9FD044630B1846824B10121B8
:108060002846A047041E06DB28680021FFF75AFEB9
:108070002846FFF762FEEEF7B3F8204638BD6FF0F2
:108080007704F8E738B50546426011B9C0E9021136
:1080900038BD4FF47A73A1FB03416FF00042002317
:1080A0002046E8F759F8C0EBC073E31A08BF6FF039
:1080B0000043E86009BF00F1FF30AB60AB60E860EF
:1080C000E6E770B5C5680346446835B16FF0004611
:1080D000701A2044002806DD70BD83681C44601AB5
:1080E00020EAE070F8E76A1E01F10040DA60013032
:1080F0009A685960211A001B82429FBF9219023D63
:108100005218DD608CBF89189A60DA6888BF996060
:108110000AB99868E0E76FF00040DDE72DE9F0412B
:1081200011F001064BD1334640BA80B28C0708D516
:10813000012A06D931F8024B023A2418204643F1AD
:1081400000030D4694464FF0000EBCF10F0F05F1F1
:10815000100540D86FF00F05140905FB04221746DF
:108160004FEA041C01EB0414032F4AD86FF00305F7
:10817000940805FB04242A406244012C01EB02050B
:1081800006D98A5A023C1218104643F10003023500
:10819000012C07D12A78E90748BF120212181046AD
:1081A00043F10003020C42EA0342190C52EA134362
:1081B00080B22ED10EB940BA80B2BDE8F081002362
:1081C000002ABED011F8014B013A2402241820469F
:1081D00043F10003AAE755E90447E41955F8087C80
:1081E0004EEB0E08E41955F8047C48F10008E41938
:1081F00048F1000724182046ACF1100C43EB0703AC
:10820000A3E754F8045B043F2D18284643F100030C
:10821000AAE7801841F10003C4E72DE9F04790F880
:108220004F3005465B09022B74D100228368002B76
:1082300045D1D5E90387B5F852302846CC1A95F8D0
:108240004E30E41A144400F0B2F995F84F3095F826
:108250004E1003F0010643F0010385F84F30A4B23D
:108260002039284600F009FA202229692046FFF724
:1082700055FFB5F8521004462031284600F0FDF9AC
:10828000EA6862B12B6953B1B2F81090D2689B1AB8
:10829000A9EB0309D5F80CA0BAF1000F13D1002CFB
:1082A00035D064BAA4B2E04395F84F30C5E90387EE
:1082B00066F3000385F84F3080B2BDE8F087188A76
:1082C0005B680244B3E720464A462969FFF726FF68
:1082D000DAF804300446EB60002BE0D01A8A002A5A
:1082E000DDD0DA6819F0010F2A610DD01178013262
:1082F0000C44A4B22A61A142B3F8109084BF0134A7
:10830000A4B209F1FF39C5E7B3F81090C2E74FF600
:10831000FF74C8E70020D0E738B504460D46C368AF
:108320005868E06030B14DB10C30FFF7D8FAE3681F
:108330000028F5D0E3681BB9236138BD008AF6E751
:10834000DB68F9E738B50446C0680D4688B171B1FD
:108350000C30FFF7C4FAD4E90323D2689B1A834296
:1083600007D129462046BDE83840FFF7D5BF008A2F
:10837000F1E738BDF8B5044694F84F301646DA07F1
:108380000F46C06815D4A6B10C30FFF7A8FA054611
:10839000D4E90303C2689B1A3B44AB4211D194F861
:1083A0004F30DB0708D431462046BDE8F840FFF7E0
:1083B000B3BF0026058AEBE70C30FFF790FAA8421E
:1083C000F1D923693B442361F8BD0346002003B97A
:1083D00070471A8A5B681044F9E72DE9F8430546AF
:1083E0000F46164699469DF82080EB68002B6DD00D
:1083F0000EB930466EE095F84F30284613F0010F65
:108400000CBF41460021FFF79DFFEB68002B5FD0BA
:10841000B8F1000F1BD095F84F20D20717D403F105
:108420000C00FFF75CFA0446D5E90330DB68C31A99
:10843000E41A4DD0B44228BF3446B9F1000F21D11F
:1084400027B322463968286903F05FF834E01C8AB4
:108450002869DB68C31AE41A3AD0B44228BF34460C
:10846000B9F1000F26D02246B8F1000F0BD101461A
:10847000384603F010F8424621462846FFF77AFFB7
:10848000274421E02246394603F005F895F84F309D
:10849000DB0704D4E86821460C30FFF712FA01220A
:1084A00021462846FFF766FFB9F1000F0CD0002FD8
:1084B000E6D109E0002FC4D1B8F1000FE6D1424661
:1084C00021462846FFF756FF361B8EE7002E90D038
:1084D0006FF06800BDE8F8832DE9F04106460F46CD
:1084E00015461C4602F00DFC08B100252C46802FD5
:1084F00006D82A4623463046BDE8F041FFF7CBB9FF
:108500000020BDE8F08108B1EDF7D0BD704707B598
:108510000190E8B1019B3833D3E8AF3FC3B1019A72
:10852000591E3832D2E8EF0F984204D1C2E8EC1F4E
:10853000BCF1000FF6D1EDD1012B09DC019B98684D
:1085400008B1FFF7E0FF019B01A9586802F0B0FBFA
:1085500003B05DF804FB70B5044630B100268568B1
:1085600025B9A068FFF731FF301A70BD05F10C0086
:10857000FFF7B5F96D680644F2E7F8B50446806880
:108580000027054600B9F8BD038A46683BB9A368D1
:10859000834207D1A6604760EDF788FD284605466F
:1085A0003046EFE76B68834208BF6E60F3E783688D
:1085B000C36003B1DB680361704710B50C46EEF78A
:1085C00029FA48B184613CB123685B7D80F8413071
:1085D00023685B7D80F8493010BD10B582680C4679
:1085E00022B98160BDE81040FFF7E1BF1046FFF7F8
:1085F00057F92146BDE81040FFF758B92DE9F74F6C
:108600000646DDE90E548B462846214690469A469A
:1086100002F05CFE2A460746894630462346594604
:10862000FFF7CBFF064618B390F84F306AF34713B5
:1086300080F84F3055EA04030ED0B4F1FF3F08BF75
:10864000B5F1FF3F08D0F8F731F83D1A69EB0104A6
:10865000002CBCBF00252C4641463046CDE90054D5
:108660009DF83020EEF70AFA18B13046FFF74FFFB9
:108670000026304603B0BDE8F08F012307B5009314
:1086800000230A461946FFF7A8FE03B05DF804FB75
:10869000F8B513680E4617469BB190B1846884B153
:1086A0000025E268218A93420CD35018834209D8EE
:1086B0009B1A59193046FFF77AFFFFF7DEFF33693F
:1086C0003B60F8BD64680D44ADB2002CE9D1F8E719
:1086D000F8B590F84F3091F84F205B0963F34712DB
:1086E00081F84F20436905464B6190F84E300C46A7
:1086F00081F84E3090F8582091F8583062F3050315
:1087000081F8583090F8583091F858209B0963F35D
:10871000871281F85820D0E90823C1E90823836A29
:1087200091F850208B6290F8643081F8643090F8B2
:108730005030C3F3400363F3410281F8502090F8B6
:108740005030D2B2C3F3C00363F3C30281F85020A8
:10875000B0F84C30A1F84C308368BBB18E68AEB134
:10876000C36B01F13C02CB63036C01F144070B6462
:10877000436C4B64836C8B6483689E4206D0FFF726
:1087800087FF3A4621462846FFF782FF95F84F308B
:108790005B09022B13D195F8513084F85130B5F8AC
:1087A0005230A4F8523095F8563084F85630B5F867
:1087B0005430A4F8543095F8573084F85730EB6DA6
:1087C000E3652B6E2366F8BD1FB50123039100936B
:1087D00003A90023FFF701FE05B05DF804FB0023A9
:1087E00007B500930123FFF7F8FD03B05DF804FB24
:1087F000F8B506460F461446F368002B46D0FB68D2
:10880000002B43D00CB9204625E001213046FFF76C
:1088100099FD38460021FFF795FDF068C8B1FA6868
:10882000BAB1158A3B69D2680C309B1AED1AFFF772
:1088300056F80346D6E90320D268AC42A0EB020208
:10884000A3EB020301D29C4206D39D4228BF1D46E2
:108850001DB96FF06800F8BD25462A46396902F057
:108860001AFE96F84F30DB0704D4F06829460C3026
:10887000FFF727F8012229463046FFF77BFD00224B
:1088800029463846FFF776FD641BB5E7002CBAD0C1
:10889000DFE783682BB9002914BF6FF015000020B3
:1088A00070471A8A8A422ABF1982891A00215B6896
:1088B000F0E710B5C26803467AB1006938B199682B
:1088C00000238A4204D1D268801A034498B210BDB2
:1088D0000C8A496823449BB2F3E71046F7E72DE979
:1088E000F04385B004460D4691469846FFF7E1FFF8
:1088F0000746A068FFF769FD002394F84F60A1695F
:108900000246CDE9029828460093FFF777FE06F06D
:1089100001060546F0B1D4E9039894F84F3020469B
:1089200043F0010384F84F30FFF741FEA068FFF7E2
:108930004CFD214602462846FFF75AFF78B12846EB
:10894000FFF7E5FD94F84F30C4E9039866F30003A0
:1089500084F84F300025284605B0BDE8F08395F82F
:108960004F30204643F00103294685F84F30FFF78A
:10897000AFFE2846FFF71BFE17B13946FFF77DFE15
:1089800095F84F3066F3000385F84F3094F84F3078
:10899000C4E9039866F3000384F84F30DBE74168CD
:1089A000FFF79DBF10B590F84F100446C94301F082
:1089B0000101FFF7C7FCE3685BB1206940B194F89F
:1089C0004F20D2074CBF1A8A5A8ADB68C01A101A85
:1089D00010BD1846FCE773B50369044699420E467C
:1089E00015460AD1FFF7DEFFA84206D329462046E6
:1089F00002B0BDE87040FFF740BE01232A46314671
:108A000020460093FFF7E9FC02B070BDF8B50446BC
:108A10004E680D46FFF7C6FF864203D823692B60D8
:108A2000286810E094F84F302968DB07F8D549B181
:108A3000D4E9037620466A68FFF7D1FEC4E90376DD
:108A40000028EDD00020F8BDD1E90012FFF7C3BF28
:108A5000704710B504464FF0FF324FF0FF33204609
:108A6000F6F778FF0028F6D0FFF797F8F3E7002035
:108A7000704770470268034642B9406840B99A6837
:108A80003AB9D868B0FA80F04009704700207047C2
:108A90001046704710B5148890F84F00B4EB501F83
:108AA00013D1022C13D109686BB10831141D204673
:108AB000FFF7E0FF30B91022204602F0DCFCB0FAEC
:108AC00080F0400910BD1831F0E70020FAE70120DE
:108AD000F8E773B50423002669460546CDE900632F
:108AE000FFF794FF044680B18670C670A869FFF74F
:108AF0009EFA20B13A212846FFF78FFB6080694635
:108B00002846FFF7A1FF02B070BD6FF06800FAE7DA
:108B1000F7B5042300250F46694604461646CDE9FD
:108B20000053FFF773FF48B1077046708570C5703A
:108B300069462046FFF788FF03B0F0BD6FF068007C
:108B4000FAE7F7B5B0F852308A88C3F57F43FC33B3
:108B500052BA13449FB21BB2032B05460E4602DCE9
:108B6000022003B0F0BD4FF400420023CDE9002302
:108B700039463A2302228069EEF734F80446002889
:108B8000EED0337E06F11801FF2B03D1A869EDF773
:108B900001FE014600236364E36395F8582094F8CE
:108BA0005830204662F3050384F8583095F8583061
:108BB00094F858209B0963F3871284F8582006F133
:108BC000080200F058F80246E0B981212046FFF77C
:108BD0009FFFB8B93A4629462046FFF709FE0646E8
:108BE00080B92046FFF7E3FC3A21204600F08BF8DD
:108BF0002046FEF76DFF002804DB2846FFF787FCC0
:108C00003046AEE72046FFF782FCA9E7026803463C
:108C10004AB9406848B99A6842B9D86800F17F43B8
:108C200058425841704700207047104670474A88A4
:108C300043889A4214D18A8883889A4210D1CA887C
:108C4000C3889A420CD14B684268934208D182682B
:108C5000934205D1C368C868C31A58425841704747
:108C60000020704701F1100351F8042B994240F89D
:108C7000042BF9D170472DE9F34128234FF0000868
:108C80000E46694605461746CDE90083FFF7BEFE4E
:108C90000446A8B395F8582080F8028002F03F03FC
:108CA0009B0043EA92121B0943F060031201037018
:108CB000427080F8038080F8048080F8058080F896
:108CC000068095F85130C3711BB9A869FFF702F906
:108CD000E071394604F11800FFF7C4FF314604F192
:108CE0000800FFF7BFFF282385F84E3000236946B0
:108CF0002846A5F85230FFF7A7FE02B0BDE8F08184
:108D00006FF06800F9E773B528230025CDE900531B
:108D100090F84F300E4643F00103694680F84F301B
:108D20000446FFF773FE18B96FF0680002B070BD1B
:108D30002B46A268CAB9283BC3F3072242EA0323A1
:108D4000838094F857306946FF2B08BF3346837100
:108D50002046FFF779FE94F85730FF2B09D1112EEA
:108D60000FD1204600F018F8E0E7118A52680B4452
:108D7000E0E72046B4F85210FFF77FFC0028EED061
:108D8000D2E73A2E03D12046FFF7A3FECEE700201C
:108D9000CCE700F000B87047082330B585B00DEB84
:108DA00003010446CDF808D00393FFF72FFE0546D4
:108DB00010B30023A268DAB994F84E20B4F8521028
:108DC0000A449B1A5BBAAB80A069FFF730F948B13F
:108DD00011212046FFF721FA4FF6FF73002818BF34
:108DE0000346EB80204602A9FFF72EFE05B030BDFA
:108DF000118A52680B44DEE76FF06800F6E770B541
:108E000004460E46FFF702FE054610B90025284627
:108E100070BD31462046FFF717FE03460028F5D106
:108E2000AA88A16852BA92B2B1B994F84E10B4F8B7
:108E3000520001445B1A9A42E8D1A069FFF7F9F8A1
:108E40000028E4D0EB88002BE0D011212046FFF76A
:108E5000E4F90028DBD0D9E7088A49680344E3E74E
:108E600010B503690446C0E905330023C360837F5E
:108E700013B1407A01F08CF8012323770023637744
:108E8000E377A37710BD7FB50BAB059303930A9BE4
:108E9000029300231846CDE90033EAF7D9F807B06A
:108EA0005DF804FBF6F7A0BCF6F718BD38B504462C
:108EB000EEF7E0F9054660B1037A6BB12046002475
:108EC000F5F708FB2846AC77FFF7CAFF20462C725F
:108ED00038BD6FF01500FBE76FF07700F8E770B56D
:108EE00004460E461546EEF7C7FF30B906B925B160
:108EF0002046BDE87040EFF71DB870BD0C22036935
:108F0000C9B201FB0233D3F8880000F007007047B4
:108F10004FF02003EFF3118283F31288BFF36F8FBA
:108F2000036803F0C00343F00203036082F3118877
:108F3000BFF36F8F704770B5C9B203694FF020045B
:108F4000EFF3118584F31288BFF36F8F0C2606FBB5
:108F50000134D4F8884014F0C00408D0A24206D0EE
:108F600085F31188BFF36F8F4FF0FF3070BD012282
:108F700071430B44C3F8882085F31188BFF36F8FCA
:108F800043680B445B6898470020EFE78022FFF7B7
:108F9000D2BFF8B5069F0469C9B24FF02005EFF3C0
:108FA000118685F31288BFF36F8F0C2569430C443B
:108FB000D4F8885005F0070CBCF1010F0CD1C4F8AF
:108FC000887086F31188BFF36F8FC4E9202343684C
:108FD0005B5898470020F8BD05F0C005AF4286F306
:108FE0001188BFF36F8F0CBF6FF077004FF0FF3029
:108FF000F1E713B580240094FFF7CBFF02B010BD5A
:109000000069CBB200EB431000211047032000F0B1
:10901000B1BE022000F0AEBE002000F0ABBE0320C7
:1090200000F007BF022000F004BF002000F001BFE5
:109030001046F6F7C1BCF7B50F4616464FF48065EB
:109040000024A64203D816D0162003B0F0BD331B6F
:10905000B3F5806F38BF1D4600202A4601AB391991
:10906000FAF7F2FA20B9019BAB4201D12C44E8E7B0
:109070006FF01500E9E70020E7E7002208B5114688
:109080001046FAF7B1FA002818BF6FF0150008BDB6
:1090900018B901F13000F6F78FBC70477FB50BAB04
:1090A000059303930A9B029300231846CDE90033EE
:1090B000E9F7CEFF07B05DF804FB10B504464FF0AA
:1090C000FF334FF0FF321830F6F79CFC94F8603015
:1090D00023B94FF050230122C3F8B82510BD4FF03B
:1090E000FF324FF0FF33F6F78DBC90F8603023B9B4
:1090F0004FF050230222C3F8B8251830F6F75CBCB5
:109100001FB5002291420CBF0623042301A9CDE91B
:10911000012203928DF80430EFF770F9002818BF90
:109120006FF0040005B05DF804FB7FB5FF238DF8F8
:1091300003300DF10303002201930123CDE9023234
:10914000052303A98DF80C3001AB04920593EFF7CA
:1091500055F90028A8BF9DF8030007B05DF804FB8F
:1091600038B505460C4600F066FE002D07DBA84228
:1091700005D9401B84428CBF0020012038BD00204F
:10918000FCE77FB50BAB059303930A9B0122029387
:1091900000231846CDE90033E9F75AFF07B05DF820
:1091A00004FB082913B528BF08214FF47F020C46A1
:1091B000D2F80432D2F808221BBA12BA00920A4638
:1091C0006946019302F067F9204602B010BD1420F1
:1091D0007047F3F77BBA10B50446F3F777FA231A12
:1091E000002B04DBA04200D90131204610BDA04273
:1091F00098BF01F1FF31F8E708B548B2F3F71AFA62
:10920000002008BD08B5A1F10B030F2B04D8C8B28C
:10921000F3F774F8002008BD6FF01500FBE77FB589
:109220000BAB059303930A9B029300231846CDE9E9
:109230000033E9F70DFF07B05DF804FB37B50368AD
:109240004FF47F021B6805461C69F4232371CE236B
:1092500063713623A371D2F80432D2F80822211D9B
:10926000CDE90023C4F80720E37208220123FEF7AA
:10927000B6FD2846256003B0BDE83040ECF75EBF80
:1092800007B5C9B132B91868F2F7DCFE002003B0A7
:109290005DF804FB012A06D11B8801A8ADF8043053
:1092A000F2F7B2FEF2E7022A06D11B8801A8ADF858
:1092B0000430F2F78BFEE9E76FF08500E7E77047CF
:1092C00010B50469F3F75AF810B96FF00F0010BD2C
:1092D0004FF0FF334FF0FF3204F29C50F6F792FB51
:1092E00094F8B435002BF0D00020F0E7704710B5AB
:1092F00000690F299FBF00EB810440F821202364FF
:10930000002088BF6FF0150010BD002070471020AE
:1093100070477FB50BAB059303930A9B0222029320
:1093200000231846CDE90033E9F792FE07B05DF857
:1093300004FB30B543681360057A446804EBC50448
:10934000A34202D36FF0010030BD5C798C4201D0A2
:109350000833F0E70020F7E70B460269D2E9010184
:1093600083E803000020704743681B68D3F880043B
:10937000C3F88004704710B544682368C3F84415E7
:10938000C3F848250022C3F82021D3F82011C3F8E0
:109390005821D3F858216268D20608D508214268BE
:1093A0001268C2F800154FF48002C3F804230122AA
:1093B0009A6010BD436802691B68D3F8100150B170
:1093C0000020926912780A70C3F81001D3F81021B6
:1093D00001221A6070474FF0FF307047002A10B525
:1093E000044610DD43681B68D3F8100150B100201B
:1093F0002269C3F81001D3F8100101209269127894
:109400000A70186010BD0020FCE7436801691A6803
:109410004FF02000EFF3118380F31288BFF36F8FBA
:109420000020C96888734FF48001C2F8041383F3E5
:109430001188BFF36F8F704701220369DB689A734D
:1094400070470369DB689A7B02F0FF0162B94268EA
:109450001268D2F8580140B1D2F8040310F4800029
:1094600003D00120196170470020704743681B68D2
:10947000D3F81001003818BF01207047102243684C
:109480001B68C3F804237047102243681B68C3F8A5
:10949000082370474FF4007243681B68C3F8042325
:1094A00070474FF4007243681B68C3F80823704785
:1094B00038B5436804461D68D5F804335B0205D40B
:1094C000D5F8040310F0100006D138BDFFF7B9FF3E
:1094D0000028F5D00120F8E72046FFF7C7FF003845
:1094E00018BF0120F1E7012070470369D8680160C7
:1094F000DB685A60704702680346D2F8580140B9E9
:109500005B689B0706D4D2F82001003818BF012001
:10951000704701207047F8B506690546F3689C89D5
:1095200010339442A8BF14460122D3E8EF0F00285D
:1095300003D1C3E8E72F002FF7D10CBF1346002358
:109540001FD1F3682246986801F0A5FF4FF0200371
:10955000EFF3118783F31288BFF36F8F6868FFF70B
:10956000CAFFF36838B90446186187F31188BFF35E
:109570006F8F2046F8BD224628469968FFF7FBFE0C
:10958000F3E71C46F5E710B442681368D3F80413F8
:10959000C90518D5D3F82011A9B14FF02004EFF375
:1095A000118184F31288BFF36F8FD3F8204134B157
:1095B0000024C3F82041D3F820410124DC6081F36A
:1095C0001188BFF36F8F5268D2061AD54FF0200270
:1095D000EFF3118182F31288BFF36F8FD3F8582114
:1095E00012B10022C3F800250269D2680AB11269DB
:1095F0001AB94FF48002C3F8082381F31188BFF32E
:109600006F8F0269D4686CB1D3F8581169B1002129
:109610002161D468A47B44B14FF48000C3F80803EF
:10962000D36899735DF8044B7047D3F8241121B1C6
:109630000021C3F82411D3F82431D2681368002B19
:10964000F0D051685DF8044B18477047002200F1D4
:1096500050039B009BB203F1502303F580331A6043
:109660001B68704730B110308000C0B200F150204C
:1096700000F580307047F0F7E7BA08B5F0F7C2FAA6
:1096800008BDF9F753BF08B5EBF78EFBEBF774FC99
:10969000BDE80840F9F74ABF002008B5E8F7DAFE50
:1096A00000207047704708B5F0F780FEBDE808401D
:1096B000F0F7DABC10B50446F0F752FF2046F0F799
:1096C00057FC2046BDE81040F1F79ABC0C207047CB
:1096D0000C2070476FF063007047F1F783BA0C20DD
:1096E000704770477047704783681B6A03B118471B
:1096F00070477FB50BAB059303930A9B029300233E
:109700001846CDE90033E9F7A3FC07B05DF804FB88
:109710008368DB6C0BB10122184770474FF02002C1
:10972000EFF3118382F31288BFF36F8F03607047EA
:1097300080F31188BFF36F8F704700F0E3B97FB5F6
:109740000BAB059303930A9B012202930023184657
:10975000CDE90033E9F77CFC07B05DF804FB00239A
:10976000F0B5054618468842C0EBC0070CD0052866
:109770000AD02E5C013006F07F04BC40234334063F
:10978000F1D402B11360F0BD4FF0FF30FBE77F284A
:109790000BD9B0F5804F0AD3B0F5001F09D3B0F153
:1097A000805F2CBF052004207047012070470220F5
:1097B000704703207047034610B51046FFF7E7FFD8
:1097C000814207DB441E1C44A342D1B203D101F005
:1097D0007F01197010BD61F07F0103F8011BD209F0
:1097E000F2E7002110B54278431C282A04D0292A28
:1097F0000DD01846C9B91CE01846044610F8012FD0
:109800000131282AF9D0292A0FD1034620460446DF
:109810000139002918460BD00BDD13F8012F282A37
:10982000EAD0292A0446F3D01846002ADBD100E00A
:10983000A01C10BD0CB41FB506AC54F8043B0A467E
:1098400003A90091014600200394F1F787FE04B0BC
:10985000BDE8104002B070470CB407B504AB53F834
:10986000042B019301ABF2F7BBF803B05DF804EBF6
:1098700002B0704707B5019301ABF2F7B1F803B03E
:109880005DF804FB002373B50193D0E90065002364
:109890009D4201D1002012E003EBC314344494F83C
:1098A000802092B901A8FFF739FF94F8803043B9BE
:1098B0000123019884F88030FFF73AFF204602B078
:1098C00070BD0198FFF734FFE1E70133E0E773B5BE
:1098D0001C46042316460546E200009300F06FF88C
:1098E000314604EBC41205F1140002B0BDE870402B
:1098F000F2F746BA07B5019101A900F0C7F803B025
:109900005DF804FB37B5019101A9054600F09AF80E
:10991000044620B1019905F11400F2F753FA2046EC
:1099200003B030BD002307B592000093042300F07C
:1099300046F803B05DF804FB13B51446019100220C
:1099400001A900F048F808B1019B236002B010BDE6
:1099500013B514460191002201A900F097F808B14F
:10996000019B236002B010BD07B5019101A900F071
:1099700069F803B05DF804FB2DE9F8430F46D0E920
:10998000038300240568D0F8089008EB0306A1457E
:1099900002D12046BDE8F88342463946284601F008
:1099A0006AFD0028F5D001343544F0E70B46114636
:1099B00002691AB1C068184401F06DBD704710B556
:1099C000029C01601919B2FBF1F2C0E903340023D3
:1099D0004260836010BDF7B504460F46002501A81C
:1099E00016460195FFF79AFE39462046FFF7C4FF59
:1099F000A368834210D9D4E903131944236832467B
:109A000000FB01312046FFF7D1FF01250198FFF748
:109A10008FFE284603B0F0BD62689342F6D2D4E9C7
:109A200003212068114403FB01033946184601F065
:109A300032FD324601462046FFF7B8FFA3680133E6
:109A4000A360E2E773B504460E46002501A8019520
:109A5000FFF764FE31462046FFF78EFFA168814282
:109A60000ED901398142A16009D92368D4E90324C0
:109A7000224402FB013102FB003001F00CFD012504
:109A80000198FFF755FE284602B070BDF7B50446B1
:109A90000F46002501A816460195FFF73FFE3946FF
:109AA0002046FFF769FFA36883420CD956B12269AB
:109AB00042B1E1688B1800FB03112368304619445A
:109AC00001F0E9FC01250198FFF732FE284603B0BA
:109AD000F0BD0FB400B5CDB04EAB53F8042B4FF42E
:109AE000947102A80193FFF7C5FE011E07DB02A8CF
:109AF000F1F706FC4DB05DF804EB04B070476FF071
:109B00000100F7E707B5F2F7D5F9002803DA01906D
:109B100001A8FFF7EBFB03B05DF804FB38B5054681
:109B20004FF4FA70F1F776FC044658B12A46D0F8A3
:109B30001015F2F7EBFE00EAE0752046F1F7B6FCEF
:109B4000284638BD6FF00405FAE738B505464FF4EE
:109B5000FA70F1F75FFC044658B12A46D0F81015A8
:109B6000F2F7C6FE00EAE0752046F1F79FFC2846B2
:109B700038BD6FF00405FAE7012337B54FF4FA70EA
:109B80000193F1F747FC054690B1D0F8101501AAF2
:109B9000F2F7A0FE041E05DB019B002B14BF6FF043
:109BA000030400242846F1F781FC204603B030BDB1
:109BB0006FF00404F9E7F2F759B9FF2300EB401006
:109BC000B0FBF3F04B3840B270475201801A61F19C
:109BD000000170470346062B0846114601D1F2F7F3
:109BE000BFBE6FF002007047004701F06BBB73B55A
:109BF000032800F2A780DFE800F0021927354FF0B4
:109C000050230222C3F808230022C3F80421D3F80A
:109C100004210122DA60002401238DF80730032893
:109C200000F29080DFE800F02C69789A4FF0502322
:109C300001220021C3F80823C3F80011D3F8001152
:109C40000DF107045A60E7E74FF050234FF400721C
:109C5000C3F808230022C3F82421D3F824210122C9
:109C60005A62D8E74FF050234FF48072C3F80823AC
:109C70000022C3F82021D3F820210122DA61CAE7AB
:109C800042F210754FF050266CB3D6F8183403F03A
:109C900003032370D6F81834D90353D59DF8070071
:109CA00001284FD1FFF7A1FF013DEDD14AE09DF81A
:109CB0000700012846D1FFF798FF013D52D141E04E
:109CC0009DF8070001283DD1FFF78FFF013D39D0F6
:109CD000C4B1D6F80C3403F001032370D6F80C3469
:109CE000DB032FD5ECE7D6F81834DA032AD50120A8
:109CF000FFF77BFF013DF6D124E042F210754FF0F3
:109D00005026E5E7D6F80C34D8031BD50120FFF721
:109D10006CFF013DF6D115E042F210754FF0502670
:109D200094B1D6F85C3403F001032370D6F85C34A8
:109D3000D90307D59DF80700012803D1FFF755FF88
:109D4000013DEDD102B070BDD6F85C34DA03F9D52F
:109D50000120FFF74AFF013DF6D1F3E742F210750B
:109D60004FF05026D6F85434DB03EBD5002C9ED1AF
:109D70000120A0E708B5032819D8DFE800F0023277
:109D80003E4C4FF05022D2F81834D2F81814C903C0
:109D90000ED4D2F81434DB0713D5D2F81C3403F0F8
:109DA0000303013B012B09D80223C2F8043308BD89
:109DB00003F00303022B05D0012B02D00020FFF794
:109DC00016FF01234FF05022C2F818350023C2F8C5
:109DD0000431D2F804310223C2F804330123936022
:109DE000E5E74FF050230022C3F80021D3F800210B
:109DF0000122C3F804231A60D9E74FF05023002250
:109E0000C3F82421D3F824214FF40072C3F80423AB
:109E100001221A62CBE74FF050230022C3F8202121
:109E2000D3F820214FF48072C3F8042301229A61F1
:109E3000BDE7FFF7DCBE4FF4801070474FF4805051
:109E400070474FF48070704708B5F3F7CFF9BDE85D
:109E50000840F3F779B80021F3F7A8BA0223F3F723
:109E6000FDB90323F3F7FAB900210220F3F7B0BCE0
:109E700030B54C689C4209D20025456009680160F4
:109E800093420CD1201E18BF012030BD43600D68E5
:109E9000E41A056008684C6018440860F0E7002088
:109EA000F3E74B689A4228BF1A460B68C0E90032B4
:109EB00048680B68801A48601344003818BF0120B6
:109EC0000B6070474B689A4228BF1A466AB10B680C
:109ED000C0E900324B68101EA3EB02034B600B6815
:109EE00018BF012013440B6070471346F0E7C343CB
:109EF00000F00F00C3F3C01300EB0310704770476E
:109F00008720F3F793BD8620F3F790BD8520F3F704
:109F10008DBD8420F3F78ABD8320F3F787BD8220AF
:109F2000F3F784BD8120F3F781BDF3F79BBD08B53E
:109F3000F3F7B4FC818108BD08B5F3F7AFFC4FF02F
:109F40002002EFF3118382F31288BFF36F8F8268D0
:109F50000A6002682AB9807B83F31188BFF36F8F90
:109F600008BD0420F8E70720F4F776B80620F4F7D8
:109F700073B80520F4F770B80420F4F76DB8032027
:109F8000F4F76AB80220F4F767B80120F4F764B870
:109F9000F4F75AB937B50C46154690B1037883B13A
:109FA00079B10B786BB162B101A9F4F7BDFB50B97F
:109FB000019883684BB12A46214603B0BDE8304082
:109FC00018476FF0150003B030BD6FF01200FAE7CC
:109FD00001464068C36803B1184770472DE9F04354
:109FE00089B0109E0446894690460021202268468A
:109FF0001F46129D01F089FA1F2E97BF01234FF0D3
:10A00000FF33B34003F1FF332361119BC4E9009890
:10A01000C4E902766361183445B10FCD0FC495E8E9
:10A020000F0084E80F0009B0BDE8F0836D46F4E747
:10A0300073B50468661C31D08568A9422ED26418B5
:10A040002CD05E18AE4288BF6B1A056A35B10093FA
:10A050000523A8470346184602B070BDBFF35B8FC7
:10A060001946A41A101919B140EA0205AD070AD120
:10A0700003290DDC013811448A42ECD010F8014F5D
:10A0800002F8014BF8E70078013902F8010BE9E723
:10A0900050F8044B043942F8044BE9E76FF0210310
:10A0A000D9E773B50468651C32D08568A9422FD200
:10A0B00064182DD05E18AE4288BF6B1A456ACDB1C8
:10A0C00000930523A84702B070BD12F8015B013967
:10A0D00005701546A01819B140EA0206B607F4D17A
:10A0E00003290ADC013D014488420CD1BFF35B8F98
:10A0F0001846E8E71946A41AEBE755F8042B04398B
:10A1000040F8042BECE715F8012F00F8012BEBE7E2
:10A110006FF02100D7E773B51C46036815465A1C3B
:10A1200029D08268914226D25B1824D066189642C4
:10A13000866A88BF541A36B105232A460094B04770
:10A14000204602B070BD184622464AB9294601F0A1
:10A15000DCF9BFF35B8FF3E700F8015B013AF4E74A
:10A160008307F9D14FF001336B43032AEEDD40F84A
:10A17000043B043AF9E76FF02100E2E70020704762
:10A1800010B4046B02460B468CB9C1681F2998BFF6
:10A1900023FA01F4416871B1806883420BD21069DF
:10A1A000184051F8243018445DF8044B704723469A
:10A1B0005DF8044B18474FF0FF30F5E770B5436B7F
:10A1C00005460E46E3B90469621C09BF43680C40AA
:10A1D0001C680C1B21462846FFF7D2FF864207D099
:10A1E0002B6901331C44AB689C42F3D34FF0FF341E
:10A1F0002868431C07D0AB68A34204D9204470BD33
:10A2000098470446F4E70020F9E730B5059CC4E917
:10A210000002039A21811989E260049A6181A18474
:10A220002261D3E9002502EB0113C4E905128A1C5F
:10A23000E36103EB42036A1C13446D422B4023622B
:10A24000836953B90139A2698B4202EB031206DB21
:10A25000002393736FF07F03D373002030BD01336D
:10A26000D381F0E72DE9F04FB0F82CA00446554615
:10A27000002685B002EB030891460E9A00EBCA0354
:10A280001FFA88FB5A63A3F838B008F1FF328369DC
:10A290000F1D0192B0451ADCA38CA585A3EB0B031F
:10A2A000A384E36961895A8801390A4003EB4203B8
:10A2B000A3F804A0BFF35B8F0020E2695388013349
:10A2C0005380E38C0133E38405B0BDE8F08FA06ACE
:10A2D0002A0157F8041C03EB051502930368039247
:10A2E000C91A83680837994228BF4FF0FF31FFF73A
:10A2F00047FFDDE90232985000226A6057F8082CC7
:10A30000AA60019A9642ACBF00220122B145D8BF93
:10A3100042F00202AA810136ED89BBE7F0B550B3E5
:10A32000056AC48D6B88A34230D0631CC385438902
:10A33000BFF35B8F013B1C4005EBC4056B689EB20D
:10A3400009B1AD680D60D0F818C09BB20CEB0311D9
:10A3500000EBC3031D8F878C2F44013D87841D872D
:10A360008D896F070ED5858DCD8100218685586B2F
:10A37000596302B11480F0BD1D8FC989013D0CEBFA
:10A3800001111D878D89ED07F6D4ECE70020F2E777
:10A39000836903EB01139868704770B5BFF35B8F57
:10A3A0000D46C1691646038E4A8804469A4216D065
:10A3B0005A1C02864289013A134001EB43018A8804
:10A3C0002A8093B282691B01D158806AFFF7F6FE9A
:10A3D0002A88A36903EB02139B68336070BD0020D9
:10A3E000FCE710B5026893691269920017D543B96A
:10A3F000C38DC26941694489013B1B1B02EB4102C9
:10A40000938003689B69012B08D1038E026A41691E
:10A410004089013B1B1A02EBC102938010BD23B996
:10A42000C269138843F00103138003689B69012B01
:10A4300001BF026A138843F001031380EEE710B5F1
:10A44000BFF35B8F036804461A699B6912F0005FD3
:10A450001AD07BB9C369026A5B884169013B02EB90
:10A46000C10292889B1AE28C9BB29A4214D80023B4
:10A47000E38410BD012BFAD1036AC2695B8841698C
:10A48000013B02EB4102ECE763B9036A1B88DB4343
:10A4900003F00103002BEAD02369002BE7D020460C
:10A4A0009847E4E7012BE2D1C369EFE7C369028E65
:10A4B000598891420AD0418901390A4003EB42038D
:10A4C0009A88836903EB02139868704700207047ED
:10A4D000BFF35B8FC36803B1184770474FF0FF327B
:10A4E0004FF0FF33F5F78EBA70B50446056A05F1F3
:10A4F00058063046FFF7F2FF636AA3F580637F2BAF
:10A500000BD801225909483503F01F039A4055F82A
:10A51000213023EA020345F82130D4E90D124A60C4
:10A52000616B04F134031160C4E90D33002323622D
:10A530003046BDE87040F5F73FBA30B58DB0456A9A
:10A5400004460B912022014602A80A9501F092F8D8
:10A55000282301222946CDE900322046352202ABCC
:10A56000F4F72CFA00EAE0700DB030BD28B1006AB3
:10A5700018B111B1C36F03B11847704730B1006A09
:10A5800020B119B1D0F8803003B11847704730B10D
:10A59000006A20B119B1D0F8843003B11847002007
:10A5A00070472DE9F84306468846174699460468E1
:10A5B000A64201D1002520E07A1CA4F1340502D086
:10A5C0006B6ABB4219D0B8F1000F22D0202241465D
:10A5D000284601F03DF8E0B9B9F1FF3F02D0AB6A7F
:10A5E0004B450AD07B1C0BD02468B442E2D054F80F
:10A5F000103CA4F134059F42E8D12846BDE8F88319
:10A60000AB6A0133F9D02468B442D3D0A4F1340545
:10A61000D9E72468CCE710B5044690B1036A83B14A
:10A6200002784AB193F8903033B1436AB3F5806F42
:10A6300002D30121FFF781FF2046BDE81040FFF75C
:10A6400053BF10BD51F8083C43F0004341F8083CAB
:10A6500070477047F5F7B0B94FF0FF324FF0FF3356
:10A66000F5F7D0B9F8B50C46054651F8086C00F17D
:10A6700058073846B6B2FFF7EFFF24F8086CD5F854
:10A68000B820A4F1100344F80C2C05F1B40244F8EE
:10A69000102CC5F8B83054F80C2C38461360FFF76E
:10A6A000D9FF0020F8BD2DE9F041056A282A0F46A0
:10A6B000D5F8AC0088B026D101688468791AA14227
:10A6C00028BF4FF0FF3120236A46FFF7B1FC05F1A8
:10A6D0005806D7F820803046FFF7BEFF43464FF0BC
:10A6E000FF3269462846FFF75CFF7B6A0446DB07BA
:10A6F00019D560B93046FFF7ADFF6B6F1BB142460D
:10A70000694628469847002008B0BDE8F0814FF020
:10A71000FF3383623046FFF79DFF236B002BECD0A5
:10A7200020469847E9E720B93046FFF793FF2B6FA3
:10A73000E4E7C0F828803046FFF78CFFE3E730B449
:10A74000D0F8A0501346AD6925B930BCD0F8A400AC
:10A75000FFF7E4BD012D06D130BC0A46D0F8A400B5
:10A760001946FFF71ABE002030BC70477FB50C4673
:10A770001946D0F8A0309D695DB90094CDE9024238
:10A7800001232A46D0F8A40002A9FFF76BFD04B00C
:10A7900070BD012DFBD1D0F8A40004B0BDE870401D
:10A7A000F4F7F0B82DE9FF4103685F6A07F1580636
:10A7B0003046FFF751FF38460DF10A0203A9FFF7B3
:10A7C000BEFF04463046FFF745FF002C41D0BDF8E0
:10A7D0000A303046A360FFF73FFF4FF0FF33002100
:10A7E00038466268FFF7DDFE05463046FFF732FF68
:10A7F0007DB1AB6AE96B013308BF2368284608BF07
:10A80000AB622368A2890091D5F82C8004F1100175
:10A81000C0473046FFF720FFA368002B06DB214628
:10A820003846BDF80A30039AFFF7A0FF38460DF10D
:10A830000A0203A9FFF783FF044618B13046FFF769
:10A8400009FFC4E7D7F8A400FFF7F9FD3046FFF78A
:10A8500001FF04B0BDE8F081F8B5044651F8086C7A
:10A8600000F158073846B6B20D46FFF7F5FE3146FF
:10A87000D4F8A400FFF78CFD33460246A5F1100181
:10A880002046FFF773FFD4F8A400FFF7D8FD384641
:10A89000BDE8F840FFF7DEBE2DE9F043A3F1100656
:10A8A00053F8085C002389B00693ADF81E300446C7
:10A8B0001023CDE90412DDF84090D0F8AC00ADF8DB
:10A8C0001C9001688768711A0DEB0302B94228BF1A
:10A8D0004FF0FF3104F15808FFF7E3FB4046FFF764
:10A8E000BBFED4F8A030ADB29B69CBB9D4F89420AC
:10A8F000D4F8A030D4F8A8009B69C3B9CDE90262AE
:10A900000096012202A9FFF7ADFCD4F8A800FFF7DA
:10A9100096FD4046FFF79EFE484609B0BDE8F0832D
:10A920002946D4F8A800FFF733FD0246E0E7012BE3
:10A93000EBD12946F4F726F8E7E710B548B149B15D
:10A9400043688B4206D382680468D21A5B1A43605C
:10A95000A01810BD0020FCE72DE9F3470546D0F80C
:10A96000A0000E46036A17461B689847430703D4A6
:10A97000002002B0BDE8F08743F69823002F18BFEF
:10A980001F4605F1580805F1B40A4046FFF764FE7A
:10A99000D5F8B440D5F8A0305445D3F8189025D058
:10A9A00024B3D4E90023536022681A60C4E9004448
:10A9B000B9F1000F0ED1D5F8943033604046FFF75F
:10A9C00049FEBDF8063004F11000A3603368103B67
:10A9D0003360CEE7B9F1010FF0D12189D5F8A80095
:10A9E000ADF80610FFF7D4FC3060E7E7B9F1000FCF
:10A9F0002AD13146D5F8A8000DF10602FFF78EFCEA
:10AA000004460028DAD1D5F8A8309B8C53B94046CB
:10AA1000FFF720FE002FABD021200021F5F75AFCD4
:10AA2000013FB2E7D5F89410D5F8B000FFF785FFE5
:10AA30000446D5F89430ADF8069033604046FFF7F1
:10AA400009FE002CE6D0BCE7B9F1010FDFD1324698
:10AA5000D5F8A8000DF10601FFF79FFC0446EDE7CD
:10AA600020B119B112B1C0E901220160704710B5DF
:10AA7000044618B910BD3438FFF7CDFD2068844274
:10AA8000F9D10023C4E92933F4E70369C26893428A
:10AA90009CBF81685B18013B981A70472DE9F84309
:10AAA0000446D0E902806768A8EB0006964200EBF6
:10AAB00002058946384404D900F0EDFCE560BDE8A4
:10AAC000F8833246A5EB080500F0E5FC2A466068ED
:10AAD00009EB0601F0E72DE9F843064689461746DB
:10AAE0004FF00008C5683369B4689D4228BF1B1940
:10AAF000641BBC4228BF3C46013B5B1B9C4228BFF9
:10AB00001C46706849462844224600F0C4FCB368DD
:10AB10002544AB4208BF00253F1BA044A144F5607B
:10AB2000E1D14046BDE8F883F4F7A6B908B5FFF7D0
:10AB3000FBFF002008BD08B5F4F75CFA002008BD53
:10AB4000704740B1C368587810F001001EBF1878F4
:10AB5000B0FA80F0400970477FB50BAB05930393C3
:10AB60000A9B0122029300231846CDE90033E8F73F
:10AB70006FFA07B05DF804FB00F0C7BC00F08BBCB7
:10AB800010B400F10C04C0E903445DF8044BFBF77A
:10AB900048BF2DE9F04F85B0DDE90EA40746884691
:10ABA00050462146914600F091FBB4F1FF3F08BFAB
:10ABB000BAF1FF3F05460E4604BF4FF0FF356FF078
:10ABC000004607F1140A4FF02003EFF3118483F3DA
:10ABD0001288BFF36F8F07F10C0B4A464146384687
:10ABE000FBF7ACFE0390F5F761FD039B3BB184F3EB
:10ABF0001188BFF36F8F184605B0BDE8F08F281A93
:10AC000066EB0101012871F10002F0DBCDE90001E2
:10AC10005A4621465046F5F7DDF94FF02003EFF391
:10AC2000118483F31288BFF36F8FD6E738B50446DB
:10AC30004FF02003EFF3118583F31288BFF36F8F7A
:10AC4000FBF733FE04F10C0000F0DDFA30B12946C9
:10AC500004F11400BDE83840F5F720BA85F31188F7
:10AC6000BFF36F8F38BDD0E90432134313F00303F1
:10AC70000CD18361C168994201D800207047816975
:10AC800001331160016982610A44F3E76FF0150036
:10AC9000704710B5C0E9033200234161C3610372FC
:10ACA0000446FFF7E0FF0028A8BFC4E9004410BD38
:10ACB000F8B504460D464FF02003EFF3118683F3F9
:10ACC0001288BFF36F8F876977B900F052FA58B1D5
:10ACD0002A68C767426100F0EDF9314604F10800C7
:10ACE000BDE8F840F5F7DAB92B68A2691A602B685D
:10ACF000A361E369013BE36186F31188BFF36F8FC2
:10AD0000F8BDEFF30580003818BF012070476FF0E1
:10AD10005700704700207047F5F7D2B908B5E8F73B
:10AD20002BFCBDE80840FEF790BC90F90E308B423A
:10AD300001D0F5F76DB90020704703460020C3E944
:10AD40000033C3E9020070472DE9F84399460446F1
:10AD50000D4690469DF8203000F108074FF0200284
:10AD6000EFF3118682F31288BFF36F8F03B145684A
:10AD700004F10C0000F0FDF958B10023C0F8148074
:10AD8000C36700F097F938463146F5F787F9002098
:10AD90000CE0B9F1000F1BD00821F5F777FD38B9A9
:10ADA00086F31188BFF36F8F6FF00B00BDE8F88357
:10ADB0000122C0F804800260016801F003015DB95E
:10ADC00022680A430260626820606AB960600BE032
:10ADD0004046C8F80090EFE72A68032A10D80160BF
:10ADE000616839B9C4E90000042104F1140000F0DD
:10ADF00006FBC8E70A6802F0030202430A60E5E7BF
:10AE000022F003020A4302602A6802F0030240EAC9
:10AE100002032B60E8E710B5044630B102689307DF
:10AE200003D0446809B100F00BFB204610BD00239D
:10AE3000C0E90033037200F10C03C0E9033300F1F1
:10AE40001403C0E905337047012307B500930023BD
:10AE50000A461946FFF778FF03B05DF804FB0023AC
:10AE600007B50A4600931946FFF76EFF03B05DF879
:10AE700004FB5AB18A4209D300F11003C0E902125F
:10AE8000C0E90000C0E90433002070476FF01500EE
:10AE90007047012302688B4022EA0303036022FA11
:10AEA00001F000F00100704710B5032104460C309A
:10AEB000FFF7EFFF30B104F1100000F0D7F9B0FA5E
:10AEC00080F0400910BD20B10022D030114600F0C2
:10AED000AAB9704770B5C3680446C3F340069B0720
:10AEE00016D4856802210C30FFF7D3FF80B1D5F866
:10AEF000C8206AB194421DD122689EB9D5F8CC30E1
:10AF0000C5F8C8209C4201D1C5F8CC20002323609D
:10AF1000E36813F00F001EBF43F00203E36040F04C
:10AF2000020070BD3260D5F8CC20944208BFC5F84D
:10AF3000CC60EBE716461268DBE773B504464FF0CA
:10AF40002003EFF3118583F31288BFF36F8F002383
:10AF5000A0F11006032104380193FFF79AFF28B1EE
:10AF6000A369304601A90193F4F796FD85F3118892
:10AF7000BFF36F8F02B070BD38B504460D46102286
:10AF8000002100F0C2FA656038BD4FF02002EFF3F7
:10AF9000118382F31288BFF36F8FC06800F00F0037
:10AFA00083F31188BFF36F8F704713B50190084684
:10AFB0004FF02003EFF3118483F31288BFF36F8FF8
:10AFC00001A9F4F769FD84F31188BFF36F8F02B014
:10AFD00010BD10B5FFF7E9FF041E09DD4FF0200397
:10AFE000EFF3118083F31288BFF36F8F00F0F5F851
:10AFF000204610BD08B5E822002100F086FA08BD01
:10B0000038B530220D460021044600F07EFA4FF498
:10B0100080736560E36038BD38B504464FF02003A7
:10B02000EFF3118583F31288BFF36F8FFFF73CFFB7
:10B030002046FFF74FFF85F31188BFF36F8F38BDB0
:10B04000D0E9003213605A600023C0E90033704732
:10B0500008B5FFF7F5FF437B23F00203437300239A
:10B06000836008BD38B504460D46F4F753FF637B93
:10B0700043F002036373E5B1A5602B689D4209D1DB
:10B080006B68C4E900531C606C6012E06A6893420C
:10B09000F6D01B68002BF3D094F90E2093F90E1014
:10B0A0008A42F3D09142F1DD5A68C4E9003214605B
:10B0B0005C6038BD10B54FF02003EFF3118483F3CB
:10B0C0001288BFF36F8FF4F7F1FE84F31188BFF39A
:10B0D0006F8F10BD08B54FF02002EFF3118182F39E
:10B0E0001288BFF36F8F83680BB1FFF7B1FF81F355
:10B0F0001188BFF36F8F08BD38B504464FF02003A9
:10B10000EFF3118583F31288BFF36F8F437B13F046
:10B11000280F0BD183680BB1FFF79AFF637B51B9FE
:10B1200003F0FB0320466373F4F7C0FE85F3118838
:10B13000BFF36F8F38BD03F0EB03F3E7012118383D
:10B14000FFF7DABF08B503464FF02002EFF3118195
:10B1500082F31288BFF36F8F0068834207D008B173
:10B16000FFF776FF81F31188BFF36F8F08BD0020D2
:10B17000F8E738B54FF02003EFF3118583F3128819
:10B18000BFF36F8F0468A0420DD034B12046FFF7A3
:10B190005FFF04F1180000F069F885F31188BFF330
:10B1A0006F8F204638BD0024F7E7014610B54FF0F9
:10B1B0002003EFF3118483F31288BFF36F8F83684A
:10B1C0000BB1FFF745FF84F31188BFF36F8FBDE824
:10B1D000104001F1180000F049B8034620B9EFF320
:10B1E00005820AB9EAF716B883F31188BFF36F8FA7
:10B1F00070474FF02003EFF3118083F31288BFF301
:10B200006F8FFFF7EABF38B5054600202C68A542CE
:10B2100000D004B938BD2046FFF7C7FF2046FFF72E
:10B2200049FF0120F2E738B54FF02003EFF3118515
:10B2300083F31288BFF36F8F0468A04212D09CB1D1
:10B24000E16762612046FFF703FF04F1180000F098
:10B250000DF82046F4F72AFE012085F31188BFF38C
:10B260006F8F38BD0020F8E72046F6E710B54FF0A5
:10B270002002EFF3118482F31288BFF36F8F03680B
:10B280003BB1F5F717F9002084F31188BFF36F8FF6
:10B2900010BD6FF01500F7E710B54FF02003EFF386
:10B2A000118483F31288BFF36F8FF5F7E3F884F30B
:10B2B0001188BFF36F8F10BD08B5F5F7F7F908BD1A
:10B2C000F5F7F4B908B1E7F75DB97047B1F1FF3FA1
:10B2D00008BFB0F1FF3F38B50C46054614D008430F
:10B2E00003D1BDE83840F5F7E1B96FF001004FF048
:10B2F000FF33401B63EB0101002904DAF5F7D6F9AF
:10B30000401941EB040138BD4FF0FF300146FAE728
:10B3100010B50446FFF7AAFFB0B9636A0BB1204627
:10B32000984704F11800FFF70DFF68B1FFF7C2FE60
:10B330004FF02003EFF3118083F31288BFF36F8F78
:10B34000BDE81040FFF749BF10BD2DE9F843846800
:10B3500005460E4644B16378012B2ED114F8533CB8
:10B3600013F002030AD123700020EB68A860C3F336
:10B370008632164366F39433EB603EE054E90E23C5
:10B38000B3F1FF3F08BF12F1020F32D0A4F1600801
:10B390004046FFF70AFF082E0CBF6FF0030300239F
:10B3A000E36114F8533CDB0609D154F8487C37B903
:10B3B0004046FFF77FFE2770D6E7022B01D000231F
:10B3C000D1E72378002BCFD054F8047C002FF2D0A3
:10B3D0004FF00008A4F1140904F11400FFF746FF30
:10B3E00049463846C4F82C80FFF7DFFD84F800801A
:10B3F000BAE700236FF00A002370BDE8F883034624
:10B400000068834208D0D0E9003213605A600023FC
:10B41000C0E90033FFF799BF70470432D3B5044643
:10B4200008D20026002741F00401CDE90067FFF7AC
:10B43000B0FB10B9002002B0D0BD40F8044BFAE7D1
:10B4400020B1011F50F8040CFFF7F0BB7047014614
:10B450000420F5F70DBA70477047C9B2034602449D
:10B4600010B59342184601D1002003E0047801335F
:10B470008C42F6D110BD0139024410B5904201D181
:10B48000002005E0037811F8014FA34201D0181BFA
:10B4900010BD0130F2E70A44431E914200D17047CB
:10B4A00010B511F8014B914203F8014FF9D110BDCD
:10B4B0009A4208B501D9EAF70BFD814204D88B18EE
:10B4C0009842F8D3814202D183189942F3D3BDE860
:10B4D0000840FFF7E0BF884210B501EB020402D933
:10B4E0008442234607D8431EA14208D011F8012BFD
:10B4F00003F8012FF8E7024401468A4200D110BD4B
:10B5000013F8014D02F8014DF7E702440346934258
:10B5100000D1704703F8011BF9E79368013B002B4A
:10B52000936010B408DA9469A34201DB0A2903D1BD
:10B530005DF8044BF5F7BEBD1368581C1060084653
:10B5400019705DF8044B7047F8B506460F4614466F
:10B55000D518AC4201D1002007E03A4614F8011B8F
:10B560003046FFF7DAFF431CF3D1F8BD2DE9F04771
:10B57000164698468A6807460B690C46DDF8209007
:10B580009342B8BF1346336091F843200AB10133A8
:10B5900033602368990642BF3368023333602568FD
:10B5A00015F0060506D104F1190AE36832689B1A02
:10B5B000AB422BDC94F843302268003B18BF0123D8
:10B5C000920630D404F1430241463846C847013060
:10B5D00023D023681A3454F80A2C03F00603042BF2
:10B5E0000ABF54F80E5C002533684FF0000608BF10
:10B5F000ED1A54F8123C08BF25EAE5759342C4BF22
:10B600009B1AED18B5421AD1002008E001235246DA
:10B6100041463846C847013003D14FF0FF30BDE8FE
:10B62000F0870135C1E7E1185A1C3020023322446B
:10B6300081F8430094F8451082F84310C2E70123D3
:10B64000224641463846C8470130E6D00136D9E7A0
:10B6500010B56AB10139841810F8012B11F8013FB7
:10B660009A4203D1A04201D0002AF5D1D01A10BDD0
:10B670001046FCE70139034610B532B111F8014F0D
:10B68000013A03F8014B002CF7D11A4400219342F0
:10B6900000D110BD03F8011BF9E70246014410B5C3
:10B6A0008A42134603D01C780132002CF8D1181AB4
:10B6B00010BD062008B5F5F703FF0120EAF7ECFB03
:10B6C000B1F90C202DE9F041170705460C4656D478
:10B6D0004B68002B02DC0B6C002B3DDDE66A002E74
:10B6E0003AD0002312F480522F68216A2B6025D0B3
:10B6F000626DA389580705D56368D21A636B0BB1D5
:10B70000236CD21A216A0023E66A2846B047411CFE
:10B7100024D00023636023692360A389DA0400D561
:10B720006065616B2F60B9B104F14403994202D0A6
:10B730002846F5F729F9002363630DE00123284625
:10B74000B047461C0246D4D12B68002BD1D01D2B0C
:10B7500001D0162B2AD12F6000202EE02A68B4F9E0
:10B760000C3042B11D2A01D0162A21D1002363607A
:10B7700023692360D5E7626022692260CEE70F6902
:10B78000002FE9D093070E680F600CBF4B690023B0
:10B79000A6EB07088B60B8F1000FDDDD43463A46A3
:10B7A000216A2846A66AB047002808DCB4F90C30A4
:10B7B00043F040034FF0FF30A381BDE8F081074420
:10B7C000A8EB0008E7E770B568234D1E0E465D4301
:10B7D00005F17401F5F722F9044640B1002105F1A5
:10B7E0006802C0E900160C30A060FFF78EFE20460C
:10B7F00070BD2DE9F8430646884600F1480400274D
:10B80000D4E90195B9F1010905D52468002CF7D1D7
:10B810003846BDE8F883AB89012B07D9B5F90E305E
:10B82000013303D029463046C04707436835E9E76E
:10B8300070B50C46B1F90E1096B0154600291E469B
:10B840000CDAA389002113F0800F14BF40234FF4BA
:10B850008063002031602B6016B070BD6A46F5F73A
:10B860006BFE0028EDDB019901F47041A1F5005356
:10B87000594259414FF48063EBE7F8B50746154646
:10B880000C4621B91146BDE8F840F5F7C7B822B912
:10B89000F5F77AF800242046F8BD00F080F8A842B9
:10B8A000F9D229463846F5F7B9F806460028F1D00E
:10B8B00021462A46FFF7EFFD214638463446F5F784
:10B8C00063F8E8E71F2938B505460C4604D9162366
:10B8D00003604FF0FF3038BD426C12B152F8213096
:10B8E0004BB9284600F016F8224601462846BDE826
:10B8F0003840F5F7EDBD012B0AD0591C03D11623B2
:10B9000003600120E7E70021204642F82410984711
:10B910000020E0E7FBF7A3BF10B50C46B1F90E100D
:10B92000F5F73EFE0028ABBF636DA3891B1823F417
:10B930008053ACBF6365A38110BD2DE9F0411F4664
:10B940008B8905460C46DB05164605D502230022E9
:10B95000B1F90E10F5F712FEA3893246B4F90E10B4
:10B96000284623F48053A3813B46BDE8F041F5F718
:10B97000C1BD10B50C46B1F90E10F5F7FFFD431C23
:10B98000A38915BF606523F4805343F48053A381DA
:10B9900018BFA38110BDB1F90E10F5F7BDBD51F868
:10B9A000043C181F002BBCBF0B58C0187047D0F8C0
:10B9B0003C2900F642139A4204D100F59B50103006
:10B9C000F6F70ABB7047FFF7F2BF2DE9F0410446D6
:10B9D000061D00F58055304602F040FD95F86031B7
:10B9E00010B1022B3AD00FE0012B4CD0022B35D0F6
:10B9F000002BF0D1204600F0D6F808B1FDF752FE3A
:10BA0000204600F0DAF848B1D4F83C1904F64210A8
:10BA1000091A89B2002940D1BDE8F08104F58A50A5
:10BA2000043003F0ECF80028EED1304602F05CFD63
:10BA3000012385F86031304602F06BFDF0B194F8D7
:10BA40009870304602F03BFE2FB194F8983013B94D
:10BA5000012385F86C33022385F8603104F58A50A0
:10BA6000043003F0D5F80028CED195F86C3385F872
:10BA70006001002BAFD085F86C03ACE7304602F0D4
:10BA800051FD85F8610104F58A5095F86111043083
:10BA9000F7F7AAFC0028CED0B6E7D4F83839BDE8CD
:10BAA000F041184708B5F5F79BFEBDE80840FFF7E1
:10BAB0008CBF00F64213C0F83C394FF40063A0F885
:10BAC000403900F59B501030F6F786BA08B5F5F707
:10BAD00087FE18B1BDE80840FFF7EBBF08BD38B5D9
:10BAE00004460D46F5F77CFE40B100F58A502A4623
:10BAF0002146BDE838400C30F7F7A4BC38BD38B556
:10BB000000F58054D4F8643100F58B550A355B1B81
:10BB10009BB251B91A46294600F090FC4FF40073CD
:10BB2000C4F86451A4F8683138BD2A46F5F796FD8B
:10BB3000F4E7FFF7E4BF02F086BD1C282ED8DFE84B
:10BB400000F00F3011132D1517192D2D2D2D1B1D44
:10BB50001F212D2D2D272D2D2D25232D2D292B007A
:10BB6000002070470E2070470B2070470C20704754
:10BB70000920704703207047022070470420704757
:10BB8000112070471220704713207047142070470F
:10BB900016207047172070471820704700F5804026
:10BBA00070470120704790F8C830042B1ABF90F8F6
:10BBB000980080F001000020704790F8C830012BF9
:10BBC00006BF90F8980080F0010000207047D0F880
:10BBD0001C390133C0F81C3970472DE9F8439946E8
:10BBE00090F814390D1E0446164608BF702513B18F
:10BBF0000D20BDE8F88300F1B80729463846F6F76E
:10BC0000B7F80028F4D194F8D22894F8D3389A429F
:10BC10000AD00B2200213846F6F732F804F1AC00C6
:10BC2000F6F7DAF90320E4E704F150082B46062280
:10BC30008021404602F0A2FF58B93146206D1FFA1C
:10BC400089F202F011FD20B9404602F07AFF002887
:10BC5000CFD00328CDD1DCE713460222F5F7D0BDC3
:10BC600038B511F0300F00F1500408BFC0F89C2027
:10BC7000154600230622204602F080FF48B92946D7
:10BC8000204602F0C7FE20B92046BDE8384002F049
:10BC900058BF38BD2DE9F74304460D4668461146A6
:10BCA00091461E46F5F764FFDDE900782FB918F0DC
:10BCB000010F02D1E6B932461BE004F150064B46B3
:10BCC00006222946304602F059FFC8B918F0010F84
:10BCD0004FEA680318BFE35804EB680018BFDF5948
:10BCE000B84768B9304603B0BDE8F04302F029BF59
:10BCF0000D222946204603B0BDE8F043FFF7B0BF50
:10BD000003B0BDE8F08370B50446002694F8D2581D
:10BD100094F8D338AB4201D100202DE005F50D7524
:10BD200004EB85021379D90616D404EB85052B792B
:10BD30006FF304132B7194F8D2380133DBB20F2B5D
:10BD400084F8D238E2D194F8D33884F8D2680E2B34
:10BD50001AD884F8D338D9E703F00F01526803F0FA
:10BD60006003402B41F08001C2F3D71205D1204679
:10BD7000FFF776FF0028D8D070BDB3FA83F32046D2
:10BD80005B09FFF787FFF5E70F3BDBB2DFE710B595
:10BD900090F89830044633B1D0F8CC308B4204BFD1
:10BDA000002380F898302046FFF7ADFFD8B994F80B
:10BDB000D01099B101230C222046FFF76BFF90B9F8
:10BDC00094F8C83084F8D000042B07D0201D02F06E
:10BDD00043FB0123C4F8CC0084F898302046BDE82A
:10BDE0001040F5F769BD10BDFFF7D1BFF8B500F100
:10BDF000500504462846069EBDF81C7002F0BEFEA3
:10BE000050B93A463146206D02F02EFC20B9284642
:10BE1000BDE8F84002F095BEF8BD2DE9F04F042BC7
:10BE200004460D46174687B009D0052B3BD00D229E
:10BE300029462046FFF710FF07B0BDE8F08F4FF00E
:10BE40000709114604A8F5F7ABFEDDE9048606F004
:10BE5000010BB8F1000F02D1BBF1000FE7D004F1E4
:10BE6000800A504602F066FD0DF10A0203A9504611
:10BE700002F041FD504602F064FD002304EB660031
:10BE800084F814397310BBF1000F02D0E35853F853
:10BE90000880C0470123064684F8143960B1FFF7D3
:10BEA0004CFE0246C4E7114604A8F5F785FEDDE91D
:10BEB00004864FF00809CAE7BDF80A304A460193E4
:10BEC000039B2946009320463B46FFF78FFF00283F
:10BED000B2D03246ACE708B50022FFF7BDFE08BD80
:10BEE000002330B5C3B004460D46803001A901934C
:10BEF00002F0E2FC40B1FFF720FE29460246204650
:10BF0000FFF7AEFE43B030BD4FF480730199206857
:10BF100002AA00F06AFF0028F4D150344FF46F53A6
:10BF200006222946204602F029FE0028EAD12046B2
:10BF300002A902F0AAFD0028E4D1204602F001FE89
:10BF4000E0E710B50446006800F05DFF0146206D93
:10BF5000BDE8104002F077BB10B50446006800F061
:10BF600075FF0146206DBDE81040FFF7E4BD0023DA
:10BF700037B5054601A98030019302F076FC0446EE
:10BF800088B99DF80410286800F062FF044650B993
:10BF9000286800F038FF30B195F812391BB12868D5
:10BFA00000F039FF0446204603B030BD10B504460A
:10BFB0000068F5F705FF410001F0FE01206DBDE8C6
:10BFC0001040FFF7B8BD002313B504460DF107017B
:10BFD00080308DF8073002F0C5FB58B99DF8073066
:10BFE00023B1013B012B07D9072003E0014620685C
:10BFF000F5F7ECFE02B010BD0121F8E710B50446DC
:10C0000054F8500B00F027FF01462046BDE81040D1
:10C0100002F0A4BC13B504460DF10601803002F015
:10C02000D0FB20B9BDF80610206800F016FF02B062
:10C0300010BD10B50446006800F012FF082201464A
:10C04000206DBDE8104002F00FBB13B50822044676
:10C0500001A9803002F020FC18B90199206800F095
:10C0600001FF02B010BD10B5044654F8500B00F0AB
:10C07000FCFE01462046BDE8104002F06FBC90F87F
:10C080001219006D02F0DFBA002337B505460DF135
:10C09000070180308DF8073002F074FB044670B958
:10C0A000286800F0B0FE30B19DF8073028684BB129
:10C0B00000F0B1FE04469DF8073085F8123920469D
:10C0C00003B030BDF5F78EFEF4E710B50446006806
:10C0D000EEF75AFE0146206DBDE81040FFF72BBD7C
:10C0E00010B504460068FDF7FAFA0146206DBDE878
:10C0F0001040FFF720BDF8B505460E460024012785
:10C1000007FA04F3334204D10134202CF8D1002083
:10C11000F8BD286DE1B2FFF70EFD0028F4D0F7E777
:10C12000F7B5002304460D46012700F180062B6079
:10C13000B4F88620B4F888309A4202D1002003B0C7
:10C14000F0BD30460DF1070102F00CFB0028F6D1DE
:10C150009DF807301F2B04D82A6807FA03F313430E
:10C16000E5E70720EBE7D0F8A010FFF7C4BF0023F6
:10C1700013B501A904460193FFF7D2FF10B9019B43
:10C18000C4F8A03002B010BDB0F8A410503002F0D6
:10C19000E5BB00F1A401803002F013BB10B50446EA
:10C1A000006800F030FE014628B194F918190131F9
:10C1B00018BF01214900206DBDE81040FFF7BBBC4E
:10C1C00013B5044601A9803002F04FFB28B90122C3
:10C1D000019904F1B800F5F787FD02B010BD13B561
:10C1E000044601A9803002F040FB28B902460199BB
:10C1F00004F1B800F5F778FD02B010BDD0F89C103E
:10C20000503002F007BC10B500F150040421204664
:10C2100002F000FC28B92046BDE81040032102F0DE
:10C22000F9BB10BD0321503002F0F4BB00215030A7
:10C2300002F0F0BB10B500F150040521204602F0D9
:10C24000E9FBF8B90C21204602F0E4FBD0B9182133
:10C25000204602F0DFFBA8B92221204602F0DAFBDB
:10C2600080B940F20121204602F0D4FB50B94021B0
:10C27000204602F0CFFB28B92046BDE810404121FE
:10C2800002F0C8BB10BD10B50446F5F795FD014698
:10C2900004F15000BDE8104002F0F7BB0121006D31
:10C2A000FFF749BC0021006DFFF745BC0421006D7C
:10C2B000FFF741BC0C20704713B50446694600687F
:10C2C00000F0D5FD08226946206D02F0CDF902B0DC
:10C2D00010BD0221503002F06FBC90F8C810006D04
:10C2E000FFF729BC712A10B51C460CD0B2F56F5F60
:10C2F00006D00C2A0AD1F5F7BBFB2070012010BD37
:10C30000FFF7EEFDF9E7F5F78FFCF6E70020F6E71B
:10C31000F0B5002785B004460D4602A81146164622
:10C320008DF80770F5F730FCDDE9023000F001020E
:10C3300073B96AB93246294620460DF10703FFF763
:10C34000D1FFF8B90D2229462046FFF785FC17E0FA
:10C35000411084F8147904EB60000AB16258D35894
:10C36000984701228DF8070084F8142918B1FFF7C7
:10C37000E4FB0246E7E7334629462046F5F740FA54
:10C380008DF807009DF8070005B0F0BD002373B5D8
:10C3900004460D46803001A91646019302F065FA65
:10C3A000024640B1FFF7C9FB294602462046FFF787
:10C3B00053FC024604E0032E15D004D8022E0CD004
:10C3C000104602B070BD331F012BF9D83346294601
:10C3D0002046019AFFF721FDEBE729462046019B05
:10C3E000F5F70EFAE5E729462046019AFFF790FF98
:10C3F000DFE737B504460D46803001A902F035FA73
:10C4000080B9019A012A0FD008D9931E032B10D9A5
:10C41000052229462046FFF71FFC03E02946204657
:10C42000FFF759FD03B030BD29462046F5F7ACFAB9
:10C43000F8E729462046FFF7A9FFF3E7012373B584
:10C44000002600F18005044680F8143928468DF84E
:10C45000076002F07CF90423284684F8C83084F889
:10C4600098600DF1070102F07DF990B99DF9073050
:10C470009DF80710B3420CDAD4F8203911F0300FD0
:10C4800003F10103C4F8203908D006222046FFF743
:10C49000E7FB002384F8143902B070BD2046FFF793
:10C4A000A8FF38B1FFF749FB9DF807100246204668
:10C4B000FFF7D2FB94F8D32894F8D2389A4202D0EE
:10C4C0002046FFF720FC9DF8073094F8D12803F0B0
:10C4D0000F0332B19A421EBFD4F824290132C4F8A6
:10C4E00024290F2B0CBF0123013384F8D138D0E766
:10C4F00010B504460068EEF71FFAC1B2206DBDE822
:10C500001040FFF718BB10B504460068FDF7E2F8CD
:10C51000C1B2206DBDE81040FFF70DBB13B5044656
:10C520000DF107010068FDF7D1F830B99DF807104B
:10C53000206DFFF700FB02B010BDFFF7FEFA0146C9
:10C5400004F1500002F038FBF5E7002313B5044670
:10C550000DF1070180308DF8073002F026F920B97F
:10C560009DF907102068FDF7B3F802B010BD13B5B0
:10C5700004460DF107010068EEF724FB30B99DF881
:10C580000710206DFFF7D7FA02B010BDFFF7D5FAFC
:10C59000014604F1500002F00FFBF5E7002313B54C
:10C5A00004460DF1070180308DF8073002F0FDF8E8
:10C5B00020B99DF907102068EEF70EFB02B010BD00
:10C5C00013B504460DF10701006801F060FB30B9B6
:10C5D0009DF80710206DFFF7AEFA02B010BDFFF70F
:10C5E000ACFA014604F1500002F0E6FAF5E7002348
:10C5F00013B504460DF1070180308DF8073002F0C5
:10C60000D4F820B99DF90710206801F042FB02B070
:10C6100010BD37B500F1800504460DF1060128462E
:10C6200002F0A0F860B928460DF1070102F0BDF84C
:10C6300030B99DF907209DF806102068EEF7F4FB4D
:10C6400003B030BD13B504460DF1060154F8500B8C
:10C6500001F023FB30B92046BDF8061002F07EF948
:10C6600002B010BDFFF769FA0146204602F0A4FAB5
:10C67000F6E713B504460DF10601803002F0A1F88B
:10C6800020B9BDF80610206801F005FB02B010BD0E
:10C690000021006D01F0D7BFFEE710B5044600F0A1
:10C6A000E8FBF5F7A3F80146206DBDE81040FFF761
:10C6B00042BA37B5002300220446CDE90023EDF746
:10C6C00077FC6946054604F1800002F0A8F860B9DD
:10C6D000DDE90032AB4272F1000108D35B1B62F16D
:10C6E0000002C4F83039C4F8342903B030BD072043
:10C6F000FBE700F51363D3E90023503002F058B98B
:10C7000010B504460068F6F797FD01462046BDE8DF
:10C710001040FFF7F0BC10B50446006801F0B3FA12
:10C7200001462046BDE81040FFF7E5BC002337B5C1
:10C730000C4680300DF1070115468DF8073002F0E8
:10C7400011F8D0B99DF80730DA0704D5BDB12278C9
:10C7500042F001022270990742BF227842F00202A1
:10C7600022705A0742BF227842F0040222701B074F
:10C7700003D5237843F00803237003B030BD0720AE
:10C78000FBE7F0B504460C260020013A90420DD399
:10C7900070430A180958994215BF0023D2E90101D4
:10C7A000C4E90033C4E900012046F0BD85186D08D6
:10C7B00006FB05F7CF599F422CBF2A46681CE5E7C8
:10C7C00001F041BF0921503002F024B9042150305A
:10C7D00002F020B9F8B5064617460C4600F15005A0
:10C7E00000296CD0002A71D18A882846096802F095
:10C7F0003CF9002861D194F91510306DC9B2FFF7EA
:10C80000DFFF002859D18021306DFFF7D9FF0028C4
:10C8100053D1002C5FD0E37D03F001019B074FEA69
:10C82000011101D541F02001284602F097F80028B7
:10C8300043D1284602F041F9014600283DD104B118
:10C84000A179306DFFF7BCFF0146B0BB04B1A17DFB
:10C85000306DFFF7B5FF80BB002C3ED0D4E902233A
:10C86000284602F0A5F840BB284602F045F920BB57
:10C87000284602F022F900BB3946284602F0CAF8E1
:10C88000D8B9284602F038F9B8B9284602F015F9A7
:10C89000014690B904B1217D306DFFF791FF60B979
:10C8A000F4B12169284602F068F830B9284602F050
:10C8B00023F9003818BF012000E00120F8BD284608
:10C8C00002F04CF80028F8D1214696E700212846CE
:10C8D00002F044F88DE72146A6E700220023BFE7D7
:10C8E0002146DFE7F8B500F1500704460D4616462D
:10C8F000712306228021384602F040F950B93246B1
:10C9000029462046FFF766FF20B93846BDE8F840C3
:10C9100002F017B9F8BD2DE9F3470D4690F8171945
:10C92000044616461F4600293BD041F080017AB3E9
:10C93000136893F800A0CAF3001A002395F81B901F
:10C9400004F150080622404684F8173909F001091D
:10C9500002F014F928BB3846FFF7EFF801464046CD
:10C9600002F058F8E8B95146206D01F06CFEC0B9EC
:10C970004946206D01F067FE98B95FB12B681B78BE
:10C980001B0711D4404602B0BDE8F04702F0D9B809
:10C990009246D2E73A4631462046FFF71BFF002871
:10C9A000ECD002B0BDE8F087B9F1000FEAD028461C
:10C9B0000DF1030100F063FE0028F2D1284601A921
:10C9C00000F037FE0028ECD19DF80310206DFFF732
:10C9D000F7FE0028E5D14046019901F0CEFF00287E
:10C9E000D0D0DEE7F8B5FF23054690F9187980F836
:10C9F0001839044655F8500B0E4600F00CFA39234E
:10CA000006228021284602F0B9F8F0B9206DF9B26B
:10CA1000FFF7D6FEC8B9206DF1B2FFF7D1FEA0B97D
:10CA2000284602F08EF880B980213023062228465D
:10CA300002F0A4F8014640B9206DFFF7C1FE20B90D
:10CA40002846BDE8F84002F07CB8F8BD10B50446B1
:10CA500054F8500B00F0E7F901462046BDE81040BD
:10CA600001F0D8BF90F81919006D01F0ECBD10B5B8
:10CA7000044654F8500B00F0E7F902460B462046F6
:10CA8000BDE8104001F094BF10B500F6191104463E
:10CA9000803001F077FE30B994F819192068BDE8AC
:10CAA0001040F5F7A9B910BD73B504460068F5F755
:10CAB000E7F90546B8B904F18006B4F88830B4F84F
:10CAC00086209B1A9BB2012B0DD930460DF1060131
:10CAD00001F077FE30B9BDF806102068F5F798F937
:10CAE0000028EAD00546284602B070BD73B504465A
:10CAF0000068F5F7D1F90546B0B904F18006B4F83D
:10CB00008830B4F886209B1A9BB2072B0CD90822D8
:10CB1000304601A901F0C0FE28B901992068F5F757
:10CB200081F90028EBD00546284602B070BD13B548
:10CB300004460DF10601803001F043FE20B9BDF836
:10CB400006102068F5F780F902B010BD13B5082271
:10CB5000044601A9803001F09FFE18B901992068B0
:10CB6000F5F77CF902B010BD13B504460DF10601CE
:10CB7000803001F026FE20B9BDF806102068F5F7D8
:10CB800047F902B010BD002313B50822044601A9DD
:10CB90008030019301F080FE18B901992068F5F703
:10CBA00041F902B010BD13B504460DF10601803005
:10CBB00001F007FE20B9BDF80610206800F028F942
:10CBC00002B010BD7FB500F180050C4628460DF17E
:10CBD0000A0203A901F09AFE064600286CD1BDF8AE
:10CBE0000A207F2A6BD82646A28056F8060B0399A6
:10CBF000FEF751FC3146284601F0B4FD06460028F8
:10CC00005AD1A3792146A376E37EC4E9040023F038
:10CC1000170343F00403E37640F60473284621F833
:10CC2000183F01F09FFD002846D1284604F1190164
:10CC300001F098FD00283FD128460DF1060101F0D2
:10CC4000A1FDC8BBE37E9DF80620284662F382035F
:10CC5000E37602A901F096FD70BBE37E9DF8082003
:10CC6000284662F30003E3760DF1070101F08AFD27
:10CC700010BBE37E9DF80720284662F34103E3766C
:10CC80000DF1090101F07EFDB0B9E37E9DF80920A8
:10CC9000284662F30413E37604F1100101F0A5FDC8
:10CCA00050B9284604F1140101F09FFD20B928462F
:10CCB00004F11A0101F056FD304604B070BD06269D
:10CCC000FAE730B500F1800487B0054602A9204696
:10CCD00001F048FD20B99DF80830082B02D007204C
:10CCE00007B030BD20460DF1090101F03BFD0028E1
:10CCF000F6D120460DF10A0203A901F007FE002833
:10CD0000EED1BDF80A30102BE9D120460DF10A0210
:10CD100004A901F0FBFD0028E2D1BDF80A30102B78
:10CD2000DDD120460DF10A0205A901F0EFFD002832
:10CD3000D6D1BDF80A30102BD1D1059B9DF8092022
:10CD40000193049B9DF8081000932868039B00F052
:10CD500070F8C5E7002337B500F18005044601A946
:10CD600028468DF8033001F040FDA0B9B4F88620C4
:10CD7000B4F888309A4207D19DF8033020680199B1
:10CD80005BB900F059F806E028460DF1030101F007
:10CD9000F9FC0028F0D003B030BD00F051F8FAE7FC
:10CDA000002337B500F1800504460DF10201284645
:10CDB0008DF8003001F005FD98B90822284601A938
:10CDC00001F06AFD68B9012269462046FFF7AEFC12
:10CDD00038B9019BBDF802209DF800102068EDF7DE
:10CDE000DDFF03B030BD20207047AC30F5F706BA48
:10CDF000F5F75EB80120704700F069B800F069B837
:10CE00001430F5F789BC8069003818BF01207047DD
:10CE1000143000F05BBA143000F062BA806B7047D7
:10CE2000143000F065BA243000F0D2BD143000F0A8
:10CE30006CBA143000F076BA0022143000F0ABBAAD
:10CE40000122143000F0A7BAEDF7CCBE007D704788
:10CE5000143000F02ABAC08A7047143000F018BAB3
:10CE60002A307047143000F027BA008D7047E9F778
:10CE700051B90520704710B50446FFF7BBFF20B13C
:10CE8000201DBDE8104000F0BCB810BD10B5044630
:10CE9000FFF7B0FF18B16068003818BF012010BD5F
:10CEA00038B500250446C0E90155C5601030F5F7D6
:10CEB0004DF8214604F1140000F0D7F9214604F1A1
:10CEC000AC0000F048F984F8AD50204638BDFCF7BE
:10CED000E3BB10B504461130F6F746F904F114002F
:10CEE000BDE8104000F0B4B90EB403B503AB53F87D
:10CEF000042B02210193F4F7EBFF02B05DF804EB81
:10CF000003B070470EB403B503AB53F8042B0421F0
:10CF10000193F4F7DDFF02B05DF804EB03B0704756
:10CF20000EB403B503AB53F8042B05210193F4F7BA
:10CF3000CFFF02B05DF804EB03B0704731B16FF082
:10CF40000043994208BF0121016070470121FBE7BE
:10CF500048F24E3301460268A2FB032313EB520052
:10CF600044BF20F00043581C0860704738B50546A0
:10CF70000C46F5F703F8611BB0FBF1F303FB11005E
:10CF8000284438BD002310B5421E98B2814203D90F
:10CF90000133D45C002CF8D110BD10B50024016021
:10CFA0008480C2800C7010BD70B504460E46E588C2
:10CFB000134682880068AA4234BFA91A002110448F
:10CFC0003246F9F75DF9A388E288184480B29042AE
:10CFD00028BF2368A08022BF9B18002203F8012CE1
:10CFE000204670BD0EB417B5044605AA52F8041BBE
:10CFF0000192FFF7D9FF204603B0BDE8104003B00F
:10D00000704770B500250468056074B1606884429B
:10D0100005D1656020462368BDE870401847436825
:10D020006360036845609847F0E770BD43684968EE
:10D03000981A8A1A92EA000F58BF581AC00F704700
:10D0400038B50C461146A2680346944206D00568DE
:10D05000AC420BD10260F4F7C9FFA46038BD944222
:10D060000DD011469268002AF9D1F6E72A46002130
:10D07000F9E78B68002BF0D09B688B60EDE7002907
:10D08000F7D1002DE9D0AA681A60E6E72DE9F0474C
:10D09000936805460C461646984732468146214617
:10D0A0002846FFF7CDFFD5F800A04FF000085746FF
:10D0B0002FB14A4639462046FFF7B8FF58B1B8F1BC
:10D0C000000F0BD1C4F808A02C6031462846BDE8FB
:10D0D000F047F4F78BBFB846BF68E9E7D8F80830E7
:10D0E000A360C8F80840BDE8F08770B5066804463C
:10D0F0000D467EB18B6898477368C01A002809DB1B
:10D1000020462A463146FFF79BFF30463368BDE88C
:10D110007040184729462046BDE87040F4F766BFC6
:10D120001144F4F78DBF38B50D460446ECF788FF7F
:10D130002A4601462046BDE83840FFF7F1BF08B552
:10D140000120EDF79FFE002008BD08B50020EDF797
:10D1500099FE002008BD7047FCF7C5BA13B5002240
:10D160000C4601A9F3F79CFF019B2060187800286A
:10D1700018BF062002B010BD012937B51D4608D0E2
:10D18000072420462946069AF4F77EFF204603B07E
:10D1900030BD106801A9FFF7E1FF04460028F0D177
:10D1A0000198A0F10B030F2BEAD8C0B2FCF799FA53
:10D1B000E7E7012937B51D4611D1106801A9FFF72E
:10D1C000CDFF044618B99DF90400FCF78BFA204600
:10D1D0002946069AF4F758FF204603B030BD0724CD
:10D1E000F5E713B50C4601A9FFF7B8FF30B9019B6D
:10D1F000012B8EBF062003F00103237002B010BD87
:10D2000070B5A2B00846164601A921221D46F6F7C0
:10D2100017F8044638B901A800F0DDFD2946307042
:10D2200001A800F0CDFD204622B070BD0C20704753
:10D230000C2070470C2070470C2070470C20704762
:10D240000C2070470C2070470C2070470C20704752
:10D250000023C0E9023343600B2303704FF6FF73D2
:10D26000103020F80E3C00F07ABB0B2310B5037091
:10D270004FF6FF73438000230446C0E90133C360C7
:10D280001030F5F793FB2046FFF7E2FF204610BD74
:10D2900038B5436804460D462BB11030F5F7C8FB8E
:10D2A0000020658038BD0D20FCE7436813B1017094
:10D2B000002070470D20704708B5436823B1103037
:10D2C000F5F7DCFB002008BD0D20FCE708B543683E
:10D2D00023B11030F5F7BEFB002008BD0D20FCE7A0
:10D2E00043681BB110F8101BF5F77ABC0D2070478E
:10D2F00038B5436804460D462BB1103000F04DFCA4
:10D3000000B9A56038BD0D20FCE738B51D4643685F
:10D3100004462BB11030F5F7B7FC00B9E56038BD15
:10D320000D20FCE72DE9F04304468FB00D4616466C
:10D330000021102202A806AF99460DF12808FEF739
:10D34000E4F8102200213846FEF7DFF81022002111
:10D350004046FEF7DAF86368DBB10022494602A8CE
:10D3600000F0EBFA00223846169900F0E6FA0022A7
:10D370004046179900F0E1FA04F1100032462946C0
:10D38000CDE9007802ABF5F7EFFC00200FB0BDE867
:10D39000F0830D20FAE708B5436823B11030F5F7A4
:10D3A000DBFD002008BD0D20FCE7036818887047EE
:10D3B00000F44052B2F5005F034620D148F240022B
:10D3C00020F44E5020F03F0090421ED00CD8B0F513
:10D3D000446F1AD005D8C8B1B0F5046018BF012059
:10D3E0007047B0F50040F9E703F44C43B3F5404F04
:10D3F0000BD04CF64043C01A18BF0120704710F400
:10D40000406F14BF0120002070470020704708B50E
:10D41000FFF7CBFFBDE80840FFF7CABF08B5FFF72D
:10D42000F6FF00280CBF0320052008BD38B50C46C8
:10D430000546FFF7F3FFFF2801461BD02846FFF7FC
:10D44000B4FF00F44060B0F5006F06D0B0F5406F57
:10D4500008D000230020237238BD2B685B5A23803C
:10D460000123F7E72B6801221944204600F04AFA0D
:10D470000223EFE70620EFE7B0F5804F0ED300F46C
:10D480004053B3F5005F04D080F04000C0F380103B
:10D49000704700F44C43B3F54C4FF5D10020704772
:10D4A00008B5FFF782FF0146FFF782FF01F44063F2
:10D4B000002814BF05220322B3F5006F0AD0B3F58C
:10D4C000406F0AD00846FFF7D7FF08B10232D2B248
:10D4D000104608BD0232D2B2F4E70832FBE738B595
:10D4E00005460C46FFF7DCFF01462846FFF75DFFC7
:10D4F000FF2908D000F44043B3F5004F05D0B3F541
:10D50000404F09D02BB1062005E02B685B5A2380E1
:10D5100001230020237238BD2B68012219442046C4
:10D5200000F0F0F90223F4E7102805D0A0F1180369
:10D5300058425841C000704704207047012300F052
:10D540000700834013F0220F09D113F0880F08D190
:10D5500013F0440F14BF01200020C00070470420C6
:10D5600070471020704708B50146FFF721FF01F40E
:10D570004063002814BF05220322B3F5006F06D0D4
:10D58000B3F5406F17D023B1FF22104608BD023219
:10D59000D2B20846FFF770FF08B10232D2B201F4EE
:10D5A0004041B1F5004F08D0B1F5404F08D00029F7
:10D5B00018BFFF22E9E70832EAE70232D2B2E4E715
:10D5C0000832FBE708B58388042B05D9FFF7EDFE89
:10D5D000BDE80840FFF7C7BFFF2008BD8288022AC8
:10D5E00005D903681B781B0701D5FFF7EBBFFF20A8
:10D5F000704738B505460C46FFF7F0FFFF2817BF08
:10D600002B6806201B5C00201CBF03F0070323705F
:10D6100038BD38B505460C46FFF7E0FFFF2817BFB9
:10D620002B6806201B5C00201CBF03F0180323702E
:10D6300038BD38B505460C46FFF7D0FFFF281FBFA1
:10D64000431C2A68DBB2D3581ABF0020236006208F
:10D6500038BD38B50C460546FFF7C0FF2A68431CA5
:10D66000D9B2545452FA83F3220A5A70220C240E6F
:10D670009A70DC70EB7E43F00103EB7638BD70B539
:10D6800006460D46FFF7AAFFFF2804460BD0326876
:10D69000105C224400F01800FFF746FF024400200F
:10D6A00053792B7070BD0620FCE770B506460D4619
:10D6B000FFF794FF32680446105C224400F0180023
:10D6C000FFF732FF0244557170BD10B50446FFF7F5
:10D6D00085FFFF2806D02368185CFFF72FFF023074
:10D6E000C0B210BD0220FCE710B50446FFF76AFF88
:10D6F000FF28014610D023681A7812070CD5A48899
:10D70000A0420BDA185CF5F7A1F8FF2808D0014415
:10D71000C9B28C42B8BFFF21084610BDFF21FBE70C
:10D720000146F9E7F8B50646FFF7DEFFFF28044695
:10D730002DD03046FFF739FE830505461CD530460F
:10D74000FFF7C3FF3768B188A21C93B210FA82F2C8
:10D750008A4207EB04061CDC3A5D02F07F021344A8
:10D760009CB210FA83F3994213DB3288C2F3C712DA
:10D770007F2A01D09942E7DC05F44053B3F5005FFE
:10D7800005D005F00705032D01D10134A4B2E0B2A4
:10D79000F8BDFF24FBE738B504460D46FFF7C2FF8E
:10D7A000FF2802460FD02046FFF7FFFD00F440504F
:10D7B000B0F5005F4FF00000216818BF02F1FF32A2
:10D7C0008B5C2B7038BD0620FCE710B50446FFF7D4
:10D7D000A9FFFF2816BF23680020C01810BD10B590
:10D7E0000446FFF7F2FF2368C01AC0B210BD70B53F
:10D7F00005468688FFF7F3FF04462846FFF765FFD6
:10D800000444301B80B270BD38B504460568FFF78C
:10D810005CFFA388181A284438BD2DE9F041002385
:10D820000446E2B008A803930D4600F079FC236893
:10D830001B781B0751D520460DF10B01FFF7D9FED0
:10D8400000284AD1204603A9FFF7F3FE0646002828
:10D8500043D10DF1100843469DF80B20284603994B
:10D8600000F04CFCA16808A800F0BFFA2046FFF7C2
:10D870002CFF05462046FFF7B2FF07462046FFF77C
:10D88000B6FF0D23023D02463946CDE9008308A8C4
:10D89000EBB200F0B6FA2046FFF7A1FF256802467A
:10D8A000294608A800F051FB2046FFF78EFF0546E9
:10D8B0002046FFF79CFF2A460346294608A8009603
:10D8C00000F07FFB2046FFF79FFF014608A800F00D
:10D8D000FCFBE37E43F01003E37608A800F030FC85
:10D8E00062B0BDE8F08138B504460D46112200F162
:10D8F0000801FFF752FB082229462046F4F74AFBAD
:10D90000204638BD10B40C4622B1012A07D05DF87C
:10D91000044B704708225DF8044BFDF7BCBD01F1D4
:10D920000802013812F8013DA24200F8013FF9D186
:10D93000EDE710220021FDF7E8BD0B46024630B5A9
:10D9400001F11005144618685968083303C4AB4246
:10D950002246F7D130BD102308608B80704738B560
:10D9600000254FF6FE73044629460822457045807F
:10D9700083800630FDF7C9FDE38904F1240003F03C
:10D98000FC0343F4FE4343F00103E38184F8595060
:10D990002561FFF7CEFF04F13400FFF7CAFF04F161
:10D9A0004400FFF7C6FF04F15C00656584F8585039
:10D9B000F4F750FBC4E91C55A4F86C50A4F8685067
:10D9C00084F86A5004F17C00BDE83840F4F742BBAB
:10D9D000007840F0ED0070470378DA0708D40B6850
:10D9E0001B789B0604D54FF47A515C30FFF79BBB44
:10D9F0007047007880F02000C0F340107047037833
:10DA000013F00C0F0CBF012000207047007880F04D
:10DA10000400C0F380007047007880F04000C0F33D
:10DA20008010704738B504460D460221F5F790F88E
:10DA3000294604F11800BDE83840F5F78FBB10B552
:10DA40000446F5F76DF87F2806D094F90F307F2B48
:10DA500001D0834200DAE073ECF7AAFA2369C01A16
:10DA6000002808DA216E04F15C004FF4FA32BDE8B8
:10DA70001040FFF755BB204694F90F10BDE8104049
:10DA8000FFF7D0BF38B590F85830044693420D46A2
:10DA900007D1183000F0CFF8636D9D4224BF0135E7
:10DAA000656538BD70B5C36905460C46164643B377
:10DAB00059B1F2B9026A3146204698472846FFF725
:10DAC00098FF68B1B5F868304BBBAB7B9B072CD493
:10DAD0003246214605F11800BDE87040F5F724BB39
:10DAE000E37D9B07EED52846227D2169FFF7CAFF1B
:10DAF0000FE0FFF77EFF0028E7D1E37D9807E4D52C
:10DB0000F1E7FFF776FF38B90029DED0E37D99070A
:10DB1000E9D4002ED6D0D8E70029FAD1D5E7E37DA5
:10DB20009A0744BFA3686B67CFE770BD37B504465B
:10DB3000406903681B781D072DD5C37ED9062AD4FA
:10DB40000DF10701FFF765FD28BB6069C37EDA07A9
:10DB500003D494F85810FFF7A8FD2046FFF749FFBB
:10DB6000C8B19DF80730082B15D1636904F1340260
:10DB70009A606069C37EDB0709D4656D2946FFF7AB
:10DB800068FD2946204694F85820FFF77BFF60691E
:10DB9000A11DFFF742FE03B030BD70B543780446C7
:10DBA000052B1AD0837BC3F340059B070CD5416935
:10DBB00000220B6818301B7813F0200318BF0E23C7
:10DBC000F5F7C6FA002070BDFFF7B0FF204665806C
:10DBD00084F85950F5F790F8F4E70D20F3E737B5DE
:10DBE00005460C46FFF705FF08BB0B681B781A07B4
:10DBF0001DD5CB7EDB071AD520460DF10201FFF7BC
:10DC000008FDA0B99DF80230082B10D1204601A9CB
:10DC1000FFF70FFD58B920460DF10301FFF72FFD67
:10DC200028B928469DF803200199FFF72BFF03B080
:10DC300030BD70477047704790F8AD3013B1123067
:10DC4000F5F7ACBB704790F8AD3013B11230F5F773
:10DC5000ABBB704710B490F8AD4024B15DF8044BF5
:10DC60001230F5F7A7BB5DF8044B704790F8AD3064
:10DC700013B11230F5F7A4BB70471230F5F7A6BB0D
:10DC80001230F5F7A9BB08B5F5F7D6FA08BD0C2098
:10DC900070470C2070470C2070470C207047A0F193
:10DCA0004103052B04D83738C0B2087000207047F4
:10DCB000A0F16103052B01D85738F5E73038C0B221
:10DCC0000928F2D9072070472DE9F7430646006876
:10DCD0000D461746984618B9072003B0BDE8F083F3
:10DCE000E2F742FF421C04465208B8F1000F07D089
:10DCF000B8F1010F3DD0002A3FD100202A80ECE787
:10DD00002B889342E8D104F00104002AF5D0002CBE
:10DD100039D1D6F800900DF1070199F80000FFF70E
:10DD2000BEFF0028D9D109F1010333609DF8073007
:10DD30001B01DBB23B70D6F800900DF1070199F89A
:10DD40000000FFF7ACFF0028C7D109F101033360E1
:10DD50003B789DF8071001340B43A24207F8013BC2
:10DD6000CBD0B8F1020FD4D12B88A342D1D124203B
:10DD7000B3E72B889342C6D2AEE72B88002BF6D0B0
:10DD800000F00104C3E700242346D3E713B50C4693
:10DD90006946F5F7A7FA40B9009B019AB3F5807F71
:10DDA00072F100022CBF0720237002B010BD07B52E
:10DDB0000123019001A8FFF787FF03B05DF804FB82
:10DDC000002310B5DCB250F82420013302B910BD95
:10DDD00041F82420F6E70023DAB250F822101A4660
:10DDE00001330029F8D1D0B270471FB50446084668
:10DDF00001A9FFF7B0FD204601A900F09DF904B08C
:10DE000010BD2DE9F84F044698460E4617461346B6
:10DE10000020DDF82890421C002B6BD19DF82CA02F
:10DE2000C0B2022838BF0220BAF10D0F28BF4FF050
:10DE30000D0ACAF10F039842B8BFD8B2C0F10F0360
:10DE40009A45C8BF5FFA83FA331E18BF0123A8F1B1
:10DE50000202013852109B01C5B243EAC2032B43B0
:10DE60005246494684F8203104F22110FDF713FB95
:10DE70003A460F2304F598719A453ED304F5907203
:10DE80001146204600F05AF9002E5CD0B6F57F4FBF
:10DE900094F8202194F82131C6F30720F1B232D250
:10DEA0004FF0020B42404B4084F8202184F821318E
:10DEB0005246494684F8305104F23110FDF7EBFA2E
:10DEC0000AF231100021CAF10F022044FDF71DFBB8
:10DED0000023C4E95537C4F85C31102384F864A1E9
:10DEE000C4F85061A4F860B1A4F8623184F8658187
:10DEF000BDE8F88F10461B0A8DE7013B01F8012DA4
:10DF0000DBB2120AB8E7D24383F0FE0384F8213172
:10DF100094F822314FF0060B83EA166384F822311D
:10DF200094F8233184F8202183EA164384F82331BE
:10DF300094F82431584094F8253184F8240159404C
:10DF400084F82511B4E7B346B2E72DE9F843044657
:10DF500015460E464FF000088F1800F59079B7422D
:10DF600016D1D4F854311D44D4F85031C4F854516A
:10DF70009D420BD1B4F860312BB104F5907211467B
:10DF8000204600F0DBF80023A4F86031BDE8F883F8
:10DF9000B4F86031102B06D14A464946204600F0BD
:10DFA000CDF8A4F86081B4F860315A1CA4F860215F
:10DFB000234416F8010B93F82021504083F82001E8
:10DFC000CDE72DE9F74F1F466FF4987A04460D46CA
:10DFD00091469DF8303001EB07080193AAEB000A47
:10DFE00000F5987BA8451ED1D4F85C311F44D4F8C5
:10DFF0005831C4F85C719F4264D3B4F860312BB1DE
:10E0000004F590721146204600F098F8002194F82B
:10E01000642102F231102044C2F10F0203B0BDE8C6
:10E02000F04FFDF772BAB4F86221102A16D104F548
:10E03000A070024694F864610AEB00018E4206DA91
:10E0400010F8011D0131C9B201700029F4D0594600
:10E05000204600F073F80022A4F86221B4F862218F
:10E06000019B511C89B222441BBB2E78A4F862117B
:10E0700092F84021724089F80020B4F86021102AFB
:10E0800008D104F590721146204600F057F800229E
:10E09000A4F86021B4F860210135511CA4F8601186
:10E0A000224492F8201109F101094E4082F82061C2
:10E0B00098E799F80060A4F8621192F84021564060
:10E0C0002E70DAE703B0BDE8F08F38B500F5A07226
:10E0D00004460D4600F5987100F030F8002304F274
:10E0E0001F1294F86511994200DC38BD12F8011F27
:10E0F00092F820004140E9540133F2E770B50D4633
:10E100001C461646014608221846FDF7C4F92B0E98
:10E1100023722B0C63722B0AA372E572267370BDF7
:10E1200000F1080310B503604FF48C73044683803C
:10E1300000F00CF8204610BD00F017B800F02FB822
:10E1400010B5044600F03FF8204610BD08B540B1B8
:10E150008388B3F58C7F06D3006800F08AFD002029
:10E1600008BD0720FCE70120FAE713B5044668461E
:10E1700000F038F87CB1A388B3F58C7F0DD3BDF8DF
:10E18000042000992068D200F8F706F8003818BF7C
:10E19000012002B010BD0720FBE70120F9E708B518
:10E1A000134660B18288B2F58C7F0AD30A460068B4
:10E1B000012100F069FD003818BF012008BD0720CB
:10E1C000FCE70120FAE708B540B18388B3F58C7FFE
:10E1D00006D3006800F052FD002008BD0720FCE7D0
:10E1E0000120FAE70A6802608A8882807047036823
:10E1F00010B55A1E114603628B4211D841620221AA
:10E20000017700210163A1F58031C0E90A33C0E93B
:10E210000D13934207D8C0E90F23C0E9113310BD95
:10E2200004892144E8E701890A44F2E70160028198
:10E230001144002208B5C0E90322C0E9052241606B
:10E24000FFF7D5FF08BDC0E903127047C0E905120A
:10E25000704710B50446084613B1012B07D010BD16
:10E26000636810449842FAD32289801AFAE7236837
:10E27000881A8342F3D922891044FAE723B1012B8B
:10E280000CD0002188B270478A4237BF4368511AC8
:10E290005B1A01683CBF521AD118F3E78A4289BF62
:10E2A0004368891A9B1A026884BF891AC918E9E76A
:10E2B00010B51446120A0A700122FFF7CAFF047053
:10E2C00010BD134610B50122FFF7C3FF0C78037889
:10E2D0002402E01880B210BD2DE9F041876A90F861
:10E2E0001C800E4643463946C26A0446FFF7C6FF05
:10E2F0000128054613D9424639462046FFF7E1FF7B
:10E30000023DC5F30D052E4340EA06024346204672
:10E3100092B2FFF7CDFFE36AA362BDE8F081E76246
:10E32000FBE72DE9F04790F81CA00446BAF1020F74
:10E330000E4617461D4625D0836AD1F804909945AC
:10E3400022D153464946C26AFFF798FF3668804695
:10E350005346324649462046FFF790FF2844404541
:10E3600012DC3D44AF4202D10020BDE8F08717F82F
:10E37000013B3146337001222046237FFFF769FFBE
:10E380000646EFE70D20F0E70720EEE72DE9F0471E
:10E39000057F0446022D0E461DD0836AD1F8048005
:10E3A000984518D1D0F82C902B464A464146FFF7A5
:10E3B00065FF366807462B46324641462046FFF742
:10E3C0005DFF874207D92B464A4631462046BDE8C5
:10E3D000F047FFF753BF0020BDE8F0872DE9F0417B
:10E3E00090F81C800446B8F1020F0D4616D0836ADF
:10E3F0004F689F4214D143463946C26AFFF73EFF39
:10E400002D68064643462A4639462046FFF736FF22
:10E41000864205D90020E562BDE8F0810D20FBE7CA
:10E420000720F9E738B5037F0446022B12D00021FC
:10E43000FFF752FF227FA06A04EB8203196A21636F
:10E440001862E56815B123462069A8470223002019
:10E45000237738BD0D20FCE7006B7047C26B436A21
:10E460009A4205D1836B006A1B1A58425841704783
:10E470000020704790F8353033B9C36B426A9B1A5D
:10E4800018BF012380F8343070472DE9F04104466D
:10E4900090F8345000EB8506376A616CB94221640C
:10E4A0001FD02A462046FFF70CFF030402D5B36BAA
:10E4B000994216D1C0F30D00821C2B462046FFF76F
:10E4C000C8FE2B468046606402222046FFF7C1FE4C
:10E4D0008045A064E1D00123002084F83530BDE8F8
:10E4E000F08103231720F8E708B50146FFF7B6FFD0
:10E4F00068B90846FFF7BEFF91F834300E3351F883
:10E500002330C1E91033BDE80840FFF7BEBF172034
:10E5100008BD90F8350003281ABFB0FA80F0400912
:10E520000120704738B590F835200446012A0ED1F5
:10E53000816C90F83430FFF78CFE636C0D78984254
:10E54000A06402D12046FFF7A0FF284638BD002571
:10E55000FBE7416AD0E90E2399420CD1017F0129E2
:10E5600009D0531E0268934202D34362C3637047CB
:10E5700001890B44F7E7016A914207D1027F2AB172
:10E5800042680133934202D2036283637047018978
:10E590005B1AF7E7037F022B06D0083350F82330CD
:10E5A000C0E90A3302230377FFF7D3BF70B5047FB6
:10E5B0000E4623460122C16A0546FFF74AFEB4FA19
:10E5C00084F35B09083355F82330834203D00E707F
:10E5D000E862002070BD2846FFF7DCFF0320F9E762
:10E5E00070B5D0E90A239A4205461AD1037F00216B
:10E5F000083350F82360B31A5E425E41FFF7D6FF3E
:10E60000F603044658B901462846FFF7CFFF0446F3
:10E6100028B9324628462B7FA96AFFF749FE2046D3
:10E6200070BD0024FBE738B5037F0446022B0D467E
:10E6300007D0FFF7D5FF18B9E36A2B60A36A6B60B8
:10E6400038BD0D20FCE738B5037F0446022B0D468C
:10E6500008D0FFF7C5FF30B929462046BDE838404D
:10E66000FFF7A4BF0D2038BDF8B5037F0746022B86
:10E670000D46164611D0FFF7B3FF044610B92E44DD
:10E68000B54201D12046F8BD384615F8011BFFF709
:10E690008DFF0028F4D00446F4E70D24F2E738B5E6
:10E6A0000D460446FFF776FF0DB1012D00D1257709
:10E6B000237F083354F82330C4E90A3338BD2DE9E9
:10E6C000F0410446FFF7CAFE90BB2046FFF7D2FE9A
:10E6D00094F8345004EB8507BE6BD7F820803146A0
:10E6E000884507D02A462046FFF7EBFD030410D5E6
:10E6F000B1420ED0B9632046FFF72BFF002384F808
:10E7000035304FF6FF736769E3865FB90020BDE8D7
:10E71000F081C0F30D00821C2B462046FFF799FDC7
:10E720000146DDE723462A463146A069B847EDE7B2
:10E730001720ECE70022C0E90022C0E9022270475E
:10E7400000228388C28003818272838170470029FE
:10E75000016014BF1146002110B58180FFF7F0FF62
:10E76000818110BD10B5C38802895C1C944297BF9B
:10E7700002680620D35C0B709FBFC3880133C3803F
:10E78000002010BD13B50C460DF10701FFF7EAFF9D
:10E7900028B99DF8073023B1012B04D1237002B0B2
:10E7A00010BD0346FAE70620F9E713B50C460DF154
:10E7B0000701FFF7D7FF10B99DF80730237002B0AB
:10E7C00010BD10B5C38802899C1C94420BD8026806
:10E7D000D4186478D35C43EA04230B80C3880233E3
:10E7E000C380002010BD0620FCE770B5C4880389F3
:10E7F000221D9A4211D805682A19937856782C5D03
:10E800001B04D27843EA0623234343EA02630B60E6
:10E81000C3880433C380002070BD0620FCE770B5B8
:10E82000C288038902F108049C421CD80568AC1810
:10E83000A3786678AA5C1B0443EA06231343E278B4
:10E84000657943EA0263227942EA0522A579E479EF
:10E8500042EA054242EA0462C1E90032C388083351
:10E86000C380002070BD0620FCE737B50446C3888E
:10E870000D4601890068C91A184401AAFAF76FFF0A
:10E880000028C9BFE3880620C018E080C2BF00206E
:10E89000019B2B6003B030BD30B5C4880389A51837
:10E8A0009D42D7BF036806201B190B60DFBFC388DA
:10E8B000D218C280002030BD38B5C28803890D4609
:10E8C000511C9942044601D9062038BD00689B1AA4
:10E8D00099B21044FEF756FBE28823899B1A9BB23B
:10E8E0009842F1D2236813442B60E3880133184423
:10E8F000E0800020E9E710B4C48803891B1B9BB2A9
:10E9000013805DF8044B1A46FFF7C6BFF7B50E46F5
:10E910000DF1060105461446FFF753FF40B9BDF857
:10E92000067031463A462846FFF7B6FF00B9278001
:10E9300003B0F0BDC38883810389C381837AC37226
:10E940007047838982889A4281BFC380C3890381CB
:10E95000C37A86BF837200200D20704738B5044605
:10E960000D460068C9B2FFF76EFE28B92068290A73
:10E97000BDE83840FFF767BE38BD38B504460D46E0
:10E980000068C9B2FFF75FFE88B92068C5F30721A8
:10E99000FFF759FE58B92068C5F30741FFF753FE4A
:10E9A00028B92068290EBDE83840FFF74CBE38BDB5
:10E9B00070B5D1B20446006816461D46FFF743FE07
:10E9C00038BB2068C6F30721FFF73DFE08BB20686F
:10E9D000C6F30741FFF737FED8B92068310EFFF7BD
:10E9E00032FEB0B92068E9B2FFF72DFE88B9206881
:10E9F000C5F30721FFF727FE58B92068C5F3074183
:10EA0000FFF721FE28B92068290EBDE87040FFF706
:10EA10001ABE70BD13B50A46044606216846FAF7C9
:10EA2000CAFE694682B22068FFF71EFE02B010BD22
:10EA300070B50D4611F00F0118BF002304460EBF3C
:10EA400080F82410012180F8243000681646FFF772
:10EA500026FE29462068FFF7F6FD28B931462046F4
:10EA6000BDE87040FFF7D6BF70BD70B50E461146C9
:10EA700005461446FFF772FF30B922463146286832
:10EA8000BDE87040FFF7F0BD70BD38B504460846DC
:10EA90000D46E2F769F84FF6FF73984228BF184613
:10EAA000294682B22068FFF7DFFD014620B92068C1
:10EAB000BDE83840FFF7C7BD38BD10B590F8241049
:10EAC0000446032916D800EBC10104310068FFF7A2
:10EAD000AAFD70B901462068FFF7B5FD48B90146A7
:10EAE0002068FFF7B0FD20B994F82430013384F892
:10EAF000243010BD0D20FCE773B590F824100446B7
:10EB000011B90D2002B070BD082504260139C9B223
:10EB100080F8241015FB016101440068FFF736FC02
:10EB20000128EED994F82430023815FB0361ADF8C2
:10EB30000400022320680DEB06022144FFF7F1FBDD
:10EB4000E0E710B5044694F8243023B92068BDE806
:10EB50001040FFF767BC2046FFF7CEFF0028F2D039
:10EB600010BD10B500F1280104460068FFF75BFDF9
:10EB700018B994F8243084F8253010BD38B504460F
:10EB80001D46FFF755FF48B92046FFF7EAFF28B9B1
:10EB900029462046BDE83840FFF73CBF38BD10B5D8
:10EBA00000F1280104460068FFF718FC18B994F832
:10EBB000253084F8243010BD38B504460D46FFF7E3
:10EBC000EEFF50B901462046FFF724FF28B9294639
:10EBD0002046BDE83840FFF71DBF38BD838843B1EC
:10EBE00003685A1C026019708388013B83800020EF
:10EBF000704703207047002201608280704708B58B
:10EC00004FF6FF737E2183800068FFF7E7FF08BDA2
:10EC1000F7B504466D460368A68893E8030085E8C7
:10EC20000300F14320468FB2C9B2F4F7DDFB03467F
:10EC300058B92046390AF4F7D7FB034628B97E2194
:10EC40002068FFF7CBFF034628B122680098A98807
:10EC500010609180A680184603B0F0BD30B5002545
:10EC6000C0E90112C0E90335057030BD00207047CE
:10EC700070474FF48C720021FCF747BC18B14FF479
:10EC80008C71F4F7B1BD704710B40C46012C1146DD
:10EC90001A4603D15DF8044BF7F79EBA5DF8044BB2
:10ECA000F7F7AABA034611F8012B03F8012B002A43
:10ECB000F9D1704730B514469BB005461A46002C72
:10ECC00005DA8B2303604FF0FF301BB030BD4FF4EB
:10ECD0000273009104916946ADF80C3014BF04F141
:10ECE000FF332346029305934FF6FF73ADF80E30C2
:10ECF0001E9BF7F7D3FA431CBCBF8B232B60002C61
:10ED0000E3D0009B00221A70DFE72DE9F0471F4691
:10ED10008E6882460C46BE4290460B682DD8B1F9EB
:10ED20000C2012F4906F26D06569096905EB450542
:10ED3000A3EB01097B1C05EBD5754B446D109D427F
:10ED400038BF1D46530527D52946F1F767FE06460D
:10ED500060B34A462169FCF79EFBA38923F49063C4
:10ED600043F08003A38126614E446561A5EB09054C
:10ED700026603E46A560BE4200D93E463246414628
:10ED80002068FCF7A8FBA36800209B1BA3602368F6
:10ED900033442360BDE8F0872A46FCF76EFD064643
:10EDA0000028E0D121695046F1F7EEFD0C234FF029
:10EDB000FF30CAF80030A38943F04003A381E9E79C
:08EDC000F81AFE7F01000000BB
:10EDC800B524000000000000A52800000000000095
:10EDD80095800000A8EE01002DAB010000000000A6
:10EDE80089F5000000000000ADF5000000000000FB
:10EDF800418300000000000083960100000000002D
:10EE08007B900100C0EE0100E94C0000D8EE010043
:10EE180071990000F0EE01005D9D00000000000007
:10EE28006973010000000000754D0000000000003B
:10EE3800297801000000000087960100000000000A
:10EE4800BD08010000000000C770010008EF0100C4
:10EE5800ED5E000000000000C57400000000000026
:10EE6800658B000020EF01003994000038EF0100A5
:10EE780037AB0100000000008D86000050EF010054
:10EE8800A991000068EF0100E925000000000000DA
:10EE98002540000000000000997A010000000000F1
:10EEA800F4110200C0F50100F0F50100C8030020CC
:10EEB8004043002008F201002E120200000000006A
:10EEC8000CF60100CA0300200000000002F2010055
:10EED80076090200B8070020ACF40100C603002040
:10EEE80000000020FCF10100AA160200BCF6010097
:10EEF800F0F60100D40300201C020020F6F1010006
:10EF080024040200B4000020F8F30100C403002028
:10EF1800E0070020EEF101004714020000000000A5
:10EF280088F60100CE03002000000000E8F101008F
:10EF38007216020014020020A8F60100D203002075
:10EF48002C440020E0F10100D71302001CF6010058
:10EF58006CF60100CC03002074010020DAF10100F6
:10EF68007B150200A4F60100D8010020D003002080
:08EF780038100020D4F1010063
:10EF80000000000087770100000000008777010083
:10EF90000000000087770100000000008777010073
:10EFA0000000000087770100499E0100E99B0100F5
:10EFB0000000000087770100000000008777010053
:10EFC000F0EE010087950100000000008777010046
:10EFD0000000000087770100000000008777010033
:10EFE0000000000087770100000000008777010023
:10EFF0000000000087770100000000008777010013
:10F000000000000087770100000000008777010002
:10F0100000000000877701000000000087770100F2
:10F02000000000008777010000000000C91A0000FE
:10F0300000000000877701000000000087770100D2
:10F0400000000000877701000000000087770100C2
:10F0500000000000877701000000000087770100B2
:10F0600000000000877701000000000087770100A2
:10F070000000000087770100000000008777010092
:10F080000000000087770100000000008777010082
:10F090000000000087770100000000008777010072
:10F0A0000000000087770100000000008777010062
:10F0B0000000000087770100000000008777010052
:10F0C0000000000087770100000000008777010042
:10F0D000B1D00000E99B010035D80000E99B010098
:10F0E0000000000087770100000000008777010022
:10F0F0000000000087770100000000008777010012
:10F100000000000087770100000000008777010001
:10F1100000000000877701000000000087770100F1
:10F1200000000000877701000000000087770100E1
:10F13000A5E30000E99B01005DE60000E99B0100FA
:10F1400000000000877701000000000087770100C1
:10F1500000000000877701000000000087770100B1
:10F1600000000000877701000000000087770100A1
:10F170000000000087770100000000008777010091
:10F180000000000087770100000000008777010081
:10F190000000000087770100000000008777010071
:08F1A000000000008777010068
:10F1A80010180020C0CF00200004000005B20000A5
:10F1B800000000000000000000000000F0FFFFFF5A
:0CF1C8000000000000000000B41802006D
:10F1D40000800080FF7F00800080FF7F008000802F
:10F1E4000500FF7F00800080FF7F07000080008013
:10F1F400FF7F00800080FF7F00800080FF7F008011
:0AF204000080FF7F00800080FF7F84
:0EF20E000000000000000000000000000000F2
:10F21C00FD1C020000000000081D020000000000A0
:10F22C00281D02000000000017030200030000006C
:10F23C00201202000300000004030200030000007F
:10F24C00D5160200030000005E140200030000004B
:10F25C008C0302000300000086150200030000006E
:10F26C0018040200030000003B040200030000002D
:10F27C003F040200030000007D16020003000000A2
:10F28C00400E020003000000FC0E02000300000010
:10F29C00040F020003000000A90F02000000000090
:10F2AC00250F0200000000008A0F02000000000081
:10F2BC00B20F0200000000002E0F02000000000040
:10F2CC00C50F020000000000130F02000000000038
:10F2DC00BD0F020000000000151802000400000021
:10F2EC00E116020003000000F61602000000000008
:10F2FC001817020000000000FB17020000000000BD
:10F30C00EB17020003000000920F02000000000047
:10F31C00A20F020000000000CE0F0200000000004F
:10F32C00610F020000000000E30E02000300000069
:10F33C00EA1E020003000000BB04020003000000F0
:10F34C00E413020003000000061802000300000092
:10F35C005703020003000000E01802000300000045
:10F36C00DF1A020003000000830302000300000008
:10F37C00B416020003000000830902000300000021
:10F38C007507020003000000540602000300000091
:10F39C00EB11020003000000FF0702000300000055
:10F3AC0080F40100C02F0020AB040200010000001B
:04F3BC00FFFFFFFF51
:10F3C00071E80000060000001A0F020001000000B2
:10F3D00000020000000200000000000000C2010066
:10F3E0000000080000000000000000000000000015
:10F3F0000338FDD8704700001D2900005971010035
:10F40000052B0000512B00003D7201005B6F0100D5
:10F41000CF6F0100636F0100956F01007F6F0100E6
:10F42000696F0100BF720100AF720100BB72010081
:10F43000AD720100000000000000000000000000AC
:10F44000000000009D720100C533000000000000B4
:10F450000000000000000000000000008B0402001B
:10F460009304020000000000000000000000000003
:10F470009B0402009F040200A3040200A7040200F0
:10F480008934000000000000753400005D34000085
:10F49000000000006934000000000000AD340000EE
:10F4A000C82F00204B7400200100000045770100A8
:10F4B0002949000000000000B9750100BD75010078
:10F4C000D1490000F17601002D480000337501009C
:10F4D0003D7501000D4800004B7501000000000063
:10F4E0005575010000000000000000005D7501007E
:10F4F0007B7501007F75010033760100877501007F
:10F500000000000057770100580100205001002042
:10F51000480100200000000040010020E54E0000EE
:10F52000B54D0000094E00007D4E00000000002097
:10F5300000000000060001000200000040F501008C
:10F5400000000000D40E020002000000E0FF0F00E7
:10F5500000000020DC0E020021000000E0FF062079
:10F56000515F0000000000009578010000000000DD
:10F5700000000000000000000000000060F5010035
:10F5800084F501008000000060FB002060F50100B0
:10F5900094F501008000000020050120000000001B
:10F5A000000000000000000000000001997300004E
:10F5B00000000000598000003180000000000000C1
:10F5C0006181000001820000FF110200199001001A
:10F5D0002B900100051202001390010025900100FC
:10F5E0000B1202000D9001001F9001001512020085
:10F5F000C58100008D8F0100F38F01000000000025
:10F60000FD8E0100000000000000000037900100A6
:10F610000000000004000000FF00000000000000E7
:10F6200000000000000004030000000000050001CD
:10F630000100000000008000C228170040F6010011
:10F6400000B002504CF601000100000054F6010029
:10F650000600000011061D000D061F000E0620000A
:10F660000F0621001006220012061E009D890000D0
:10F67000658800003D850000D9830000C983000033
:10F680000008000000100000198B0000318C000001
:10F690008D8B0000118B0000018B00000400000026
:10F6A000FF000000BF920100E9940000EF9201000A
:10F6B0000B9301000F930100B195000000800050F2
:10F6C0000200000000000000CCF6010000800050A5
:10F6D000D8F6010001000000E0F60100040000007F
:10F6E00014000000130002009601010095010300C0
:10F6F000B5930100799A000069930100F597000025
:10F700005993010017950100DD9301000B9401004E
:10F7100039940100439401007D9401008994010013
:10F72000439401006D94010095940100A39401009D
:10F73000B1940100E7940100EB9401000000000087
:10F7400000000000B9D80000FF9E01002B9F0100BF
:10F75000259F01001F9F0100199F0100139F0100B9
:10F760000D9F0100079F0100019F01001DDB0000AC
:10F7700081DB000071E100008B9F0100859F01008B
:10F780007F9F0100799F0100739F01006D9F010021
:10F79000679F010039DB0000D1D90000E5D80000E7
:10F7A0003DE3000015E00000471D02005A1D020065
:10F7B0006D1D0200801D0200931D0200A61D0200A7
:10F7C000B91D0200CC1D0200F5FFFFFF9B1E0200C9
:10F7D000A91E0200BD1E0200CC1E0200D81E02009F
:10F7E000C8ED0100C8ED010020EE010028EE010087
:10F7F000A8EE0100A8EE0100EC02002000000000CD
:10F8000000000000000000000000000000000000F8
:10F8100000000000000000000000000000000000E8
:10F8200000000000000000000000000000000000D8
:10F8300000000000000000000000000000000000C8
:10F8400000000000000000000000000000000000B8
:10F850000000000000000000000000000810000090
:10F86000DFC1010000000000041300002FCB0100E5
:10F8700000000000051300004DCB01000000000057
:10F8800008100000C1C101000000000004130000C6
:10F8900069CB0100000000000513000087CB0100C8
:10F8A0000000000007000000B5C2010000000000D9
:10F8B00020000000F51B01000000000021000000F6
:10F8C0006FBF010000000000240000004BC50100D4
:10F8D00000000000250000009DC5010000000000A0
:10F8E0002A000000EFC50100000000002B0000000E
:10F8F00013C60100000000002C00000073C60100C8
:10F900000000000030000000FD19010000000000B0
:10F91000310000006FC10100000000003200000053
:10F9200093C1010000000000340000004BC0010042
:10F930000000000035000000A7CB0100000000001F
:10F940003600000015C00100000000003700000074
:10F9500089C001000000000038000000C7BF01009E
:10F960000000000000080000C3CC010000000000FF
:10F970000108000055CD0100000000000308000050
:10F98000A1CD0100000000000313000089CA01009E
:10F990000000000004130000A9CA010000000000DC
:10F9A00005130000EDCA0100000000000340000044
:10F9B000B3C601000000000000000000FDC101000E
:10F9C000000000000100000007C20100000000006C
:10F9D0000200000087C201000000000003000000D8
:10F9E00025C2010000000000040000002DC201003B
:10F9F000000000000500000035C20100000000000A
:10FA0000060000009DC20100000000000700000089
:10FA1000ADC201000000000008000000B9C20100F2
:10FA20000000000009000000D3C201000000000037
:10FA30000C000000DBC20100000000000D0000000F
:10FA4000A5C20100000000002000000043BF01002B
:10FA5000000000002100000059BF0100000000006C
:10FA60002200000001C70100000000002300000088
:10FA7000011B010000000000240000001DC5010062
:10FA800000000000250000006FC50100000000001C
:10FA900026000000F1C40100000000002700000063
:10FAA00007C50100000000002900000017C7010081
:10FAB000000000002A000000C1C501000000000095
:10FAC0002C00000045C601000000000030000000CE
:10FAD0009DC10100000000003100000067C101006D
:10FAE000000000003200000089C101000000000099
:10FAF0003400000033C001000000000035000000A9
:10FB000067C001000000000036000000FDBF0100DA
:10FB100000000000370000007FC00100000000006E
:10FB200038000000ADBF010000000000B000000080
:10FB3000C5C7010000000000B1000000CDC70100F2
:10FB400000000000020800006FCA01000000000071
:10FB500004080000CBC00100000000000508000000
:10FB6000E1C00100000000000B1200004DCA0100BE
:10FB7000000000000313000065CA0100000000003F
:10FB80000040000091C6010000000000014000009C
:10FB90009BC60100000000000240000099C6010061
:10FBA0000000000003400000F3C601000000000058
:10FBB000000000007700000000000000700000005E
:10FBC00000000000010000006000000000000000D4
:10FBD00001000000610000000000000001000000C2
:10FBE000630000000000000001000000430000006E
:10FBF00000000000010000004800000000000000BC
:10FC000001000000470000000000000001000000AB
:10FC10000D1500000000000001000000520000006F
:10FC200000000000010000005A0000000000000079
:10FC3000010000005B000000000000000100000067
:10FC40004200000000000000010000004900000028
:10FC50000000000001000000000000000B00000098
:10FC600001000000000000000E0000000100000084
:10FC70000112000000000000010000000000000070
:10FC800068000000000000003000000000000000DC
:10FC900000000000660000000000000001000000FD
:10FCA00021000000000000000100000036000000FC
:10FCB00000000000010000004400000000000000FF
:10FCC00001000000450000000000000001000000ED
:10FCD0004600000000000000010000004B00000092
:10FCE00000000000010000002200000000000000F1
:10FCF00001000000000000006A0000000000000099
:10FD0000000000006900000000000000000000008A
:10FD10006C00000000000000000000006D0000000A
:10FD2000000000000D1900000000000001000000AC
:10FD3000CE200200D120020095A0000035A00000D6
:10FD400041A00000D59F000029A00000B19F000045
:10FD50003A16020079D1010000000000AB22020037
:10FD60008D24010000000000AE2202009D20010051
:10FD700000000000B3220200852201000000000004
:10FD8000B8220200B3D1010000000000BE22020030
:10FD90006125010000000000CC220200D1230100F7
:10FDA00000000000AA2102003FD101000000000075
:10FDB000B02102004BD1010000000000DC22020053
:10FDC000E524010000000000CC240200D52402003C
:10FDD000DB240200E32402000D250200EF240200D0
:10FDE000FA2402000A250200162502003825020026
:10FDF0003B25020042250200472502004E25020055
:10FE0000562502005B250200612502006D250200D7
:10FE100076250200832502008D250200932502002D
:10FE2000A2250200AF250200B5250200CA25020066
:10FE3000D3250200DA250200EA250200FA25020095
:10FE40001A2602000F2602002A260200332602008C
:10FE50003B2602004B2602006626020071260200A5
:10FE6000812602008C2602009E260200A5260200A2
:10FE7000B8260200C8260200D6260200E5260200A7
:10FE8000ED26020000000000FF8FFFFFFF8FFFFF45
:10FE9000FE8FFFFFFE8FFFFFFD8FFFFFFC8FFFFF39
:10FEA000FC8FFFFFFB8FFFFF6D757465785F6672D7
:10FEB00065652063616C6C65642077697468204EA9
:10FEC000554C4C20706172616D6574657200000064
:10FED00043616E277420696E697469616C697A6523
:10FEE000206D757465782C20776173204E554C4CCD
:10FEF0000D0A00004661696C20746F2061637175A2
:10FF0000697265206D757465780A00004661696CD8
:10FF100020746F20696E63726561736520504D2097
:10FF2000636F756E7465720A000000004661696C4B
:10FF300020746F20646563726561736520504D2085
:10FF4000636F756E7465720A000000004661696C2B
:10FF500020746F2072656C65617365206D757465C2
:10FF6000780A0000436F756C64206E6F74206C6FAC
:10FF7000636B20706F7765722073617665206D7595
:10FF8000746578004661696C20746F20756E6C6FC3
:10FF9000636B206D757465780A00000063747820C7
:10FFA00063616E6E6F74206265204E554C4C00008C
:10FFB0000A637478206973204E554C4C0A00000087
:10FFC00067E6096A85AE67BB72F36E3C3AF54FA5EA
:10FFD0007F520E518C68059BABD9831F19CDE05B16
:10FFE000D89E05C107D57C3617DD703039590EF71C
:10FFF000310BC0FF11155868A78FF964A44FFABEE2
:020000022000DC
:100000000123456789ABCDEFFEDCBA9876543210F8
:10001000F0E1D2C30000F0FFF0FFF0FFEAFF74FF51
:10002000F0FFF0FFF0FFF0FFEAFF3001340138018C
:100030003C014001440148014C01500108010C0100
:100040001001140118011C01200124012C010000E1
:10005000891112239B322446AD573665BF74488CF4
:10006000C19D5AAFD3BE6CCAE5DB7EE9F7F88110BB
:10007000080193331A22A5562C47B7753E64C99CD4
:10008000408DDBBF52AEEDDA64CBFFF976E802219A
:100090008B30100299132667AF763444BD554AADB4
:1000A000C3BC588ED19F6EEBE7FA7CC8F5D983317B
:1000B0000A2091121803A7772E66B5543C45CBBD94
:1000C00042ACD99E508FEFFB66EAFDD874C904425A
:1000D0008D5316619F702004A9153227BB364CCE74
:1000E000C5DF5EEDD7FC6888E1997AABF3BA85523B
:1000F0000C4397711E60A1142805B3373A26CDDE54
:1001000044CFDFFD56ECE9986089FBBB72AA066319
:100110008F7214409D512225AB343006B9174EEF33
:10012000C7FE5CCCD5DD6AA9E3B8788AF19B8773FA
:100130000E6295501C41A3352A24B1163807CFFF13
:1001400046EEDDDC54CDEBB962A8F99A708B0884D9
:1001500081951AA793B62CC2A5D33EE1B7F040080B
:10016000C919522BDB3A644EED5F766DFF7C8994A2
:1001700000859BB712A6ADD224C3BFF136E0C118EB
:100180004809D33B5A2AE55E6C4FF77D7E6C0AA581
:1001900083B4188691972EE3A7F23CC0B5D14229CB
:1001A000CB38500AD91B666FEF7E744CFD5D8BB562
:1001B00002A499961087AFF326E2BDD034C1C339AB
:1001C0004A28D11A580BE77F6E6EF55C7C4D0CC641
:1001D00085D71EE597F42880A1913AA3B3B2444A8B
:1001E000CD5B5669DF78600CE91D722FFB3E8DD622
:1001F00004C79FF516E4A9902081BBB332A2C55A6B
:100200004C4BD7795E68E11C680DF33F7A2E0EE700
:1002100087F61CC495D52AA1A3B03882B193466B4A
:10022000CF7A5448DD59622DEB3C700EF91F8FF7E1
:1002300006E69DD414C5ABB122A0B9923083C77B2A
:100240004E6AD5585C49E33D6A2CF11E780F0A0DC1
:100250000A0D3D3D3D3D3D3D3D3D3D3D3D3D3D3D31
:100260003D3D3D3D3D3D3D3D3D3D3D3D3D3D3D3DBE
:100270003D3D3D3D3D3D3D3D3D3D3D3D3D3D3D3DAE
:100280003D3D3D3D3D3D3D3D3D3D3D0A0D4F706594
:100290006E54687265616420436F70726F6365733A
:1002A000736F72206170706C69636174696F6E2026
:1002B0006973206E6F772072756E6E696E67206F3E
:1002C0006E204E43532E0A0D3D3D3D3D3D3D3D3D8F
:1002D0003D3D3D3D3D3D3D3D3D3D3D3D3D3D3D3D4E
:1002E0003D3D3D3D3D3D3D3D3D3D3D3D3D3D3D3D3E
:1002F0003D3D3D3D3D3D3D3D3D3D3D3D3D3D3D3D2E
:100300003D0A0D00636F70726F636573736F725F88
:1003100073616D706C650063627072696E74665FA4
:100320007061636B61676500286E696C29004661C6
:10033000696C656420746F207265626F6F743A2017
:100340007370696E6E696E6720656E646C65737339
:100350006C792E2E2E0A00736F63004661696C65FE
:10036000642073796E6368726F6E697A6564205277
:10037000544320736574757020286572723A202585
:1003800064290073796E635F7274630066735F6ED5
:10039000767300496E76616C696420696E7374616E
:1003A0006E636500496E76616C6964206261636B9F
:1003B000656E6420636F6E66696775726174696FDC
:1003C0006E00496E76616C696420696E7374616E4B
:1003D00063652C20656E64706F696E74206F722087
:1003E000636F6E66696775726174696F6E00496EDE
:1003F00076616C696420656E64706F696E74004527
:100400006E64706F696E74206E6F742072656769B8
:100410007374657265640A006970635F73657276F0
:100420006963650069706330007372616D302E73AB
:10043000686D0067656E65726963006C6F67006C5C
:100440006F675F6D676D74001B5B306D00257320F7
:10045000005B2530386C755D20005B253032753AC5
:10046000253032753A253032752E253033752C25DE
:100470003033755D20003C25733E200025732F002E
:100480002530327820007C002563001B5B313B3334
:10049000316D001B5B313B33336D00657272007749
:1004A000726E00696E6600646267006C6F675F62FF
:1004B00061636B656E645F72747400706D00456E8D
:1004C00064706F696E7420307825303278206973DB
:1004D00020696E76616C696400456E64706F696E48
:1004E000742030782530327820616C7265616479CF
:1004F0002064697361626C6564004661696C65645F
:1005000020746F2064697361626C6520656E64702D
:100510006F696E742030782530327800536574200E
:1005200068616C7420657020307825303278004323
:100530006C6561722068616C74206570203078256C
:1005400030327800456E64706F696E7420307825A3
:1005500030327820616C726561647920636F6E66F9
:10056000696775726564004661696C656420746FC3
:1005700020636F6E66696775726520656E64706F63
:10058000696E742030782530327800456E64706F63
:10059000696E742030782530327820616C72656124
:1005A000647920656E61626C6564004661696C65A2
:1005B0006420746F20656E61626C6520656E647086
:1005C0006F696E7420307825303278004661696C2E
:1005D000656420746F20777269746520656E64703D
:1005E0006F696E742062756666657220307825309A
:1005F0003278005265717565737420627566666540
:100600007220746F6F20736D616C6C004661696C51
:10061000656420746F20636F6E666967757265200C
:100620005553422064657669636520737461636B1A
:100630000055534220646576696365207375707058
:100640006F727420616C726561647920656E61629D
:100650006C6564007573625F64657669636500301C
:100660003132333435363738394142434445460018
:100670005468657265206973206E6F207573625FC0
:100680006366675F6461746120666F722025700025
:10069000556E696E697469616C697A6564207573F9
:1006A000625F6366675F6461746120706F696E7416
:1006B00065722C20636F7272757074656420646556
:1006C000766963652064657363726970746F723FE5
:1006D000004661696C656420746F2076616C6964A2
:1006E00061746520656E64706F696E747300746800
:1006F00065206E657720534E206465736372697060
:10070000746F7220646F65736E27742068617665FC
:10071000207468652073616D65206C656E67746810
:1007200020617320434F4E4649475F5553425F4413
:1007300045564943455F534E00496E636F6D706C7B
:1007400065746520646576696365206465736372AA
:100750006970746F72004661696C656420746F2003
:1007600066697875702055534220646573637269B9
:1007700070746F72007573625F6465736372697021
:10078000746F72005472616E736665722065727266
:100790006F722025642C20657020307825303278E7
:1007A0000052582064617461206C6F73742C206E49
:1007B0006F207472616E73666572004E6F20747282
:1007C000616E7366657220736C6F74206176616907
:1007D0006C61626C650041207472616E7366657253
:1007E00020697320616C7265616479206F6E676F38
:1007F000696E672C2065702030782530327800755E
:1008000073625F7472616E73666572005553422045
:10081000646576696365206E6F74207265616479C2
:100820002C2064726F7020646174610052696E677D
:10083000206275666665722066756C6C2C20647229
:1008400061696E20627566666572004661696C65F5
:100850006420746F20647261696E206275666665DB
:100860007200446576696365206E6F7420636F6EF5
:1008700066696775726564206F7220737573706541
:100880006E6465642C2064726F7020256420627928
:100890007465730052696E672062756666657220C2
:1008A00066756C6C2C2064726F7020257A642062EF
:1008B0007974657300446576696365206461746169
:1008C000206E6F7420666F756E6420666F7220658F
:1008D0006E64706F696E7420257500446576696377
:1008E000652064617461206E6F7420666F756E643C
:1008F00020666F7220696E7465726661636520257B
:1009000075004465766963652064617461206E6F6B
:100910007420666F756E6420666F72206366672050
:1009200025700044657669636520636F6E6669674C
:1009300075726564004465766963652064697363F4
:100940006F6E6E65637465640044657669636520E7
:1009500073757370656E646564004465766963657C
:1009600020726573756D65640066726F6D207375B6
:100970007370656E64006364635F61636D5F75616E
:100980007274007573625F6364635F61636D0075A9
:100990007362776F726B71006D757465785F696EE5
:1009A00069742063616C6C65642077697468204E9B
:1009B000554C4C20706172616D6574657200436FB7
:1009C000756C64206E6F7420616C6C6F636174650C
:1009D000206D75746578206265666F726520696E3A
:1009E000697469616C697A696E670072302F613170
:1009F0003A2020307825303878202072312F61322B
:100A00003A2020307825303878202072322F613318
:100A10003A20203078253038780072332F61343A0C
:100A20002020307825303878207231322F69703AA2
:100A30002020307825303878207231342F6C723A8B
:100A400020203078253038780020787073723A2072
:100A50002030782530387800735B2532645D3A2089
:100A6000203078253038782020735B2532645D3A59
:100A700020203078253038782020735B2532645D63
:100A80003A20203078253038782020735B25326476
:100A90005D3A2020307825303878006670736372B4
:100AA0003A2020307825303878004661756C7469BA
:100AB0006E6720696E737472756374696F6E2061FE
:100AC00064647265737320287231352F7063293A1C
:100AD00020307825303878002A2A2A2A2A204D50BA
:100AE00055204641554C54202A2A2A2A2A002020E3
:100AF000537461636B696E67206572726F72202830
:100B0000636F6E746578742061726561206D6967CA
:100B10006874206265206E6F742076616C69642948
:100B2000002020556E737461636B696E6720657277
:100B3000726F7200202044617461204163636573A9
:100B4000732056696F6C6174696F6E0020204D4D83
:100B500046415220416464726573733A20307825AF
:100B600078002020496E737472756374696F6E200B
:100B70004163636573732056696F6C6174696F6E4E
:100B8000002020466C6F6174696E672D706F696E0E
:100B900074206C617A792073746174652070726559
:100BA000736572766174696F6E206572726F720020
:100BB0002A2A2A2A2A20425553204641554C54209D
:100BC0002A2A2A2A2A002020537461636B696E67DF
:100BD000206572726F7200202050726563697365C0
:100BE000206461746120627573206572726F720097
:100BF00020204246415220416464726573733A205A
:100C000030782578002020496D70726563697365BE
:100C1000206461746120627573206572726F720066
:100C20002020496E737472756374696F6E206275EB
:100C300073206572726F72002A2A2A2A2A2055535D
:100C4000414745204641554C54202A2A2A2A2A0049
:100C500020204469766973696F6E206279207A6515
:100C6000726F002020556E616C69676E6564206D3F
:100C7000656D6F7279206163636573730020205323
:100C80007461636B206F766572666C6F7720286382
:100C90006F6E746578742061726561206E6F742068
:100CA00076616C6964290020204E6F20636F70723A
:100CB0006F636573736F7220696E7374727563749A
:100CC000696F6E73002020496C6C6567616C206CE5
:100CD0006F6164206F66204558435F5245545552FA
:100CE0004E20696E746F205043002020496C6C6563
:100CF00067616C20757365206F6620746865204598
:100D0000505352002020417474656D707420746FCC
:100D1000206578656375746520756E646566696EB7
:100D2000656420696E737472756374696F6E0052C6
:100D30006573657276656420457863657074696F64
:100D40006E20280053707572696F757320696E7418
:100D500065727275707420284952512000535053A7
:100D6000454C20696E20746872656164206D6F6403
:100D70006520646F6573206E6F7420696E646963AB
:100D800061746520505350002A2A2A2A2A2048419B
:100D90005244204641554C54202A2A2A2A2A00200F
:100DA00020427573206661756C74206F6E207665C5
:100DB00063746F72207461626C6520726561640097
:100DC00020204465627567206576656E740020207A
:100DD0004661756C7420657363616C6174696F6ED4
:100DE00020287365652062656C6F77290041524346
:100DF000485F4558434550542077697468207265B0
:100E000061736F6E2025780A002A2A2A2A2A204434
:100E100065627567206D6F6E69746F7220657863A7
:100E2000657074696F6E202A2A2A2A2A002A2A2AC3
:100E30002A2A20257320256429202A2A2A2A2A00E2
:100E40006D7075004661696C656420746F20616C1B
:100E50006C6F63617465206E6577204D505520720C
:100E60006567696F6E2025750A0050617274697438
:100E7000696F6E2025753A2073616E6974792063FD
:100E80006865636B206661696C65642E00496E76E7
:100E9000616C696420756E6465726C79696E672037
:100EA000726567696F6E20696E64657820257500CC
:100EB000657869740A002A20627566666572206F1B
:100EC000766572666C6F77206465746563746564BB
:100ED000202A0A00464C4153485F30005352414D8E
:100EE0005F30006E726635333430646B5F6E7266ED
:100EF000353334305F637075617070006E65745F98
:100F0000627566006E65745F6275665F73696D70A9
:100F10006C65006E65745F6C325F6F70656E7468CF
:100F200072656164006E65745F636F7265006E6503
:100F3000745F69660041465F554E5350454300411A
:100F4000465F494E45540041465F494E4554360080
:100F500041465F5041434B45540041465F43414E3B
:100F6000006E65745F7574696C7300434F4E4E4537
:100F70004354494E4700434F4E4E45435445440069
:100F80004C495354454E494E47006E65745F637437
:100F900078006E65745F706B7400000000000000E4
:100FA00000006E65745F7463006E65745F636F6EDE
:100FB0006E006E65745F69636D707636006E657481
:100FC0005F6E6272006E65745F69707636006E6582
:100FD000745F7564700055534244206576656E7485
:100FE00020616C6C6F636174696F6E206661696CFF
:100FF0006564210055534244206576656E74206D0A
:10100000656D6F727920636F7272757074656400BC
:10101000556E6B6E6F776E2055534220706F7765FB
:1010200072206576656E7420256400556E65787053
:101030006563746564206576656E7420286E7266DB
:10104000785F75736264293A2025642C20657020CE
:1010500030782530327800757362645F776F726B19
:1010600071005F65705F7374617475735F67657439
:10107000206661696C65642120436F64653A2025B0
:1010800064006E6F742061747461636865642C2001
:10109000455020307825303278206576656E742092
:1010A00064726F70706564006E52462055534244FE
:1010B000207472616E73666572206572726F722041
:1010C000284F5554293A203078253032780046612F
:1010D000696C656420746F20616C6C6F6320657649
:1010E000740055534244206576656E7420717565B1
:1010F00075652066756C6C2100556E6B6E6F776E32
:101100002055534244206576656E743A2025686404
:1011100000696E76616C696420656E64706F696EDB
:101120007420636F6E66696775726174696F6E00B3
:10113000696E76616C696420656E64706F696E7447
:1011400020696E6465782F616464726573730069E9
:101150006E76616C696420656E64706F696E742070
:1011600074797065004550206D6178207061636B03
:1011700065742073697A65206D75737420626520CB
:101180006120706F776572206F6620320053544182
:101190004C4C20756E737570706F72746564206F3F
:1011A0006E2049534F20656E64706F696E74004500
:1011B0006E64706F696E74203078253032782069E3
:1011C00073206E6F7420656E61626C6564006E5290
:1011D00046205553424420777269746520657272C7
:1011E0006F723A20256400010002037573625F6E1E
:1011F00072667800636C6F636B4035303030006826
:1012000066636C6B006C66636C6B006866636C6B2A
:101210003139326D006866636C6B617564696F00AB
:10122000636C6F636B5F636F6E74726F6C0063727D
:101230007970746F40353038343430303000636941
:101240006E7374722025303278207472616E73660A
:10125000657220746F6F206C6F6E673A20257A7507
:10126000006572617365206572726F723A20616405
:101270006472657373206F722073697A6520657874
:101280006365656473206578706563746564207652
:10129000616C7565732E416464723A203078256CF8
:1012A000782073697A6520257A7500756E7375707C
:1012B000706F72746564206174203078256C7820BA
:1012C00073697A6520257A7500657261736520659A
:1012D00072726F72206174203078256C7820736987
:1012E0007A6520257A750073657400636C65617298
:1012F0000052445352206661696C65643A2025644B
:10130000005145202573206661696C65643A20258B
:1013100064004A45444543206964205B25303278A7
:10132000202530327820253032785D206578706550
:101330006374205B253032782025303278202530C8
:1013400032785D007772697465206572726F723AE7
:101350002061646472657373206F722073697A65AB
:10136000206578636565647320657870656374656E
:10137000642076616C7565732E416464723A203026
:1013800078256C782073697A6520257A75007265F6
:101390006164206572726F723A2061646472657371
:1013A00073206F722073697A652065786365656460
:1013B000732065787065637465642076616C75650B
:1013C000732E416464723A203078256C78207369FA
:1013D0007A6520257A75006D78323572363433356A
:1013E00066403000717370695F6E6F7200696E766F
:1013F000616C696420616464726573733A2030784B
:101400002530386C783A257A7500756E616C69679D
:101410006E656420616464726573733A2030782568
:1014200030386C783A257A75006E6F7420776F7259
:10143000642D616C69676E65643A203078253038B8
:101440006C783A257A7500666C6173682D636F6EEF
:1014500074726F6C6C657240333930303000666C7A
:101460006173685F6E7266005061636B65742064BF
:10147000726F70706564206279204E4554207374D9
:1014800061636B004661696C656420746F20656EF2
:101490007465722072656365697665207374617422
:1014A00065005472616E736974696F6E20746F2089
:1014B000726164696F20736C6565702063616E6E24
:1014C0006F742062652068616E646C65642E0054E0
:1014D00058206D6F6465202564206E6F74207375CD
:1014E00070706F727465640043616E6E6F74207308
:1014F000656E64206672616D65004E6F2066726570
:1015000065207061636B657420617661696C6162EE
:101510006C652E004661696C656420746F2077727B
:1015200069746520746F2061207061636B65742E2F
:101530000041434B207061636B6574206E6F7420B3
:1015400068616E646C6564202D2072656C656173E2
:10155000696E672E006E7266355F7278006E524655
:10156000352038303231353420726164696F20693A
:101570006E697469616C697A65640069656565386E
:101580003032313534006965656538303231353493
:101590005F6E7266350074785F6D61736B20746F77
:1015A0006F2062696720286F72204950435F434F64
:1015B0004E465F4E554D20746F6F20736D616C6C9D
:1015C000290072785F6D61736B20746F6F206269A0
:1015D0006720286F72204950435F434F4E465F4E4D
:1015E000554D20746F6F20736D616C6C29005365CD
:1015F0006E64696E672064617461206E6F7420731D
:101600007570706F72746564005258206576656EEF
:1016100074206F6E20696C6C6567616C2063686113
:101620006E6E656C005258206576656E74206F6E24
:101630002064697361626C6564206368616E6E65C5
:101640006C00456E61626C696E67206368616E6EE6
:10165000656C20776974686F7574206120726567A6
:10166000697374657265642063616C6C6261636B3D
:101670000A006D626F78403261303030006D626F09
:10168000785F6E7266785F697063004661696C6549
:101690006420746F20616C6C6F63617465205050BE
:1016A00049204368616E6E656C00756172744038E4
:1016B00030303000756172745F6E7266785F75618C
:1016C00072746500526573657474696E672073790E
:1016D0007374656D00666174616C5F6572726F72C0
:1016E000006E65745F6F70656E7468726561645FCB
:1016F000616C61726D006E65745F6F74506C6174C3
:101700005F656E74726F7079006F745F7261646987
:101710006F5F776F726B71006E65745F6F74506C82
:1017200061745F726164696F0064696167206665F6
:1017300061747572652027257327206973206E6F89
:101740007420737570706F727465640D0A0052585E
:101750002072696E67206275666665722066756CB8
:101760006C2E005541525420646576696365206E85
:101770006F74207265616479004661696C656420EC
:10178000746F20656E61626C65205553420057612D
:101790006974696E6720666F7220686F7374207455
:1017A0006F20626520726561647920746F20636FB9
:1017B0006D6D756E6963617465004661696C656421
:1017C00020746F20676574204461746120546572D1
:1017D0006D696E616C205265616479206C696E651B
:1017E0002073746174653A202564006E65745F6FC0
:1017F00074506C61745F75617274006E65745F6FB4
:1018000074506C61745F73657474696E6773000102
:1018100001020303046E65745F6F70656E74687215
:10182000656164004661696C656420746F206F7047
:10183000656E2049504320696E7374616E63653A2A
:10184000202564004661696C656420746F207265B0
:101850006769737465722049504320656E64706FC8
:10186000696E743A2025640049504320656E6470A7
:101870006F696E742062696E642074696D6564209E
:101880006F7574004E6F207370696E656C206275A1
:101890006666657220617661696C61626C65207450
:1018A0006F2073656E642061206E657720706163C0
:1018B0006B6574007370696E656C5F7061636B65F6
:1018C000745F73656E645F746872656164006E72E4
:1018D000665F3830323135345F7370696E656C0025
:1018E0007370696E656C5F6970635F6261636B657D
:1018F0006E64004E6F20726573706F6E7365207733
:10190000697468696E2074696D656F7574202575DA
:1019100000574553545F544F504449522F7A6570D5
:101920006879722F6D6F64756C65732F68616C5F79
:101930006E6F726469632F6E72665F383032313554
:10194000342F73657269616C697A6174696F6E2F87
:10195000706C6174666F726D2F6E72665F383032B4
:101960003135345F7370696E656C5F726573706F6B
:101970006E73655F6E6F7469666965722E63006170
:101980007761697465645F70726F706572747920D5
:101990003D3D20415741495445445F50524F5045C9
:1019A0005254595F4E4F4E4500756E6C6F636B5FBE
:1019B000726574203D3D203000705F6E6F74696603
:1019C000795F627566665F66726565203D3D2026BB
:1019D0006E6F746966795F62756666006E6F7469B2
:1019E00066795F627566662E66726565006461740D
:1019F000615F6C656E203C3D2073697A656F662877
:101A00006E6F746966795F627566662E627566666A
:101A10002E6461746129006E72665F383032313530
:101A2000345F7370696E656C5F726573706F6E732F
:101A3000655F6E6F7469666965725F70726F7065FD
:101A40007274795F6E6F74696679006E72665F3862
:101A500030323135345F7370696E656C5F726573F7
:101A6000706F6E73655F6E6F7469666965725F66CD
:101A7000726565006E72665F3830323135345F737F
:101A800070696E656C5F726573706F6E73655F6EA3
:101A90006F7469666965725F70726F706572747970
:101AA0005F6177616974006E72665F38303231351C
:101AB000345F7370696E656C5F726573706F6E739F
:101AC000655F6E6F7469666965725F6C6F636B5F8B
:101AD0006265666F72655F726571756573740073B8
:101AE00070696E656C5F6970635F6261636B656E80
:101AF000645F7273705F6E74660028636170616307
:101B0000697479203D3D20305529207C7C2028288F
:101B1000636170616369747920213D20305529200B
:101B200026262028705F6D656D6F727920213D201B
:101B30004E554C4C292900574553545F544F50443F
:101B400049522F6E7266786C69622F6E72665F38CA
:101B500030323135342F73657269616C697A617422
:101B6000696F6E2F7372632F6E72665F3830323119
:101B700035345F6275666665725F616C6C6F636158
:101B8000746F722E6300696478203C20627566660B
:101B900065725F706F6F6C5F6C656E006275666614
:101BA00065725F66726565006E72665F38303231ED
:101BB00035345F6275666665725F616C6C6F636118
:101BC000746F725F696E697400726573756C74000E
:101BD000574553545F544F504449522F6E726678A4
:101BE0006C69622F6E72665F3830323135342F7314
:101BF000657269616C697A6174696F6E2F73726363
:101C00002F6E72665F3830323135345F62756666CA
:101C100065725F6D67725F6473742E63006E7266C7
:101C20005F3830323135345F6275666665725F6D7C
:101C300067725F6473745F61646400436944004366
:101C4000696900436969584C434C004369694C0019
:101C50004369694400436969620043696943004319
:101C60006969646443004369696443004369696264
:101C700062626374284C442900436969626262624B
:101C80006374284C44290043696962626243626359
:101C90005874284C44290043696963004369697496
:101CA00028442974284344294C4C620043696974D0
:101CB0002843442900436969530043696958000077
:101CC0000001000000000001000000000000742876
:101CD0004C44296343580074284C4429626243638E
:101CE000435874284C44290074284C4429436262A8
:101CF000000000000101010000010000004E5246FA
:101D0000585F434C4F434B004E5246585F4450502F
:101D10004900010000000C0D0E0F101112131402E7
:101D2000030405060708090B4E5246585F555342F7
:101D30004400756E72656769737465726564202509
:101D400073206275730A006D6574616C3A20656D6D
:101D5000657267656E63793A20006D6574616C3AEF
:101D600020616C6572743A2020202020006D65741B
:101D7000616C3A20637269746963616C3A20200077
:101D80006D6574616C3A206572726F723A20202022
:101D90002020006D6574616C3A207761726E696E07
:101DA000673A202020006D6574616C3A206E6F7474
:101DB0006963653A20202020006D6574616C3A20CB
:101DC000696E666F3A202020202020006D657461C6
:101DD0006C3A2064656275673A2020202020002537
:101DE000733A2066726565696E67206E6F6E2D6549
:101DF0006D707479207669727471756575650D0AF8
:101E00000072785F76710074785F7671004E5300CF
:101E10005465726D696E616C0052545400534547AD
:101E200047455200556E6B6E6F776E206572726F0C
:101E30007200756E6B6E6F776E003E3E3E205A45A7
:101E40005048595220464154414C204552524F521D
:101E50002025643A202573206F6E2043505520259D
:101E600064004661756C7420647572696E672069E0
:101E70006E746572727570742068616E646C696EE0
:101E8000670A0043757272656E74207468726561CA
:101E9000643A202570202825732900435055206579
:101EA0007863657074696F6E00556E68616E646CFE
:101EB000656420696E746572727570740053746124
:101EC000636B206F766572666C6F77004B65726E20
:101ED000656C206F6F7073004B65726E656C20705F
:101EE000616E6963006D61696E006F730073797371
:101EF000776F726B71002C2066756E6374696F6EFC
:101F00003A2000617373657274696F6E20222573C5
:101F100022206661696C65643A2066696C652022DE
:101F20002573222C206C696E65202564257325732A
:101F30000A000020202020202020202028282828D7
:101F40002820202020202020202020202020202089
:101F500020202088101010101010101010101010D9
:101F600010101004040404040404040404101010E9
:101F70001010101041414141414101010101010195
:101F80000101010101010101010101010101101023
:101F90001010101042424242424202020202020269
:101FA00002020202020202020202020202021010F5
:101FB00010102000000000000000000000000000E1
:101FC0000000000000000000000000000000000011
:101FD0000000000000000000000000000000000001
:101FE00000000000000000000000000000000000F1
:101FF00000000000000000000000000000000000E1
:1020000000000000000000000000000000000000D0
:1020100000000000000000000000000000000000C0
:1020200000000000000000000000000000000000B0
:10203000000000232D302B2000686C4C0065666783
:1020400045464700303132333435363738396162EE
:1020500063646566004672616D696E6720657272C1
:102060006F722025643A205B002025303258005DD5
:102070000A0002040506074F50454E544852454198
:10208000442F6439616265333037313B205A6570C3
:102090006879723B20417567202038203230323613
:1020A0002030353A30353A3230005B25635D200010
:1020B000252E2A7325733A20002D43574E49442D6F
:1020C0002D2D2D2D2D2D2D2D2D2D2D2D2D006E6FEA
:1020D00000796573006661696C65640D0A737461EB
:1020E000747573202523780D0A002D6E00726370BD
:1020F00000646961676E6F7374696373206D6F64E8
:10210000652069732025730D0A006661696C65643A
:102110003A20636F6D6D616E6420737472696E67CF
:1021200020746F6F206C6F6E670D0A006661696CBA
:1021300065643A20636F6D6D616E642073747269BB
:102140006E6720636F6E7461696E7320746F6F20A9
:102150006D616E7920617267756D656E74730D0ABD
:10216000006661696C656420746F207061727365CC
:1021700020636F6D6D616E6420737472696E670D9C
:102180000A006765740025640D0A006D6F646500C0
:10219000696E0D0A006F75740D0A00656E61626CE0
:1021A000650064697361626C6500737461727400C8
:1021B00073746F70007C2053746172744368207C68
:1021C00020456E644368207C2054617267657450BA
:1021D0006F776572207C2041637475616C506F77F6
:1021E0006572207C20526177506F776572536574F9
:1021F00074696E67207C0D0A2B2D2D2D2D2D2D2D14
:102200002D2D2B2D2D2D2D2D2D2D2B2D2D2D2D2D02
:102210002D2D2D2D2D2D2D2D2B2D2D2D2D2D2D2DF0
:102220002D2D2D2D2D2D2B2D2D2D2D2D2D2D2D2DE0
:102230002D2D2D2D2D2D2D2D2B0D0A007C202537FC
:1022400075207C20253575207C2025313164207C4B
:102250002025313164207C2025313573207C0D0A06
:1022600000546172676574506F77657228302E3044
:102270003164426D293A2025640D0A416374756109
:102280006C506F77657228302E303164426D293A78
:102290002025640D0A526177506F7765725365741B
:1022A00074696E673A2025730D0A006377006563D1
:1022B000686F006770696F00706F77657200706F8C
:1022C00077657273657474696E6773007261777095
:1022D0006F77657273657474696E67007374726585
:1022E000616D007472756500456E61626C6564288D
:1022F0002573290066616C736500526563656976B4
:1023000065446F6E65282564206279746573292C95
:10231000206572726F723A2573005472616E736D2C
:102320006974446F6E652825642062797465732929
:102330002C206572726F723A2573004672616D656A
:10234000207478206661696C65642C206572726FF8
:10235000723A25732C20726574726965733A25642C
:102360002F25642C202573004C696E6B5261770019
:102370006C656E3A25642C207365716E756D3A2517
:10238000642C20747970653A00426561636F6E0059
:102390004461746100436D642844617461526571E5
:1023A0002900436D6428426561636F6E526571292F
:1023B00000436D6428256429002C207372633A253C
:1023C000732C206473743A25732C207365633A254B
:1023D000732C2061636B7265713A257300060505E5
:1023E00005050505050A050505050505050E4E6FDC
:1023F0006E6500526164696F50616E49643A2030C5
:10240000782530347800526164696F53686F727454
:10241000416464726573733A2030782530347800F3
:10242000526164696F457874416464726573733A8C
:102430002025730044656C6179696E67207265744C
:102440007820666F7220256C75207573656320286F
:1024500062653D25752900526164696F537461742A
:10246000653A202573202D3E202573005261646952
:102470006F526563656976652829206661696C65B8
:10248000642C206572726F723A2025730041636B71
:102490002074696D65722074696D6564206F757450
:1024A0000043534C20736C65657020256C750043A8
:1024B000534C2073616D706C6520256C752C206405
:1024C00075726174696F6E20256C75004469736163
:1024D000626C656400536C65657000526563656984
:1024E00076650043736D614261636B6F666600459C
:1024F0006E657267795363616E0044656C61794201
:1025000065666F7265526574780043736C547261CE
:102510006E736D69740043736C53616D706C65000C
:102520005375624D616300556E6B6E6F776E4572C9
:10253000726F7254797065004F4B004661696C652B
:10254000640044726F70004E6F42756673004E6F88
:10255000526F7574650042757379005061727365CE
:1025600000496E76616C69644172677300536563FC
:10257000757269747900416464726573735175652D
:102580007279004E6F416464726573730041626FCB
:102590007274004E6F74496D706C656D656E746514
:1025A0006400496E76616C69645374617465004EB1
:1025B0006F41636B004368616E6E656C4163636578
:1025C00073734661696C7572650044657461636814
:1025D000656400466373457272004E6F4672616DAA
:1025E00065526563656976656400556E6B6E6F77DD
:1025F0006E4E65696768626F7200496E76616C69DC
:1026000064536F75726365416464726573730044EB
:10261000657374696E6174696F6E41646472657329
:102620007346696C7465726564004E6F74466F75AD
:102630006E6400416C726561647900526573657205
:102640007665644572726F72323500497076364134
:102650006464726573734372656174696F6E466119
:10266000696C757265004E6F7443617061626C6570
:1026700000526573706F6E736554696D656F757424
:10268000004475706C6963617465640052656173C0
:1026900073656D626C7954696D656F7574004E6F0A
:1026A00074546D66004E6F6E4C6F7770616E44614E
:1026B00074614672616D650052657365727665641A
:1026C0004572726F723333004C696E6B4D61726785
:1026D000696E4C6F7700496E76616C6964436F6D0B
:1026E0006D616E640050656E64696E670052656A64
:0826F0006563746564000000DD
:1026F80000000000000000000000000000000000D2
:1027080000000000000000000000000000000000C1
:1027180000000000000000000000000000000000B1
:1027280000000000000000000000000000000000A1
:102738000000000000000000000000000000000091
:102748000000000000000000000000000000000081
:102758000000000000000000000000000000000071
:102768000000000000000000000000000000000061
:102778000000000000000000000000000801002028
:10278800E800002000C2010000000800000000006E
:102798000000000000000000000000000000000031
:1027A800056501000000000000000720000001008E
:1027B80038EF01000000000038EF010001000000C0
:1027C80002000000000000000000000000020000FD
:1027D8004F730100FFFFFFFFF01B01200000000006
:1027E80000000000000000000000000000000000E1
:1027F8000000000000040000F01F0120000000009D
:1028080000000000000000000000000000000000C0
:1028180000000000000400004D4A00008000000095
:10282800AD45000000000000AD450000800000003C
:102838002C0500203A000000400500203A00000066
:10284800040500203A000000680500203A00000056
:10285800337801002D78010000000000438B01004F
:1028680080000000740100207401002001000000B5
:102878000100000084010020840100208C01002058
:102888008C01002001000000010000009C010020D4
:102898009C010020A4010020A401002000000000E9
:1028A80001000000B4010020B4010020BC01002098
:1028B800BC01002000000000FFFFFFFFCC0100204A
:1028C800CC010020000000003D920100D18C0000E6
:1028D800C19201000592010081920100F991010065
:1028E800198F0000A98E0000D98E0000000000009A
:1028F800118D000000000000DD8C0000D391010064
:10290800CF910100FFFF0000FFFF00000000000062
:1029180000C20100000103003C020020000000008A
:1029280065740020647400200000000000000000AE
:102938000000000066740020200000000000000075
:102948000000000029A200000000000000000000B4
:1029580070020020000000000000000000000000DD
:10296800F02301200000000000000000000000002B
:10297800000000000000000000000000001000003F
:10298800CE1802000000000061B200003B97010071
:102998000000000000000000FFFFFFFF0090D003D0
:1029A800FFFFFFFF3304020000000000ADE6000057
:1029B800000000000000000000000000000000000F
:1029C80000000000000000000000000000000000FF
:1029D800E0020020E0020020EC02002000000000DD
:1029E8003CF801001CF80100FCF7010000000000A1
:1029F80000000000000000000000000000000000CF
:102A080000000000000000000000000000000000BE
:102A180000000000000000000000000000000000AE
:102A2800000000000000000000000000000000009E
:102A380000000000000000000000000071EC010030
:102A48006DEC0100000000007135010098030020C2
:102A5800900300208803002000000000800300206D
:102A6800413701008D360100C136010009370100E8
:102A78003C6B00203A00003A406B00203A00003AD4
:102A8800446B00203A00003A486B00203A00003AB4
:102A980090700020AC0300206C0300206403002029
:102AA800600300205C030020E1440100D5440100DC
:042AB800C94401000C
:102ABC00000000000000000000000000000000000A
:022ACC00000008
:022ACE00FFFF08
:042AD0000000000002
:042AD400FFFFFFFF02
:102AD8000000000000000000E10601000000000006
:102AE8000000000000000000F8030020F8030020A8
:102AF800519F0000000000000000000000000000DE
:102B080000000000000000000000000000000000BD
:102B1800E1060100000000000000000000000000C5
:102B28003004002030040020619F000000000000F5
:102B3800000000000000000000000000000000008D
:102B48005004002050040020000000002000000075
:102B580014000000701901200000000000000000AF
:102B68007004002070040020000000000A0000002B
:102B7800680000006015012000000000000000004F
:102B880090040020900400200000000010000000C5
:102B980068000000E00E01200000000000000000B6
:102BA8000000000000E70020001000000000000006
:082BB800000000000000000015
:102BC000C8040020C804002000000000000000002D
:102BD0000E000000DC040020DC04002000000000E7
:102BE000000000000E000000F0040020F0040020AF
:102BF00000000000000000000E000000040500209E
:102C00000405002000000000000000000E0000008D
:102C1000180500201805002000000000000000003A
:102C20000E0000002C0500202C05002000000000F4
:102C3000000000000E0000004005002040050020BC
:102C400000000000000000000E00000054050020FD
:102C50005405002000000000000000000E000000ED
:102C6000680500206805002000000000000000004A
:102C70000E0000007C0500207C0500200000000004
:082C8000000000000E0000003E
:102C880090050020900500200000000001000000D1
:102C9800A0050020A0050020A8050020A805002008
:102CA8000000000001000000B8050020B805002061
:102CB800C0050020C0050020000000000100000041
:102CC800D0050020D0050020D8050020D805002018
:102CD8000000000010000000E8050020E8050020C2
:102CE800000000000000000000000000FC050020BB
:102CF800FC05002004060020040600200000000057
:102D0800000000000000000018060020180600203F
:102D1800200600202006002000000000000000001F
:102D28000000000034060020340600203C06002085
:042D38003C06002035
:102D3C000000000000000000000000005006002011
:102D4C0050060020580600205806002000001000F5
:102D5C0010000400000000008CF50100200D012083
:102D6C0000000000000000000000000080060020B1
:102D7C008006002088060020880600200000100035
:102D8C0010000400000000007CF50100600301202D
:082D9C00AC060020000000005D
:102DA40068EF0100C8060020E80E002000000000C3
:0C2DB4000000000000000000000500000E
:102DC0000779010057790100F1780100ED780100E1
:102DD0001201000200000040151900000303010267
:102DE000030109020000000100C032080B000202CA
:102DF0000200000904000001020200000524001086
:102E00000105240102010424020205240600010731
:102E100005800310000A09040100020A00000007EF
:102E2000058002400000070500024000000403097D
:102E30000432034E6F726469632053656D69636F7A
:102E40006E647563746F722041534100000000008E
:102E50000000000000000000000000000000000072
:102E6000000000280354687265616420436F2D5090
:102E7000726F636573736F720000000000000000E2
:102E8000000000000000000000000022033031328A
:102E90003334353637383941424344454600000023
:0F2EA00000000000000000000000000000000023
:012EAF00FF23
:102EB00000000000FB06002015750100A14B00007A
:102EC000894A00000000000000000000030000002C
:042ED00028010020B5
:042ED40015E015E010
:04000003000059B1EF
:00000001FF
