:020000040100F9
:10000000E85D0021C56C0001FD1B0101996C000138
:10001000996C0001996C0001996C000100000000CE
:100020000000000000000000000000008D690001D9
:10003000996C00010000000035690001996C000115
:100040000D6A00010D6A00010D6A00010D6A0001D0
:100050000D6A00010D6A00010D6A00010D6A0001C0
:10006000892001010D6A00010D6A00010D6A00017D
:100070003F2001010D6A00010D6A00010D6A0001B7
:100080000D6A0001732001010D6A00010D6A000173
:100090000D6A00010D6A00010D6A00010D6A000180
:1000A0000D6A00010D6A00010D6A00010D6A000170
:1000B0000D6A00010D6A00017BB972B90029BEBF4B
:1000C00000204FF0004106E008BF00281CBF6FF081
:1000D00000414FF0FF3000F057B8ADF1080C6DE96A
:1000E00004CE002909DB002B1ADB05F047F8DDF808
:1000F00004E0DDE9022304B07047404261EB4101B6
:10010000002B1BDB05F03AF8DDF804E0DDE9022303
:1001100004B0404261EB4101524263EB430370473C
:10012000524263EB430305F029F8DDF804E0DDE912
:10013000022304B0404261EB41017047524263EB3D
:10014000430305F01BF8DDF804E0DDE9022304B009
:10015000524263EB4303704753B94AB9002908BFC1
:1001600000281CBF4FF0FF314FF0FF3000F00CB8FB
:10017000ADF1080C6DE904CE05F000F8DDF804E0FF
:10018000DDE9022304B07047704700BF042810B5B2
:1001900011D883B104280CBF10242824A1420AD20C
:1001A000064C54F8200018B141568A42A8BF0A46AE
:1001B00000201A7010BD6FF01500FBE7A0040021AD
:1001C0000228034610DC10F1270F0FDB2830084A05
:1001D00040B2105C024492F92C209A4207D00029C8
:1001E00018BF0130C0B270470F2070470020704721
:1001F00094460101022808B506DCFFF7E1FF034B36
:10020000034493F92C0008BD0320FCE79446010148
:10021000014B1879704700BFBC040021044B1A79C8
:10022000824283BF1B68302202FB003000207047EF
:10023000BC04002110B51C4C94F8413003EB430280
:10024000224492F82810202929D0DBB201EB431375
:1002500004EB430393F8490082F828004FF0FF0CA9
:1002600004EB4110002284F831C090F8E00084F8DB
:100270004210022184F8302084F8222083F84810AC
:1002800030B1D4F8C8344BB10020BDE81040184755
:1002900003F00EFED4F8C834002BF5D110BD40F2A7
:1002A0001D31702003F0EAF9C80400212DE9F04F58
:1002B000594F984601EB41034FF0200C83B03B446B
:1002C00093F8284082F800C0644500F0A1804346BE
:1002D0008B46904605461A4607EB441E4FEA441AE1
:1002E000DEF8D060DEF8D830DEF8D4109B19D5E9FE
:1002F000009041F10001994570EB010374D3EB8943
:10030000002B64D0BEF8DE30002B60D1019202F0E9
:10031000ABFE40F25633019A98426ED040F2F5534C
:10032000984266D0B0F5C67F14BF01230E23A9EB17
:1003300006069E424BDA134642465646984692F8C7
:1003400000C0594640F25639C34688F800C007EB52
:10035000060CD5F800A0D5E90123DCF8D08013EB1A
:100360000A03DCF8D40042F10002984570EB020366
:100370001BD3BCF8DE3001919BB1EB898BB902F045
:1003800073FE4845019936D040F2F55398422ED07D
:10039000B0F5C67F14BF01230E23A8EB0A089845C9
:1003A00003DB012003B0BDE8F08F3E448BF8004032
:1003B0002B7C96F8E0209A4226D904EB411407EBF7
:1003C000440494F84940202CEBD06601BFE704EBCD
:1003D0004B1388F80040A44607EB430393F84930D9
:1003E000202B0CD01C4677E790465646A9E73323CE
:1003F000D3E733239BE71D23CFE71D2397E7012096
:10040000147003B0BDE8F08F002003B0BDE8F08F9A
:10041000012088F80040C5E7C80400212DE9F84F05
:100420003C4E96F841B00BEB4B03334493F8294014
:10043000202C56D05FFA8BF5DFF8DC804FEA4B0BAF
:10044000DFF8D89004EB45136F0106EB430393F8F4
:100450004830013B052B57D8DFE803F003565649D7
:100460004C034FF0070AB8F1000F01D0AFF3008042
:10047000EFF3108272B65D443B19354406EB43033B
:1004800095F82A1093F84930A14285F829302AD0EE
:100490002AB9B9F1000F01D0AFF3008062B63B1961
:1004A00006EB430393F848203AB3062A25D0032AE3
:1004B00023D0052A21D0012283F8482006EB4414DA
:1004C0005146D4E93230984796F841B00BEB4B03D4
:1004D0005FFA8BF533444FEA4B0B93F82940202CFD
:1004E000B0D1BDE8F88F202385F82A30D0E74FF04F
:1004F000020AB8E74FF0030AB5E72744012306EBE9
:10050000470787F84830D9E74FF40A61702003F0B5
:10051000B5F800BFC8040021000000000000000082
:100520002DE9F04F0C46154685B01E469DF83870F3
:1005300001F0E4FE22684519636846F10006954221
:1005400076EB030355D3DFF8C48040F2563905E05B
:100550005D4576EB0A034CD3C4E900BA0DF10F03F5
:100560000DF10E0239462046FFF7A0FE002841D1CA
:100570009DF80F3008EB4313D3E93420D3F8D8109B
:10058000B3F8DE3011EB020B40F1000A002BDFD193
:10059000E389002BDCD0019102F066FD484501990A
:1005A0002DD040F2F553984227D0B0F5C67F14BF46
:1005B00001230E238B42CBDD02F056FD484522D0AD
:1005C00040F2F55398421CD0B0F5C67F14BF01220B
:1005D0000E229DF80F3008EB4313D3F8D010D3F858
:1005E000D43012EB010B43F1000A5D4576EB0A03B0
:1005F000B2D2002005B0BDE8F08F3323DAE71D2327
:10060000D8E73322E5E71D22E3E700BFC804002155
:100610002DE9F04FB2F808C01C465789002389B075
:100620001546127806462361E36027820F469DF83F
:100630004880A3606361A4F80EC0A274C4E90033CB
:10064000EAB901F0BBFD5C4BD5E9042CC31841F1BC
:10065000000E9A427CEB0E0306D22F3041F10001CE
:1006600082427CEB01035ED2013E4FF47A7347F184
:10067000FF372660C4E9017309B0BDE8F08F4F4829
:1006800004F10C0205A9A0EB0C0001F0CFFDB4F8B9
:100690000EB00DF1130206A9584601F0C7FD02F095
:1006A0004DFB01F02BFE464A034692F842102029EA
:1006B00028D09368D2E90312073341F1000A13EB03
:1006C00002094AF1000A6B68227B981CEB7A002B26
:1006D000E389134403440CBF7A206020C4E9009AE4
:1006E000184401F00BFECDF800803246A0603B4676
:1006F00028692146FFF714FF08B9C4E9006709B06B
:10070000BDE8F08F16F10B0947F1000ABBF1000FAD
:100710002ED106988342D6D91B1A13EB09039946AA
:100720004AF1000ACFE7013A288904F10C034CF1A1
:10073000FF31101A009305AA61F1000106AB01F028
:10074000A1FD059B6868E97A02332A8903440029E0
:1007500013440CBF7A206020184401F0CFFDDDE97E
:100760000632C01A20F07F40C4E90032A060C6E71C
:10077000039002F0AFFE039B0028CAD102F074FC84
:1007800040F25632039B90420BD040F2F552904219
:100790000CD0B0F5C67FBCD116F1180947F1000A9C
:1007A000B7E716F1270947F1000AB2E716F13D094C
:1007B00047F1000AADE700BF0040420FFF7F841EF3
:1007C000C80400212DE9F04F1D46A1B0BC4C0E928B
:1007D00004EB451706906D010D9101F0D5FF0191D5
:1007E000064602F0ABFAD4F8CC3401220835D037F3
:1007F0001A6004F1C8020B90804653190DF1600C89
:10080000555993F80C90B3F80EB0CDF84090D3E959
:1008100001A309930FCFACE80F0097E803008CE821
:10082000030025F07F4001F0BBFC0BF10103A54A5A
:100830004B449042034400F2DF82934200F3618113
:10084000002BC0F22F810C9394F82030049394F87D
:1008500021300F9302F03EFE0890BBF1000F40F0F4
:10086000D980CDF808B002F0FFFB40F25633984231
:1008700000F0E48040F2F553984200F04E81B0F56C
:10088000C67F00F041814FF000090327CDF81C908E
:100890000397CDF82890D84500F2DB80029B00201A
:1008A000002B40F0F480049B002B00F05E814FF0A1
:1008B0000209052749460397019BB3F1FF3F08BF93
:1008C000B6F1FF3F00F0EC801A46AE4272EB0A032D
:1008D00080F02C81AB1B6AEB0202B3F5000F72F1C2
:1008E000000280F08E82002B324640F3D980029BBA
:1008F000002B40F03F814F460391B5EB00086AF1B1
:10090000000118F1FF39A9EB020341F1FF3CBB42A2
:10091000CDF814C0C0F2DE8020B1099B45468A465E
:1009200003440993089B8BB9D4E90E32B2F1FF3F1F
:1009300008BFB3F1FF3F09D0B8EB030361EB02023C
:1009400007998B4272F10003C0F0B080069B0D9AAC
:10095000B9EB0307059B63EB020802F085FB40F24D
:100960005633984200F0378140F2F553984200F038
:100970002081B0F5C67F14BF0B2318239F4278F166
:10098000000380F01C810E9B012B00F00481029B70
:1009900003F00107019B3340B3F1FF3F08BF47F06D
:1009A0000107002F00F0198100274846059901F042
:1009B00027FD059BB3F1FF3F08BFB9F1FF3F00F0F2
:1009C0002A8229F07F402B1A23F07F43013BB3F5A5
:1009D000000F6FD2099B5B191B1A23F07F43B3F5FD
:1009E000000F67D801F0DCFB0C9A374BA2EB000834
:1009F0009845C0F00881801A9842C0F0C381314BFD
:100A0000984500F2FC80984240F223822F4E361A1D
:100A1000B046F9E0D4E90E321A400346B2F1FF3F86
:100A200018BF43F0010383F00103DBB2029302F02D
:100A30001BFB40F2563398427FF41CAF4FF01C0969
:100A40001F27D845CDF81C900397CDF828907FF646
:100A500025AF0C9A08F101081A4BA2EB08089A423C
:100A600000F2CA81984500F3B380B8F1000FC0F2DC
:100A70009D8040460DF1530215A901F0D7FB159852
:100A8000029B281A20F07F40002B3FF40CAF019B03
:100A90004946B3F1FF3F08BFB6F1FF3F7FF414AF03
:100AA000069A2AE70A4A13440C93CDE6BBF1000FDD
:100AB0003FF44CAF0026304621B0BDE8F08F00BFB8
:100AC000C8040021FF7F841E0040420F00807BE1AC
:100AD0000080841E00283FD00F9898B3029B002B03
:100AE00053D015F1FF39A8465146A9EB02034AF14C
:100AF000FF32059200220B929F42DBDC002304931D
:100B000010E7BA4A13449EE64FF00D091027CDF8BE
:100B10001C900397CDF82890BDE64FF03209352799
:100B2000CDF81C900397CDF82890B4E61346721BBD
:100B300063EB0A03B2F5000F73F1000380F06681E6
:100B4000AB1BD0E6CDE91131139202F007F9DDE9D4
:100B50001131002800F0C380029A002AAAD1049A19
:100B6000002AA7D0039A971EC6E70327194699467D
:100B70000397A1E694F84030002B3FF4BCAE049BF1
:100B800003B102231F460393B7E6049B002BA8D0B2
:100B9000039B9F1EA5E7019BB3F1FF3F08BFB6F182
:100BA000FF3F00F04781B14600270AE790484044E4
:100BB00060E73D239F4278F10003FFF4E4AEBBF110
:100BC00000074846059918BF012701F019FCF0E617
:100BD000864840444EE72723D0E6B6EB0902059944
:100BE000019B63EB0103052A73F1000180F2E680AB
:100BF000012A73F10003BFF65DAFB146E1E608F1EB
:100C0000F45808F59028464694F822303BB90B9BDF
:100C10005B4538BF5B461E33B34280F2BA800E9B01
:100C2000012B05D0022001F073FE012001F070FEBF
:100C30000B9B9B4555D300F2B1805BEA030040F06B
:100C4000F480414601F0DAFD002840D094F84030AD
:100C5000002B60D1D4E90E23B3F1FF3F08BFB2F1FE
:100C6000FF3F40F0B080002F79D1A6EB0B0119397E
:100C7000002940F3E980032001F0C0FD064600286A
:100C800000F0CE80049BD4F8CC248DF878300F9BF4
:100C9000189516AD8DF87930099BCDF864A01A939C
:100CA000109BADF86EB08DF86C300023514C136082
:100CB0008DF87A3016934FF0FF3317930FCD0FC492
:100CC0000FCD0FC495E8030084E80300F3E602208B
:100CD000002601F01DFE012001F01AFEEBE6139A3A
:100CE000FCE6A8EB0301022001F088FDBBF1000F38
:100CF00006D00028EBD0A8EB0B01012001F07EFD0F
:100D00000028E4D04146002001F078FD0028DED024
:100D1000BBF1000F9AD097B9D4E90E23B3F1FF3F8E
:100D200008BFB2F1FF3F59D094F84030002B9CD05F
:100D3000052001F0EDFD002384F8403095E7D4E96B
:100D40000E23B3F1FF3F08BFB2F1FF3F07D002F01F
:100D500001FA4FF0FF324FF0FF33C4E90E230A9B34
:100D60000520A9EB030121F07F4101F047FD002898
:100D700065D094F84030002B7FF477AF012384F8DE
:100D8000403072E7464294F82230B046002B7FF4A0
:100D900046AF40F61721702002F070FCA8EB0B0163
:100DA000012001F02BFD0B9B002BA9D000288ED039
:100DB000A8EB0301022001F021FDA1E748460599B7
:100DC00001F01EFBF5E502F0C5F94FF0FF324FF0E0
:100DD000FF33C4E90E23002FA6D0C0E702F04AF982
:100DE00001F0E6FCC4E90E019EE700BF00807BE154
:100DF0000080841EC804002140F27F51702002F060
:100E00003DFC40F69511702002F038FC40F6991137
:100E1000702002F033FC40F60321702002F02EFC1B
:100E200040F64821702002F029FC40F63A1170206B
:100E300002F024FC40F6D701702002F01FFC40F2C3
:100E4000E621702002F01AFC4FF42461702002F0B9
:100E500015FC40F6D721702002F010FC2DE9F0417E
:100E60003B4D00EB400306464FEA400895F8222030
:100E70002B44002A93F8284014BF0027022701F0D2
:100E800091FC4FF0200C4FEA461E05E091F84930E6
:100E9000A446202B1C4655D005EB44130EEB040151
:100EA000D3F8D02005EB4101D3F8D8309B18121AA3
:100EB0001B1A22F07F4223F07F43B3F5000FE5D8E1
:100EC000974298BFB2F5000FE0D8BCF1200F02D1D5
:100ED0002046BDE8F08108EB06030CEB46127101D9
:100EE00004272B4405EB420293F828E092F84920AE
:100EF000744683F828200B192246204605EB43034D
:100F0000944593F8494083F84870F4D108EB060300
:100F10002B4493F82AC0BCF1200F5FFA8CF713D052
:100F20000F4405EB470787F849E00A44464420236D
:100F300005EB4202354482F8493085F82A00204604
:100F4000BDE8F0811C46C0E783F829E0EDE700BF6B
:100F5000C80400212DE9F04101EB4103494D0C4645
:100F600080462B444F0093F82860202E39D1464B01
:100F70000BB1AFF3008001F01BFC95F84330202B40
:100F800009D010F1020ED5E9022341F1000C72459F
:100F900073EB0C032AD3202E09D042463346FFF7C9
:100FA00011FCC8B3022085F84360BDE8F081D5E9A3
:100FB0000E23B3F1FF3F08BFB2F1FF3F19D195F8FF
:100FC000403013BB042001F0A3FC01F029FD2021D7
:100FD000D5F8CC34002285F8431001201A60BDE812
:100FE000F0810846FFF73AFF8642C0D00020BDE8F6
:100FF000F08102F0AFF84FF0FF334FF0FF32C5E958
:101000000E2395F84030002BDCD0052001F080FC49
:10101000002385F84030D5E73B1906EB4412610107
:1010200004202B4405EB420293F828C092F8492093
:1010300083F82820624613468A189E4205EB420236
:1010400082F8480092F84920F5D13A192A4492F8DA
:101050002A60202EF0B211D0084405EB400080F841
:1010600049C03C441944002005EB4101254485F862
:101070002A30202381F84930BDE8F08182F829C068
:10108000EFE700BFC804002100000000F8B500220F
:101090001F4C202042F2200300264FF0FF3784F837
:1010A0002A0084F8222084F8412084F82E20238509
:1010B00084F84200C4E900674FF0FF364FF0FF3775
:1010C000134604F1480184F82F20228484F8430059
:1010D00084F84020C4E90E6701F813200133202B67
:1010E000FAD101F023FE0125FF230A4884F830508D
:1010F00084F8D03402F040FB84F8D10402F09CFB69
:10110000C4F8CC0401F014F984F84450F8BD00BFD1
:10111000C80400211D0400012DE9F04FC74C85B023
:1011200001F046FB0E46009001F07AFC6368013343
:1011300002D04FF0FF33636094F82230002B00F0B0
:101140001D81637E23B194F82F30002B40F0108175
:10115000009BD81C46F1000101F052F994F83030A0
:10116000002B40F09D81012284F8302094F8422029
:10117000202A00F09A8194F842B0202284F82E3080
:101180005FFA8BFB84F8422084F8432084F82F30E8
:10119000236001F0D9FD94F8418084F8200008EB29
:1011A00048035FFA88F923444FEA480893F8285027
:1011B000202D07D004EB45136F0193F8E220012A9C
:1011C00000F0118108EB0907202DDFF874A24FEA27
:1011D0004916274408D04846FFF740FEA84203D0EE
:1011E00097F82850202DF6D1BAF1000F01D0AFF3B7
:1011F000008001F0DDFA94F84330202B09D010F183
:10120000020ED4E9022341F1000C724573EB0C038A
:10121000E6D3202D38D02B460122FFF7D3FA002841
:1012200077D006EB0B03022784F8435004EB43030B
:1012300093F84820022A50D0C844FF22A04484F8E2
:10124000312098F82930202B03D094F8D10402F0F3
:10125000AFFA94F82030002B40F0B780022F0BD16A
:10126000009BA068C01A00F09BFFD4F8C83443B1BB
:1012700005B0BDE8F04F1847D4F8C834002B40F053
:10128000A98005B0BDE8F08FD4E90E23B3F1FF3F8C
:1012900008BFB2F1FF3F07D001F05CFF4FF0FF3213
:1012A0004FF0FF33C4E90E2394F84030002B58D19F
:1012B0000420012701F02CFB01F0B2FB2022D4F81E
:1012C000CC3484F8432000221A6006EB0B0304EBB5
:1012D000430393F84820022AAED108EB0902062105
:1012E000224483F8481092F82A102029CBB277D0F4
:1012F000334404EB430383F849B008EB09035E442D
:10130000234404EB460683F82AB0202386F84930AC
:1013100092E7731997F82800042104EB430302466F
:1013200093F8493087F828301346B218AB4204EBE3
:10133000420282F8481092F84920F5D197F82A1015
:101340002029CAB217D0324404EB420282F8490085
:1013500087F82A303344202204EB430383F84920E2
:101360003EE7052001F0D4FA002384F840309FE7DF
:1013700001F06EF9F2E687F82900E9E74FF40C7105
:10138000206901F05DFEA268236900999B18E2685C
:1013900042F100021B1842F10002994276EB02036F
:1013A000FFF4CFAE94F84230082194F8422004EBC9
:1013B000421204EB4314D2F8CC00D4F8C83098475A
:1013C0004FF46D71702002F059F901F09BFC00237D
:1013D000238443E74FF0FF3005B0BDE8F04F1847D6
:1013E00082F829B089E7B3F8DEA00DF10B0203A95A
:1013F000504600F01BFF01F0A1FC00F07FFF94F8C5
:101400004230202B1ED0A3682269DD1DE36843F122
:101410000003AD1843F100032744D7F8D01007F1BB
:10142000D0004268A9429A4124BFC7F8D050436017
:1014300008EB0903234493F82850C3E6C8040021AD
:1014400000000000009B13F10B0546F10003BAF108
:10145000000FE1D0019302F03DF8019B0028DBD1A1
:1014600001F002FE40F2563188420DD040F2F551B3
:1014700088420FD0B0F5C67F019BCDD1009B13F100
:10148000180546F10003C7E7009B13F1270546F155
:101490000003C1E7009B13F13D0546F10003BBE7E4
:1014A00040F2CD31702002F0E9F84FF474717020F1
:1014B00002F0E4F838B50C46054601F009FF114981
:1014C00091F8413001F1480C5FFA83FE0CEB831C6C
:1014D000002302E00133202B12D01CF81320D8B2D5
:1014E000002AF7D103EB4E1E012201EB431301EB5F
:1014F0004E01C3F8C850C3F8CC4081F8482038BD2D
:10150000184638BDC8040021A14A53682DE9F04FA0
:10151000C3F3080391B002900491002B40F01282B3
:1015200008230393049B1B78012B00F2CB82994C78
:10153000994D25B1002140F2FC60AFF30080029B81
:1015400000274FF0010804EB4313D033069325B175
:10155000002140F20770AFF30080B8F1000F04D112
:101560008E4B0BB1AFF3008062B694F84160F6B2D7
:101570004FF0000B039B84F831B0002B40F07A81D0
:10158000B14625B1002140F21B70AFF3008001F09D
:101590000FF90AAB049A00960590FFF739F825B1C8
:1015A000002140F22270AFF30080029B4FEA4918FD
:1015B00003EB491A04EB4A0A9AF84830013B012B25
:1015C00000F2E380059B0A9823F07F42744F0C9B46
:1015D000811A0F4021F07F41003F18BF0127B1F56C
:1015E000000F88BF00271B189B1A23F07F43B3F519
:1015F000000F8CBF002707F00107002F40F0D480B8
:1016000009EB490304224FEA490023448AF84820A1
:1016100093F82A102029CAB200F0D4814244029BD8
:1016200004EB420282F84930484498444FF0010BE1
:10163000204404EB480880F82A30202388F84930F9
:1016400025B1002140F22770AFF30080554B0BB15C
:10165000AFF30080EFF3108AD04672B625B10021B7
:1016600040F22D70AFF3008094F83190B9F1000F83
:101670007FF46DAF25B1494640F23570AFF300807D
:101680000DF1280EDDF818C0BEE80F00ACE80F0021
:101690009EE803008CE80300BBF1000F00F0EC8132
:1016A00025B1002140F24270AFF30080039B002B74
:1016B00000F0EB81C7B194F84230202B14D125B152
:1016C000002140F24770AFF3008031460220FFF75F
:1016D00041FC002840F0E981049B1978002900F0C2
:1016E0009D81012900F0258125B1002140F264701F
:1016F000AFF3008094F84130DB4303F0010384F83A
:101700004130FF2384F8313025B1002140F275705B
:10171000AFF30080B9F1020F00F04881B9F1010F79
:1017200005D1D4F8C83413B14FF0FF309847BAF15F
:10173000000F04D1194B0BB1AFF3008062B625B195
:1017400000214FF4F160AFF30080BBF1000F12D025
:1017500094F8413003EB4303234493F82930202BC2
:1017600009D025B1002140F28F70AFF3008094F8CA
:10177000D10402F01DF825B1002140F29470AFF3BE
:101780000080584611B0BDE8F08F4FF0000B57E7CE
:1017900000ED00E0C804002100000000000000008F
:1017A000FEFFFF00000000000DF127030DF12602EF
:1017B00031460AA8FEF77AFD8346002800F099809A
:1017C0009DF826709DF827C0674500F0D780BCF1D2
:1017D000200F00F07C8108EB0C03202F04EB430367
:1017E00093F8492000F0028108EB07034FEA490013
:1017F00004EB430393F8491083F8492007914FF015
:10180000050A08EB01030A468E4604EB43039445A0
:1018100093F8491083F848A0F3D100EB090323445F
:1018200093F82AA0BAF1200F5FFA8AFC00F0F18049
:10183000C444079B04EB4C0C8CF8493000EB0903C3
:101840004FF0200C42442344674504EB420283F8E6
:101850002AE0029B82F849C0434404EB430383F827
:10186000491040F095804844029B5F46204480F830
:10187000283094E09B4B06F1010A03EB861E0AF028
:10188000010A03EB8A1CD146BEE80F00ACE80F004A
:10189000BEE80F00ACE80F00BEE80F00ACE80F0098
:1018A0009EE80F008CE80F0025B1594640F23C50ED
:1018B000AFF3008006EB46060AEB4A0328362833CE
:1018C000A15BA2199278E15223449A7055B100218C
:1018D0004FF4A860AFF3008025B1002140F21170F1
:1018E000AFF3008094F83130002B7FF430AE5646D1
:1018F00047E609EB490304224FEA490023448AF8EA
:10190000482093F82A102029CAB260D04244029B92
:1019100004EB420282F8493048449844BB46002711
:10192000204404EB480880F82A30202388F8493006
:1019300086E6002D3FF411AE014640F25A70AFF337
:10194000008004E6103B59B200295ADB664B5B5C11
:101950005B090393002B7FF4E5AD644C94F84230AF
:10196000202B00F0B980049B1B780393002B3FF4DD
:10197000DFAD40F2F561702001F080FE202F2BD00A
:1019800008EB070304EB430393F849308AF8493026
:101990004744029B04EB470787F8493000279844E7
:1019A000032304EB480888F8483049E6059BA06803
:1019B000C01A00F0F5FBD4F8C834002B3FF4B7AEE2
:1019C0009847B4E6029A83F8292013462CE6029A37
:1019D00083F8292013469FE709EB49034FEA4900A2
:1019E000234493F828308AF849303CE709EB49034F
:1019F0004FEA4900234493F8281083F828200791E0
:101A0000FDE603F00F03043B13441B7E5B090393C5
:101A1000A0E7DDF81CC083F829C00FE71DB140F234
:101A20004F70AFF3008094F841300421DDF808E0F6
:101A300003EB43000EEB431220445FFA83FC04EBFC
:101A4000420290F82A6082F848105A01202E4FEA8C
:101A50004303F1B232D0114404EB410181F849E073
:101A6000714663440A44BB46234404EB420283F8B4
:101A70002A10202382F84930002D3FF458AE00216F
:101A800040F27570AFF3008051E69DB1194640F207
:101A900064701E46AFF30080FF23314640F275703C
:101AA00084F83130AFF3008041E68146002D7FF4A9
:101AB0001CAE1FE6FF2384F8313038E6714680F80B
:101AC00029E0CEE740F2F961702001F0D7FD40F245
:101AD0008621702001F0D2FD40F2F261702001F009
:101AE000CDFD00BF1005002100E400E0C804002186
:101AF000014B93F8D0047047C804002110B50728A3
:101B000000F2A880DFE800F01A4D6878A67E8E0407
:101B1000784C94F84230202B00F0CB8094F842208F
:101B2000052194F8423004EB431304EB4214D3F83C
:101B3000CC00D4F8C830BDE8104018476D4CD4E94B
:101B40000E23B3F1FF3F08BFB2F1FF3F00F0AA80C0
:101B5000E38A002B40F0838094F84230202B00F081
:101B60009280FF23616884F82F304B1C05D005203C
:101B700000F044FE002800F0B880637E012B00F0E6
:101B8000858094F84230012194F8422004EB4212FF
:101B900004EB4314D2F8CC00D4F8C830BDE81040B0
:101BA0001847544C94F84230202B69D0012384F814
:101BB0002E3001F08FFC002800F08880D4E90E233D
:101BC000B3F1FF3F08BFB2F1FF3F52D094F842306B
:101BD000002194F84220D9E7464C01F093F8E38ABB
:101BE0001BB101F077FC002875D001F0B7F810B1F7
:101BF000012384F8213010BD3E4B0122D3F8CC34B0
:101C00001A6010BD3B4C94F8403093B1D4E90E23D8
:101C1000B3F1FF3F08BFB2F1FF3F50D0002384F87B
:101C2000403010BD334BBDE8104093F8D00401F0B4
:101C3000BFBD94F84230202B3ED04FF0FF3294F8D5
:101C40002F306260002B4BD094F84230062194F87C
:101C500042209BE740F67301702001F00FFD01F078
:101C600039FC00287FF478AF40F62C01702001F099
:101C700005FD01F0FFF900F09BFDC4E90E01A5E7A9
:101C8000FEF7D8FA92E7FEF7D5FA6AE7D4E902310F
:101C90002069013B41F1FF31181841F1000100F0CA
:101CA0006DFC6EE701F0E6F900F082FDC4E90E017B
:101CB0004EE7FEF7BFFA31E7FEF7BCFABDE701F0E9
:101CC000D9F900F075FDC4E90E01A7E740F6560109
:101CD000702001F0D3FC4FF40661702001F0CEFCBF
:101CE00040F64801702001F0C9FC40F63101702037
:101CF00001F0C4FCC80400210C4B93F84220202AB8
:101D00000DD093F84200042193F8422003EB4212D5
:101D100003EB4013D2F8CC00D3F8C830184740F694
:101D20007F01702010B501F0A9FC00BFC80400219C
:101D300070B53A4C82B094F84230202B68D063687A
:101D4000013356D194F84250064604EB4515D5F8B8
:101D5000D00020F07F4000F023FAB5F8DE2095F89F
:101D6000DC10531C2E4A0B449042034429D8934262
:101D70002CDC002B1FDB33442A4A964243DC2A4AE0
:101D800096423BDD264A934223DC002B2EDB18468D
:101D90000DF1030201A900F049FA9DF80320019911
:101DA00094F82F300F2A88BF013121F07F41616004
:101DB00093B902B070BD1D4A1A44194993198A4259
:101DC000DAD940F27F51702001F058FC184A1A44C9
:101DD000F3E717481844DBE7052000F00FFD002863
:101DE000E7D140F6BD21702001F048FC0F481844AF
:101DF000CEE740F6B621702001F040FC40F2815160
:101E0000702001F03BFC4FF4B061702001F036FC13
:101E100040F6B521702001F031FC00BFC80400215C
:101E2000FF7F841E0040420FFFBFBDF00080841E74
:101E300000807BE110B50A4C94F8443063B194F80B
:101E4000D034FF2B01D0002010BD01F095FC0346DB
:101E5000002084F8D03410BD6FF0220010BD00BF08
:101E6000C804002138B50E4B04460BB1AFF3008017
:101E7000EFF3108572B60620214600F0BFFC044641
:101E800025B9084B0BB1AFF3008062B604B138BD81
:101E9000054B93F8D004BDE8384001F089BC00BF81
:101EA0000000000000000000C804002100F07ABC1F
:101EB000254A10B592F84230202B3FD092F842309C
:101EC00092F84110DCB292F841E001EB41015FFA77
:101ED0008EFE114491F82830202B22D04FEA4E1E5E
:101EE00006E0734402EB430393F84930202B18D0EB
:101EF00002EB431191F8E0C08445F2D802EB4413A1
:101F0000D3F8D040D3F8D800D3F8D4300019D1E9B1
:101F1000344143F10003844271EB030304D20020F7
:101F200010BD4FF0FF3010BD201A146800F038F9D2
:101F300004F174038342F2D8001B10BD40F608314F
:101F4000702001F09BFB00BFC80400212DE9F04F79
:101F5000914C87B094F84230202B00F0188194F80F
:101F60004250814694F841300DF1130220688B46AF
:101F700003EB430305A94844EDB2234493F82870CA
:101F8000A36803932369029300F050F9A9F1740246
:101F9000824B9A4262D804EB4511059BD1F8D020C0
:101FA000D1F8D8009B18D4E902561818401B20F02D
:101FB0007F43B3F5000F51D894F84120202F2061C2
:101FC0005FFA82FA84F818B000F0D78020218846A2
:101FD000594604EB471C40194FEA471B46F10006DF
:101FE000DCE9342382420192B3414FD3BCF8DE30A6
:101FF0000BB1E38AB3B30520CDF8048000F088FC70
:10200000019994F841004FF0FF332029C0B263607A
:1020100040F0B18000EB40002027204490F82820B9
:1020200094F8411094F8423003EB411304EB43035E
:1020300083F8492023684B442360637EFF22012BF1
:1020400084F8312000F08880202F40D094F8D1040B
:1020500001F0AEFB002007B0BDE8F08F012007B013
:10206000BDE8F08F01F000F840F25633019A984233
:1020700021D040F2F55398421BD0B0F5C67F14BF73
:1020800001230E23521B9342B5DD217EA3449BF80E
:10209000E0308B4211D907EB4A1304EB430393F86A
:1020A0004930202B17D0B846A5681F46D4E90360F5
:1020B0008FE73323E6E71D23E4E7DDE90232022060
:1020C0009B18A2689B1A236107B0BDE8F08F00201F
:1020D00007B0BDE8F08F052000F01AFC94F841002D
:1020E0004FF0FF33C0B2636000EB40034FF0050CCC
:1020F00007EB401223444FEA400E04EB420293F8F0
:102100002880450192F8492083F828204246AB18E0
:102110001146164604EB43038F4293F8492083F897
:1021200048C0F4D10EEB0003234493F82AA0BAF17F
:10213000200F5FFA8AFC1BD0AC4404EB4C0C8CF8EB
:10214000498029447044202304EB4101204481F854
:10215000493080F82A6063E7D4E902322069013B04
:1021600042F1FF32181842F1000100F007FA6BE764
:1021700083F82980E5E70F46B6E7052000F0C8FBA5
:102180004FF0FF3394F841006360C0B242E740F67D
:102190003531702001F072FAC80400218C3F420FE3
:1021A00043F60952C0F30803400A02FB03F302FBA3
:1021B00000F003F5807300EB532070470346C0F333
:1021C0000800C3F34E221B0E43EA0123090E10B58B
:1021D0004FEA411C43F609544FEA431E4CEAD36CC4
:1021E00004FB00F0BEEB030E04FB02F200F580706E
:1021F0006CEB010402EB50204FEA841C4FEA8E1274
:102200004CEA9E6CB2EB0E026CEB040C4FEACC0C69
:102210004CEA527CD200D31841EB0C01DA03C9031B
:10222000801841EA534141F1000110BD48F2376C7A
:10223000430B0CFB03F300B54FEA134C43F6095E66
:102240000F4B0EFB1C0000FB03F35B0D0EFB03FEAC
:1022500003EB4C2343F6085CF444B0EB5C2F08D846
:102260000EF5807E0B60A0EB5E20C0B210705DF8B2
:1022700004FB013300200B6010705DF804FB00BF0D
:102280006F0C010030B585B01C461546194A03ABEA
:10229000009302AB01F018FB039A48F2376343F650
:1022A000095C510B43F6085E03FB01F10B0C12496C
:1022B0000CFB132000FB01F1490D0CFB01FC01EBB1
:1022C0004321E644B0EB5E2F11D80CF5807CA0EBE7
:1022D0005C20C0B2089B187002980306000A5B18C5
:1022E00040F10000236060602A6005B030BD01311C
:1022F0000020EFE70080841E6F0C010048F2376178
:10230000420B43F6095C094B01FB02F2120C0CFB79
:102310001201500201FB0333013B5B0D0CFB03FC7C
:10232000B1EB5C2F88BF0130184470476F0C01007F
:1023300030B42E4B4FF0FF344FF0FF350022042114
:102340002B481A701A619970C3E902454FF4805501
:10235000C0F88050BFF34F8FBFF36F8F01211A7504
:102360004FF40034C0F88051224B4FF0FF355960D4
:10237000C3F80853C3F84025C3F84021C3F84425E7
:10238000C3F84421C3F84825C3F84821C3F84C25B5
:10239000C3F84C211961C0F88040BFF34F8FBFF3E1
:1023A0006F8F154AC0F8804151609160D2F80435B2
:1023B000002BFBD111494FF400340D48C2F808132B
:1023C000C2F848134FF48271C2F84031C2F8443168
:1023D000C2F84831C2F804310123046013600223BB
:1023E000C2F84413C2F8043330BC7047A00900217E
:1023F00000E100E000C000410010014102000700C0
:10240000F8B5564C2378012B2CD0554A0625C2F836
:1024100008558BBB534A4FF44035C2F84853C2F8B5
:102420000853C2F84031C2F844314E4A4FF4803765
:10243000002520F07F4CC2F80873C2F84873C2F838
:102440004051D2F80465ACEB060626F07F45B5F5A1
:10245000000F02D8444D2E4219D140F2B2316C2007
:1024600001F00CF9D4E902528A4208BF85426ED0CD
:102470003B4A0625C2F808553A4A4FF40035C2F8DF
:102480004853C2F808530025C2F84451CDE7C2F8BA
:1024900040C5C2F844732BB1A668D2F80435F31ACC
:1024A0002B42FAD001250022304E4FF48057A5610F
:1024B000A270C6F88070BFF34F8FBFF36F8F2C4BA5
:1024C0004FF0FF3CC6F8807122755D60C3F808C309
:1024D000C3F84025C3F84021C3F84425C3F844217C
:1024E000C3F84825C3F84821C3F84C25C3F84C214C
:1024F0001D61D3F8042522F00302C3F80425D3F8A4
:10250000082522F0030242F00202C3F80825102237
:1025100092FAA2F2B2FA82F2092A19DCC3F8102563
:10252000A060DD60A069E16040F20141C3F80002F3
:10253000104A0C48C6F880713760C0F8C021A0F579
:102540000050C3F880200423C0F804352180F8BD72
:1025500040F25531084801F087F800BFA00900217A
:1025600000F0004100100141FEFFFF0000E100E02B
:1025700000C0004102000080FC480101F8B52E4C6B
:1025800094F800C0BCF1020FD4E9025344D08B424E
:1025900008BF85424AD0237D002B42D0274B062618
:1025A000274A4FF48037C3F808650023C2F8087340
:1025B00020F07F4EC2F84873C2F84031D2F804359B
:1025C000AEEB030323F07F46B6F5000F02D81D4E95
:1025D000334204D14FF474716C2001F04FF8C2F80B
:1025E00040E5C2F84473BCF1000F04D0D2F80435C2
:1025F000EB1A3342FAD0A06040F20242124B104D67
:102600001248E160C5F8C0310C49C0F88C30022393
:10261000C1F804352280F8BD8B4208BF8542BAD18B
:10262000F8BD4FF471716C2001F028F84FF470710F
:102630006C2001F023F800BFA009002100F0004148
:1026400000100141FEFFFF000100008000C00041BA
:10265000F8B5464C23787BB9454A4FF44031C2F86F
:102660004813C2F80813C2F84031C2F8443140F2AE
:10267000DB316C2001F002F83D4A4FF400300021BC
:10268000022BC2F84803C2F80803C2F84411EED185
:10269000EFF3108572B6D2F80405D2F8043153B1C5
:1026A000236901332361C2F80411D2F80405D2F87A
:1026B0000431002BF4D12269002D38D04FF0807501
:1026C00003230021E2FB05311818D4E9025741F138
:1026D00000018F4208BF854213D0254B254ED3F809
:1026E00004252B46AA1A164066B122F07F42B2F5A5
:1026F000000F07D8FFF784FEA3691F4AC2F8003213
:10270000F8BD03461A491D4AD1F804051B1A1A40A0
:1027100022B123F07F43B3F5000F0AD90122002133
:102720001346A261144AA170C2F80032F8BD62B625
:10273000C4E713480222A5600123E7600026C0F821
:102740000825104D0C4AA361A6705360D360C1F8F0
:10275000C0510421C2F8805040F20142C0F8041573
:102760002280054AC2F80032F8BD00BFA00900214E
:1027700000100141FCFFFF0000C00041FEFFFF0010
:1027800000F0004102000080014BD3E902017047D4
:10279000A0090021024B00F5A87053F820007047F3
:1027A00000100141014BD3F80405704700100141AE
:1027B00030B4EFF3108572B60E4A0F49D2F8040513
:1027C000D2F804315BB100240B6901330B61C2F80C
:1027D0000441D2F80405D2F80431002BF4D10B697E
:1027E00005B962B600214FF0807230BCE3FB0201F4
:1027F000704700BF00100141A0090021032870B5F7
:1028000025D83E4BD3E90242B2F1FF3F08BFB4F1F5
:10281000FF3F4DD01A78022A58D0394D820001234B
:10282000103003FA00F602F140002A44C5F80863AC
:102830004351D2F84045A1EB040C2CF07F4CBCF185
:10284000020F3DD800231846C2F8403570BD031F63
:10285000DDB2022D47D8294B1A7812B15B7883423A
:1028600046D04FF48034AA00264B0020AC4002F53D
:10287000A072C3F80843C3F84843D050D3F8040506
:10288000214A081A024020F07F40B0F5000F8CBFAB
:1028900000200120002A08BF00200028D6D005F51E
:1028A000A87543F82510C3F80443C3F8444370BD2A
:1028B0001A7D002AAED14FF486616C2000F0DEFE56
:1028C000C2F840151846C5F8046370BD5C780F4A1D
:1028D000231F032CDBB24FEA83031A449DD91368EC
:1028E000002BFCD099E740F254416C2000F0C6FE6A
:1028F0004FF48A616C2000F0C1FE00BFA0090021E6
:1029000000C0004100100141FEFFFF0040110141E5
:10291000032810B582B014D800F110048200012100
:10292000384B02F5A07200F5A870A1400024C3F84E
:10293000081343F82040D450D3580093009B02B0B2
:1029400010BD031FDBB2022B56D82F4A1178E1B914
:102950004FF480312D4A03F5A87099409B00C2F8CE
:102960000813C2F8481352F82000D2F80445284949
:10297000001B014019B1002003F5A0718850254AC1
:102980009B580193019B02B010BD54788442DFD163
:10299000214806240129C0F8084508D000244FF03A
:1029A000FF304FF0FF311470C2E90201D0E71B483D
:1029B0004FF48054C0F88040BFF34F8FBFF36F8F48
:1029C000C0F880414FF0FF340E484160C0F8084322
:1029D0000024C0F840451475C0F84041C0F8444593
:1029E000C0F84441C0F84845C0F84841C0F84C45DB
:1029F000C0F84C410161D1E740F2E2416C2000F0A7
:102A00003DFE00BF00C00041A009002100100141AF
:102A1000FEFFFF004011014100F0004100E100E035
:102A2000174B1B780BBB174A4FF44031C2F84813C1
:102A3000C2F80813C2F84031C2F84431124B0022E8
:102A40004FF0FF31C3F80813C3F84025C3F8402105
:102A5000C3F84425C3F84421C3F84825C3F84821E6
:102A6000C3F84C25C3F84C217047064B4FF4003295
:102A70000021C3F84823C3F80823C3F84411DDE755
:102A8000A00900210010014100C0004108B53C4BE5
:102A9000D3F80423D00303D5D3F84021002A3AD138
:102AA000374BD3F80423910303D5D3F84421002AEC
:102AB0004BD1334BD3F80423520302D5D3F848212A
:102AC00082B92F4BD3F8042132B12E4A0021C3F82A
:102AD00004111369013313612B4B4FF40032C3F817
:102AE000802108BD00222949C3F84821D3F8482590
:102AF000D3F80435D31A194021B123F07F43B3F53D
:102B0000000FDED91E4B4FF480220620C3F80823A5
:102B1000FEF7F4FFD5E70022C3F84021D3F84025A3
:102B2000D3F80435D31A23F07F42B2F5000F03D84F
:102B3000164A1A40002AB3D1114B4FF480320420B8
:102B4000C3F80823FEF7DAFFAAE70022C3F84421FE
:102B5000D3F84425D3F80435D31A23F07F42B2F5D5
:102B6000000F03D8094A1A40002AA2D1044B4FF49F
:102B700000320520C3F80823FEF7C0FF99E700BF25
:102B800000100141A009002100E100E0FEFFFF006C
:102B900030B5594C85B0A378042B32D023785BB183
:102BA000012B00F0A180237D002B00F09F800223E9
:102BB00060782370FFF7ACFE504BD3F80423150365
:102BC00002D5D3F84C2112BB4C4BD3F8042350034D
:102BD00003D5D3F84821002A34D1484BD3F8042335
:102BE000910303D5D3F84421002A46D1434BD3F8AF
:102BF0000423D20303D5D3F84021002A58D105B0CD
:102C000030BD072005B0BDE83040FEF777BF002299
:102C10004FF400203A49C3F808030320C3F84C25B9
:102C2000C3F84C21D3F84C3100934FF48053009AF1
:102C3000C1F88031FEF762FF304BD3F80423500314
:102C4000CBD5C6E700224FF480202D49C3F80803F6
:102C50000220C3F84825C3F84821D3F8483101932E
:102C60004FF48053019AC1F88031FEF747FF234BA0
:102C7000D3F804239103B9D5B4E700224FF4003010
:102C80001F49C3F808030120C3F84425C3F84421B1
:102C9000D3F8443102934FF48053029AC1F8803143
:102CA000FEF72CFF154BD3F80423D203A7D5A2E7D8
:102CB00000204FF48031124AC3F80813C3F84005CE
:102CC000C3F84001D3F84011A06103914FF4805143
:102CD000039DC2F880110422A270C3F8000205B05F
:102CE000BDE83040FEF70ABF237560E740F2695146
:102CF0006C2000F0C3FC00BFA009002100C000410F
:102D000000E100E0074B93F90030002B09DB5A0982
:102D1000012103F01F030448403201FA03F340F895
:102D200022307047BC09002100E100E0024B002284
:102D30001A705A80704700BFC0090021014B5888A3
:102D4000704700BFC0090021034B187802380128E2
:102D50008CBF002001207047C0090021034B187868
:102D6000A0F10300B0FA80F040097047C0090021CB
:102D7000BFF35F8F024A137803F0FE0313707047AE
:102D8000C4090021064B1A78D20707D41A7842F0FA
:102D900001021A70BFF35F8F012070470020704757
:102DA000C409002108B5FFF781F80A4A03465268B2
:102DB0005069C31A1B02B3F5407F03DBBDE808402E
:102DC000FFF750B8FFF7D4FFFEF792FEBDE80840CA
:102DD00000F0EEBCC409002170B40E4D6B6823B93D
:102DE0006860C36170BCFFF7DDBF46691A46002406
:102DF0005169711A0902FF3109DBD169144621B901
:102E0000E369C361E06170BC70470A46F0E7934232
:102E1000F6D1E5E7C4090021074A5368834203D18C
:102E2000DB6953607047134623B1DA699042FAD1E7
:102E3000C269DA61704700BFC40900212DE9F04181
:102E40003A4FFFF733F801467C68002C6BD0FFF750
:102E500099FF804630B9C81C20F07F40BDE8F041A2
:102E6000FFF700B87B685869411A0902B1F5407F45
:102E700021DA2F4E2046FFF7CFFF257C05B363698B
:102E8000013D03F580032574002523F07F43636132
:102E9000FFF7A2FF7C6854B1FFF708F803466069AA
:102EA000C31A1B02B3F5407F36DBFEF7DBFFBDE83C
:102EB000F041FFF75DBFFFF75BFF7B685869CDE727
:102EC000A069C8B1B042217A1DD9B0FBF6F506FB66
:102ED0001505002D08BF3546284602F0AFFA636994
:102EE000184420F07F406061A069401BB0FBF6F001
:102EF00020742046FFF770FFFFF73AFF2046E36893
:102F000045469847C6E702F099FA63692574184464
:102F100020F07F406061ECE7002DABD0FEF7E8FDCC
:102F200000F046FCC3E7BDE8F08100BFC409002102
:102F30000020A1070148FEF77DBF00BF3D2E000124
:102F40002DE9F04105468846FFF71CFF00286ED0AA
:102F50004DB3384B5E6816BB10223146A81800F0FE
:102F600009FDFEF7A3FFB8F1010F074621D018F0C5
:102F7000FD0F57D12B7A2C68002B4BD03D2C4CD811
:102F8000B8F1020F4FF03F0400D1AC61297A20461E
:102F900002F054FA074427F07F476F6133E0B542EF
:102FA00001D0F669D7E76FF01500FFF7E1FEBDE845
:102FB000F0812868DFF880804045F4D8297A02F053
:102FC0003DFAC01B0302E6D43846FFF7E9F82C6847
:102FD000844238BF4444241ADFF860804445D5D980
:102FE000297AB4FBF8F608FB1646002E08BF4646C1
:102FF0003046A61B02F022FA0744B6FBF8F627F08B
:103000007F472E746F612846FFF7E6FE0020FFF72A
:10301000AFFECCE75D2C38BF5D24B8F1020FDBD1E9
:10302000AC61D9E74FF4B2716E2000F027FB6FF06E
:103030002200BCE7C4090021E17F841E0020A10713
:1030400008B50B4659B148B14FF0FF31054A8C46DF
:10305000E0FB03C1604600F0F3FB013008BD084609
:10306000FCE700BF40420F00014B5888704700BF8B
:10307000CC09002110B5EFF3108472B6064A93799B
:103080000133DBB293719379012B01D100F008FA7F
:1030900004B962B610BD00BFCC09002170B50B4C5D
:1030A00026785EB90125A0602570FFF7E3FF00F0E8
:1030B00011FA28B9064B2573C3F80453002070BDDC
:1030C000A368002BFAD09847A660F7E7CC09002147
:1030D0000050004108B5FFF7CDFF00F0FBF9084AAA
:1030E000084B30B10121116104225A7300229A73F6
:1030F00008BD032159730121C2F80413F6E700BF8C
:1031000000500041CC09002138B5114CE37BB3B12C
:10311000A27B013B9A4212DA00F0DCF9054600F08E
:10312000EDFAE37B012B82BFA37B0133A37355B17F
:103130002369C31A0133022B09D935B12061BDE8D7
:103140003840FFF7C7BF6369F3E76061F7E738BD51
:10315000CC09002110B5EFF3108472B60A4B9A79AE
:1031600022B940F219116D2000F088FA9A79013ADB
:10317000D2B29A719A791AB91B7E0BB900F096F9FE
:1031800004B962B610BD00BFCC09002108B5054BDB
:103190001A7822B100221A731A70FFF7DBFF0020A1
:1031A00008BD00BFCC09002170B51B4C637E7BB904
:1031B000E06900F0030000F0B5F948B1FFF7BAFE8E
:1031C00030B9EFF3108372B6627B12B103B962B605
:1031D00070BD0122627303B962B600230F4D8026D1
:1031E000C5F80863C5F81C3184F82030FFF772FF7A
:1031F00094F8443002210A4A0A48534363620A4B56
:103200002363FFF79DFE20B140F24B216D2000F0BB
:1032100035FAC5F80463DBE7CC0900210050004112
:1032200090D00300F009002109310001F8B5264CC7
:1032300094F84530002B45D0244BD3F80071D3F8D7
:10324000046157B10122C3F80823237B2BB1002569
:10325000A36825730BB19847A5601C4D3EB10023B0
:10326000C5F804310223C5F80833FFF79DFFD5F8F0
:103270001C3194F82060F6B237B1627B032A01BF9B
:103280000422627301222A617BB1104B0022C3F831
:103290001C21637B042B04D04FF4E4716D2000F0FB
:1032A000EDF902236373FFF755FF5EB1002384F845
:1032B0002030637B022B01D1FFF70CFFBDE8F84003
:1032C000FFF748BFF8BD00BFCC0900210050004106
:1032D00010B5044CE06900F0030000F023F9002869
:1032E000F8D010BDCC090021F8B5054650B10278E0
:1032F000022A07D8437842B9013B1F2B02D88378B2
:10330000212B07D96FF015006AE0002BFAD18378E2
:10331000002BF7D15E4B2022C3F88020BFF34F8FE4
:10332000BFF36F8F5B4EC3F880214FF0FF335A4CD1
:10333000C6F808330023C6F80031C6F80431C6F8D1
:103340001C31A371AB88A38000F0D4F810B1012325
:103350002370A371D6F80C34D6F80C24D70303D508
:10336000DE0701D500F0B0F840F2F553AA7869788D
:1033700063800123E2730022E3612B7884F8441018
:10338000012B6376A2732CD0022B2DD0002B38D1C9
:1033900000F0B8F800283ED000F0BCF8E36903F074
:1033A0000303984237D1AB7983BBFFF791FFE37BEF
:1033B00063B12B7853B900F08DF8054600F09EF903
:1033C0006FF00043002D60D0C4E9040301232022E4
:1033D000002084F845302E4B6073C3F880211A60BA
:1033E000F8BD0223E361D3E7FFF744FE294BD3F88E
:1033F0000C24D3F80C14C803F9D5D107F7D503234F
:10340000F0E740F23D316D2000F038F9214B022207
:10341000C3F80423CBE71F4B01220021DA60C3F875
:103420000411217FC3F818159A600222C3F80423FF
:10343000AA79002ABBD1D3F80423920702D44FF40F
:103440003E71E0E7154A1769116907F0100741F06E
:1034500010011161D3F804310BB902F001F80D4EDF
:10346000D6F8043173B1FFF733FF27B90B4A13695C
:1034700023F0100313610223C6F808330023C6F8B3
:10348000043194E701F0EBFFEAE7C4E904309DE77B
:1034900000E100E000500041CC09002100ED00E017
:1034A000014B01221A60704700500041044A012379
:1034B00053600023C2F80031024A1370704700BF06
:1034C00000500041130A0021014B01221A7070477D
:1034D000130A0021054BD3F8003123B9044B1878A7
:1034E00000F0010070470120FAE700BF00500041E2
:1034F000130A0021024BD3F8080400F001007047C2
:1035000000500041024BD3F8140400F00100704752
:1035100000500041024BD3F81C0400F00300704738
:1035200000500041074B0246D3F81814D3F8180492
:1035300010F4803005D0D0B201F003031B1A5842BA
:103540005841704700500041BFF34F8F0549064B6B
:10355000CA6802F4E0621343CB60BFF34F8F00BF31
:10356000FDE700BF00ED00E00400FA05094B012271
:103570005A604FF0FF32C3F808234FF48032064BF5
:10358000C3F88020BFF34F8FBFF36F8FC3F8802144
:10359000704700BF0000014100E100E010B5134991
:1035A00000230122124CC1F8FC3FC1F8FC2FDA00C5
:1035B000013302F1FF7202F58032D2F8000320409D
:1035C000884202BFD2F80003D2F804230260202B05
:1035D000EDD1084B4FF48072C3F88020BFF34F8FBA
:1035E000BFF36F8FC3F8802110BD00BF0080004182
:1035F00000F0FFFF00E100E0F8B5194E05460C466B
:10360000174633784BBB01F007FF164B7760002D50
:1036100008BF1D463472FFF7C1FF2846FFF7A6FF1B
:10362000FFF762FE0546B0B9FDF730FDFFF7BCFDC0
:1036300001F0F3FE002C0CDB04F01F0264090123EF
:10364000A400934004F1604404F56144C4F880315F
:103650002360012333702846F8BD4FF0FF35FAE7A9
:10366000140A0021D046010108B572B6024B5B680E
:1036700003B19847FFF768FF140A00211FB572B61F
:10368000134B5D688DB9FFF75FFFB4FBF6F4D3B25F
:103690000132002CF9D103F110026A4402F80C4CFB
:1036A0000A2233B901A8A847EDE7044600220A26FA
:1036B000EDE7013BDBB203F110040DEB0406B0FBB8
:1036C000F2F402FB1400303006F80C0C2046E8E758
:1036D000140A0021074B93F90830002B09DB5A0923
:1036E000012103F01F03403201FA03F3024941F8BC
:1036F00022307047140A002100E100E01B4B4FF418
:10370000803270B5C3F88020BFF34F8FBFF36F8F47
:10371000174D0021174CC5F80011C3F88021266908
:10372000236906F0100643F0100323610123C5F856
:1037300004332B60D5F80031A3B11EB9236923F0FF
:10374000100323610A4B0122D3F808055A60C3F81D
:1037500008230022C3F800214FF48032034BC3F842
:10376000802170BD01F07BFEE4E700BF00E100E0D6
:103770000000014100ED00E002460C49052038B58B
:103780000138C0B2FF2803D148216920FFF776FF36
:1037900001EBC0031D7905F0FF04002DF0D141F8C5
:1037A000302001225C719C711A7138BD200A002101
:1037B000042808B503D958216920FFF75FFF094B9A
:1037C00003EBC0000379012B01D05921F4E74379C1
:1037D00082790133DBB29A4218BF4371BDE80840D9
:1037E000FFF778BF200A002170B50625114C00268E
:1037F000013D15F0FF0500D170BD94F8281004EBD1
:10380000C1031A79012A09D158799A79904205D0D1
:103810005A79D2B29A7154F83130984794F82830D6
:103820000133DBB2042B94BF84F8283084F828607D
:10383000DEE700BF200A002100487047000708416A
:10384000914270B53BD2B2FA82F33BB1C3F120048E
:1038500099409A4020FA04F498402143160C1FFA2C
:1038600082FE030C85B2B1FBF6FC06FB1C1424049B
:1038700004EB10400CFB0EF4844206D9201A90424F
:103880008CBF02200120ACEB000C03EB01410CFBD0
:1038900012114FEA0C4CB1FBF6F006FB101100FBC5
:1038A0000EFE05EB01418E4506D9AEEB010E9645A5
:1038B0008CBF02220122801A40EA0C0070BD7921DF
:1038C0009620FFF7DBFE00BF8A422DE9F8434CD972
:1038D000B2FA82F4002C3DD1964681464FEA1E484A
:1038E0001FFA8EF64FEA19441FFA89F7B1FBF8FC6C
:1038F00008FB1C152D0405EB19450CFB06F9A94521
:1039000009D9A9EB0509CE4534BF4FF002094FF0A4
:103910000109ACEB090C04EB01410CFB1E114FEA51
:103920000C4CB1FBF8F408FB141104FB06F607EB92
:1039300001418E4205D9761AB64534BF02260126CA
:10394000A41B4CEA04041C6004FB1202089B1A60CE
:10395000BDE8F883C4F12005A14000FA04F902FA99
:1039600004FE20FA05F52943B8E779219620FFF7F0
:1039700085FE00BF2DE9F04184075FFA81FE5FD02C
:10398000002A59D0034601E0002A55D003F801EB84
:10399000990702F1FF32F7D14EEA0E24032A44EAD6
:1039A00004443ED9151FC3F38001AE08172D06F15C
:1039B000010647D99846002940D048F8044B771AA9
:1039C00003EB810C79080CEBC101CCE900440CF14C
:1039D000080C6145F9D127F0010C08EB8C01674513
:1039E000CCEB8C7805EB880517D02F1F0C60032FCC
:1039F00013D9A5F108074C60032F0ED9A5F10C07C8
:103A00008C60032F09D9A5F11007CC60032F04D9CE
:103A1000143D0C61032D88BF4C6102F0030203EBDF
:103A200086034AB1013A83F800E005D0012A83F801
:103A300001E018BF83F802E0BDE8F0811546BEE75B
:103A40000346A9E719461546CFE700BF014B1B689F
:103A50001B68184700000021014B1B685B68184772
:103A600000000021014B1B689B68184700000021E3
:103A7000014B1B681B6918470000002138B5174C23
:103A80000320FEF715FA03212568854228BF054665
:103A90002846FEF75BFA30B1012819D04FF4A77120
:103AA0006B20FFF7EBFD2368E068AB4206D1FEF721
:103AB0003FF9E26823681344E36038BD0544608938
:103AC0000123281AE5602374BDE83840FEF730B9B9
:103AD00063892074E068C01AF6E700BF500A00212D
:103AE00008B50C4B1A7802F0FF0312B15A1E1A42A5
:103AF00003D0E0216B20FFF7C1FD19B1034207D1CC
:103B0000E521F7E723EA00039B0601D1E921F1E76C
:103B100008BD00BF0400002108B501220C4B0221A2
:103B20001A764FF4403293F830001A621A68DA615C
:103B30005A689A62074A117003F11801FDF7E4FC14
:103B400020B94FF483716B20FFF798FD08BD00BFCB
:103B5000500A00210400002170B5EFF3108572B601
:103B6000264C002394F8316084F83130012E06D0C1
:103B7000022E1DD0002E3BD185F3108870BD85F339
:103B8000108894F8323003F0FF0123B140F25B114A
:103B90006B20FFF773FD1420FFF7A2FF184B84F88A
:103BA00032601B78012BE9D1BDE87040FFF7B4BF4C
:103BB00094F8322012B94FF4B671E9E7104984F84D
:103BC00032300B78023BDBB21E2B0ED8012202FAF8
:103BD00003F30C4A1342CFD144F20402134204D03F
:103BE00020230B70FDF798FAC6E74FF4C471CFE7B6
:103BF00085F310884FF4D771CAE700BF500A00213F
:103C0000040000214100004070B5144C94F833507A
:103C100025B140F28D216B20FFF730FD104B0126BE
:103C20004FF4C85284F832501E700E4B0E48C4E94F
:103C300000230E4BA360FFF79FFD294684F8340054
:103C40000B48FDF737FC202884F8300002D14FF4F0
:103C50002771E0E784F8336070BD00BF500A00218F
:103C600004000021FF3F420F593B00010500B7004F
:103C7000D13D000108B5104B93F8332022B94FF421
:103C80003F716B20FFF7FAFCEFF3108172B693F8E7
:103C9000312022B1012A0DD04FF44371F1E7022205
:103CA00083F8312001B962B693F83400BDE80840CA
:103CB000FFF77EBD0022F3E7500A00210B4B93F87B
:103CC000333010B523B940F21B316B20FFF7D6FC1F
:103CD000EFF3108472B6064B1A78102A03D108222B
:103CE0001A70FDF719FA04B962B610BD500A002126
:103CF00004000021114B10B51B78042B1BD1104B75
:103D00001A7C1AB95A891868801A10BDFEF74AFD44
:103D100004460120FEF73EFD01380A4B001B00025D
:103D200048BFFF30001220EAE07080FB0303C00BA5
:103D300040EA4340E9E70020E7E700BF0400002134
:103D4000500A002140420F0038B5144C94F833302B
:103D500023B940F2D1216B20FFF790FCEFF31085DF
:103D600072B694F8313023B1022B0DD04FF4397173
:103D7000F1E7012384F8313005B962B694F83400D4
:103D8000BDE83840FFF714BD054B00221B7884F8CE
:103D90003120042BF0D10CF061FEEDE7500A002138
:103DA0000400002108B5094B19781029CAB207D0C0
:103DB000202A05D0042A04D110221A700CF05EFECD
:103DC00008BD40F2CD116B20FFF758FC0400002124
:103DD00010B50C46FEF7E6FC611E06293AD8DFE86E
:103DE00001F0044444282357500001210220FFF72A
:103DF00077FE2B4B2B4A93F8321079B104211170C6
:103E00001A68DA6000221A7493F83130022B01D05C
:103E10000CF024FEBDE81040FFF730BE20231370E5
:103E2000BDE81040FDF778B940F215216B20FFF78F
:103E300025FC1B4B93F8322062B11A4A1278042AEF
:103E400009D11B7C012B03D1174BD3F844311BBB89
:103E500006F02EFE10BD154B4FF48072C3F8802083
:103E6000BFF34F8FBFF36F8FF4E701210220FFF7FD
:103E700037FE0B4B93F8323033B1BDE81040FFF7FB
:103E80004BBE01212820F2E7064B01221A70E1E720
:103E9000034B1B7C012BBDD1BDE81040FFF782BF57
:103EA000500A0021040000210010014100E100E05F
:103EB000014B01229A777047880A00210020704741
:103EC000074B1A684AB95A683AB99A682AB9D86841
:103ED000003818BF0120404270474FF0FF30704754
:103EE000F00A0021104B1A6810B5CAB9DA6DBAB9D8
:103EF0005A68AAB91C6E9CB993F83C200AB90020F4
:103F000010BD93F86420012193F8483002F18242F9
:103F100002F520421160002BF1D001F003F8EEE72A
:103F20004FF0FF30ECE700BF340B002138B5114CE7
:103F30002368E3B9D4F89030CBB96368BBB9D4F83F
:103F40008C50A5B994F8703023B101F009F82846D7
:103F500001F0F6F894F83C0040B194F88930012261
:103F6000002003F1824303F520431A6038BD4FF06F
:103F7000FF30FBE7AC0B00214FF0FF307047000033
:103F800070B50C46054688B1037823B1012B1CD0CF
:103F90006FF0150018E01F490B6991F83F2091F868
:103FA000241000F055FE78B91A4B1D607CB32378BD
:103FB000012BEDD1174D204695F83E2095F82410A1
:103FC00000F0B0FD00B96C6070BD124A92F8241088
:103FD000D1B192F83A1010488900CEB230442E790F
:103FE00046F0004606600D4892F83660084446F0F8
:103FF0000041B340016092F83F00094A115002F5B8
:104000009F42C2F80435CFE74FF0FF30DCE720468F
:10401000DAE700BFF00A0021804001418041014100
:1040200080A0004170B50C46054688B1037823B1E5
:10403000012B1FD06FF015001BE01F498B6891F812
:10404000572091F8241000F031FE90B91A4B1D60F2
:1040500064B12378012BEDD1174D204695F85620F9
:1040600095F8241000F090FD18B9EC6500F046FFBB
:10407000002070BD104A92F82410D1B192F853106C
:104080000E488900CEB230442E7946F000460660D4
:104090000B4892F84F60084446F00041B34001607D
:1040A00092F85700074A115002F59F42C2F80435B2
:1040B000CCE74FF0FF30DCE7340B002180400141BA
:1040C0008041014180A0004170B50C46054680B199
:1040D000037823B1012B1CD06FF0150018E01F49A5
:1040E0008B681C3191F86B2000F064FF80B91B4B8A
:1040F0001D6084B32378012BEED1184D204695F82E
:10410000862095F8241000F071FD08B9C5F890409C
:1041100070BD124A92F82410D1B192F87D10104867
:104120008900CEB230442E7946F0004606600D4834
:1041300092F87760084446F00041B340016092F87D
:104140008700094A115002F59F42C2F80435CEE7B4
:104150004FF0FF30DCE72046DAE700BFAC0B002170
:10416000804001418041014180A000414FF0FF307B
:104170007047000010B5204C206888B1037833B137
:10418000012B1CD040F24F217220FFF777FA94F8F0
:1041900024301BB194F83F1000F04AFC0023236048
:1041A000636853B11B78012B22D194F83E1094F828
:1041B000240000F05DFC00236360002010BD94F833
:1041C0002420002AEAD094F83620002193400B4A9C
:1041D000C2F808350A4B94F83F20995094F83A30C9
:1041E000084A9B00D150DBB2A2F58072D150D5E7CE
:1041F00040F25E21C8E700BFF00A002100F0004154
:1042000080A000418041014110B51F4C206880B161
:10421000037833B1012B1BD040F282217120FFF7CC
:104220002DFA94F8572094F8241000F099FD0023FB
:104230002360E36D53B11B78012B22D194F8561003
:1042400094F8240000F032FC0023E365002010BD48
:1042500094F82420002AEAD094F84F2000219340BB
:104260000A4AC2F808350A4B94F85720995094F836
:104270005330084A9B00D150DBB2A2F58072D15076
:10428000D5E740F29121C9E7340B002100F000414D
:1042900080A000418041014110B5204C206880B1D0
:1042A000037833B1012B1DD04FF448717620FFF70E
:1042B000E5F994F8872094F8241000F08FFD00238E
:1042C0002360D4F890305BB11B78012B23D194F894
:1042D000861094F8240000F007FC0023C4F8903006
:1042E000002010BD94F82420002AE8D094F877200C
:1042F000002193400A4AC2F808350A4B94F88720F7
:10430000995094F87D30084A9B00D150DBB2A2F559
:104310008072D150D3E740F22F31C7E7AC0B0021B8
:1043200000F0004180A00041804101417047000041
:104330000D4A92F824304BB1C10707D592F83E30B0
:10434000012103F1824303F52043196092F83030D4
:104350004BB1830707D592F83C30012203F1824329
:1043600003F520431A607047F00A00210D4A92F8C5
:1043700024304BB1C10707D592F85630012103F123
:10438000824303F52043196092F830304BB1830724
:1043900007D592F85430012203F1824303F52043FC
:1043A0001A607047340B00210D4A92F824304BB14B
:1043B000C10707D592F88630012103F1824303F546
:1043C0002043196092F830304BB1830707D592F83B
:1043D0008430012203F1824303F520431A607047C1
:1043E000AC0B00214FF0FF3070470000194B1A68EA
:1043F00030B562BB9A6852BB93F83020CAB193F8CB
:1044000039201549920093F83C50D4B2214440F031
:1044100000440C60114993F83540114444F00042C7
:104420000A600F494A51012201F59F41A240C1F89B
:10443000042593F824202AB193F83E1040F0004060
:10444000074A50500122002083F8402030BD6FF011
:104450001500FBE7F00A0021804001418041014145
:1044600080A00041194B1A6830B562BB5A6852BB34
:1044700093F83020CAB193F852201549920093F86E
:104480005450D4B2214440F000440C60114993F8D8
:104490004E40114444F000420A600F494A51012243
:1044A00001F59F41A240C1F8042593F824202AB1C8
:1044B00093F8561040F00040074A50500122002067
:1044C00083F8582030BD6FF01500FBE7340B002156
:1044D000804001418041014180A00041194B1A6890
:1044E00030B562BB5A6852BB93F83020CAB193F81A
:1044F0007C201549920093F88450D4B2214440F0B6
:1045000000440C60114993F87640114444F0004295
:104510000A600F494A51012201F59F41A240C1F8AA
:10452000042593F824202AB193F8861040F0004027
:10453000074A50500122002083F8882030BD6FF0D8
:104540001500FBE7AC0B0021804001418041014197
:1045500080A0004190F90030002B14BF6FF01500CF
:10456000002070470146014801F072B8000B00219D
:1045700000230370704700000146014801F062B853
:10458000000B0021002201F010B8000007B50093D5
:1045900013460A460146034801F073F803B05DF87C
:1045A00004FB00BF000B00214FF0FF3070470000FC
:1045B00070B50C46054678B1037813B16FF015005D
:1045C00070BD0E4E736996F83D2096F8301000F0DD
:1045D0003FFB0028F4D1B56074B12378012BEDD1F5
:1045E000064D204695F83C2095F8301000F09AFAD8
:1045F0000028E5D1EC60E3E72046E1E7F00A00217E
:1046000070B50C46054678B1037813B16FF015000C
:1046100070BD0E4EF36896F8552096F8301000F0F5
:1046200045FB0028F4D1756074B12378012BEDD1DE
:10463000064D204695F8542095F8301000F0A4FA65
:104640000028E5D12C66E3E72046E1E7340B0021A2
:1046500070B50C46054678B1037813B16FF01500BC
:1046600070BD0F4EF36806F1280196F8852000F022
:10467000A1FC0028F4D175607CB12378012BEDD129
:10468000074D204695F8842095F8301000F0AEFADA
:104690000028E5D1C5F88C40E2E72046E0E700BFFE
:1046A000AC0B00214FF0FF307047000010B5124CEA
:1046B000A06850B10378BBB994F830301BB194F8BE
:1046C0003D1000F0B5F90023A360E36853B11B78F7
:1046D000012B0ED194F83C1094F8300000F0C8F98A
:1046E0000023E360002010BD4FF41E717220FEF71E
:1046F000C5FF40F28721F9E7F00A002138B5114CD7
:10470000606840B10578ADB994F8552094F8301040
:1047100000F026FB6560236E53B11B78012B0ED190
:1047200094F8541094F8300000F0C0F90023236688
:10473000002038BD40F2AB217120FEF79FFF40F210
:10474000BA21F9E7340B002138B5124C606840B14A
:104750000578BDB994F8852094F8301000F03EFB40
:104760006560D4F88C305BB11B78012B0FD194F8C5
:10477000841094F8300000F0B7F90023C4F88C30AE
:10478000002038BD40F249317620FEF777FF4FF424
:104790005671F9E7AC0B00214FF0FF307047000075
:1047A000154B93F8402022B393F83020A2B193F830
:1047B0003510012200208A401049C1F80825104A0E
:1047C00093F83C10505093F839200E4992008850CD
:1047D000D2B2A1F58071885093F824202AB193F8C1
:1047E0003E10074A0A4400211160002083F840006F
:1047F00070474FF0FF307047F00A002100F0004191
:1048000080A0004180410141154B93F8582022B30C
:1048100093F83020A2B193F84E10012200208A4074
:104820001049C1F80825104A93F85410505093F8D5
:1048300052200E4992008850D2B2A1F58071885062
:1048400093F824202AB193F85610074A0A4400210D
:104850001160002083F8580070474FF0FF30704718
:10486000340B002100F0004180A000418041014153
:10487000154B93F8882022B393F83020A2B193F817
:104880007610012200208A401049C1F80825104AFC
:1048900093F88410505093F87C200E499200885071
:1048A000D2B2A1F58071885093F824202AB193F8F0
:1048B0008610074A0A4400211160002083F888000E
:1048C00070474FF0FF307047AC0B002100F0004103
:1048D00080A0004180410141002303707047000027
:1048E0000146014800F0C6BE000B0021014B1B68C9
:1048F0001B68184708000021014B1B689B6818477C
:1049000008000021014B1B68DB68184708000021E4
:10491000014B1B681B69184708000021014B1B68ED
:104920005B69184708000021014B1B689B69184709
:1049300008000021014B1B685B6A18470800002132
:10494000014B1B681B6B184708000021014B1B68BB
:10495000DB6B18470800002110B4034C246864681E
:10496000A44610BC604700BF08000021024B186835
:10497000003818BF01207047E40A002110B4024C2F
:104980002468A44610BC6047E40A0021F8B51E4F15
:1049900015465EB20C4697F900203146821A002A6D
:1049A000D4BF3A887A88A5F8012095F90130C01A59
:1049B00000F3070040B2FBF71DFC6B78B4F51B6FEA
:1049C00028700344EB701BD840F665139C4219D93C
:1049D000A4F665140521B4FBF1F4E4B231462401D8
:1049E000FBF7EEFB97F9003095F901209A42074B4F
:1049F0001C4416BF2418235C94F80031AB70F8BD3A
:104A00000F24EBE70024E9E7EC0A00214C00002129
:104A100090F9002090F9023041889A42034B0288B5
:104A2000C7BF19805A8059801A807047EC0A00214C
:104A300038B50C4B04460D4693F8342001239340BF
:104A4000094AC2F80835007C00F0D1FD074B00226E
:104A50005A518300616803F5A0739BB28033CA503A
:104A600038BD00BFF00A002100F0004180A00041E5
:104A7000A0B10B4B93F8402072B193F83C208A42CE
:104A80000CD193F838300021064A9B00D150DBB29C
:104A9000A2F58072D1507047034B5A50704700BF47
:104AA000F00A00218041014180A00041A0B10B4BE0
:104AB00093F8582072B193F854208A420CD193F89D
:104AC00051300021064A9B00D150DBB2A2F5807222
:104AD000D1507047034B5A50704700BF340B002130
:104AE0008041014180A00041A0B10B4B93F8882088
:104AF00072B193F884208A420CD193F87B30002164
:104B0000064A9B00D150DBB2A2F58072D1507047AB
:104B1000034B5A50704700BFAC0B0021804101414C
:104B200080A00041034610B5F9B1134991F8400047
:104B3000A8B191F83C0090421AD191F838201B7925
:104B400092000E4843F00043D4B2035100200C4BB6
:104B5000134491F8352042F000421A6010BD1B79D1
:104B6000084943F000438B50F8E74FF0FF30F5E77A
:104B70006FF01500F2E700BFF00A0021804001410C
:104B80008041014180A00041034610B5F9B11349AD
:104B900091F85800A8B191F8540090421AD191F8B8
:104BA00051201B7992000E4843F00043D4B20351C8
:104BB00000200C4B134491F84E2042F000421A6042
:104BC00010BD1B79084943F000438B50F8E74FF0C4
:104BD000FF30F5E76FF01500F2E700BF340B00215E
:104BE000804001418041014180A00041034610B551
:104BF000F9B1134991F88800A8B191F88400904266
:104C00001AD191F87B201B7992000E4843F00043A3
:104C1000D4B2035100200C4B134491F8762042F09B
:104C200000421A6010BD1B79084943F000438B50C5
:104C3000F8E74FF0FF30F5E76FF01500F2E700BF3F
:104C4000AC0B0021804001418041014180A0004126
:104C5000F8B5044617461D46F9B1007C00F0C7FCC4
:104C60000F4B8100626893F83460C0B201F5A07107
:104C700046F0004300F5A87089B2803153500949CD
:104C8000CB51E2686368521B43F820200123064A97
:104C90000020B340C2F80435F8BD4FF0FF30FBE709
:104CA000F00A002180A0004100F000412DE9F04110
:104CB000054690461E460C46264FE1B1007C002179
:104CC00000F002FD97F84D4083006A6844F000410F
:104CD000C0B203F5A07300F5A8709BB28033D15029
:104CE0001D4B43F808100121EA686B6801FA04F4CF
:104CF000921B43F8202097F83C3033B3287C00F017
:104D0000E3FC97F84C1082006B6841F0004CC0B295
:104D100002F5A07200F5A87092B2803243F802C08A
:104D200097F865200C4B43F802C03B696A681E4443
:104D3000EB689E1B01238B4042F820601C43074B0D
:104D40000020C3F80445BDE8F0810029F7D14FF0F9
:104D5000FF30F8E7340B002180A0004100F0004153
:104D6000F8B5054617461A4EB1B196F84D300124F4
:104D7000184A002104FA03F3C2F80835007C00F059
:104D8000A3FC154B0022DA518300696803F5A07378
:104D90009BB28033CA50214696F83C30B3B196F8A6
:104DA0004C20012393400B4AC2F80835287C00F0C0
:104DB0008BFC96F86520084B134400221A60830090
:104DC000696803F5A0739BB28033CA50F8BD00BF79
:104DD000340B002100F0004180A000412DE9F04794
:104DE00005461746414C002945D094F875300126F8
:104DF00094F87820002106FA03F306FA02F213432E
:104E000094F8792006FA02F21343394AC2F80835B9
:104E1000007C00F071FC034694F8718000229B0036
:104E200094F872104046914603F5A07300F003FC1D
:104E300069689BB2D4F84CA08033CA502D4BCAF895
:104E400090201A50324694F87210404600F0F3FB5E
:104E5000CAF8989143F8079094F87E3026499B0051
:104E6000DEB241F8069001F5807141F803901146D9
:104E7000204B43F8009094F83C304BB394F87430D6
:104E800001261B4A06FA03F3C2F80835287C00F015
:104E900033FC034694F8721032469B0094F871007C
:104EA00000F0C9FB696803F5A07300229BB2803350
:104EB000CA5094F88A100F4B5A5094F87F300E491C
:104EC0009B00DDB24A5101F58071CA50094B1A505E
:104ED00094F8703043B100F065F800F025FC012033
:104EE000BDE8F04700F02CB9BDE8F087AC0B00211D
:104EF00000F0004180A000418040014108490B685A
:104F00001A7F62B193F840204AB193F83D009A6B42
:104F10000123C979834009B193607047D36070471A
:104F20009C0B0021044B1B6893F83D109A6B0123E6
:104F30008B40D360704700BF9C0B0021074B4FF0A4
:104F400000421B68C3F824250022C3F85425C3F887
:104F5000C0250722C3F80025704700BFA40B00211D
:104F6000024B00221B68C3F800257047A40B0021E8
:104F70000B4A60F03F0051710021107152F8043B60
:104F8000C3F85015C3F84015C3F844250222C3F8EE
:104F90004825C3F83415C3F83815C3F818117047FD
:104FA000A40B0021024B01221B685A61704700BF0D
:104FB000A40B00212DE9F84F0C46C768064692461F
:104FC000FF1A00F0B2FB257A3F1A594C002D00F071
:104FD000A88000F0CDF800218046307C00F08CFBEA
:104FE00094F871B094F8721005460122584600F00A
:104FF00022FB94F87530D4F84C9043F000434D4AAE
:105000004D49C9F8983142F80A3094F87E20920050
:105010005FFA82FC41F80C3001F5807194F8793028
:1050200043F000438B50434A1350AB0094F8721086
:10503000002203F5A073584600F0FDFA94F878209A
:105040009BB2716842F00042EDB2803305F5A8755D
:10505000CA50384BC9F890201A50FFF76FFF002054
:105060004FEA880101F0FC01FFF782FF736801211C
:1050700043F8257094F8755094F8783001FA05F5E6
:1050800001FA03F31D4394F8793001FA03F31D4349
:1050900094F83C30002B46D0307C00F02DFB0346CA
:1050A00094F87210012294F8710000F0C4FA94F898
:1050B00074C09900D6F804E04CF00048DBB201F56A
:1050C000A07102FA0CFC03F5A87389B245EA0C053D
:1050D00080314EF8018094F88AE0164941F80E803C
:1050E00094F87F10DFF850E089005FFA81F94EF8FC
:1050F00009800EF5807E8E4494F8791041F00041CD
:10510000CEF80010DFF82CE04EF80010206971682E
:105110003F1A41F82370094B0020C3F80455BDE83D
:10512000F88F2946B4E70029F5D14FF0FF30F6E7B4
:10513000AC0B002180A000418040014100F0004103
:105140000A4A92F8723092F871209B00824203F171
:10515000824303F52043D3F8102514BF22F48012B4
:1051600042F48012C3F81025704700BFAC0B002139
:10517000014B587B704700BF400C00212DE9F047E0
:1051800086468C460846089E154674461946002BEE
:1051900040F0C1808542B2FA82F245D94AB1C2F1EB
:1051A000200300FA02FC954094402EFA03F343EAF0
:1051B0000C0C4FEA154EA8B2230CBCFBFEF80EFBFC
:1051C00018CC08FB00F943EA0C43994528D9EB18A1
:1051D00008F1FF3704D2994502D9A8F102072B4400
:1051E000A3EB0903A4B2B3FBFEFC0EFB1C330CFBC8
:1051F00000F044EA0344A04214D92C190CF1FF3307
:1052000004D2A04202D9ACF102032C44241A43EA8E
:1052100007401EB1D440002334607360BDE8F087BE
:105220004746DDE76346F1E792BB431B01214FEAA6
:10523000154EAFB2200CB3FBFEFC0EFB1C330CFB77
:1052400007F840EA0343984561D9EB180CF1FF30A9
:1052500004D2984502D9ACF102002B44A3EB080319
:10526000A4B2B3FBFEFC0EFB1C330CFB07F744EAB5
:105270000344A7424DD92C190CF1FF3304D2A742A5
:1052800002D9ACF102032C44E41B43EA0040C0E71E
:10529000C2F120039540944020FA03F12EFA03F363
:1052A0004FEA154E9040AFB20343B1FBFEFC0EFB3C
:1052B0001C10190C0CFB07F841EA0041884522D963
:1052C00069180CF1FF3004D2884502D9ACF1020014
:1052D0002944A1EB08019BB2B1FBFEFC0EFB1C11A3
:1052E0000CFB07F743EA01439F420ED9EB180CF180
:1052F000FF3104D29F4202D9ACF102012B44DB1BE7
:1053000041EA004193E76046E3E76146F7E760461C
:10531000A4E76346B8E7834206D916B900210846D8
:105320007CE7C6E900E0F9E7B3FA83F78FB9834277
:1053300001D3724508D8BEEB020460EB03030120E1
:105340009C461EB9002169E73846FAE7C6E9004CD9
:10535000F8E7C7F1200CBB400EFA07F522FA0CF46F
:105360002EFA0CF1BA401C4320FA0CF3B8404FEA75
:10537000144901431FFA84FEB3FBF9F809FB183006
:105380000B0C08FB0EFA43EA00439A4540D9E31898
:1053900008F1FF3004D29A4502D9A8F10200234453
:1053A000A3EB0A0389B2B3FBF9F809FB183308FB36
:1053B0000EFE41EA03418E452CD9611808F1FF33F6
:1053C00004D28E4502D9A8F10203214443EA0040E9
:1053D000A1EB0E01A0FB02984145CE46434602D305
:1053E00006D14D4504D20138B9EB020E68EB040337
:1053F000002EA7D0B5EB0E0261EB030101FA0CFC05
:1054000022FA07F3F9404CEA0303C6E9003199E7B1
:105410004046C5E74346D9E7704770B50024FAF720
:10542000F7FE05462646E0B2854200D870BDFAF781
:10543000F5FE0134868480F82660F4E713B50C4647
:105440000DF1030201A9FCF7F1FE9DF8033001986C
:105450000BB104B1013002B010BDFEF7C5B9704701
:1054600020BF704700280CBF6FF015000020704768
:10547000002070470723037000207047002070470A
:105480000020704710B50446FEF734FCA04294BFDC
:105490000020012010BD73B5A0F10B040E46154687
:1054A000E1B20F2903D94F216420FEF7E7F80DF18F
:1054B000030332460420FAF769FE034608B1582177
:1054C000F2E704EB840401A99DF9030004F66514D6
:1054D000A2B2FFF741FA9DF804302B70BDF80530F9
:1054E000A5F8013002B070BD704708B5FEF742FE66
:1054F000FFF7DCF8BDE80840FFF752B908B5FEF742
:1055000083FEFFF7FBF8BDE80840FFF77DB908B55B
:10551000FEF7C2FEFFF718F9FFF7AAF9FFF742FD01
:1055200000F002F90120BDE80840FFF709BE0020A5
:10553000704740F2AE21722008B5FEF79FF840F2A6
:10554000E121712008B5FEF799F840F27F3176200D
:1055500008B5FEF793F80020704740F2D32172207F
:1055600008B5FEF78BF840F20631712008B5FEF75A
:1055700085F84FF46971762008B5FEF77FF80020B2
:10558000704740F2DB21722008B5FEF777F840F251
:105590000E31712008B5FEF771F84FF46B7176206B
:1055A00008B5FEF76BF8FFF737BF801A00F3070066
:1055B00038B50D46144659B240B2FAF71BFE002327
:1055C000287020446C7040B2AB7038BD13B50C46E7
:1055D000114601AAFFF7D2F99DF804309DF90700A2
:1055E0002370BDF80530A4F8013002B010BD08B535
:1055F0000346002043FA00F2D20707D40130042802
:10560000F8D14FF482717220FEF738F820B10128EA
:1056100002D0022818BF032008BD8900824214BFAF
:1056200060313031C8B270478900824214BF6031A6
:105630003031C8B270478900824214BF60313031C6
:10564000C8B27047037D0BB190F908300B707047FA
:1056500007B50A460DF10701FFF7F4FF9DF9073082
:1056600092F900209A4214BF6FF01500002003B099
:105670005DF804FB90F820300BB190F909300B7005
:1056800070472DE9F34106460C4615461F469DF826
:105690002080FFF76BF940B143463A462946204641
:1056A00002B0BDE8F041FFF791BF0DF107013046B0
:1056B000FFF7C8FF43469DF9072029462046FFF71C
:1056C00074FF02B0BDE8F08108B50346002043FA3C
:1056D00000F2D20701D541B1002101300428F6D1F2
:1056E0004FF485717120FDF7C9FF20B1012802D068
:1056F000022818BF032008BD08B50346002043FA5E
:1057000000F2D20701D541B1002101300428F6D1C1
:1057100040F241117620FDF7B1FF20B1012802D0FF
:10572000022818BF032008BD7047032070470000FF
:10573000014B1B68184700BF4C02002107B50B4600
:10574000002102460091034800F014F903B05DF80F
:1057500004FB00BF315700012DE9F047058B0446DB
:105760002807904611D4022905F0070540F0CD80A6
:1057700020460BF0D9FE78B10138218B042811D8CE
:10578000DFE800F0C3106D85950001290CBF45F0DE
:10579000100545F02005258388F31188BFF36F8F2E
:1057A000BDE8F08701F0070AAA4500F0A6800027AF
:1057B000B9463E46A368002B00F0BD8041F00801C9
:1057C000218388F31188BFF36F8FA168002900F04F
:1057D000BB800D68002900F0B78033465246204652
:1057E000D1F80480C047002D76D02B6829461D468D
:1057F000F0E701F007035A1F012A1BD8002221F00D
:105800000701062B276889B2C4E9002209D13B466B
:1058100003E0628B013262831B68002BF9D141F0F7
:105820000201204621830BF07FFE00287BD041F04F
:10583000200177E0042B0AD121F0070189B220462C
:1058400021830BF071FE10B141F020012183218BE7
:1058500001F0070AAA4550D00027B946AAE72369F4
:1058600021F0070141F00601062DD3F800902183B5
:105870002DD1B9F1000F40D041F00801218388F308
:105880001188BFF36F8F20463949C84729E021F0BE
:105890000701236941F0040189B2042DD3F8049073
:1058A0002183E6D000274FF0040A3E4682E721F02C
:1058B0000701236941F0050189B2052DD3F808904D
:1058C0002183D6D000274FF0050A3E4672E7002715
:1058D0004FF0060A3E466DE72B4687E7B9F1000F09
:1058E000D1D14FF04003EFF3118883F31288BFF357
:1058F0006F8F238B23F008032383258BEA062ED595
:1059000025F01003238305F007056669218B002E1F
:10591000BFF66FAF00232768C4E9003321F0070109
:1059200041F001012183218B4FF0000901F0070AAA
:10593000AA457FF43FAF002F9BD041F0080121839F
:1059400088F31188BFF36F8F002FC7D03D683946A9
:105950003346524620460BF013FE2F46F4E7AB06C3
:105960007FF51AAF25F02003238305F00705FFE636
:10597000AD1501012DE9F04F81468B4617461C46B7
:10598000002595B0387808B9284657E37B1C2528B0
:10599000039306D05946C8470028C0F24F8301350B
:1059A000FBE1182200210EA80CF0CEF97B78252B04
:1059B0007DD0002398469E469C461E46781C014694
:1059C00010F8012B2B2A00F0A18000F29880202AE9
:1059D00000F09F80232A00F09F802BB19DF840307B
:1059E00043F040038DF84030B8F1000F05D09DF82A
:1059F000403043F020038DF84030BEF1000F05D059
:105A00009DF8403043F010038DF84030BCF1000F9A
:105A100005D09DF8403043F008038DF840302EB19A
:105A20009DF8403043F004038DF840309DF840303D
:105A300003F04400442803D16FF386138DF84030FF
:105A40009DF840302A2A43F080038DF840307FD102
:105A50009DF841204B1C42F001028DF841201A783C
:105A60002E2A0CBF012100219DF8412061F3410243
:105A70008DF8412078D15A782A2A6ED000224FF032
:105A80000A0C0133194611F8010BA0F13006092E5A
:105A900040F295809DF840101292C1F3400040EA18
:105AA000D2700A4660F341028DF840205CE0BA1CD7
:105AB00003928DF843309DF84130DA0740F12E8192
:105AC00054F8048BB8F1000F07DA9DF84020C8F1B4
:105AD000000842F004028DF840205E0740F1278163
:105AE00054F804ABBAF1000F80F226819DF84130E2
:105AF0006FF341038DF841304FF0FF3A1CE12D2A3E
:105B00000DD0302A7FF469AF012358E74FF0010C24
:105B100055E74FF0010E52E74FF001084FE701261D
:105B20004DE703460EFB0262303A184610F8016B4F
:105B3000A6F1300CBCF1090FF3D999428FD09DF832
:105B400040101192D20F62F341018DF8401086E7A8
:105B50000B4600224FF00A0EE7E79DF84120023382
:105B600042F004028DF841201A786C2A47D02BD8D5
:105B7000682A31D06A2A4BD04C2A51D01A4612F8E2
:105B8000013B782B03928DF843309DF8412000F2C1
:105B9000BE806D2B51D8692B00F2B980572B67D886
:105BA000412B03D0453B022B00F2B18004229DF82B
:105BB000423062F302038DF84230012373E00CFBA4
:105BC00002020B46303A5DE7742A25D07A2AD5D1F5
:105BD00006219DF841200CE05A78682A9DF8412062
:105BE00006D1012161F3C6028DF841200233C5E7D9
:105BF000022161F3C6028DF841200133BEE75A78D5
:105C00006C2A9DF8412001D10421EBE70321F0E744
:105C100005219DF84120ECE707219DF84120E8E7A8
:105C2000BDF8402022F4F04222F0020242F4804209
:105C300042F00202ADF84020DFE76E3BD9B201230B
:105C40008B4040F282410B4237D113F0240F51D1E7
:105C5000D8075CD503219DF8423061F302038DF82B
:105C6000423002F07803A3F140014B424B411AE06D
:105C70000120A3F15801C9B200FA01F111F4624FF9
:105C800094D140F6010631421DD111F4043F3ED0BB
:105C90009DF8423060F3020302F07802402A8DF84A
:105CA000423034D000239DF84020C2F340010B4322
:105CB00063F341028DF84020FDE602219DF8423059
:105CC00061F30203E8E702209DF8421002F0780237
:105CD00060F30201402A8DF8421002BF9DF8401087
:105CE00041F001018DF84010632BDBD1131E18BF6A
:105CF0000123D8E703219DF8423012F0780F61F3B9
:105D000002038DF8423014BF01230023CBE79DF836
:105D1000403043F001038DF84030C3E79DF9402047
:105D2000002AACBF4FF0FF38DDF84480D5E6980775
:105D30007FF5E2AEDDF848A00023CDE911339DF8F0
:105D400042309DF8411003F00703012BC1F3C3015A
:105D500033D1CB1E042B04D8DFE803F021464621C3
:105D60002100236801294FEAE372CDE90E321CD1EC
:105D70009DF93830DA17CDE90E3204349DF8403001
:105D800013F0030650D03A4659464846039B0BF0A1
:105D90002BFD0028C0F252810544039FF2E554F820
:105DA000043BDA17CDE90E32E8E70229E5D11AB251
:105DB00043F3C033CDE90E23DFE7022B24D1CB1E02
:105DC000042B04D8DFE803F018101018180001297C
:105DD0004FF0000254F8043B14D00229CDE90E32F2
:105DE000CCD19BB20E93C9E7073424F00704F4E842
:105DF0000223CDE90E23C1E754F8043B0E930023A0
:105E00000F93BBE7DBB2CDE7042B08D1073424F0B6
:105E10000704D4E900230834CDE90E23AEE7032BB1
:105E2000ACD154F8043BDDE79DF843007828B4D8A2
:105E300062281CD825283FF4ADAD5828ADD1DDE946
:105E40000E010DF13603009310AA08AB0BF086FC8F
:105E5000BAF1000F074680F29980002F9DD00DF116
:105E60003603D81B002E00F0C0800130BDE063383F
:105E7000152892D801A252F820F000BF515F00010E
:105E8000635F00019B5D00019B5D00019B5D000164
:105E90009B5D0001635F00019B5D00019B5D000154
:105EA0009B5D00019B5D0001EF5F0001875F0001CA
:105EB000AD5F00019B5D00019B5D0001D55E0001AF
:105EC0009B5D0001875F00019B5D00019B5D000100
:105ED000875F0001BAF1000F0E9F35DB514638464F
:105EE0000BF0D8FE07EB000A002F3FF456AF002658
:105EF0009DF8423013F01002059200F092800230BB
:105F00005B06119A48BF129B104448BFC018B8F1F5
:105F1000000F049240F39F809DF84020A8EB0008FA
:105F2000C2F380035007069300F19580510640F1BB
:105F300088803EB159463046C84700287EDB069B24
:105F400001351E4630227DE038460BF09CFEC9E745
:105F50000E9B002601208DF8203008AF0DF1210A9C
:105F6000C6E719075ABFC3F300135E012B26DDE90C
:105F70000E23002BBFF663AF524263EB43032D2683
:105F8000CDE90E235BE7002659E700269DF8402067
:105F90000DF13603DB1B6FF386129A458DF8402016
:105FA0007FF65BAFAAEB0303119356E70E9890B30D
:105FB0000DF136030093002108AB10AA0BF0CEFBC5
:105FC000BDF84230BAF1000F03F0EF0343F4F043A1
:105FD00043F010030746ADF84230D6DA00283FF40C
:105FE000DCAE00260DF13603181A9A4680E70E9BA8
:105FF00007293FF6D2AEDFE801F00C04060C0808D2
:106000000C0C1D70C9E61D80C7E6EA17C3E90052F3
:10601000C3E61D60C1E62F4F064607F1050A0520BD
:1060200066E71A0748BF01306AE7104607930692F1
:106030005946C847DDE90623002804DA15B0BDE853
:10604000F08F202243461946002903F1FF33ECDC90
:10605000454498466D1A2EB159463046C847002827
:10606000ECDB01359DF84230DA0601D41B0705D57B
:1060700059463020C8470028E0DB0135059B33B185
:1060800059469DF84300C8470028D7DB0135049ED8
:106090002E4405E059463020C8470028CEDB0135A4
:1060A000731B002BF6DC53463A46594648460BF024
:1060B0009BFB0028C2DB0544A844A8EB0503002B8A
:1060C0007FF76BAE59462020C8470028B6DB013564
:1060D000F3E700BF6C4901014FF04002EFF3118379
:1060E00082F31288BFF36F8F0121044AC2F8401572
:1060F00083F31188BFF36F8F0020704700000841C1
:10610000052370B5144D154E2C780134B4FBF3F310
:1061100003EB8303E41A0BF083FF114A137823B1D6
:1061200056F82430C01A072813D90E4BD3F814118F
:1061300041B10021C3F81411D3F814312C700CB9FB
:10614000012313702C780BF06BFF46F8240001201C
:1061500070BD0020FCE700BF6B3B0021E01A00216E
:106160006A3B00210050004108F068B830B50C4689
:106170000E4985B00291D0F8A4110546CDE9003151
:1061800000F1E0014FF0FF33204608F0ABFE50B9BC
:10619000012384F86430D5F8A03123B1204605B03E
:1061A000BDE83040184705B030BD00BF7F19010180
:1061B00038B50C46114605460BF0E3FB034638B9EB
:1061C000284604490BF0DDFB03460020236038BD60
:1061D0000120FBE77F4C01012DE9F04F01238146AF
:1061E0000569466885B005F55777D7E8EF2F002A8F
:1061F00003D1C7E8E13F0029F7D140F0B880B36888
:10620000B26A043B2632B3EB420F4FEA420126BF8B
:10621000B3FBF1F3B3FA83F300234FF0010428BF7B
:10622000C3F12003013B9C4005F5E07800F0998024
:106230001022082170689A4002EB44020430994011
:106240000932C5F85802063122F003020A44B16A45
:1062500001FA03FC510001EB4C01C5F85C12B16A74
:10626000994000EB4103C5F850320333134423F047
:106270000303C5F84C327368C5F85442C5F8483278
:106280003C4B4046C5E9A763316800F01DFA04465F
:1062900030BBD9F804A0D9F81090DAE9073409F531
:1062A0002E7B012B584608BF103C0DF06AFD0023E1
:1062B000DAF8240030494FF4806201EB802100932A
:1062C0005846234609F0C0FB09F52A702B490DF00A
:1062D0002AFDDAF8140083685C681CB96FF0570473
:1062E000002137E04B46264ADAF81810A04704464A
:1062F0000028F5D1DAF8140083681B69002BEDD073
:106300000122DAF81810984704460028E8D11D4BFE
:106310002846C5F8A0311C4BC5F8A4311B4B03938C
:10632000D5F808320293D5F80032CDE90083D5F8CC
:106330006032B26AD5F8581300F08EF9044600288E
:10634000CED105F1E00008F07BFE0028C5F860031F
:106350000ADB022138460BF049FB204605B0BDE8B8
:10636000F08F6FF00B04BBE76FF01504B8E76FF028
:106370007704F2E7D5190101E8440021BB190101B6
:10638000AF190101556400018D1A01011D1A0101A7
:106390002DE9F84306464FF001090569D0F804805D
:1063A00005F55777D7E8EF3F022B03D1C7E8E29F07
:1063B000002AF7D149D1264805F140010BF073FCC2
:1063C00020B16FF00F042046BDE8F883204805F1A6
:1063D000B0010BF068FC0028F3D12846D5F858131B
:1063E0000BF087FB044670BB7168366948698368A7
:1063F0001B6933B3224689699847044618BB06F5E2
:106400002E764946304609F057FB304605F5E076D2
:1064100000F0D2FC3046D8F800100BF0A7FB044681
:1064200088B90146E82230460BF08EFC21464FF435
:10643000DE7228460BF088FC214638460BF0D6FA6F
:10644000C1E76FF057040221F7E76FF07704BAE76E
:106450007F4C010113B5044640B100230122CDE970
:106460000032074BD0E9091208F0F0FCA36E1B685C
:1064700023B1E06E02B0BDE81040184702B010BD75
:106480007F4C010113B504460846216901F5577197
:10649000D1E8AF1F022910D193B1A0B10121CDE9FC
:1064A00000311346D0E9091208F0D0FC074B98429E
:1064B00008BF6FF00B0002B010BD6FF00F00FAE7DD
:1064C0006FF04C00F7E76FF00100F4E72EF8FFFFE4
:1064D0002DE9F74388461546066906F55773D3E854
:1064E000AF3F022B5FD1136823B96FF0150003B0E3
:1064F000BDE8F0831B78002BF7D0D6F85893B9F19C
:10650000000F33D106F5D4774FF0FF324FF0FF3351
:10651000384609F0A5F830462A6801A9FFF748FE79
:10652000019C1CB938460BF05FFADEE705F1080361
:10653000A3666B6984F86490E366E46360B13846EF
:106540000BF052FA21463046236E2A68FFF70EFE02
:106550000020C8F80040CAE72022296804F1400062
:106560000BF07DFB38460BF03FFAF1E730460F4960
:106570000BF007FA04460028B7D005F1080383663C
:106580006B69C063C366002380F8643020222968E9
:1065900040300BF064FB22460121304600F03EF80B
:1065A0000028D5D0A1E76FF00F00A0E77F4C0101D4
:1065B0002DE9F04F05460E4690460027D0F8A8A0DA
:1065C00085B0AAF5AA74214630460BF06CFBE0B901
:1065D000114BA4F1400B0293DAF810303246CDE9AA
:1065E000008329464FF0FF335846AAF5CA7908F0D0
:1065F00079FC60B97023012203FB079383F86420C0
:10660000DAF80C300BB158469847703417B105B022
:10661000BDE8F08F0127D6E7EF1A01011FB5144638
:1066200090B18AB1012912D10A4B00F1E001029325
:10663000D0F8A431403201934FF0FF33204600934D
:1066400008F050FC04B010BD6FF01500FAE7002010
:10665000F8E700BFEF1A01012DE9F04387B00E46BD
:10666000DDE90E811446DDE910251F4630B329B35C
:10667000DFF850C000F1E009002D08BF65469EB963
:10668000CDE9034400F5CA74204605960DF0A5FA3D
:1066900003ABCDE900432A463B464146484608F055
:1066A000F5FC07B0BDE8F083002241460E92484653
:1066B0002A4607B0BDE8F04308F010BE6FF01500A1
:1066C000EFE700BFB1650001F0B50E46044689B0A2
:1066D00000286FD001230246C3630023D0F898102E
:1066E000364F403040F80C7C42F8301FCDE9013382
:1066F0004FF0FF330093C36D0CF02FFD304A06AB13
:1067000092E8030083E80300184608F0BFFA054644
:10671000D8B904F1340008F099FA0546A8B9394609
:10672000284805AA0CF0EBFC054670B9059B9A6851
:1067300072B10C33D4F89400C4F8A0300BF008FA0E
:10674000C4F8D40030B96FF00B05284609B0F0BD8D
:106750000346EFE7D4F894000BF0FAF9C4F8D80038
:106760000028F0D0D4F88C30D4F8A010C4F8A830A9
:106770000423C4F8AC30C4F8C4300223A362124B23
:10678000B4F89420D4F8D470C4F8B810C4F8D01079
:10679000D4F89010236204F1A403A4F8B020C4F844
:1067A000A470C4F8C010A4F8C820C4F8BC00A66146
:1067B000E362CAE76FF01505C7E700BF874901012B
:1067C000804601019149010134470101034B43F81F
:1067D000302003EBC0035960704700BF5403002111
:1067E000014910220A60704710ED00E072B6404087
:1067F00080F31188BFF36F8F01B5FFF781FC00288C
:1068000002D0BFF34F8F30BFBDE8014062B6BFF387
:106810006F8F704772B6494081F3118801B5FFF759
:106820006FFC002802D0BFF34F8F20BFBDE80140AE
:1068300080F3118862B6704740B2002807DB01235D
:106840004109034A00F01F00834042F8213070479D
:1068500000E100E040B200280CDB012206494309B8
:1068600000F01F008240203341F82320BFF34F8FF8
:10687000BFF36F8F704700BF00E100E0054B420996
:1068800053F82220012300F01F0003FA00F010400B
:10689000704700BF00E100E0D30748BF002140B2CD
:1068A00058BF02310028ACBF00F16040064A4FEAF1
:1068B0004113DBB2ABBF00F5614000F00F0080F880
:1068C00000331354704700BF14ED00E030BFFFF7F2
:1068D000FDBF00BF08B5084B084A23F07F03936053
:1068E000BFF34F8FBFF36F8F08F052FD09F0DAFC52
:1068F00000F0DCF908F08CFD0000000100ED00E084
:10690000094A0A49936809685867996708494B68B2
:1069100043F080534B60002383F31188BFF36F8FE4
:106920009368986F704700BFDC3A0021E04801018E
:1069300000ED00E013498A684FF030001044EFF397
:10694000098C80E8F01F402080F31288BFF36F8F1E
:106950000D4F4FF000664A698A603E60506F002319
:10696000536780F3118802F1300090E8F01F8CF338
:10697000098802F1000004B50BF047F9BDE80440B6
:1069800070470000DC3A002104ED00E01EF0040F27
:106990000CBFEFF30880EFF30980816911F8021C46
:1069A0000229FFD001B50BF013F901BD42F8203CDC
:1069B000009B0B4942F81C3C019B21F0010142F86D
:1069C000183C029B42F8081C42F8143C4FF08073BC
:1069D00042F8043C0023203A02654367704700BF39
:1069E00055110101084B9860436E83F30B881046E4
:1069F00081F30988002163B681F31188BFF36F8F9B
:106A0000002200230AF0A6FBDC3A002101B5EFF3D7
:106A10000580A0F110004FEAC0000449014409C9F3
:106A20009847BDE80140024908470000540300218F
:106A3000356A0001044B99685869884203D00349BC
:106A40004FF080520A607047DC3A002104ED00E00C
:106A5000154B9A6A12F0007F9A6A14BF1E201D20FF
:106A600012F0807F9A6A18BF1F2012F4801F9A6A62
:106A700018BF022012F4002F9A6A18BF212012F4C6
:106A8000802F9A6A18BF222012F4003F9A6A18BF1A
:106A9000232012F4803F9A6A18BF24206FEA024232
:106AA0006FEA12429A62704700ED00E010B5164B93
:106AB0009A6A9C6A12F4805F14BF1722162214F49B
:106AC000006F9C6A18BF1822A40509D59A6B9A6AB0
:106AD000120404D518B19A6A22F400429A6219226B
:106AE000094B986A10F4806F986A18BF1A2210F444
:106AF000807F986A40F47F4098624FF000030CBF9B
:106B000010461B200B7010BD00ED00E010B5154BBA
:106B10000246986A9C6A10F0100F14BF11201020D2
:106B200014F0080F9C6A18BF1220A40709D5586BEF
:106B3000986A000604D51AB19A6A22F080029A6215
:106B40001320084B9A6A12F0010F9A6A18BF14209A
:106B5000D20658BF9A6A9A6A42F0FF029A620023EC
:106B60000B7010BD00ED00E070B5444B06465B684D
:106B700000258AB0C3F3080385F31188BFF36F8F34
:106B800002F07F40B0F17F4F11D102F00C000828D5
:106B90000DD010074CBF0E4601250022033B8DF897
:106BA0000720032B05D8DFE803F01E5C60592E4652
:106BB000F3E700249DF807309BB92022314602A854
:106BC0000BF0B7F8099B002D53D0C3F3080222B98C
:106BD0006FEA53236FEA43230993204602A90AF080
:106BE000F5FF0AB070BD254BDA6A9107E1D4DA6A85
:106BF000002ADEDBDA6A5200DBD55A69B16942F459
:106C000080725A61BFF34F8FBFF36F8F5A6931F8AB
:106C1000021C22F480725A61BFF34F8FBFF36F8F53
:106C20004DF60272914209D09A6AD2B242B1012065
:106C30000DF10701FFF76AFF0446BBE73468B9E7C7
:106C40009A6A12F47F4F05D001200DF10701FFF77A
:106C50002DFFF1E79B6AB3F5803FAAD3FFF7F8FE5B
:106C6000EAE700200DF10701E4E700200DF107013C
:106C7000EDE723F4FF7323F00103ADE700ED00E03F
:106C8000044B5A6942F010025A615A6942F4806218
:106C90005A61704700ED00E0EFF30880EFF30981DF
:106CA00001B57246FFF760FF01BD00BF0023402120
:106CB0000348C21801331E2B82F80013F9D1704724
:106CC00000E100E0002080F31488BFF36F8F002004
:106CD00080F30A8880F30B88FFF746FA00200E49FC
:106CE0000860BFF34F8F0D4880F3088800F03EF82E
:106CF000402080F311880A484FF40061401880F367
:106D00000988EFF314800221084380F31488BFF34D
:106D10006F8FFFF7DFFD000094ED00E0E85D0021DC
:106D2000E8500021BFF34F8F0549064BCA6802F4B3
:106D3000E0621343CB60BFF34F8F00BFFDE700BF9E
:106D400000ED00E00400FA05002318460649D1F8DA
:106D50009020C2F30722934200DB7047C1F89830BD
:106D6000C1F8A0000133F6E700ED00E010B572B6FF
:106D7000002484F31388FFF7E7FF23464FF0FF302A
:106D80000C4A03F120010133102B42F82100F8D105
:106D900000234FF0FF30074A03F160010133102B4D
:106DA00042F82100F8D162B6BFF34F8FBFF36F8F67
:106DB00010BD00BF00E100E0084B9B6883420BD18F
:106DC000EFF3058343B1064B5A6842F080525A6094
:106DD0005A6A22F400425A6209F0F2B9DC3A002100
:106DE00000ED00E01FB5094C094A2346012109487E
:106DF00000F0EAF800230393074B0121E41A01A8ED
:106E00000193029400F0EAF804B010BD00000121E3
:106E10000000002158470101A004002110B50C7AA0
:106E20000B6804F01F0223F01F031A43CB686409A8
:106E300023F01F03054943EA440343F00103C1F86B
:106E40009800C1F89C20C1F8A03010BD00ED00E012
:106E50002DE9F04F0F46144606464FF000084E4D00
:106E600085B0B84580F29480D6F80490B9F1000F4F
:106E700036D0B9F11F0F40F2898019F01F0F40F092
:106E80008580D6F800A01AF01F0F7FD150460AF077
:106E9000C0FE834609EB0A0001380AF0BAFE8345BA
:106EA00074D11BF1160F71D05C456FDDC5F898B039
:106EB000D5F89C10C5F898B0D5F8A03021F01F0186
:106EC00043F01F0AD6E900321A44994202F1FF3911
:106ED0001ED1CA4508D131465FFA8BF00AF0A2FEF6
:106EE00008F101080C36BCE73146C5F898B0D5F872
:106EF0009C3022F01F0203F01F031343C5F89C309F
:106F0000E0B20AF08FFE10F1160F3FD0441CE7E705
:106F1000C5F898B0D5F8A020013B23F01F0302F07C
:106F20001F021343CA453146E0B2C5F8A030E8D08D
:106F30000AF078FE10F1160F28D0C5F898B0D5F8F1
:106F40009C209DF808300AF1FF3A62F304038DF8A3
:106F50000830D5F8A0309DF808205B0863F347128D
:106F60008DF80820D6E900321344009323F01F0364
:106F7000411C5344A3EB0903C8B223F01F030728A5
:106F8000039303D86946FFF749FFBFE76FF0150485
:106F9000204605B0BDE8F08F00ED00E00522044B6F
:106FA000C3F89420BFF34F8FBFF36F8F704700BFBC
:106FB00000ED00E0BFF35F8F0022024BC3F8942086
:106FC000704700BF00ED00E010B5034C2278FFF7DA
:106FD0003FFF207010BD00BF6C3B00212DE9F74F33
:106FE000294D8A4606464FF00008AB46274FD0454C
:106FF0001BDAD6F80490B9F1000F3FD0316808468B
:1070000001910AF006FE0199044609EB01000138DE
:107010000AF0FFFD84424FF014021D4B08D002FB22
:1070200008F36FF015024BF8032003B0BDE8F08FB2
:1070300014F1160F2C60F8D01978A142F5DD02FB8F
:1070400008B0C7F89840C7F89840D7F89C4000F1BE
:107050000801007B64F304000871D7F8A0000C79E4
:10706000400860F347140C71D7F89C1021F01F0101
:107070006960D7F8A01021F01F01296108F101080B
:1070800014350C36B3E700BFF41A002100ED00E020
:107090006C3B002138B50E4D2C68082C15D800200B
:1070A000FFF788FF0B4B0C4AC3F8C020844205D180
:1070B0000A4B00201C70FFF771FF38BD696801EBB7
:1070C0000011FFF7ABFE0130F0E74FF0FF30F4E7BF
:1070D0006447010100ED00E0AAFF44006C3B002181
:1070E000084B70B5C31A0D4607499B100446594317
:1070F000402206480AF04DFE2B4601462046BDE8D8
:10710000704018471C1B0021B76DDBB6F04401012D
:10711000402373B50B4C0093041B0B460D460A49E4
:10712000A41061430646094A09480AF05FFE011EA1
:1071300005DA30462B4602B0BDE87040184702B071
:1071400070BD00BF1C1B0021B76DDBB6591E0101CD
:10715000F044010170B50022012104460520FFF72B
:107160009BFB0F4800F0F2FE0E4B984215D10AF03F
:10717000B2FF26690C4930460AF026FA00280BDBDC
:10718000012535642469084904F11C000AF01CFA41
:10719000002801DB0020E56470BD6FF00400FBE710
:1071A000E17100010000AD0B8C47010101460C2389
:1071B00000224B4370B50848C41840331844D4E942
:1071C0000E56A2630AF0D2FD2DB132462B46BDE821
:1071D00070400248184770BD1C1B0021F04401019B
:1071E00010B1012804D07047034B1B6C5B0701D121
:1071F000FFF7DCBF704700BF1C1B002108B54FF034
:107200004003EFF3118183F31288BFF36F8F114AAC
:10721000136843F002001060DA0708D481F3118884
:10722000BFF36F8FBDE80840012000F07FBE0A4B1E
:10723000D3F80C24D3F80C34D307EFD507480AF061
:1072400095FD81F31188BFF36F8FBDE808400020E2
:10725000FFF7ACBF6C1B0021005000415C1B0021FC
:107260001FB500220123CDE902236B46084ACDF861
:1072700000D0CDF804D00AF0E8FD002805DB4FF47B
:1072800080420023684608F0C1FA05B05DF804FBAF
:10729000771E010110B54FF04003EFF3118483F323
:1072A0001288BFF36F8F074A136823F00201DB07D0
:1072B000116002D401200AF009FF84F31188BFF3A2
:1072C0006F8F10BD6C1B0021C3B21C20014A03FB51
:1072D000002070471C1B00212DE9F04101220746C8
:1072E0003549D1E8EF3FC1E8E02F0028F9D133B9A3
:1072F000324933484B60CB608A600AF078F97B1ED4
:10730000012B28D8012F06D12E4BD3F81C3403F0C3
:107310000303022B1FD00CF094FC0546E8B92A4B5E
:107320001B78D3B102220646264BC3F80823254C0E
:10733000DFF89880D4F81834D4F81824D20316D57E
:1073400003F00303022B01D0012F10D175B386F394
:107350001188BFF36F8FBDE8F0814FF04003EFF36A
:10736000118683F31288BFF36F8F0125DFE7C5B164
:107370003046FFF74FFAD4F81835DBB2012BD9D1DC
:10738000D4F80421002AD5D00022C4F80421D4F86E
:1073900004210222C4F818252022C8F88021A36005
:1073A000C8E70021212008F0EBFEE4E70222054BAC
:1073B000C3F80423CFE700BF181B0021081B0021DE
:1073C000381B002100500041D544002100E100E0BD
:1073D0004FF04003EFF3118283F31288BFF36F8FF6
:1073E000094BD3F8001161B10021D3F80805C3F8A7
:1073F0000011D3F80031C0B282F31188BFF36F8F50
:1074000070476FF00A00F7E7009000410346F0B5BF
:1074100010469C7893F803C04FF04005EFF31182BB
:1074200085F31288BFF36F8F1F7893F801E0E41B98
:1074300004EA0C04A04288BFA0B23E180CEA06067B
:107440003D461E7082F31188BFF36F8F0A188A427F
:1074500017D177450DD14FF04001EFF3118281F341
:107460001288BFF36F8F1978597082F31188BFF3B8
:107470006F8F1B79241AA34222BF0122054B1A6089
:10748000F0BD5E197679013501F8016B05EA0C054E
:10749000DDE700BF00900041DB432DE9F04713F02A
:1074A00001050E46144604D02348FFF7AFFFBDE8A0
:1074B000F087A2B34FF04003EFF3118883F31288F3
:1074C000BFF36F8F0920FFF7D9F907460920FFF7AF
:1074D000C1F988F31188BFF36F8FDFF860A04FF414
:1074E0000079CAF80051DAF8003101232546DFF8A7
:1074F0005080CAF80030C8F88091DAF8003183B1C2
:10750000FFF766FF031EC8F88091F6DB013DADB2C0
:107510007355002DF1D117B10920FFF78DF92046E1
:10752000C5E74FF04003EFF3118083F31288BFF3F8
:107530006F8FFFF76FF9E0E7901B0021009000418B
:1075400000E100E02DE9F0410D461446114F07F12E
:10755000350814B92046BDE8F0814FF0FF334FF0F5
:10756000FF32384608F052F9224629464046FFF7D6
:107570004DFF0646384608F029F93EB94FF0FF3274
:107580004FF0FF33044808F041F9E6E7A41BA4B22A
:107590003544DEE7701B0021801B002138B5012235
:1075A000174C114620460CF072FB0122002104F119
:1075B00010000CF06CFB40F2074323874FF0706320
:1075C00023620C230025012184F824300D4B84F81C
:1075D0003550E586D3F80425092022F00102C3F8CE
:1075E0000425C3F80051D3F80021C3F804132A4638
:1075F0001960FFF751F90920FFF71EF9284638BD39
:10760000701B00210090004110B5FFF7E1FE00283B
:1076100020DB174BC0B293F8222093F8214093F857
:107620002310141B31EA04040DD193F8372093F88A
:10763000364093F83810141B31EA04040BD10122B0
:107640000C4B5A600EE09C180132114084F8250062
:1076500083F8221010BD9C180132114084F83A00C2
:1076600083F837100448BDE8104008F0AFB800BFF9
:10767000701B002100900041801B002130B5406844
:1076800001F01F04057BB2F5001F85B044EA4514E4
:1076900005D1204607F0B6F8002005B030BD002522
:1076A000B2F5800FCDE9025514D1B3F1007F0CBFC4
:1076B000042305238DF8083000232046194602AA2A
:1076C00006F0DCFE1F4B984238D10121204607F01E
:1076D00053F8E1E7B3F1C06F25D0B3F1007F14BFD9
:1076E000012302238DF808308368CB40D907E3D407
:1076F000B2F1A07FE0D1144A14486109012908BF02
:10770000024604F01F03803352F82330DB07D3D442
:107710000DF107052946204606F0DAFF0C4B98428A
:1077200003D00395C8E70323DCE7284607F01EF8DB
:10773000044B9842F5D06FF00B00AEE76FF01500E8
:10774000ABE700BF0000AD0B00058C4100088C4189
:107750000400AD0B10B506F0F9FF044668B906F059
:10776000CDFF084B98420AD12146074806F0AAFFF0
:10777000224605210A20FFF78FF8002010BD6FF088
:107780000400FBE70000AD0B8D77000142090346C2
:1077900070B502D0012A17D070BD0D4E3269516804
:1077A0000029F9D0012503F01F030C689D40002932
:1077B000F2D08A682A4002D030464B6898472CB1F4
:1077C000236821461C46F2E7024EE7E72346F8E726
:1077D00020450101084501012DE9FF41476801F0FD
:1077E0001F053B7B144645EA43150E4628460DF11E
:1077F000030106F06DFF14F4403F80460BD128468C
:1078000007F028F83C4B984503D19DF8030006F09B
:10781000A7FF00200CE000232846194602AACDE964
:10782000023306F02BFE344B984204D06FF0150063
:1078300004B0BDE8F081804503D19DF8030006F057
:107840008FFFA30349D540F206332340B3F5837F6E
:1078500019D00CD8062B17D004D8ABB1022BE5D128
:10786000042311E0B3F5807FE0D101230CE040F266
:107870000222934226D0B3F5407F25D0B3F5007F96
:10788000D4D1022300E007238DF8043084F4803340
:10789000C3F30043E0068DF805304CBF0323C4F367
:1078A000401321038DF8063010D501237A68B340C8
:1078B00093600022284601A906F090FE0E4B9842E4
:1078C000A7D0B3E70523DFE70323DDE7620341BF6A
:1078D00001237A68B340D360EBE7E3064FF000037F
:1078E0004CBF0324C4F340141A46284601A98DF85E
:1078F000044006F0C3FDE1E70000AD0B10B50446FF
:107900000269A2B0C2F880001649002007F0A6F86C
:10791000002201211220FEF7BFFF8422002101A8CE
:1079200064680AF011FA0023012001AA6168043298
:10793000D940C90744BF00FA03F142F8041C21688A
:10794000D940C90748BF00FA03F103F1010348BF5A
:10795000D163102BEAD101A807F098F8002022B0DB
:1079600010BD00BF171F01010123834070B5DC4328
:107970000B4AD2E8EF1F01EA0405C2E8E65F002ED9
:10798000F7D14FF4803282400648C0F80823BFF395
:107990005F8FBFF36F8F0B4214BF0120002070BDBB
:1079A0005C1C00210060014170B40E4922F07F464A
:1079B000D1E90034D01AC31844F10004C1E90034FD
:1079C000A6F50013B3F5400F09D2074B1B681A0A3E
:1079D0001B069C19054B42F10005C3E9004570BC2C
:1079E00008F036BD00100021601C002108100021A5
:1079F000D9B101230D4A8340D2E8EFCF4CEA030C02
:107A0000C2E8E1CF0029F7D14FF48033084A834020
:107A1000C2F80433074BD3E8AF3FC340DB0742BF94
:107A20004FF48002044BC3F8002170475C1C002116
:107A300000600141541C002100E100E0C3B2024893
:107A40009B001844704700BF40610141D0B5044617
:107A5000FFF78AFF4FF0FF364FF0FF370E4B01461E
:107A600003EB04132046C3E902670AF0C7FA4FF498
:107A700080330A4AA340C2F848330123A340DB43C2
:107A8000074AD2E8EF6F1E40C2E8E46F002CF8D13D
:107A9000BDE8D040FFF7ACBFC00F0021006001413E
:107AA000541C00210D4B1868010A0006BFF35F8FBC
:107AB0000B4BD3F80435181841F10001B3F5801FC2
:107AC0000AD2084BD3E90023904271EB030303D29F
:107AD00010F1807041F10001704700BF601C00216F
:107AE00000600141081000212DE9F74F16461F469E
:107AF0000446FFF739FF0090FFF7D4FFB04271EB67
:107B0000070350D2384B301A67EB0101984271F1EC
:107B1000000165D2354B03EB0413D3E902239F42E6
:107B200008BF964249D04FF48039314909FA04F927
:107B3000204626F07F4BC1F848930AF05FFA4FF0D9
:107B4000030A584604F15005AD00ADB205F1824577
:107B500004F5A873274A05F5B0350193DDF804C094
:107B600020F07F4341F82C30C1F84493D1F80485CC
:107B7000A0EB0800033820F07F4090421DD9286810
:107B800060B1D1F80485A8EB0B0020F07F40B0F580
:107B9000000F12D920460AF031FA164A0AEB080003
:107BA0000AF1010ADAE70123134AA340D2E8EF0FF2
:107BB0001843C2E8E10F0029F8D100250B490C98C1
:107BC000230101EB0412C850C2E902670D9B536008
:107BD00020460099FFF70CFF284603B0BDE8F08F60
:107BE0006FF01505F4E700BF01008000C00F002111
:107BF00000600141FDFF7F00541C002173B54FF46C
:107C0000803200254FF0FF304FF0FF31224C234BE4
:107C10000226C4F80833C4F84833214BC4F8085589
:107C2000C3E90201C4F804234FF40032C3E906019A
:107C3000C4F804234FF48022C3E90A01C4F80423E2
:107C4000C3E90E014FF400234FF48002C4F804335B
:107C5000144B0121C4F804631620C3F880212A467E
:107C6000FEF71AFE1620FEF7E7FD01230F22A360A0
:107C700023600D4B28461A600E220C4B1A600C4BE9
:107C80000C4A009301950023FFF72EFF3046FFF7C3
:107C900023FB284602B070BD0060014103000F00C5
:107CA000C00F002100E100E05C1C0021581C0021F5
:107CB000A9790001FFFF7F002DE9F04F344B87B019
:107CC000D3F8042392070BD5D3F8042142B1002244
:107CD000C3F804212F4AD3F8043113680133136029
:107CE0002D4D0024A946DFF8B4A04FF48036284B70
:107CF000A640D3F804331E4227D00123A340DB4320
:107D0000274FD7E8EF2F02EA0301C7E8E01F00285A
:107D1000F7D122FA04F3DB0702D45AF82430A3B1D6
:107D200020460AF06BF9FFF7BDFEEFF3108B72B639
:107D300009EB0412D2E90278CDE90278029B98425D
:107D4000039B994109D28BF310880134042C05F16F
:107D50001005CAD107B0BDE8F08F0020D5E90013A7
:107D60004FF0FF374FF0FF382860C2E90278084A29
:107D700005932046C2F848630AF040F98BF3108857
:107D80000029E2D0059B0093DDE902238847DCE768
:107D900000600141601C0021C00F002140610141D1
:107DA000541C002170B501240C4B186890B1B0FA36
:107DB00080F0C0F11F0004FA00F1C943D3E8EF2FAF
:107DC00002EA0105C3E8E65F002EF7D1C240D20700
:107DD000EBD570BD6FF00B00FBE700BF581C002116
:107DE000431C13B521D0012821DD124A124B9042C9
:107DF000D4BF04461C46FFF755FE104B0E49D3E98D
:107E00000023801AB0F5000F28BF002404448C42E0
:107E100028BF0C4600200A49A2180190009143F1A6
:107E20000003FFF761FE02B010BD034CE3E701243D
:107E3000E1E700BFFEFF7F00FFFF7F000010002191
:107E4000A979000108B5FFF72DFE024B1B68C01A87
:107E500008BD00BF0010002102460B46014807F094
:107E6000FFBB00BF68040021014807F073BC00BFDE
:107E700068040021014902480BF072BF641C002114
:107E800010100021322337B50125ADF8043000234E
:107E90001A2168460E4A8DF80630ADF800508DF86C
:107EA0000230FBF7A9FB044670B901462A460C20B4
:107EB000FEF7F2FC2A4621461120FEF7EDFC2A4689
:107EC00021460820FEF7E8FC204603B030BD00BF85
:107ED0003120010137B500240C4D6FF007034FF43A
:107EE000806228460A49009407F0AEFD09492846F9
:107EF0000BF0ADFE084909480BF015FF224604219E
:107F00001A20FEF7C9FC204603B030BD1010002136
:107F1000E84800211D4A010159200101641C00218B
:107F2000014B00201B681847741C002120B1012858
:107F300006D10448FBF7B2B8034B01201B68184771
:107F4000704700BF217F0001741C0021014B1860A5
:107F500001487047741C00210000AD0B10B50C29BE
:107F6000036914D118680B4C80EAE073A3EBE0734B
:107F700000284FF000004FEA930103F0030304FBD5
:107F800003F3BCBF49425B42C2E9001310BD6FF06E
:107F90008500FBE790D0030038B5064B064C9D6882
:107FA00004222B680449034898472368002BF7D024
:107FB00038BD00BF384501017C1C0021044B186806
:107FC00080EA403080EA504080EA401018607047F4
:107FD0007C1C002108B50020FFF776F90023054935
:107FE000CB60054B4B6003238B60BDE8084009F074
:107FF000FEBA00BF801C00212980000110B50020BE
:10800000FFF762F90649044609F06EFB783002D1A9
:10801000204609F044FB0022024B1A7010BD00BF3D
:10802000801C00216D3B0021012208B5024B1A7013
:1080300008F036FD08BD00BF6D3B002140B20028AE
:1080400008DB01224309044900F01F00824040334D
:1080500041F82320704700BF00E100E040B2002853
:1080600008DB01224309044900F01F00824060330D
:1080700041F82320704700BF00E100E040B2002833
:10808000ABBF00F16040054B00F5614000F00F0010
:10809000ACBF90F80003185C4009704714ED00E095
:1080A00010B5064C064920460BF071FE0022002355
:1080B000204607F069FD002010BD00BFB010002170
:1080C000C580000137B50F4C3921A5682046EB6803
:1080D000984770B90C216A4620462B69984740B9E9
:1080E000094B009A93F90010914202D01A700AF0DD
:1080F00080F84FF4F0120023044807F079FD03B034
:1081000030BD00BF8045010150030021B0100021A7
:10811000014B93F90000704750030021F7B5124E50
:10812000124C134D4FF0FF324FF0FF33304607F043
:108130006DFB4FF4967321780E4859436F58043104
:108140003A46294409F08AFB2378874203F1010368
:1081500003F00F032370E5D04FF0FF3301A8019324
:1081600008F0E8FFDEE700BF8C0400216F3B002130
:10817000901C0021502F0021014807F027BB00BFB1
:108180007C04002108B50D4809F046FB002804DAFC
:10819000783002D06FF0050008BD094A0949074848
:1081A00009F048FB0028F5DB4FF4004200230648A5
:1081B00007F02CFB0028EDDB0020EDE75045010126
:1081C00084020021502F00217C04002138B505468F
:1081D0000C460BF036FDC8B1124913480B780078F5
:1081E0005A1C02F00F02904218D00A704FF4967297
:1081F00053430E482246C45004332946184409F01C
:1082000098FD0B4807F0E2FA204638BD2246294681
:10821000084809F023FB40EAE070F6E74FF0FF3032
:10822000F3E700BF6E3B00216F3B0021901C002153
:108230008C040021502F00210122034B83F81425C8
:1082400002480BF01DBD00BF582F002170340021E3
:10825000084BD3F8082542F00302C3F8082504228E
:10826000C3F81025D3F8042522F00302C3F804252F
:10827000704700BF008001410122014B1A60704726
:10828000008001410122014B1A61704700800141C9
:1082900000487047488001410123054A054953645D
:1082A000D2F84435013B0B60C2F84835704700BF37
:1082B0000080014184340021054B064AD3F848353B
:1082C00012689A421ABF036001200020704700BF65
:1082D0000080014184340021004870474C800141F6
:1082E000014BD3F84C0570470080014119461046F8
:1082F000024BC3E9020108F019BE00BF781100214A
:10830000002238B50B4B0C4D1A700C4B0C4C1A60FC
:108310004FF0FF32C3E901220A4B2B600A4B236066
:10832000FFF740FD0028286102DBFFF73BFD2061DD
:1083300038BD00BF703B0021901100216011002169
:108340007811002151210101ED82000102460B4606
:10835000014809F004BF00BF90110021014B1869CA
:10836000FFF774BB9011002170B5EFF3108672B661
:10837000084C23785BB9084D286909F04BFE686109
:10838000064D286909F046FE01236861237086F3D3
:10839000108870BD703B00219011002178110021E0
:1083A00010B5EFF3108472B600220A4B1A700A4B14
:1083B00059691869891A18BF012109F02DFE074B68
:1083C00059691869003918BF012109F025FE84F3A5
:1083D000108810BD703B0021901100217811002100
:1083E00010B5FFF75FFBBDE81040C21C41F1000370
:1083F000014809F0B4BE00BF7811002102460B46C7
:10840000014809F0ACBE00BF78110021014B18698A
:10841000FFF71CBB78110021014B1869FFF70EBB59
:1084200078110021014BD3E9020170477811002136
:108430002DE9F04F012380460F461646414C85B08A
:10844000D4E8EF2F002A03D1C4E8E13F0029F7D197
:108450000CBF99464FF00009254614D1D4F804A06A
:10846000BAF1FF3F15D1FFF79DFC0028606010DADC
:108470000023C4F804A0D4E8EF2F012A03D1C4E8F4
:10848000E13F0029F7D14FF00309484605B0BDE8A8
:10849000F08F4FF0000BCDE900BB42463B466068D1
:1084A00009F0BCFD824650B1D5E8EF3F012B03D166
:1084B000C5E8E2BF002AF7D14FF00209E5E760689E
:1084C000FFF7BCFA8346EFF31083039372B6FFF70E
:1084D000E9FA023041F10001804577EB0101039B8D
:1084E00018D283F31088013604D06068FFF7A6FA2B
:1084F000C0F880A04FF0FF336068A360FFF7A6FAD2
:108500000023D5E8EF2F012ABFD1C5E8E13F0029BC
:10851000BBD0F6E7721C1EBFF2B242F00042CBF8AD
:108520008020A660C4E9048783F310880223D5E87D
:10853000EF2F012A03D1C5E8E13F0029F7D14FF021
:108540000009A2E760110021042038B5114CD4E8DD
:10855000EF3F022B03D1C4E8E20F002AF7D12546F2
:1085600017D16068FFF772FAA368013305D060681D
:10857000FFF764FA0023C0F880304FF0FF3300208B
:10858000A360D5E8EF3F042B03D1C5E8E20F002A32
:10859000F7D138BD60110021F8B5054603231A4C08
:1085A000D4E8EF2F022A03D1C4E8E13F0029F7D134
:1085B000264627D1EFF3108772B66068FFF73EFAC0
:1085C000EBB243F00043C0F880306068A560FFF76D
:1085D00035FA0568FFF766FAD4E904239042994119
:1085E0000ED2281E18BF012087F310880223D6E878
:1085F000EF2F032A03D1C6E8E13F0029F7D1F8BDE8
:108600000120F1E70420FAE76011002108B503F02A
:1086100005FE00F0FBFF09F071FD01F011FA1148B1
:1086200007F0DAFF09F031FF04F0D2FA01F096FA10
:1086300003F04AFC08F0BAFAFFF7AEFC04F05EFB68
:1086400008F052FA08F098F801F0C8FB09F067FD4D
:1086500008F09AFB03F03CFD02F0E2FFBDE80840A1
:1086600003F012BB384801017FB5154B00260029E5
:1086700014BF0C461C462388CDF80A60ADF80830BC
:10868000A37805468DF80D308DF80E6001F0B8FA2C
:10869000E37821790DF10A0243EA012109F075FF1F
:1086A0009DF809009DF8083000B933B900212A4629
:1086B0000846009602AB0AF014F904B070BD00BF82
:1086C000D84A010108B5074B002914BF0A461A46CB
:1086D0005378117803B919B911460AF061FA0123E8
:1086E000184608BDD44A010137B5EFF3108372B6BE
:1086F000054CD4E9124583F31088CDE9004505F017
:108700006BF803B030BD00BFD0110021034B1868D7
:1087100008B190F8800000F001007047B0340021EB
:1087200008B5FFF7F3FF08B1014B186808BD00BF9B
:10873000B0340021431E072B05D8DFE803F00606FE
:108740000F080F1111110020704701207047054BD1
:108750001B7813F0100F18BF0120704704207047DA
:1087600002207047773B002108B5064B1978064B6D
:10877000C9B21878FFF7DEFF814234BF0020012024
:1087800008BD00BF753B0021783B0021024B1B78E0
:108790000BB108F039BB7047763B002110B5044699
:1087A00001F0D0F9044B2046012219680AF02DF897
:1087B000BDE8104001F072B98834002110B50446BC
:1087C00001F0C0F9054B20461A78054B93F90010CB
:1087D0000AF019F8BDE8104001F060B97D3B0021B6
:1087E000793B0021014A107009F0B0BD783B0021AF
:1087F00038B504460D4601F0A5F9054B2A46214639
:10880000186809F0AAFDBDE8384001F047B900BF7B
:10881000A8340021002203481146034B006809F0E8
:1088200069BF00BFB03400218C340021F7B5204B64
:1088300007461B780E4615467BB3047809F09CFD6D
:10884000631C5B0168BB03F1CE000DB1A83080B2A0
:108850000BF0F2FC08B3FFF787FF0446E8B11DB345
:1088600002F0E4FA08F0E0FA124B38461A7865F3A1
:10887000C3021A7002F008FC0F4B2A461B783146DF
:1088800000930E4B01F0C4FE012E07D109F06FFEDC
:1088900008F0C4F810B902F005F80024204603B02F
:1088A000F0BD03F22E40D0E702F0C8FADAE700BFCD
:1088B000763B0021773B0021733B00217A3B00216E
:1088C00008B5064B1B7833B10BF0E3FC3B2894BF93
:1088D0000020012008BD0120FCE700BF763B0021FD
:1088E00010B5114C09F0CEFD0BF021FC2378012BC3
:1088F00017D90BF0EFFC0D4BD3E9042390429941BB
:108900000FD2012323700BF013FC01F0DBF90128D7
:1089100003D1074B187809F019FDBDE8104001F0AC
:108920009BB800232370F0E7723B0021A8110021BF
:10893000783B0021F0B504460E46154687B0124B31
:108940001822002168461F6809F0FEF902948DF88C
:108950000D608DF80E504CB1EFF3108372B60B4AD8
:10896000D2E91001CDE9040183F3108801F0EAF89F
:10897000384609F075FD6946384609F048FF01F0B0
:108980008DF807B0F0BD00BFA8340021D011002140
:1089900073B5204B04461B780E46002B37D0FFF7EB
:1089A000E3FEA0B31C4A137823F007031370FFF70C
:1089B000ADFE0546FFF7B4FE01F0CEFC002301A892
:1089C000ADF804308DF8063009F0F3FD134A214666
:1089D0000320127801AB01F0EDFC012C05D109F068
:1089E000C6FD08F01BF800B9347002F023FA08F055
:1089F0001BFA3DB901F000FA094B1860FFF790FE31
:108A000001F0AAFCFFF706FF0022064B1A6002B035
:108A100070BD00BF763B0021773B0021743B0021F5
:108A2000B0340021AC3400217FB50220FFF7DAFE1C
:108A300000210846FFF7ACFF18220021684609F024
:108A400083F9064B6946186802F02AFB6946022042
:108A5000FFF7CEFE07B05DF804FB00BFA83400218D
:108A600008B5074B1B7853B1AE200BF0E5FB30B1D6
:108A7000FFF77AFE18B1BDE8084001F0CBBF08BD92
:108A8000763B002110B5114B1B78EBB1FFF76CFE64
:108A9000D0B10F4C20460BF04CFB0BF0FAFBB0F5BD
:108AA000C07F11D32268C009831EB3EBD21F4FEAE7
:108AB000D2108CBF0022A2EBC312226098BF1846CE
:108AC000BDE8104001F0CEBF10BD00BF763B0021D5
:108AD000A434002110B5044601F0E4FEA01E0628CF
:108AE0001DD8DFE800F0041C0A121C141800002135
:108AF000BDE810400846FFF74BBF0122BDE810401B
:108B0000074B00211868FFF791BE0022F6E7BDE889
:108B10001040FFF7B7BFBDE81040FFF7A1BF10BD81
:108B2000A834002110B5023886B0062833D8DFE813
:108B300000F0040E232323343A0061B301220620FF
:108B40001C4B196806B0BDE8104009F05EBE00225B
:108B5000194C0621236883F88020184B186809F007
:108B600088FC174B20681A78164B93F9001006B052
:108B7000BDE8104009F047BE134C1822002168469A
:108B800009F0E2F86946206802F08AFA6A4606218E
:108B9000206809F0E2FB06B010BD012006B0BDE878
:108BA000104009F043BE012006B0BDE8104009F0B6
:108BB00041BE00BF88340021B0340021AC34002114
:108BC0007D3B0021793B0021A83400212DE9F041B3
:108BD0000646174600F0FAFE0546002836D01F4C20
:108BE0002378022B20D02278022AD3B227D14FF04B
:108BF000000801F057FE2378022B0AD10022184BFF
:108C000018481A7008F01AF80BF090FA207809F05A
:108C10009DFB2378072B01D10BF08CFABFB14146A5
:108C20002078FFF77FFF12E001F080FB227880467A
:108C3000022AD3B205D1002EDBD138B9D7E74FF0E5
:108C40000008022BD5D9033B052B03D90025284664
:108C5000BDE8F081002EF9D0CBE700BF783B0021C2
:108C6000723B0021A811002173B50D461E46FFF787
:108C7000ADFF0446F8B10BF053FB08B101F022F848
:108C800003220E4B02201A700D4B1E600026FFF7C8
:108C9000A9FD6B1F584258410DF107018DF807607F
:108CA000FFF776FE9DF807302BB101F0FBFD314652
:108CB0003046FFF76DFE204602B070BD743B0021C8
:108CC00088340021F0B5644A0446137887B01070E8
:108CD00003F0FF01A3B9614D002865D001F0EEF962
:108CE00001225F4B1A7008F069F82878FFF722FD1F
:108CF000002857D0844255D32B78584B18787CE005
:108D0000002855D1564B1A78002A4BD0534D187075
:108D10002B78022B02D101F009FB044601F06CFA1A
:108D200008F072F807F088FD0221012000F04EFEE5
:108D30002B78013B052B35D8DFE803F0030910231E
:108D40002323002007B0BDE8F040FFF74BBD4CB334
:108D5000052007B0BDE8F040FFF720BD0220FFF777
:108D600041FD00223F4C0421236883F880203E4BC4
:108D7000186809F07EFB206807B0BDE8F040FFF7F7
:108D80001DBD0220FFF72EFD18220021684608F0C5
:108D9000DBFF364B6946186802F082F96946042009
:108DA000FFF726FD07B0F0BD07F046FD2B78F9E789
:108DB0002A4F3878FFF7BEFC814223D38442F1D298
:108DC00001213D780846EDB200F000FE022D2CD1C5
:108DD00001F0ACFA064601F065FD6EB30620FFF720
:108DE000DDFC31462846FFF79DFE3978C9B20846BA
:108DF000FFF7A0FC8442D5D3084607B0BDE8F04099
:108E0000FFF768BE8442CDD33B78194A0229127815
:108E1000DBB27FF472AF042C7FF46FAF042B7FF4CE
:108E20006CAF032A7FF469AFBCE701F03BFD042D72
:108E30000BD003D8032D04D00026D2E76B1F012BE3
:108E4000FAD80220FFF7CEFCF6E70A4B1A786FF348
:108E500004121A70F5E700BF753B0021783B002132
:108E6000763B0021B0340021AC340021A83400212D
:108E7000713B0021773B002170B500200BF05FF9BA
:108E8000EFF3108172B6184A93680133936081F34F
:108E900010880BF04DF900200BF051F9044600F05A
:108EA00011FF01281CD102200BF0F5F90BF012FA8A
:108EB0000E4D044628460E4607F0C0FE0123A0349E
:108EC0002B770B4B46F1000628462B62C5E904467A
:108ED00007F07CFE074A13780133DBB2137001E020
:108EE000002CE3D170BD00BFD0110021A8110021DA
:108EF000E1880001723B002108B5EFF3108172B6E2
:108F0000124AD3680133D36081F3108800F0DAFE8F
:108F100001280FD0022813D000200BF010F998B1CF
:108F200000220B4B0B481A7007F088FEBDE8084082
:108F30000BF0F9B80022064B06481A7007F07EFEC7
:108F400002200BF0A8F9E7E708BD00BFD01100210F
:108F5000723B0021A81100212DE9F041524D01463C
:108F60002B79042B54D8DFE803F0032407532200A5
:108F700001240126274601E00424002622464A480F
:108F800009F0D8FB10B33EB13946474802F084FCE3
:108F9000064628BB022F0ED000F00AFE022C3FD05E
:108FA000042C6FD0012C6FD1EC7C01343AE0052405
:108FB000E3E70224DDE73D4A3846137843F0010336
:108FC00013700BF068F909F0E9FBE5E700F0F0FD3C
:108FD00020B12B6893F90030002BDFDC012607E07D
:108FE00000F0E6FD20B12B6893F90030002BD5DCB2
:108FF00001F058FC00210846FFF7CAFC2C4B1878FA
:1090000009F0A4F92B685B7803F00703022B03D166
:1090100000242046BDE8F0813046FFF7BFFBF7E7AC
:109020002C7D0234E4B2214E3378580719D4DFF88E
:109030008480D8F8003018782B6801305B784001C4
:10904000990654BFA03000F530700BF0F5F80746D4
:10905000E0B13378D8F8000043F00403337009F02E
:1090600009FA3378DA07D4D52B685B789B06D0D51C
:1090700000F0AEFD0028CCD00B4809F096FB0E4B5B
:109080001860C6E76C7D90E70024CCE701F00AFC8D
:1090900039463846FFF77CFC084B01221968052049
:1090A00009F0B3FBDDE700BF8C340021773B0021E2
:1090B000783B0021B0340021AC34002188340021F9
:1090C00013B500240E4A137823F007031370FFF73B
:1090D000A1FB0C4B187809F039F901A8ADF8044050
:1090E0008DF8064009F065FA074A2146127801AB6F
:1090F000032001F05FF90220FFF750FB02B010BD22
:10910000773B0021783B0021743B00212DE9F0479B
:10911000664EDFF89C81356809F03EF9654B664F75
:1091200018702B782B4413F8010C09F0DEF980003D
:10913000FF2828BFFF20614B06221870D8F80030A6
:10914000404619780131C9B209F0F4FA8146002885
:1091500046D03B78D80743D40321404602F09CFB1D
:10916000044680B94FF408700BF066F8002839D037
:109170003B7823F0050343F005033B7009F00EFB39
:10918000306809F077F93B78D9072DD5EFF31082D5
:1091900072B64B4C63680133636082F3108809F048
:1091A00003F902460B46EFF3108172B6C4E91223AD
:1091B00081F310880AF0B9FF3B78DA0726D4414BD7
:1091C000187809F0C3F86B7803F00703022B61D01D
:1091D0000024336883F8804000F00EFE306040E0E9
:1091E0000424D0E70524CEE700F0E2FC8246002804
:1091F000CCD1344B187809F0A9F850465146FFF706
:10920000C7FB2046BDE8F047FFF7C8BAB9F1000F29
:10921000D5D0D8F800305B789B06D0D500F0D8FCCC
:109220000028CCD0284801F017FF214809F0BDFAEA
:10923000264F38600028C2D00320FFF7D3FA244B12
:109240001B78032B16D9386801F01EFFC02101F0EE
:10925000AFFA044638BB3368022083F88040FFF73A
:10926000C1FA20462146FFF793FB2846BDE8F047A8
:10927000FFF7A4BA0421022007F0E6FB38B9EFF3A8
:10928000108272B6A3690133A36182F310880024AF
:109290003368E1E700F08CFC0146002898D1BDE876
:1092A000F047FFF775BBBDE8F08700BFB034002181
:1092B0008C340021793B0021773B00217D3B00214C
:1092C000D0110021783B0021DD4A0101AC3400219E
:1092D000753B002110B5064B1C68204600F09EFB34
:1092E00020B12046BDE8104009F02FB810BD00BFE6
:1092F000A834002110B5044C206809F0BFF820689C
:10930000BDE8104004F062BAAC34002138B5002545
:10931000074B02201C6884F88050FFF763FA284648
:109320002946FFF735FB2046BDE83840FFF746BA2F
:10933000B034002170B509F037F802460B46EFF360
:10934000108172B6254EC6E90E2381F31088244C95
:109350002448217811F0080F10D06FF30411217008
:10936000016809784901D431541A63F10005EFF31B
:10937000108372B6C6E90C4583F31088006808F0C4
:10938000FBFF0446D0B10620FFF72CFAFFF7BEF929
:109390000446FFF7C5F900F0DFFF01F04BFD07F0D1
:1093A00043FD01F0B5F8BCB900F026FD0E4B186086
:1093B000FFF7B6F9BDE8704000F0CEBF0220FFF71E
:1093C00011FA21462046FFF7E3FA224621462046BD
:1093D000BDE87040FFF7AEBA70BD00BFD0110021EC
:1093E000773B0021A8340021B0340021F0B53C4B7C
:1093F0003C4D18682C688DB0002836D0ACB363782B
:1094000003F00703022B30D1837803F03003202BC5
:1094100030D101786B4601310322C9B209F06AF9F3
:1094200018B3217806AB013103222046C9B209F0F6
:1094300061F9069EB37803F03003202B15D19DF817
:109440000940FF2C11D09DF81F10009BFF290CD064
:109450009DF812209DF8297038B1181905D0BA422C
:1094600003D1314408F03EFC70B10DB0BDE8F040CE
:10947000FFF7DABA2378052BF7D1A3789B06F4D44B
:10948000E278C3789A42F0D108F08EFF02460B468C
:10949000EFF3108172B61448C0E9102381F31088ED
:1094A0002C680025022084F88050FFF79BF929469C
:1094B0002846FFF76DFA08F06FFF2378054623442E
:1094C00013F8010C09F011F88200FF2A28BFFF22CF
:1094D00029462046D2B20DB0BDE8F040FFF72ABAC7
:1094E000A8340021B0340021D011002138B508F093
:1094F0005BFF0D46044601F0A1FC07F095FCEFF37D
:10950000108372B6084AC2E90A4583F31088074BF4
:109510001B78032B07D104200AF0BDFE044B1A78F8
:109520006FF304121A7038BDD0110021713B002175
:10953000773B00217FB5EFF3108172B60E4A1368B6
:109540000133136081F310880220FFF74BF90021EB
:109550000846FFF71DFA18220021684608F0F4FBC0
:10956000064B6946186801F09BFD69460120FFF72C
:109570003FF907B05DF804FBD0110021A8340021A9
:1095800038B5204D204C2B788342236838BF287093
:109590007F2B16D90AF07DFEB0F5C07F31D322684B
:1095A000C009831EB3EBD21F4FEAD2108CBF00223A
:1095B000A2EBC312226098BF1846BDE8384001F004
:1095C00051BA0AF0B8FD044618B1BDE83840FFF7BB
:1095D00059BA00F015FB08F0C6FF0220FFF702F9A8
:1095E00021462046FFF7D4F9287808F08FFF04467B
:1095F00000F0A8FA204609F017F9BDE8384000F05D
:109600004DBA38BD7E3B0021A434002108B50023AB
:10961000074A08481370084A1370084A13700AF082
:1096200060FE08F099FFBDE8084009F0B0B800BF3F
:10963000783B0021A8110021763B0021723B0021DC
:1096400038B5054608F01BFF0446F0B1104B1A78F8
:10965000BAB11B78012B14D0012228461146FFF71E
:10966000B5FA054670B10B4B1B782BB10120FFF703
:10967000B9F801F0ABF920B9FFF788F80020FFF73F
:10968000B1F8254600F0E8F92C46204638BD00BF69
:10969000783B0021763B00212DE9F04106460F463C
:1096A0001546984608F0EBFE0446C8B10E4B1A78F2
:1096B000022A0DD01B78032B0AD0FFF701F90446CC
:1096C00030B1424639463046069BFFF7CDFA044694
:1096D0000DB12046A84700F0BFF92046BDE8F08153
:1096E000002DFAD0A847F8E7783B00212DE9F04794
:1096F000DDF820800746894616461C4608F06CFEB9
:109700000546002861D021463046324A08F0A4FEC2
:1097100030B1012249463846FFF758FA50B90025C2
:10972000B8F1000F01D02846C04700F095F928464F
:10973000BDE8F087204601F08FFC21463046254ADF
:1097400008F08CFE0028EAD000F0C2FADFF888A00A
:1097500067798AF800000AF0E3FD18B100F0B8FA62
:10976000032830D07B00DBB21C4A13709AF800301B
:109770001B4AD91E4B424B41117863F304111170FF
:109780006079C0F10500C0B2FFF72CF8154B628874
:109790001E60154BA9F105001A80227941429A708A
:1097A000414162793046FFF741F8A3790646002B24
:1097B000B6D00028B4D10220FFF714F83146304665
:1097C000FFF7E6F8ABE70223CEE7B8F1000FAED023
:1097D000C047ACE75B230101713B0021733B0021D3
:1097E000773B0021A83400217A3B002130B587B0B7
:1097F000044608F0F1FD0546F8B1114B1B78062B25
:1098000019D1104B22681B689A4214D16FF00103E2
:10981000002204210120FFF727FA182200216846C0
:1098200008F092FA6946206801F03AFC6A46052180
:10983000206808F0F7FF00F00FF9284607B030BDA8
:10984000783B0021A834002170B506460D4608F08B
:10985000C3FD0446A8B1012230461146FFF7B6F910
:10986000044660B1802D38BF80250022064B0720BA
:109870001D60064B1A70FEF7B5FFFFF703F900F005
:10988000EBF8204670BD00BFA43400217E3B0021D0
:1098900010B5044608F0A0FD012384F8803068B1BB
:1098A000074B1B7843B100F047FD28B1054B1C6006
:1098B000FEF736FF00F050FD00F0CEF8012010BD9D
:1098C000763B0021B034002138B5054608F084FD10
:1098D0000446B0B10C4B1B781BB100F091F908F0B5
:1098E00042FE0A4B1B78022B09D101222946104661
:1098F000FFF76CF918B100210846FFF749F800F0AE
:10990000ABF8204638BD00BF763B0021783B0021F4
:1099100010B508F061FD044630B1044B1B780BB163
:1099200008F023FE00F098F8204610BD763B002199
:1099300010B508F051FD044668B1094B1B7803F0DF
:10994000FF0433B1074B1B78022B06D100F01EFE3B
:10995000044600F081F8204610BD0024F9E700BF5E
:10996000763B0021783B002138B5054600F038FEF3
:1099700010B90024204638BD08F02EFD0028F8D08C
:10998000094B1B781BB9002400F066F8F2E700F0E1
:1099900027FE0028F7D000F031FE04460028FAD058
:1099A00008F0FAFC2870EFE7763B002110B508F0CC
:1099B00013FD044630B1044B1B780BB100F07EFC64
:1099C00000F04AF8204610BD763B0021F8B5054668
:1099D0000E460024064F57F8043B33B13146284663
:1099E000984718B10134052CF5D10120F8BD00BF0E
:1099F00058480101F8B505460E460024064F57F8B1
:109A0000043B33B131462846984718B10134032C42
:109A1000F5D10120F8BD00BF4C48010170B50546E5
:109A20000024064E56F8043B2BB12846984718B13F
:109A30000134032CF6D1012070BD00BF4048010164
:109A40000022034B1A70FF22024B1A70704700BFAE
:109A5000803B00217F3B002170B50F4EEFF3108556
:109A600072B63378013B13F0FF0411D107F07AF896
:109A700020B185F3108807F065F8EFE7012108466B
:109A800006F0E2FF10B1082008F045FBFEF788FC65
:109A9000347085F3108870BD803B0021FF22014B9C
:109AA0001A7070477F3B00210D494B68C3F30803D0
:109AB0009BB1DBB2A3F11000C2B200064BBF03F0B2
:109AC0000F0302F16043043B03F561434ABFC91829
:109AD00093F80003087E400970474FF0FF3070474D
:109AE00000ED00E038B50446FFF7DEFF431C08BF79
:109AF0007F20EFF3108572B6104A3CB913782BB172
:109B00000F4B197843B249B2994206D11478013407
:109B1000E4B2012C147004D0012485F3108820468F
:109B200038BDFEF721FC2146204606F08DFF0028B7
:109B3000F2D0082008F0F1FAEEE700BF803B0021E8
:109B40007F3B002108B5FFF7AFFF431C08BF7F2014
:109B5000014B40B2187008BD7F3B00215A2310B55D
:109B6000124C0222FF21601C637408F0EDF8FE2302
:109B7000E370FF2308220021601D237108F0E4F840
:109B800042F62D52E2810222227440F203426282A6
:109B900040F20352A2820422A275C02200236283F3
:109BA0004FF420726373A283237610BD4C3B0021D7
:109BB000024B587C00F00100704700BF4C3B002175
:109BC000024B5A7C60F300025A7470474C3B0021F0
:109BD000024B587CC0F34000704700BF4C3B002153
:109BE000024B587CC0F38000704700BF4C3B002103
:109BF000024B5A7C60F382025A7470474C3B00213E
:109C0000014B587CC00870474C3B0021024B5A7CEA
:109C100060F3C7025A7470474C3B0021014B93F923
:109C2000000070474C3B0021014B1870704700BF8B
:109C30004C3B0021004870474D3B00210146022269
:109C4000014808F076B800BF4D3B0021004870473E
:109C5000513B002101460822014808F06AB800BFC4
:109C6000513B0021004870474F3B00210146022232
:109C7000014808F05EB800BF4F3B00210378014661
:109C8000012B0AD003D9023B012B0DD970470022CA
:109C9000074B5A7342789A737047054A5373837817
:109CA000D373C378137470470422024808F041B894
:109CB0004C3B0021593B00210422014908F039B8EE
:109CC000593B0021014B987C704700BF4C3B002161
:109CD000014BD87C704700BF4C3B0021034608284D
:109CE0009BBF024A01200020137570474C3B0021A6
:109CF000014B187D704700BF4C3B002103460828EC
:109D00009BBF024A01200020537570474C3B002145
:109D1000014B587D704700BF4C3B0021014B9875AB
:109D2000704700BF4C3B0021014B987D704700BF3E
:109D30004C3B0021014B187E704700BF4C3B00217B
:109D400002289DBF024B187601200020704700BFFB
:109D50004C3B0021014B588B704700BF4C3B00210E
:109D6000014B5883704700BF4C3B0021014B988B3F
:109D7000704700BF4C3B0021014B9883704700BFE8
:109D80004C3B002138B50446CD25FEF7C1F904FB54
:109D900004F20E4B04FB02F1634305FB01330C4953
:109DA00001FB02330B4A02FB00330B4A1A4482EADE
:109DB000E273A3EBE27303F500139B0D002AB8BF17
:109DC0005B425BB2181B40B238BD00BF0AD76300CC
:109DD000CC5DFFFFCDCCFCFF333333FE00230121EC
:109DE000044A0133102B82F8801002F18102F8D16D
:109DF000704700BF813B0021074A0023114692F8BB
:109E0000800018B103EBC313C81870470133102B3F
:109E100002F18102F3D17047813B002130B5044645
:109E2000044D0FCD0FC40FCD0FC495E80F0084E88B
:109E30000F0030BDF011002110B5074C23784BB94D
:109E400001211420054A08F05AF9142008F063F99A
:109E50000123237010BD00BF91430021292501017A
:109E600008B5FAF75BFD0122054B1A61D3F8002211
:109E700022F48032C3F80022BDE8084001F0BEB8E9
:109E800000C0004110B50021042001F049F8002372
:109E9000064CC4F80032FFF7E3FF4FF4C023C4F8C8
:109EA000083301232363236110BD00BF00800041FC
:109EB00008B50021042001F033F8FFF7D1FF4FF47B
:109EC0000042054BC3F808230022C3F800220122F8
:109ED0009A621A6108BD00BF0080004110B5094CAC
:109EE000D4F8003223F48033C4F8003208B1FAF712
:109EF00015FDFAF70DFD01F081F808F03FFB012395
:109F0000236110BD00C0004110B5094C207808F055
:109F100013FB2078FFF7E2FF064A074BC2F808332D
:109F20000023C2F80032054A1371537010BD00BF00
:109F30009243002100800041130006089343002152
:109F4000202310B51149D1F85025D2B20AB1013BF6
:109F5000F9D108F013FB08F0F5FAFAF7DFFC0C4A28
:109F600043F21340D2F80032082423F48033C2F8BD
:109F700000320023074A05491370C1F80803064858
:109F8000C0F80843C1F80032537010BD0080004192
:109F900000C00041934300210040014108B500F09A
:109FA000E7FF30B90122034B1A61C3F81001D3F85F
:109FB000103108BD0080004108B500210748FAF7BC
:109FC000A1FC50B9064AD2F8003243F48033C2F8FB
:109FD0000032BDE8084001F007B808BDAC480101F7
:109FE00000C0004113B501A8FFF766FE9DF805000B
:109FF0009DF8044008F088FA9DF807309DF8062087
:10A000001B0643EA02432343034A43EA0023C2F800
:10A010006C3602B010BD00BF0080004100EB800034
:10A0200000F62E10B0F5166F38BFA0F63810044BAE
:10A0300034BF40F48070A0F51660C3F8080570477F
:10A040000080004110B50021042000F069FF43F2B8
:10A0500002030B4CC4F80833FAF760FC00F0CEFFA3
:10A06000084BD3F8002222F48032C3F800220122E8
:10A070001A610023044AC4F80032537010BD00BFB7
:10A080000080004100C00041934300210021064BA5
:10A0900007221970054B06481960064B1970064BCC
:10A0A000196007F051BE00BF9A430021B834002167
:10A0B0009343002192430021B43400217FB5012154
:10A0C000474B484C1961D3F80425474822F0030256
:10A0D000C3F80425D3F8082542F00302C3F8082585
:10A0E0000422C3F810250023C4F8FC3FC4F8FC1F69
:10A0F000DA0002F1FF7202F58032D2F80013013368
:10A100000140A14202BFD2F80013D2F804230A6032
:10A11000202BEDD10F23C4F81035344B0021D3F898
:10A1200084300D22C4F88835684607F00DFE0223FE
:10A130008DF805307F23082601258DF808309DF81D
:10A1400007309DF801205B0743EA02239DF80220B7
:10A150008DF8006043EA02439DF803208DF8065015
:10A1600043EA02539DF8042043EA825343F0C0635C
:10A170003343C4F814359DF809309DF80C20B340E2
:10A1800043EA42639DF80A2043EA02439DF80B200C
:10A1900043EA026343F07F03C4F8183540F2022318
:10A1A000C4F85056C4F83435114BC4F8383500F0B3
:10A1B00049FEFFF717FFFFF723FDFFF72FFF08F01A
:10A1C000C3F8304607F0A7FF00210720FAF7B8FBD5
:10A1D0000320FAF7A9FB074B1D7004B070BD00BF48
:10A1E00000C000410080004100F0FFFF0000FF01BF
:10A1F000211001009A43002110B52A4C2378002B2E
:10A2000040D00022284BC3F8FC2F2378033B082BB7
:10A2100008D8DFE803F00507383F4438070738005F
:10A2200008F090F900F02CFE0820FDF717FF082237
:10A230001E4BC3F808230022C3F80C21D3F80C31BD
:10A240001B4BD3F8002222F44032C3F80022012233
:10A250001A61A3F58043C3F8FC2FFAF75FFBFAF706
:10A2600057FBFAF773FB2378012B04D00320FAF78E
:10A270005BFBFAF73BFB00230E4A2370137053700D
:10A280005371137110BD0021042000F049FE00F04D
:10A29000B5FEC7E7084B187808F04EF9F7E700F06D
:10A2A00091FEBFE79A430021008000410040014138
:10A2B00000C00041934300219243002110B51A4C85
:10A2C0002378033BDBB2082B09D8012040F213129C
:10A2D00000FA03F3134203D113F02C0F1ED110BD6B
:10A2E000002009F02CFF01280BD00228F7D122789A
:10A2F000042AD3B20CD8022BF1D9BDE8104009F0E2
:10A300001CBF002009F01DFFBDE8104009F009BF87
:10A31000072BE4D1BDE8104009F010BF09F00FFF92
:10A320000128DCD1EEE700BF9A430021014B1878E9
:10A33000704700BF93430021054B1B78032BDAB213
:10A3400001D0052A02D1034B58787047002070478E
:10A350009A43002193430021104A10B50346106030
:10A36000C8B10F4A5078B0B10E4909780329CCB270
:10A3700012D0052C0C4918BF0021002454700B4A40
:10A38000C2F80435C2F80012D2F85035DBB2022B05
:10A3900001D10123936010BD0549EEE7B4340021DB
:10A3A000934300219A4300211000180000800041CF
:10A3B00050001800F8B51F464A4B0E46D3F810114E
:10A3C00021B10021C3F81011D3F810310121032469
:10A3D000454B464D1961464B1C700024C2F34003A7
:10A3E000AC716C702C706C71AB7097F900C03B78DD
:10A3F000A445C8BF0C463F49C8BF033BC1F8004550
:10A40000384CC8BFDBB2C4F80C353B4B1968002987
:10A410005AD01B68C4F80435384BC4F80032002306
:10A42000C000C4F86005C4F83431D4F83411C4F85D
:10A430002831D4F82811C4F83031D4F83011012E65
:10A44000C4F80431D4F8041105BFC4F80031D4F8BD
:10A45000003143F2024443F2034412F0010037D0CA
:10A460000C2000F0D3FD00221E4BC3F86821D3F866
:10A470006831234BC3F80C21D3F80C210822C3F810
:10A480000423184B0021C3F804431E48FAF73AFA94
:10A49000154B10BBD3F84045781CFAF74BFA1A4B12
:10A4A0001C60FFF70BFF104A3146D2F8003204203F
:10A4B00043F48033C2F80032012200F0F9FC86B97F
:10A4C000BDE8F840FFF76ABD01236B700F4BA4E7AE
:10A4D00009F035FE0028C3D1D3E70124C3F8404575
:10A4E000DAE7F8BD0080004100C00041934300213D
:10A4F0009A43002100400041B4340021500018006C
:10A5000000400141AC480101B83400215000100066
:10A51000052210B5184B19491A700868184A194BCA
:10A5200028B3002050700A68C3F80425164A002496
:10A53000C3F80022C3F80441D3F80421C3F8304122
:10A54000D3F83021C3F83441D3F8342143F2020266
:10A55000C3F80423FFF730FDFFF7B0FE2246214683
:10A56000042000F0A5FCBDE81040FFF717BD012155
:10A5700051704FF01012DAE79A430021B4340021F1
:10A5800093430021008000411000180038B5104BA3
:10A590001B78032B1AD10F4CD4F85035023BDBB299
:10A5A000012B13D80C4DAB793BB90C4B4FF47070A9
:10A5B00043F0010398470123AB7100230120C4F845
:10A5C0001C31D4F81C316061687138BD0020FCE793
:10A5D0009A4300210080004193430021004701017C
:10A5E000014B5879704700BF93430021024BD3F8C9
:10A5F000480500F07F00704700800041034BD3F80E
:10A600001C01003818BF0120704700BF00800041C6
:10A61000F8B515465B4A0E46D2F8101107469DF86C
:10A6200018C021B10021C2F81011D2F81021012464
:10A630000621554A55481461554A11700021C170D0
:10A6400093F900E0534A8E45C8BF214615701A7829
:10A65000514CC8BF033AC4F80015C8BFD2B204F5C4
:10A660008044C4F80C25C4F804756DB34B4A012E20
:10A67000C4F800224FF00002C4F86C21D4F86C1129
:10A6800053D1C4F80021D4F80021454C00213D4AA3
:10A690001CF0020FC2F84811D2F848711BBFC2F873
:10A6A0004411D2F8441144F4802444F4C0241CF032
:10A6B000040F18D00021C2F80011D2F800210122A5
:10A6C00044F00104C2700EE04FF4A012012EC4F851
:10A6D0000022C4F86C51D4F86C2129D1C4F800517F
:10A6E000D4F800212E4C0027264A44F00204C2F878
:10A6F0000471D2F804110771C2F80443581CFAF728
:10A7000019F955B327492848FAF7FCF8014690B9DA
:10A710002448FAF7F1F81C4AD2F8003243F48033A7
:10A72000C2F8003200F060FC0BE04FF00064ADE7CF
:10A730004FF00064D7E739461A48FAF7DDF80028E9
:10A74000E9D0FFF7BBFD04200022314600F0B0FB4A
:10A75000B6B9BDE8F840FFF721BC29461348FAF71F
:10A76000CBF818B1FFF7AAFD0020EDE7064AD2F8B2
:10A77000003243F48033C2F8003200F035FCF1E7D8
:10A78000F8BD00BF0080004100C00041934300219C
:10A790009A430021924300210040004100381400F8
:10A7A0000100000884480101AC48010198480101FA
:10A7B0000722364B3F292DE9F041354D1A7004D858
:10A7C00001232B610020BDE8F081324B4FF00008DF
:10A7D0001E684FF4A013304C0E44A6F13F07C5F895
:10A7E0004475C4F80405C4F80032C4F85481D4F8A0
:10A7F00054312A4B14221846414607F0A5FA052287
:10A800004146173E45600274C660FAF775F8D5F800
:10A81000003298BB43F48033C5F80032FFF74EFD99
:10A820000023C4F86C31D4F86C21C4F80431D4F896
:10A83000043100F0B3FB0122154B174CDA64D3F856
:10A840004C25D3F84035974203D99F4219D99342FA
:10A8500017D307F093FED4F85035DBB2092B10D094
:10A86000D4F854316BB900F0ADFBFAF751F8012080
:10A87000FAF75AF80122064B1A61A3E743F40033B2
:10A88000CAE7074B0120C4F804339CE79A43002130
:10A8900000C00041B834002100800041BC340021D8
:10A8A00002000008F8B5414C2378023B092B0CD874
:10A8B000DFE803F0050C2A2E4A5F750B0B78102297
:10A8C0003B4BC3F808230C232370F8BD07F03AFE76
:10A8D00043F21345FAF722F800210826354B364893
:10A8E000D3F8002222F48032C3F80022304A0170EB
:10A8F000C2F80853314DC5F80863C2F80012417020
:10A90000012111611961DEE701222A4B1A61DAE7A0
:10A910000021042000F004FB43F20203244DC5F89B
:10A920000833F9F7FBFF00F069FB224B2249D3F80B
:10A93000002222F48032C3F800220022C5F800224F
:10A940004A7001222A61E1E700261D4F184D387830
:10A9500007F0F2FDC5F800623878FFF7BFFA194B2F
:10A96000C5F80833144B1E715E7001232B632B61F5
:10A97000A9E700F027FB00230D4DC5F80032F9F7D9
:10A98000C7FF0C4BD3F8002222F44032C3F8002258
:10A9900001221A610C4BC5F808332A6193E7FFF7CF
:10A9A00071FA90E7FFF784FA8DE700BF9A43002120
:10A9B0000080004100C0004193430021004001415C
:10A9C0009243002113000608020000080E4B19787C
:10A9D0000429CAB205D00C2A06D0022A12D10120BD
:10A9E00070470121094A116102221A700022084BA6
:10A9F000C3F81021D3F8102101221A611022C3F8E4
:10AA00000423ECE7002070479A43002100C0004176
:10AA1000008000410822114B10B51A7000244FF439
:10AA200020520F4BC3F80022C3F84841D3F8482105
:10AA3000C3F84441D3F844214FF4C022C3F804239F
:10AA4000FFF7BAFAFFF73AFC22462146042000F04D
:10AA50002FFABDE81040FFF7A1BA00BF9A430021CA
:10AA6000008000410B22104B10B51A7000244FF4E7
:10AA700000420E4B0138C0F31400C3F86406C3F85B
:10AA80000022C3F83C41D3F83C11C3F80423FFF77C
:10AA900093FAFFF713FC22462146042000F008FA3F
:10AAA000BDE81040FFF77ABA9A43002100800041C8
:10AAB00070B507F0E7FCA84BA84CD3F8042312F0BC
:10AAC000080F0DD0D4F8682152B10022C4F86821D3
:10AAD000D4F86811C3F80C21D3F80C31FEF7CCF987
:10AAE000D4F80433DD0715D5D4F8003193B1002331
:10AAF000C4F80031D4F800310123C4F8083307F05A
:10AB00003CFD974B1B78062B04D1964BDB780BB1A1
:10AB100007F08BFC914BD3F80423900718D5D3F89A
:10AB20000421AAB10022C3F80421D3F804218C4ADD
:10AB30001278033A042A0BD8DFE812F005000A0065
:10AB4000D000D600DF00874B9B780BB1FEF7D4F91D
:10AB5000824CD4F80433590519D5D4F82831B3B14F
:10AB600000230122C4F82831D4F828317D4B1A7013
:10AB7000D4F834315BB9D4F86055C5F3C70528461D
:10AB8000FEF7EAF985423CBFC000C4F86005734B8C
:10AB9000D3F80423920410D5D3F834216AB10022EB
:10ABA0006F4CC3F83421D3F834312378032BDAB255
:10ABB00000F0A980052A00F0B080684BD3F8042388
:10ABC000D60410D5D3F830216AB10022644CC3F802
:10ABD0003021D3F830312378032BDAB200F0A4808F
:10ABE000052A00F0AB805D4CD4F804331D0110D56C
:10ABF000D4F86C316BB10026594DC4F86C61D4F8AF
:10AC00006C312B78062BDAB200F09F80072A00F017
:10AC1000AD80524BD3F80423D40612D5D3F81021BB
:10AC20007AB100224E4CC3F81021D3F810212178BC
:10AC30000329CAB200F0B58000F2AF80022A00F00A
:10AC4000B580464BD3F80423900316D5D3F844219E
:10AC50009AB10022424CC3F84421D3F844312378FE
:10AC6000062BDAB200F0AF80082A06D1FFF70AF906
:10AC70000C230120237007F0C6FB384BD3F80423C4
:10AC8000510310D5D3F848216AB10025344CC3F8DC
:10AC90004851D3F848312378062BDAB200F0968079
:10ACA000082A00F09A802D4BD3F80423120411D502
:10ACB000D3F83C2172B10022C3F83C21D3F83C21E7
:10ACC000D3F86846FFF7F4F80C22254BE0B21A706F
:10ACD000FEF756FCBDE87040FEF7BEBE0122214BD8
:10ACE0005A7107F084FB33E70222C3F808230122DC
:10ACF0001C4B1A71FEF7EEFA2AE70222C3F808236A
:10AD0000FEF7F8FA24E7FFF71BF90122164B1A6148
:10AD10000C232370FEF7D4F94FE7FFF793F90C23C8
:10AD2000237007F06EFB48E701220E4B5A71FFF7C4
:10AD300007F904232370FEF7E9F954E7FFF782F9D6
:10AD40000C232370FEF752FB4DE7FFF7DDF80C23D1
:10AD50002B70FEF7EFFA5CE70040014100800041F4
:10AD60009A4300219343002100C0004100F02AF9DA
:10AD7000C4F80062F9F7CCFD1C4BD3F8002222F492
:10AD80004032C3F8002201221A61194BC4F808337B
:10AD90000C232B70FEF7BAFA3BE7063A012A3FF67E
:10ADA00050AF1022134BC3F808234AE710220320A8
:10ADB000C3F80823F9F7B8FDF9F798FD01232370CC
:10ADC00007F017FB3DE7FEF791FB56E7FFF79CF80E
:10ADD0000C232370FEF7AEFB65E7FFF753F80C2357
:10ADE0002846237007F00FFB5DE700BF00C000415D
:10ADF000120000080080004110B5EFF3108472B615
:10AE0000094BD3F8042312070AD5D3F80C213AB121
:10AE100000220820C3F80C21D3F80C31FDF70EF9FD
:10AE200084F3108810BD00BF004001410048704706
:10AE30007C48010100487047744801010048704790
:10AE40006C4801010C4B0D4AC3F89021033AC3F83A
:10AE500080210132C3F884210132C3F88C210632EB
:10AE6000C3F8EC21033AC3F8C42149F2F02203F5F8
:10AE7000E043C3F8042570470080004107000080CC
:10AE800049F2F022094BC3F808250022A3F5E0435C
:10AE9000C3F8C421C3F8EC21C3F88C21C3F8842182
:10AEA000C3F88021C3F89021704700BF00F0004133
:10AEB00030B50024134BC3F83C41D3F83C41124C4D
:10AEC000D4F8005845F48065C4F800580F4D054487
:10AED0000F482860C4F884000E4C12B10E4AC2F824
:10AEE00080404FF48062C3F8BC01C3F8BC40064BFD
:10AEF0000129C3F8042502BF084AA3F5E043C3F8BB
:10AF0000902030BD0040014100F0004180800041B0
:10AF10000A0000800700008000C000410F00008090
:10AF20004FF480630E4A30B5C2F8083500230D4D4A
:10AF30000D4CC5F8BC3123500C48C0F89030C2F815
:10AF40008430D2F8000820F48060C2F8000819B1FB
:10AF5000A2F54052C2F88030C5F8BC3030BD00BF09
:10AF600000F000410040014180800041008000412C
:10AF700008B5084BD3F85035DBB243B9064B07F0A0
:10AF8000FDFAD3F83C01003818BF012008BD0120AC
:10AF9000FCE700BF0080004100400141064B074A2A
:10AFA000C2F8803002F58042C2F8C4314FF48062AA
:10AFB000034BC3F8042570470A000080008000415D
:10AFC00000F000414FF48062054BC3F808250023D0
:10AFD000044AC2F8803002F58042C2F8C43170479A
:10AFE00000F0004100800041024B034AC3F880207A
:10AFF000704700BF00C00041070000800022024BE4
:10B00000C3F88020704700BF00C00041074A084BCA
:10B01000C3F8E82103F5404380331A504FF480729F
:10B02000A3F5A143C3F80425704700BF08000080C2
:10B03000008000414FF48072064BC3F808250022BF
:10B04000A3F5E043C3F8E82103F5404380331A50E9
:10B05000704700BF00F000410023074A1360074A11
:10B060001370074B18B91870064B187070470278A8
:10B0700040781A70F8E700BFD03400219D430021CA
:10B080009C4300219B430021034B1A68034B002A79
:10B0900018BF1846704700BFD03400219E430021DE
:10B0A00010B40E4A0E4B14780E4A1B7812680B70BF
:10B0B0004C7082B10C490A780132D2B234B113B16A
:10B0C00010BC06F036BE094B1A78F9E71BB1074BE6
:10B0D0001B78D21AF4E710BC704700BF9B430021D5
:10B0E0009C430021D03400219E4300219D43002138
:10B0F00010B5044686B018220021684606F024FEEA
:10B10000054B6A461B882146ADF80030034B186892
:10B1100007F088FB06B010BD22440021D434002182
:10B1200030B5012589B0FCF749FF1E4B20221C7861
:10B130004FF4A07305FA04F4013C04400021684672
:10B14000E4B25C4306F000FE09F0C4F802238DF877
:10B150001130154B001905936FF0020341F1000106
:10B16000CDE900010693FEF7B3FD022812D006D800
:10B17000A8420BD0684605F0BFFB09B030BD0338CC
:10B18000C0B20128F6D88DF81050F3E704238DF8EB
:10B190001030EFE7054B1B78002B14BF042301236D
:10B1A000F5E700BF2444002161B2000125440021DD
:10B1B00010B5044601216FF0020009F03FF854B9C0
:10B1C000FEF7B2FD044B1B78834204D3BDE8104068
:10B1D0000120FFF78DBF10BD25440021BFF35F8F15
:10B1E000084AD2E84F3FDBB2834203D0BFF32F8F30
:10B1F00000207047C2E8431F002BF2D1BFF35F8FDE
:10B20000012070471E44002110B501210220FFF7E4
:10B21000E5FF08B9012010BD0E4C237801332370DF
:10B22000FEF776FD0C4A1378984284BF0133137001
:10B23000FEF77AFD23780024834206D9074B214686
:10B2400001201C60FFF7CAFFE4E7FFF769FF204613
:10B25000E1E700BF2544002124440021D43400212B
:10B260001FB5044602210120FFF7B8FF48B3184B71
:10B270001C78FEF72DFD34B9022804D104216FF0AB
:10B28000020008F0F9FF134B00201B880321ADF8E2
:10B290000830114B8DF80E001A889B78ADF80A2003
:10B2A0008DF80C3001238DF80D300C4B0C4A0093B7
:10B2B000126802AB07F015FB08B9FFF7A5FF04B051
:10B2C00010BD0121204604B0BDE8104008F0B6BF13
:10B2D00025440021224400211F440021B1B1000176
:10B2E000D434002138B505460C4608F0F3FF024679
:10B2F0000B46EFF3108172B61048C0E9082381F3C2
:10B30000108801210020FFF769FF0D4B22881D6086
:10B310000C4B1A8000220C4B1A70FEF7E9FC0B4B09
:10B320001870FEF76DFCA378E178094A43EA012121
:10B3300007F02BF9FFF7F4FE012038BDD0110021F2
:10B34000D43400212244002125440021244400213A
:10B350001F440021012908B501D9012008BDBFF310
:10B360005F8F0A4B1A78BFF35F8F002AF5D0002851
:10B37000F4D0BFF35F8F03221A70BFF35F8F0021F9
:10B380006FF0020008F05AFFE7E700BF1E440021FB
:10B3900070B5124AA1F10803012B04460D46166848
:10B3A0000BD8B04207D100231360BFF35F8F0C4A64
:10B3B0001370BFF35F8F012070BD00210320FFF7E2
:10B3C0000DFF28B1B442F6D02846FFF791FEF2E710
:10B3D000B442F0D1BDE87040FFF716BFD43400216D
:10B3E0001E440021064A1368834207D100231360DC
:10B3F000BFF35F8F034A1370BFF35F8F0120704765
:10B40000D43400211E44002110B50B4C0146636862
:10B4100086B0043318BF002458B91822684606F0D5
:10B4200093FCA38A6A4607212069ADF8003007F033
:10B43000F9F906B010BD00BF2012002113B5194C58
:10B44000042263680221984225D1204607F0BFF804
:10B45000E07EFEF7DBFB052007F0E3FAC0B1124BFC
:10B46000052100930120226904F1140307F039FA41
:10B470000121606808F0E2FE10B14FF0FF33636015
:10B4800001220421074802B0BDE8104007F09FB830
:10B49000FFF7BAFFECE7002007F099F80023DB7E06
:10B4A000FFDE00BF2012002109B4000110B51448CE
:10B4B00005F0C4FB024660B9124C0A20616807F02F
:10B4C000A4F94FF0FF33012204212046636007F006
:10B4D0007EF80D4805F0B2FB024678B9094C0A2007
:10B4E000E16D07F092F94FF0FF33E36504F1580086
:10B4F0000122BDE81040042107F069B810BD00BF6B
:10B500008812002178120021E012002170B5054652
:10B51000EFF3108672B6184806F0D1FF04461648BD
:10B5200006F0D3FF86F31088246824B3E5B1FFF753
:10B53000BDFF08F0CFFE02460B46A16B0020891824
:10B5400043F10005C4E908150121C4E91023A462F0
:10B5500084F8480084F82C1084F8490004F11000A5
:10B56000BDE8704005F032BB2A4661680720BDE89F
:10B57000704007F04AB970BDE034002173B5254C26
:10B5800005466368984203D0E36D984240D1583431
:10B5900004220221204607F01AF8A0B3EFF3108628
:10B5A00072B61D4806F07CFF04601B4806F07EFF63
:10B5B00086F31088FEF724FB94F85030984218D197
:10B5C0006368052100930123144A184607F05CF9CB
:10B5D00006460121284608F031FECEB94FF0FF3370
:10B5E000012204212046636002B0BDE8704006F0ED
:10B5F000EEBF1846FEF70AFB052007F012FA0028F6
:10B60000DED1FFF783FF0121284608F017FEE5E7AA
:10B6100002B070BD78120021E03400210DB50001A8
:10B6200070B501264FF0FF350B4C042308220B495F
:10B630000B4806F02CFF04F110002670656008F03E
:10B6400050FE04F1680084F85860E56508F049FE92
:10B65000044B1E705D6070BD78120021D83400214B
:10B66000E0340021201200212DE9F041012188B0B1
:10B6700007462B4815461E46DDF8388006F0BEFF0B
:10B680000446002849D098F80230002B42D1B5F585
:10B69000C8754FF0000327614FF001072372B8F817
:10B6A000003004F11602A38298F8043098F80510CF
:10B6B00098F8030043EA012146F1FF3606F065FFE2
:10B6C00098F80230A776637698F803304FF4B47296
:10B6D000E3766FF00303636003920422ADF8102059
:10B6E000104A6846CDE90056CDE905238DF808706B
:10B6F0008DF8127005F000F9054638B94FF0FF33A8
:10B700003A4602212046636006F061FF284608B0F1
:10B71000BDE8F081B5F50975BBE70546F6E700BF62
:10B72000201200213DB400012DE9F047054688B004
:10B730000E461F48022117469A46DDF8409006F053
:10B740005DFF044688B31B4B4FF0010803634FF4C1
:10B75000917380F80880C0F80490039340F20113BD
:10B76000B5F5A575ADF8103007F5A577124B8763D1
:10B7700080F850A046F1FF366846CDE90056CDE985
:10B7800005398DF808808DF8128005F0B5F805466A
:10B7900038B94FF0FF33424602212046636006F07D
:10B7A00016FF284608B0BDE8F0870546F9E700BF58
:10B7B00078120021252601017DB5000110B5084C45
:10B7C0000021606808F03AFD48B14FF0FF33636034
:10B7D0002046BDE810400122022106F0F8BE10BD4F
:10B7E0002012002138B50F4C6368984205D0E36DF4
:10B7F000984201D0002038BD5834002108F01EFDC9
:10B80000054604F1100005F019FA0DB90028F1D130
:10B810004FF0FF336360BFF35F8F01202070BFF3F1
:10B820005F8FE8E77812002108B5064B1A78042AE2
:10B8300003D093F85830042B02D110B1FFF736FE35
:10B84000012008BD7812002130B5124B01781A781A
:10B8500087B0042A0CBF1C46002413F8582F01316E
:10B86000042A08BF1C46C9B26B460122054606F0F1
:10B8700041FF68B164B108F02DFDC4E910012B78D7
:10B8800084F84830009B5B78C3F3401384F8493058
:10B8900007B030BD781200212DE9F3410268064659
:10B8A000C807547893780D46127820D5053A7A2A3D
:10B8B00000F2838004F00704052C03F0300229D045
:10B8C00015D8042C28D0302A26D0202A28D023D8D6
:10B8D000190703F00C020AD4F2B9FEF781F908B98E
:10B8E000002C63D1336893F90230002B14DAAB07D4
:10B8F0000ED53568B2796F78FF2AF47907F007071B
:10B9000012D1FF2C33D1FEF76BF908B9002F4DD1BE
:10B91000002002E0002ADBD0012002B0BDE8F08167
:10B92000F37CFF2BE3D1F7E7FF2C29D02C441544FF
:10B93000FEF780F902220146284606F0D3F9A0B1AD
:10B940001F4B0222B3F80080284601A9ADF80480FD
:10B9500006F0C8F948B14FBBFEF76CF90222694600
:10B96000ADF8008006F0BEF900BB0CB9CBE72C4463
:10B97000757C022D06D0082D1AD0002DCCD1C2E73F
:10B980000024D4E7FEF76EF92A460146204606F069
:10B99000A9F90028BCD02A46094B01A91B88ADF89B
:10B9A0000430204606F09EF90028B1D00320B4E709
:10B9B000FEF74CF92A460146F3E70920ADE700BF40
:10B9C000F44601012DE9F04704460E462779062F7B
:10B9D00000F21081DFE807F0077D878DBBC104000E
:10B9E0000120BDE8F087002E78D06379022B75D94D
:10B9F00022689078517800F00105C5F1040310F039
:10BA0000200FDBB200F00C0C1DD1BCF1000F29D1CE
:10BA10009178794811F00C0F18BFE371917801F01B
:10BA20000C01415CFF2959D00B44DBB26174E37413
:10BA3000917850788D06C0F3801020D43F2926D904
:10BA400080F001013BE0BCF10C0FC1F380110ED17D
:10BA500000F0C00CBCF1C00F02D181F001010BE07D
:10BA60003F28FAD9C5F10605A371EBB2D0E73F280C
:10BA7000CBD8BCF1000FF0D10029F3D1C8E701F019
:10BA80000C050C2D15D101F0C005C02DD6D1917833
:10BA90003F2988BF6372927802F0C002802A14D0D6
:10BAA000C02A14D0D2B9134423750123A274237180
:10BAB0008CE73F29EBD980F00101002DC0D100298E
:10BAC000E5D023720233DBB2E1E70222EBE7082282
:10BAD000E9E76279E37C9A4280F08A80BE428CBFBB
:10BAE000002001207DE76279237D9A42F6D303236B
:10BAF000DDE7032EF2D92268237D51780D0702D4A9
:10BB000063750423D3E761799942E7D9A372D11809
:10BB1000D25C5D1C9006EDB25EBFE5720533DDB20E
:10BB20000B7813F0180FC3F3C1000AD006F0D9FD4B
:10BB3000257310B165730544EDB2A5730135A07589
:10BB4000EDB2204606F0B1FD2B46E075D8E76279EC
:10BB5000637D9A42C2D30523A9E7052EBED9D4F846
:10BB60000090627999F8003094F81580591C914240
:10BB7000B4D11A06B2D499F802309B0721D584F8C3
:10BB80000F8099F800502046013DEDB2FF2D0CBF0B
:10BB900000254D4406F089FD09EB080A2D1A2946B7
:10BBA000504606F070FD60B99AF8003003F07F034C
:10BBB00002339A44554591D30BD1A5EB09055FFAA1
:10BBC00085F899F80030013BDBB243450DD10623DF
:10BBD0006DE7504606F057FD0028E0D00AF1020854
:10BBE000A8EB09085FFA88F8EBE784F81080EEE725
:10BBF00002235CE70020F4E6DF4A01017FB501463D
:10BC000060B91822684606F09FF8064B07219A880B
:10BC10001868ADF800206A4606F004FE07B05DF82B
:10BC200004FB00BFE8340021BFF35F8F084AD2E86D
:10BC30004F3FDBB2834203D0BFF32F8F002070470A
:10BC4000C2E8431F002BF2D1BFF35F8F0120704782
:10BC50003044002113B5042184690220FFF7E4FF7A
:10BC600070B1084B0020009322686318062106F08B
:10BC700038FE0121042002B0BDE81040FFF7D4BF18
:10BC800002B010BDFDBB00010122094B00201A705B
:10BC900000230021074A1370074AC2E90001074A3E
:10BCA00007481370074AC2E90033936008F019BBD4
:10BCB0003044002127440021501300212644002154
:10BCC00028130021E83400212DE9F04791F806807F
:10BCD00081460E4686B0B8F1000F76D1FEF72AF8FD
:10BCE000002872D03C4C2378002B6ED0012823D141
:10BCF00099F800106B46013103224846C9B206F09C
:10BD0000F9FCC8B19DF80700FF2815D0009D334A03
:10BD1000AB78117803F00C03A3F10C077A427A4157
:10BD2000914252D10C2B14BF022208222C492844E4
:10BD300005F0D8FF002848D108F0CCFA294FD7E900
:10BD40000032834272EB010531D3914208BF984221
:10BD50003BD12378122B27D9FEF708F80446A0B36D
:10BD600002210120FFF760FFD0B101251E4B1F48C3
:10BD7000C3F8009032889A8072795A727288DA8099
:10BD800032799D721A72D7E90021121941F100012E
:10BD9000C0E90421164A05770262836104F016FFA8
:10BDA000404606B0BDE8F087FDF7D4FFD6E7C51AD8
:10BDB000237861EB020A122B0AD9FDF7D7FF002383
:10BDC000A84273EB0A030446CAD24FF00108E7E722
:10BDD000FDF7C0FFF3E700BF264400212744002100
:10BDE0002844002150130021E834002128130021A9
:10BDF00055BC000130B587B0044608F06BFA164B0D
:10BE00000322C3E9000121786B4601312046C9B203
:10BE100006F070FC114A98B100999DF807508B7894
:10BE200003F00C03A3F10C0CDCF1000040EB0C0060
:10BE3000FF2D05D00C2B2944107007D0022206E0FC
:10BE400000231070064A137007B030BD0822054861
:10BE500005F06FFF2378F5E75013002127440021F8
:10BE6000264400212844002110B5062986B019D0A7
:10BE7000D8B108210220FFF7D7FE78B10F4B182266
:10BE8000002168469C6905F05FFF0D4B6A469B8860
:10BE90000621ADF80030206806F0C4FC01210F2017
:10BEA000FFF7C2FE012006B010BD064B1B7813F051
:10BEB000060F0CBF01200020F5E700BF281300216A
:10BEC000E8340021304400210020044B83F8210095
:10BED00083F8450083F86900704700BFF8340021FB
:10BEE0002DE9F843C6680446002E48D10379032B98
:10BEF00047D8274DB0462F4600F104094946284649
:10BF000006F020FC00283ED108F10108B8F1030F2B
:10BF100005F12405F2D197F8213033B197F8453077
:10BF20005BB397F8693083BB02262425754307EB82
:10BF3000050821681022404605F0FBFE227905F134
:10BF40001000531E022B88F8192096BF9200002281
:10BF5000033AA168384405F0ECFE242303FB067382
:10BF60002269DA61227D83F82020BFF35F8F0122EE
:10BF7000002083F82120BDE8F8830126D5E70420BE
:10BF8000F9E70520F7E70320F5E70120F3E700BF15
:10BF9000F8340021F8B50B4D064600242F463146F3
:10BFA000284606F0CFFB30B12423002003FB0477A2
:10BFB00087F82100F8BD0134032C05F12405EED1EA
:10BFC0000220F7E7F8340021014B1860704700BFEA
:10BFD000F4340021094B1A6882420ED2BFF35F8FFE
:10BFE00053E8001F8A4202D0BFF32F8FF3E743E8E4
:10BFF00000010029F4D1BFF35F8F7047F4340021B2
:10C000002DE9F041164E0746884600243546414644
:10C01000304606F097FB78B124235C432B1993F844
:10C0200020308BB91C342C4454E8002F531C0DD104
:10C03000BFF32F8F062005E00134032C06F1240600
:10C04000E5D10220BDE8F081064CEDE7013244E87D
:10C0500000200028E8D12368013B3B60F2E700BFE5
:10C06000F8340021F43400210022034B1A70BFF38E
:10C070005F8F024804F0E2BD3144002158130021D3
:10C0800013B50F4C237843B10E4B01A81B680193E5
:10C0900006F054FC18B10023237002B010BD0A4A08
:10C0A0000A48136803F5FA731360D0E9043213F5F4
:10C0B000FA7342F10002C0E9043204F087FDECE7B4
:10C0C00031440021643500216835002158130021D6
:10C0D000D222064B06481A600023064A1360064A1D
:10C0E0001370064A136008F0FCB800BF9C020021E0
:10C0F00058130021683500213144002164350021A6
:10C1000038B50F4C0F4D206008F0E4F82368012487
:10C110001A780D4B1B6803EB42130C4A03F5C073EE
:10C1200013600B4A1B1841F10001C2E90431094BAD
:10C130001046147715621C7004F048FD204638BD87
:10C140006435002181C000019C0200216835002176
:10C15000581300213144002108B5054B1B7823B149
:10C16000042902D010B1FFF77FFF012008BD00BFF6
:10C17000314400212DE9F04322B1012A13D00020DF
:10C18000BDE8F083234AA3B90224D2F8A470013297
:10C190000025BC462E46B44515DA6B1CB34208BFD9
:10C1A00035460D60EBE71C4A43B90B24D2F8C07149
:10C1B000EEE7D2F8A87008242132E9E7D2F8C4717A
:10C1C0001124B032E4E7ACEB060506EB6505AF429F
:10C1D000E3D905FB04FE02EB0E0883B152F80EE032
:10C1E000D0F80090CE450FD811D3D8F804E0D0F89D
:10C1F0000480F04508D30AD801200D60C0E7B0F8EC
:10C20000008032F80EE0F4E705F1FF3CC3E76E1C56
:10C21000C1E700BF343700216C35002110B5094C4F
:10C22000AC220021204605F08FFD4FF4E47200217E
:10C23000054805F089FD012300222370034B1A7085
:10C2400010BD00BF343700216C350021324400217D
:10C25000014B1870704700BF343700212DE9F04FB3
:10C260009846002385B00D4603930B4603A99246DA
:10C270009DF838700190FFF77DFF58BBBAF1000FB1
:10C2800005D0BAF1010F39D005B0BDE8F08F002D0F
:10C290003AD00826274C04F18709D9F80020102A43
:10C2A000F2D0039901FB0660831B04EB030B521AC7
:10C2B00072435946204405F025FD002D14BF082285
:10C2C00002225846019905F034FDD9F800300133B7
:10C2D000C9F80030BAF1010F0ED1039C164EEDB132
:10C2E00004EB041404F1B8003A464146304405F02A
:10C2F00020FD321982F8C0700120C5E74DB10F4C06
:10C30000112604F58A79C8E70D4C022604F1A30929
:10C31000C3E7094C0B2604F5E079BEE70B235C4329
:10C32000A01C30443A464146264405F002FDB7724F
:10C33000E2E700BF553700216C3500211C36002193
:10C3400035370021F7B500270B460D4601A91646E3
:10C350000197FFF70FFF044618B12EB1012E19D037
:10C360003C46204603B0F0BDD5B90226124B03F17E
:10C37000A3052968F1B1019A06FB02F0891A4A1E49
:10C38000311819441844724305F0BCFC2B68013B7A
:10C390002B60E6E74DB9094B0B2603F5E075E8E79E
:10C3A000074B082603F18705E3E7064B112603F543
:10C3B0008A75DEE70C46D4E7353700216C3500215D
:10C3C000553700211C36002111B1012908D07047D2
:10C3D000084B10B1C3F8A8107047C3F8A400704709
:10C3E000054B18B10022C3F8C4217047C3F8C0013F
:10C3F000704700BF343700216C35002102289CBFF4
:10C40000014B1870704700BF3244002113B5224A17
:10C4100003461278012A18D0022A39D0002A39D1CD
:10C42000407AFF2834D01D490978002930D01C6893
:10C43000A378204403F0C003A3F1C0014B424B4159
:10C4400001A9FFF797FE02B010BD14490878F8B1B2
:10C450001A685C7A5178FF2C01F007010CBF0024A8
:10C46000A418032916D11B7CFF2B13D0D35C042BFB
:10C4700010D1937803F0C003802BE4D10023204631
:10C480001A4601A9FFF776FE80F00100C0B2DAE794
:10C490000120D8E70020D6E73244002134370021BC
:10C4A00073B50E461546D0B10B46012201A9FFF720
:10C4B00061FE98B1019C0B484EB104EB04140319C2
:10C4C00093F8C030B8342B70204402B070BD0B23F9
:10C4D0005C4303199B7A02342B70F5E72870002027
:10C4E000F3E700BF6C35002108B5FFF78FFF20B1DF
:10C4F000024A537843F01003537008BD34440021BE
:10C5000010B50A4C80220021204605F01DFC0022B7
:10C51000074B1146204606F0EDF80023054A13604C
:10C52000054A1370054A137010BD00BF3444002142
:10C53000E4370021E037002133440021B4440021D6
:10C540002DE9F04F814E0446337887B0022B05D099
:10C55000032B00F0F3812BB9022333707C4F257934
:10C560003B791DB9002007B0BDE8F08F002B55D1F5
:10C57000DFF8E08198F8013043F0020288F80120EA
:10C5800022685278110744BF43F00A0388F801304B
:10C5900023685B785A0642BF98F8013043F04003A5
:10C5A00088F8013023689B78DB0742BF98F8023097
:10C5B00043F0010388F8023023689A7898F8023033
:10C5C00002F0C002C02A24D143F00C0388F80230E4
:10C5D00098F80230052D43F0200388F8023002D984
:10C5E0002046FFF781FF98F8001001228B1C0331D1
:10C5F0005748C9B288F8003006F09CF8022DB1D92E
:10C600002268DFF85091937813F0010F16D00022C2
:10C6100018E0802ADCD143F00803D7E7022DA1D926
:10C62000022BEDD9042D9DD9042B62D9062D99D169
:10C630002046FFF759FF032346486CE1D27889F87A
:10C640000320012299F80010A0790A4489F80020FB
:10C65000BA7994F809C0FF2A16BF39684FF000086C
:10C6600001EB0208FA79A37CFF2A16BF39684FF064
:10C67000000B01EB020B217A0193FF2916BF226800
:10C6800000225218FF2816BF216800210918BCF1AA
:10C69000FF0F33D1B8F1000F47D199F80020904433
:10C6A000627A89F80080FF2A16BF2068002080186F
:10C6B00022689178284A01F0C001A1F1C00CDCF198
:10C6C000000141EB0C01FFF7EBFE244A106028B19A
:10C6D00099F8022042F0020289F8022099F800102D
:10C6E000032201311A48C9B206F024F8042D7FF65E
:10C6F00039AF397DFF2933D1002163E0206800EB99
:10C700000C0AB8F1000F12D1BBF1000FC5D0BAF17D
:10C71000000FC2D058465146019A05F00AFBDDF8D9
:10C7200004B0C3445FFA8BF8B7E74FF0000A52B980
:10C7300011B9FDF77FFA01464046022205F0F9FAE9
:10C740004FF00208E0E71146F6E700BFB4440021CD
:10C75000E43700213444002133440021E037002134
:10C76000A37A3A68FF2B02EB010AC5D0206800EBE0
:10C770000308BAF1000FBFD0B8F1000F00F0DA8063
:10C78000C35C6F48535401310422C9B205F0D2FF93
:10C79000A37AFF2B03D02168CA5C520769D194F8B1
:10C7A000159008F10101A9EB03095FFA89F909F174
:10C7B000FF32D2B20AF1010005F0BBFAFB7D9944C9
:10C7C0005FFA89F1DFF87C81DFF87CA198F800300E
:10C7D00005221944C9B288F800100131C9B258487D
:10C7E00005F0A8FFDAF80010DFF8609131B1787D2C
:10C7F0003B6899F80020184405F09BFA98F800303F
:10C8000099F80090DAF800104B4488F8003011B322
:10C81000D7F800A09AF80130C3F3C0011B071AD55E
:10C82000BB7AFF2B00F088801AF8031011F0070183
:10C8300011D04FF47E537F7D022204A903A8ADF8E6
:10C84000103005F076FA09EB070003A902225044E4
:10C8500005F06FFA022198F80030062202331944DD
:10C86000C9B288F800100131C9B2354805F062FF3D
:10C87000DCE6237B3A7BFF2B14BFC9180021FF2A7B
:10C88000BB7A27D1FF2B2CD000203A6812F8038006
:10C89000C8F3C10808F1FF33022B1FD84FEA8808FC
:10C8A000A8F103085FFA88F818B111B1424605F003
:10C8B00040FA97F80B9008F10108B9F1FF0F5FFA01
:10C8C00088F803D03B6813EB09090DD1FB7D434485
:10C8D000D9B277E73868FF2B1044D6D14FF0000863
:10C8E000E2E74FF00008E4E7BA7A04A9FF2A0CBF98
:10C8F00000229A5C02A818BFC2F3C1028DF8102072
:10C900003A7BFF2A0CBF00239B180593FFF778FBA7
:10C9100018B100200123337025E6029B03A90422ED
:10C920004846039305F005FAFB7D043308EB030149
:10C93000C9B247E7414645E700218CE7014812E6C6
:10C94000E437002134440021E03700213344002142
:10C9500007B5074B062218689B8800906946054872
:10C96000ADF8043005F0E5F903B05DF804FB00BF55
:10C97000F6460101B544002110B50279052A0FD908
:10C9800003689A78D2070BD4DB78064CE370FFF784
:10C990003DFD00280CBF022312232046637010BD0A
:10C9A0000020FCE7B544002170B50446EFF3108386
:10C9B000084D2B6072B6084E304605F071FD0470CC
:10C9C000304605F073FD0122044B1A602B6883F397
:10C9D000108870BDFC370021003800210040014163
:10C9E000F8B50D4C07460E4620461521154605F0B4
:10C9F000EFFEFF2803464FF000000CD0282202FB78
:10CA00000344607063F07F00C0B2A7602673657353
:10CA1000FFF7CAFF0120F8BD20140021F8B5104B24
:10CA2000002A104C18BF1C460D46064614BF0421B0
:10CA30001521204614BF0027802705F0C9FEFF28D6
:10CA40000CD0282303FB004301243843C0B25C70A0
:10CA50001E72DD60FFF7A8FF2046F8BD0020FCE74E
:10CA60008013002120140021F8B5104C07460D4614
:10CA70002046152105F0ACFEFF28064613D02823DA
:10CA800003FB00440223A760637010340FCD0FC472
:10CA900095E8030084E8030066F07F00C0B2FFF76A
:10CAA00083FF0120F8BD0020FCE700BF2014002117
:10CAB0002DE9F041114C80460F46204615211546C0
:10CAC00005F086FEFF28064616D0282303FB004407
:10CAD0000323C4F808806370277310340FCD0FC48C
:10CAE00095E8030084E8030066F07F00C0B2FFF71A
:10CAF0005BFF0120BDE8F0810020FBE7201400214E
:10CB000038B50B4C05461521204605F061FEFF287F
:10CB10000CD0282303FB0044042360F07F00C0B244
:10CB200063702572FFF740FF012038BD0020FCE74D
:10CB30002014002138B50B4C05461521204605F080
:10CB400047FEFF280CD0282303FB0044052360F098
:10CB50007F00C0B263702572FFF726FF012038BD49
:10CB60000020FCE72014002138B50B4C05461521A8
:10CB7000204605F02DFEFF280CD0282303FB00449F
:10CB8000062360F07F00C0B263702572FFF70CFFD0
:10CB9000012038BD0020FCE72014002138B50B4CE3
:10CBA00005461521204605F013FEFF280CD028234A
:10CBB00003FB0044072360F07F00C0B2637025725E
:10CBC000FFF7F2FE012038BD0020FCE72014002111
:10CBD00008B51A2201230649064805F058FC01222F
:10CBE000054BC3F80423BDE80840FDF725B900BF95
:10CBF000BB4400210038002100400141F8B52C4B16
:10CC0000D3F800215AB10022C3F80021D3F8003133
:10CC1000284D294E294FAA79EB799A4200D1F8BDC7
:10CC2000284605F04CFC037803F07F0413F0800FD6
:10CC30004FF0280314BF03FB047403FB0464637800
:10CC4000072B0BD8DFE803F00412171D24282C3023
:10CC5000627B94F90C10A068FBF746FD284605F0AE
:10CC600034FCBFF35F8F00232370D4E7E168207AA0
:10CC700000F0EEFDF2E7A06804F1100100F004FE00
:10CC8000ECE7217BA06804F1100200F059FEE5E713
:10CC9000207A00F073FDE1E7207A00F083FDDDE704
:10CCA000207A00F043FDD9E7207A00F053FDD5E764
:10CCB0000040014100380021801300212014002190
:10CCC000EFF31082024B1A6072B6024805F0E8BB1F
:10CCD000083800210C38002108B5054805F0E6FBAE
:10CCE0000122044B9A60044B1B6883F3108808BD33
:10CCF0000C380021004001410838002108B54022CD
:10CD000020230649064805F0C2FB0422054BC3F860
:10CD10000423BDE80840FDF78FB800BF6817002165
:10CD20000C3800210040014173B5474BD3F808216E
:10CD30004AB10022C3F80821D3F80831434DAA793B
:10CD4000EB799A4201D102B070BD284605F0B7FBDD
:10CD500003780446122B43D8DFE803F00A101A24A4
:10CD6000292F424234393E464A4F535C606A6F0075
:10CD7000C668007AFCF764FC307031E022694669CD
:10CD8000837B417B007B0092A268FCF785FCF3E784
:10CD9000A3688669417B007B0093D4E90423FCF7F8
:10CDA000A5FCE9E7D0E90206FCF720FDE4E7D0E9BD
:10CDB0000361007AFCF748FDDEE7C668007A05F0FB
:10CDC00035FBD9E7D0E90206FCF762FDD4E7C66877
:10CDD000007AFCF779FDCFE78468FCF799FD2070B5
:10CDE000284605F072FBAAE78468FCF7A1FDF6E788
:10CDF000D0E90206FCF7B8FDBEE78468FCF7D6FD73
:10CE0000EDE7D0E906360093D0E904238068FEF709
:10CE10002BFCB1E78468FEF7D1FCE0E78269C669C4
:10CE2000037D00920269D0E90201FEF77DFCA3E7D1
:10CE3000D0E90206FEF7D6FC9EE7C6688068314658
:10CE4000FEF750FA98E700BF004001410C3800217E
:10CE50002DE9F04FB2F5004F87B081460C461546DC
:10CE60009846109EC0F02C8205F0B9FE16234FF0B4
:10CE7000FF370360AFE1533A252AF5D801A353F8F1
:10CE800022F000BFE7CF00013FD20001D9D000015E
:10CE900069CE000169CE00011FD0000169CE0001FA
:10CEA00069CE000169CE000169CE000169CE0001A2
:10CEB00069CE000169CE000169CE000169CE000192
:10CEC00051CF0001D1CF000185D1000173D0000105
:10CED00069CE000169CE000169CE0001A3D0000136
:10CEE00069CE000169CE000103D0000169CE0001C6
:10CEF00069CE000169CE000169CE000169CE000152
:10CF000069CE0001E7CF00013FD2000169CE0001E8
:10CF100069CE000169CE00011FD00001433A092A01
:10CF2000A2D801A353F822F0D1CF000185D100018E
:10CF300049D0000169CE000169CE000169CE00012F
:10CF400069CE000169CE000169CE000103D0000165
:10CF500033681A1D32601A681DB905F040FE8B2334
:10CF600085E722B12378003B18BF012313700137F6
:10CF70000134013D404605F076FE804698F80020D9
:10CF8000002A00F02881292A00F02581782A3FF61E
:10CF90006BAF522A3FF66FAF4C2A3FF665AF422A7D
:10CFA000BCD82E2AE6D0362A7FF45EAF0F2DD4D916
:10CFB00033681A1D3260B9F1000F40D0186818B1FB
:10CFC0001022214604F0B5FE10371034103DD1E791
:10CFD00033681A1D32601B68002DBED0002BC6D0EE
:10CFE00022781A70C3E73368012D03F1040232601E
:10CFF0001B68B2D90BB122881A8002370234023D75
:10D00000B8E73368032D03F1040232601B68A4D92A
:10D010000BB122681A6004370434043DAAE7336870
:10D02000072D03F1040232601B6896D91BB12168F9
:10D030006268C3E9001208370834083D9AE71B68A4
:10D04000002BC1D01C60BFE7072D86D933681A1D9D
:10D050003260B9F1000F07D018680028EBD0082221
:10D06000214604F066FEE6E71B68002BE3D01C6057
:10D07000E1E7052D7FF671AF33681A1D3260B9F113
:10D08000000F09D0186818B10622214604F051FE9D
:10D0900006370634063D6DE71B68002BF8D01C6090
:10D0A000F6E7336829461A1D32601A68204605F0F3
:10D0B00098FD3AB11268834B9A4203D905F08FFD6F
:10D0C0002223D4E6002840F386808542C0F2838084
:10D0D000074404442D1A4DE7002D3FF43EAF0023D2
:10D0E000E25C9A46013332B90AF1010A5545FFF470
:10D0F00034AF20461DE09D42F2D1AA46F4E718065F
:10D1000018D559067FF5B0AE980629D5D90629D588
:10D110001B073FF5A9AE032304E001F0C0018029FD
:10D120007FF4A2AE013BDBB2FF2B104612F8011BCD
:10D13000F3D1024612F8013B002BE0D133681A1DEF
:10D140003260B9F1000F18D01A4652F8080B32605D
:10D150005B6868B19A4507D905F041FD0C2386E666
:10D160000123DFE70223DDE75246214604F0E1FD1B
:10D1700057445444A5EB0A05FCE61B68002BF7D086
:10D180001C60F5E70023ADF81630336840461A1DE1
:10D1900032601A4652F808BB3260D3F804A005F09A
:10D1A00062FD98F800200378642A02D0BBB1292BD5
:10D1B00015D029460DF116032046434A05F07CFDA3
:10D1C0000028034604EB000105DD40F21352BDF8D0
:10D1D0001600904207D9384607B0BDE8F08F2146C7
:10D1E0000023ADF81650BDF81620D018A8423FF71E
:10D1F000B4AEB9F1000F12D0BAF1000F3FF434AE63
:10D20000DAF800009042FFF42FAE5846039304F082
:10D2100090FD039BBDF81620CAF8002007E0BBF183
:10D22000000F01D0CBF80010BAF1000FF2D1BDF819
:10D23000162013449BB21F441C44ED1A9AE60023A7
:10D240004046ADF8163005F00EFD98F80020037842
:10D25000742A02D063B3292B2AD0294620461A4AC1
:10D260000DF1160305F028FD0028824604EB0001AD
:10D27000B1DD40F21353BDF816209A42ABD8BDF889
:10D28000162002EB0A03AB423FF767AE0020009680
:10D2900008F10203FFF7DCFD0028FFF65EAEBAF1ED
:10D2A000000F0BD0BDF816309A441FFA8AF00FE732
:10D2B00021464FF0000AADF81650E0E780B207E7CC
:10D2C00000275BE6FEFF1F008D4C0101B1F5004F0A
:10D2D0002DE9F74F05460C4690461F4609D305F049
:10D2E0007EFC16234FF0FF360360304603B0BDE8E6
:10D2F000F08F002808BF0024002698F80030002B8B
:10D30000F3D0292BF1D0782BE9D8522B1ED84C2BF7
:10D31000E5D8422B6CD82E2B00F09280362BDED134
:10D320003B680F2C03F104023A6006F1100640F24C
:10D3300094812A461B6803F1100153F8040B8B42B9
:10D3400042F8040BF9D11035103C79E0533B252B02
:10D35000C5D801A252F823F05BD40001EDD500013D
:10D3600055D50001DFD20001DFD20001A5D40001B4
:10D37000DFD20001DFD20001DFD20001DFD20001E5
:10D38000DFD20001DFD20001DFD20001DFD20001D5
:10D39000DFD2000129D400014BD400018BD500015C
:10D3A000E5D40001DFD20001DFD20001DFD20001AD
:10D3B0002FD50001DFD20001DFD200017DD40001B2
:10D3C000DFD20001DFD20001DFD20001DFD2000195
:10D3D000DFD20001DFD200015BD40001EDD50001F6
:10D3E000DFD20001DFD20001DFD20001A5D40001AD
:10D3F000433B092B3FF673AF01A252F823F000BF65
:10D400004BD400018BD500010BD50001DFD2000108
:10D41000DFD20001DFD20001DFD20001DFD2000144
:10D42000DFD200017DD400013B6801361A1D3A604D
:10D4300034B11B68003B18BF012305F8013B013CD8
:10D44000404605F010FC804657E73B6801361A1D40
:10D450003A60002CF4D01B68EFE73B68012C03F125
:10D4600004023A6006F1020640F2F7801B68023CB3
:10D47000C3F307226A7005F8023BE1E73B68032C1F
:10D4800003F104023A6006F1040640F2E6801B68EC
:10D49000043C1A0EEA701A0CAA701A0A6A7005F88F
:10D4A000043BCDE73B68072C03F1070323F0070398
:10D4B00003F108023A6006F1080640F2CE80D3E993
:10D4C0000023190EE971190CA9712B71190A130E99
:10D4D000EB70130CAB70130A69716B7005F8082BB5
:10D4E000083CADE73B68052C03F104023A6006F105
:10D4F000060640F2B2801B6806351A68063C45F8FD
:10D50000062C9B8825F8023C9AE73B68072C03F120
:10D5100004023A6006F1080640F29F801A68083556
:10D52000136845F8083C536845F8043CD8E73B6865
:10D530001A1D3A601A684A4B9A423FF6D0AE21460D
:10D54000284605F07AFB84420644C0F286800544F2
:10D55000241A75E73B681A1D3A60D3F800A0BAF1A7
:10D56000000F0DD0504604F08EFB00F101094C4530
:10D570004E4472D34A465146284604F0DAFB31E065
:10D580004FF00109DFF8DCA0F1E73B6840461A1DC7
:10D590003A601A4652F808AB3A60D3F8049005F0A6
:10D5A00062FB98F800200378642A02D0ABB1292BE3
:10D5B00013D04B46214628462B4A05F08FFB002806
:10D5C0007FF78DAE09EB00039C421E4445D3054412
:10D5D000241ABAF1000FCDD104E04C454E443CD39F
:10D5E000002DF6D14D44A4EB090429E7404605F08F
:10D5F0003AFB98F8013090F80090282B7FF46FAE3A
:10D6000000213B6808F1020A0193524601AB08462B
:10D61000FFF75CFE98F800308346742B05D0B9F113
:10D62000000F18D0B9F1290F15D021465B462846C6
:10D630000D4A05F053FB011E7FF751AE8B44A34505
:10D640005E440ADC0D44641A3B4652462146284695
:10D65000FFF73CFE7BE70021F0E70024F0E600BF87
:10D66000FEFF1F007F4C01018D4C010100487047F7
:10D670008C3A0021004870475438002107B5102229
:10D680000B490C4805F0D3FB04230B4A0B490C480B
:10D6900005F088FBFAF7D0FDFAF774FD002803DAED
:10D6A000019001A803F046FD03B05DF804FB00BF44
:10D6B0001438002154380021683800216C3A0021C8
:10D6C0008C3A002100B589B007AB029306AB0193F9
:10D6D00005AB0093084A0DF1130305F0EDFA00289D
:10D6E00007DBDDE90612059805F0A6FC09B05DF838
:10D6F00004FB6FF00200F9E7EC4A010107B5094BA2
:10D70000186858B100221A6003780622CDE9000398
:10D71000802143F61943044805F059FC03B05DF835
:10D7200004FB00BFA83A0021F04A01011FB543F6EF
:10D730001243009006228021054805F048FC00288D
:10D7400003DA039003A803F0F5FC05B05DF804FBD1
:10D75000F54A01011FB543F61343009006228021CC
:10D76000054805F034FC002803DA039003A803F011
:10D77000E1FC05B05DF804FBFA4A01011FB543F670
:10D780001543009006228021054805F020FC002862
:10D7900003DA039003A803F0CDFC05B05DF804FBA9
:10D7A000FA4A01011FB543F6164300900622802174
:10D7B000054805F00CFC002803DA039003A803F0E9
:10D7C000B9FC05B05DF804FBFA4A0101014B186091
:10D7D000704700BFA83A0021F0B58BB005460E4651
:10D7E0001746FFF78BFF041E0BDBFFF743FF2946AD
:10D7F00008AA05F026FB50B9284604F045FD6FF055
:10D80000080409A8099403F095FC0BB0F0BDDDE90C
:10D810001023CDE90367CDE906232B7806220433D4
:10D82000CDE90153089B80210093084843F6174334
:10D8300005F0CDFB041EE8DAFFF71CFF089905F0A0
:10D8400018FB284604F020FDDBE700BFFF4A01017A
:10D8500030B585B004460D46FFF750FF00280ADBBF
:10D8600043F6184306228021CDE90045054805F01E
:10D87000AEFB002803DA039003A803F05BFC05B0BD
:10D8800030BD00BF0B4B01012DE9F04700230546D9
:10D8900092B00C468E681093FFF7E8FE29460FAA57
:10D8A00005F0ADFA002845D086B1FFF7E3FE31461A
:10D8B00010AA05F0C6FA48B9284605F0ADFB6FF08E
:10D8C000080411A8119403F035FC2EE02A7827787B
:10D8D00094F801C094F80CE094F90D8094F80E903F
:10D8E000D4E90401A4680F9EDDF840A00532FCB124
:10D8F00023780533CDE90B43CDE9080143F61D43F9
:10D900008021CDE904CECDE90227CDE906890622A2
:10D91000CDE900650948CDF828A005F058FB04467C
:10D92000284605F079FB002CCBDB12B0BDE8F08770
:10D930000423DFE76FF00704C3E700BF114B0101C9
:10D9400070B5044688B00E461546FFF78FFE214697
:10D9500006AA05F054FAE8B16B78062205932B78F5
:10D960008021CDE9036323780C480533CDE90143D9
:10D97000069B009343F61E4305F029FB054620460F
:10D9800005F04AFB002D03DA07A8079503F0D2FB48
:10D9900008B070BD6FF00705F6E700BF254B010129
:10D9A00030B5A3B00FAB01930EAB00939D4A0DAB06
:10D9B00005F082F90028C0F23A840D9BA3F570535C
:10D9C000013B3F2B00F23384DFE813F040005400AA
:10D9D00086008C00910183019C00AA00C500E00034
:10D9E000EE00050118013E0151015F016D01310496
:10D9F0003104730131043104310431043104FD0276
:10DA000052029A01310431041B035D038303240392
:10DA1000300347039C02E7025A007600A403B103D7
:10DA2000D5033104CE01DF01E501F601FC010A0254
:10DA30000204310431044B0031043104100221028C
:10DA4000270235023E024C023104250404F0D9FBC2
:10DA500043F60143009006228021734805F0B7FA8F
:10DA600099E204F0D1FB43F6364300900622802170
:10DA70006E48F3E704F0D0FB43F602430090EAE778
:10DA800014AB029312AB019313AB0093684A16AB2D
:10DA9000DDE90E0105F010F90028C0F2C883DDE9C8
:10DAA0001601149B139A00939DF8483004F0E1FB93
:10DAB00043F627430090CEE75E4A16ABDDE90E0140
:10DAC00005F0FAF80028C0F2B283169804F0D3FBF0
:10DAD00043F628430090BEE704F07BFB43F6034384
:10DAE0000090C3E7544A16ABDDE90E0105F0E4F8F7
:10DAF0000028C0F29C839DF8580004F05AFB0023D4
:10DB0000009361E04D4A16ABDDE90E0105F0D4F853
:10DB10000028C0F28C839DF8580004F0C9FBEEE7A2
:10DB200016AB0093464A14ABDDE90E0105F0C4F8CC
:10DB30000028C0F27C83169B082B0AD0022B40F0F1
:10DB4000E6820021149804F0B5FB43F608430090E8
:10DB500081E70121F6E716AB0093394A14ABDDE902
:10DB60000E0105F0A9F80028C0F26183169B082B6E
:10DB70000AD0022B40F0CB820021149804F0A3FBC2
:10DB800043F60943009066E70121F6E72B4A16ABFE
:10DB9000DDE90E0105F090F80028C0F248839DF8F9
:10DBA000580004F093FBAAE7234A16ABDDE90E0107
:10DBB00005F082F80028C0F23A839DF85800022848
:10DBC00006D9032300930023062280211D4845E740
:10DBD00004F060FB93E716AB0093194A14ABDDE940
:10DBE0000E0105F069F80028C0F22183169B022B74
:10DBF00040F08D82149804F0FEFA80E716AB009393
:10DC00000F4A14ABDDE90E0105F056F80028C0F20A
:10DC10000E83169B022B40F07A82149804F0EFFAE0
:10DC20006DE700BFED4A0101F54A0101FA4A010121
:10DC3000314B0101344B01016D4B01017E4B010160
:10DC4000EE4A0101364B010116AB0093A34A14AB17
:10DC5000DDE90E0105F030F80028C0F2E882169BDD
:10DC6000082B40F05482149804F0C7FA47E79C4A06
:10DC700016ABDDE90E0105F01FF80028C0F2D782CF
:10DC80009DF8580004F004FB39E7954A16ABDDE92E
:10DC90000E0105F011F80028C0F2C9829DF8580065
:10DCA00004F0F4FA2BE704F0ECFA43F61143009089
:10DCB000D1E68C4A16ABDDE90E0104F0FDFF002829
:10DCC000C0F2B582169804F0D8FA43F614430090D7
:10DCD000C1E6854A16ABDDE90E0104F0EDFF002830
:10DCE000C0F2A5829DF9580004F075FA07E704F028
:10DCF00074FA43F605430090062280217B48ADE686
:10DD000013AB059312AB049311AB03930DF15B03BB
:10DD100002930DF15A0301930DF159030093744AD4
:10DD200016ABDDE90E0104F0C7FF0028C0F27F82C8
:10DD3000FFF79CFCDDE9111214AB0093139B043B2D
:10DD400005F043F8002800F02481149816A9FAF78A
:10DD5000B9FC044620B9FFF789FC149905F057F87F
:10DD600043F61C43009476E6624A16ABDDE90E01E9
:10DD700004F0A2FF0028C0F25A829DF8580004F077
:10DD8000B1FA43F62D43009065E604F0ADFA43F690
:10DD90002E4300906AE6574A16ABDDE90E0104F007
:10DDA0008BFF0028C0F243829DF8580004F09EFAD1
:10DDB00043F62F4300904EE604F09AFA43F63043C0
:10DDC000009053E64B4A16ABDDE90E0104F074FFF8
:10DDD0000028C0F22C829DF8580004F08BFA8EE6E1
:10DDE00004F08AFA43F6324300903FE6414A16AB0C
:10DDF000DDE90E0104F060FF0028C0F218829DF8F2
:10DE0000580004F07DFA43F63943009023E604F00D
:10DE100075FA43F63A43009028E6374A16ABDDE937
:10DE20000E0104F049FF0028C0F20182BDF858003D
:10DE300004F06AFA63E604F065FA43F63C430090A6
:10DE4000062280212D4809E62B4A16ABDDE90E019A
:10DE500004F032FF0028C0F2EA81BDF8580004F057
:10DE600057FA4CE604F052FA43F63E430090E7E7D7
:10DE700013AB069312AB059311AB049317AB03934B
:10DE80000DF15B0302930DF15A0301930DF1590358
:10DE900000931B4A16ABDDE90E0104F00DFF0028CC
:10DEA000C0F2C581FFF7E2FBDDE9111214AB00936C
:10DEB000139B043B04F089FF00286AD0149816A92C
:10DEC000FAF7D2FB044620B9FFF7D0FB149904F00F
:10DED0009EFF43F61B430094BDE500BFEE4A0101DF
:10DEE0007E4B0101344B01013E4B01013B4B0101D3
:10DEF000464B01016D4B01018D4C0101404B01016D
:10DF0000454B010112AB089311AB079310AB06937D
:10DF100016AB05930DF15503049315AB03930DF167
:10DF2000530302930DF15203019314AC0DF151030D
:10DF300000939C4A2346DDE90E0104F0BDFE002853
:10DF4000C0F27581FFF792FBDDE9101213AB00936D
:10DF5000129B043B04F039FFD8B19DF853301BB934
:10DF600004F037F98DF8530000941398DDE9162377
:10DF700004F05FF9044640B9FFF778FB139904F009
:10DF800046FF43F62543009465E5874B139A1A60D4
:10DF9000F7E76FF0080023B030BD04F068F90446DD
:10DFA00018B943F62643009455E57F4D2B6813B905
:10DFB0006FF00700EFE7FFF759FB296804F027FF30
:10DFC0000028EED1F4E7794A14ABDDE90E0104F044
:10DFD00073FE0028C0F22B81FFF74CFB149916AAA0
:10DFE00004F03BFF00283FF48AAD169804F04CF98A
:10DFF000FFF740FB149904F03CFF00287FF47FAD4D
:10E00000D6E704F087F943F61F43009006228021EB
:10E01000674823E504F08EF943F62243CDE9000179
:10E0200006228021634804F0D2FFB4E716A804F06A
:10E0300057F99DF85B30062203939DF85A308021F2
:10E0400002939DF859305C4801939DF85830009335
:10E0500043F6234304F0BBFF9DE70DF15B030293FE
:10E060000DF15A0301930DF159030093534A16AB76
:10E07000DDE90E0104F020FE0028C0F2D88016A8C9
:10E0800004F027F93BE511AB039316AB029314ABF5
:10E09000019313AB00934A4A12ABDDE90E0104F081
:10E0A0000BFE0028C0F2C380139B082B0FD0022B5D
:10E0B0002DD100219DF84430149A00931298BDF898
:10E0C000583004F0E9F843F620430090C3E40121FE
:10E0D000F0E713AB019316AB00933A4A14ABDDE9BA
:10E0E0000E0104F0E9FD0028C0F2A180169B082B68
:10E0F0000BD0022B0BD100219DF84C20149804F07A
:10E10000D5F843F621430090A5E40121F4E76FF030
:10E11000060040E7254A16ABDDE90E0104F0CCFD10
:10E120000028C0F28480169804F006F9E7E418226B
:10E13000DDE90E45002116A803F006FE1BAB069391
:10E140001AAB059319AB049314AB039318AB02936A
:10E1500017AB019313AB0093294620461A4A16AB1E
:10E1600004F0AAFD002862DB16A804F0E9F843F6E3
:10E170002A4300907AE40023DDE90E01149316ABE4
:10E18000159313AB019315AB0093104A14AB04F035
:10E1900093FD00284BDB14A804F0D4F843F62B437E
:10E1A000009063E4504B0101AC3A0021344B010173
:10E1B0005D4B0101624B0101674B01016A4B01019B
:10E1C0006F4B0101704B0101734B0101804B010149
:10E1D00016A8FBF723FEDDE920238021CDE90A23E1
:10E1E000DDE91E231348CDE90823DDE91C23CDE931
:10E1F0000623DDE91A23CDE90423DDE91823CDE95F
:10E200000223DDE91623CDE9002343F6334306223A
:10E2100004F0DDFEBFE6084A16ABDDE90E0104F0AE
:10E220004BFD002803DB169804F088F867E46FF0D4
:10E230000200B0E6864B0101344B01010022D300FD
:10E2400003F1FF7303F58033D3F80013013107D0D6
:10E25000D3F800130132D3F80433202A0B60EED137
:10E26000224BD3E94C32072B26D1023A032A204B0A
:10E2700028D9D3F80024D10732D41C4BD3F830214D
:10E28000072A19D1D3F83431023B032B02D8194A9B
:10E29000D35C8BB17F23184A1849C2F81831002388
:10E2A000C1F8043EC1F8083EC2F82431C2F82C314E
:10E2B00002F57F22C2F81031114B1A68114BC3F8D6
:10E2C0004425704710498A5C002AD2D0D3F8002434
:10E2D000D207CED50022C3F81421C3F81821C8E70D
:10E2E0006FF00102C3F80024C7E700BF0000FF0180
:10E2F00000500041904B0101002000410000084106
:10E300000080FF0100600041944B010170B50125C0
:10E310000268B2FA82F3C3F11F03DBB205FA03F419
:10E3200022EA0404D0E8EF6F964204D1C0E8EC4F33
:10E33000BCF1000FF6D1EBD101480B7070BD00BFEE
:10E340000000AD0B10B50368CB40DB0710D40123F0
:10E350008B40026843EA0201D0E8EF4F944204D1B7
:10E36000C0E8EC1FBCF1000FF6D1F2D1014810BD9E
:10E370000148FCE70000AD0B0400AD0B036803F09F
:10E380001F020260034A04485B09012B18BF1046B4
:10E39000704700BF00058C4100088C41034B0830DA
:10E3A00033F81000C0F34010704700BFA0020021F6
:10E3B00070B50D4C00F1080334F813300546DA054A
:10E3C0000E4607D5C3F3432304EBC302526854F847
:10E3D00033309847A3682BB131462846E268BDE840
:10E3E0007040184770BD00BFA002002110B4124A4F
:10E3F000083032F81030D9051BD5C3F3432123F47C
:10E40000F85322F81030002002F10E0434F8023FD5
:10E4100013F4807F03D0C3F34323994209D0013022
:10E420003028F3D1002342F83130044810BCFFF704
:10E4300089BF10BC704700BFA00200211403002157
:10E4400038B50246FFF7AAFF0B4C02F1080560B190
:10E45000002134F815305B0B9B0003F1824303F578
:10E460002043C3F81015C3F810151046FFF7BEFF80
:10E47000002324F8153038BDA00200212DE9FF410A
:10E48000044690461D4601B3504E00F1080736F889
:10E4900017309B0702D5FFF781FF28BB00232046DA
:10E4A000CDE900338DF80E308DF80F300DF10F02ED
:10E4B0000B460DF10E0104F0CAFD36F8173023F0BB
:10E4C000020343F0010326F81730B8F1000F2DD0F6
:10E4D0003E4E04F1080736F8173098F80000990707
:10E4E000D8F8042002D5CAB1394821E023F020032E
:10E4F000DB04DB0C26F8173082B10328F4D8D8F8F7
:10E50000042092F800C04FEA8C0202F1824202F528
:10E51000204280B9C2F81005C2F8100536F817304D
:10E5200023F01C0343EA800326F817301DBB29485B
:10E5300004B0BDE8F081D2F8101543EA4C3321F065
:10E540000301C2F81015D2F8101543F0200321F48E
:10E550004F3121F44071C2F810152102D2F810E5B4
:10E5600001F47C5141EA004141EA0E01C2F8101564
:10E5700026F81730D2E72046D5E90067FFF736FFC7
:10E58000002ED4D0114DD5E90023964201D19F42EF
:10E5900019D011480DF10F01FFF7B8FE0D4B98424D
:10E5A000C6D19DF80F2005EBC20304F108005F609F
:10E5B00035F8103045F8326043EA422343F4807363
:10E5C00025F81030B3E70022EDE700BFA0020021DC
:10E5D0000400AD0B0000AD0B14030021F0B50446A0
:10E5E000164685B019B3344D00F1080735F81720E9
:10E5F000930703D4FFF7D2FE00285AD112F01C0F64
:10E6000002D04B78012B54D001238DF80F3000231A
:10E610004A1CCDE9001320468B1C0DF10F0104F0BC
:10E6200016FD35F8173043F0030325F8173016B9F7
:10E63000224805B0F0BD204A04F1080732F817005F
:10E64000830736D5002396F800C020F020004FEA5B
:10E650008C0101F18241C00401F52041C00CC1F8D8
:10E66000103522F81700C1F810357578002DDFD06D
:10E67000D1F81035B67823F4991323F4F853C1F880
:10E680001035D1F810E5230203F47C532D0443EA3E
:10E690000E0305F4403534052B4304F4801440EA9E
:10E6A0004C30234340F02000C1F8103522F8170009
:10E6B000BEE70348BDE700BFA00200210000AD0B8C
:10E6C0000400AD0B014BC3E902017047A002002119
:10E6D00008B50246FFF762FE38B1054B083233F841
:10E6E000123004485B0B0B7008BD0348FCE700BF09
:10E6F000A00200210000AD0B0400AD0B38B50F4C9B
:10E7000094F87850BDB96022294604F1100003F056
:10E710001BFB0A20F8F790F8094B0A48C3F87C5114
:10E72000D3F87C214FF00042C3F80423012384F87E
:10E730007830636738BD0448FCE700BFA0020021C1
:10E7400000A000410000AD0B0500AD0B034B93F89A
:10E750007800003818BF0120704700BFA0020021D8
:10E7600001460148FFF7EEBD1003002101460148B4
:10E77000FFF7CCBD1003002137B50446FFF70EFEAE
:10E780001E4B04F1080233F81230E8B113F0020511
:10E790001AD15B0B9A0002F1824000F5214002F190
:10E7A0008242056002F520420068D2F8100540F070
:10E7B0000100C2F8100529B1012202FA03F3104A40
:10E7C000C2F8043303B030BDC3F38203042B11D06D
:10E7D000052B11D001A80194FFF7D0FD019B016921
:10E7E000D94001F001010231204603B0BDE83040BC
:10E7F00004F076BC0321F7E70221F5E7A00200212F
:10E8000000A0004108B50246FFF7C8FDC0B10F4B9C
:10E8100002F1080133F81130990711D401225B0B82
:10E820009A400B499B0003F18243C1F8082303F58A
:10E830002043D3F8102522F00302C3F8102508BDA9
:10E840000021BDE80840104604F04ABCA0020021A7
:10E8500000A0004113B5104B00F1080233F812304C
:10E860000446DB0716D5FFF7CDFF2046FFF7E8FD8E
:10E8700001A80194FFF782FD019B00EB8300D0F813
:10E88000003203F0E04343F00203C0F800320348D3
:10E8900002B010BD0248FBE7A00200210000AD0B52
:10E8A0000400AD0B2DE9F04F002601223446654BE4
:10E8B0006548664987B01D6835B1D0F804531542E4
:10E8C0001EBF1C601D68164304338B424FEA420290
:10E8D000F1D15D4BD3F87C31002B00F09680DFF84E
:10E8E0007091DFF87081D9F820300493C9F8203096
:10E8F000D8F820300593C8F820304FF0000A0DF109
:10E90000100B4FEA4A13009348E094FAA4F4B4FAC7
:10E9100084F4009B504A1C4404F1080332F813703D
:10E920000123E00804F0070203FA02F21BF80030AA
:10E93000039423EA02030BF8003003A8FFF71EFD3F
:10E94000039BB908803350F82330C7F382054A0788
:10E950002F46C3F301432BD520463946DDB2FFF7DE
:10E9600027FD03A80394FFF709FD039B803350F8AC
:10E970002330C3F301439D4207D10021204604F018
:10E98000AFFB2946204604F0ABFB03A80394FFF736
:10E99000F5FC0122039B02FA03F303625BF82A40B1
:10E9A000002CB2D1BAF1000F1DD14FF0010AA8E737
:10E9B000022B0CD10321204604F092FB05F0050345
:10E9C000012BE2D139462046FFF7F2FCDDE70221B8
:10E9D0002046019304F084FB032DF3D0019B032B0D
:10E9E000D3D1022DEDE7184BC3F87C41D3F87C312D
:10E9F000D9F820300493C9F82030D8F820201343E8
:10EA00000592C8F820207FF478AF012416B907B02A
:10EA1000BDE8F08F96FAA6F3B3FA83F304FA03F293
:10EA20009B0003F1824303F52043D3F81005D3F88C
:10EA30001015C0F30520C1F3014126EA0206FFF7D5
:10EA4000B7FCE3E700A1004100A0004120A1004184
:10EA500000058C4100088C41A002002170B5084CD3
:10EA60000E462379154643B91220F7F7E5FE012338
:10EA7000044823712660A56070BD0348FCE700BF11
:10EA8000B03A00210000AD0B0C00AD0B002330B5F7
:10EA90000D4A50F8234003F5A2710133102B42F8C0
:10EAA0002140F6D10023084A00F13C0103F5B2747D
:10EAB00051F8045F0133102B42F82450F6D1D0F8FE
:10EAC0008030C2F8043330BD002001410123024AE6
:10EAD0008340C2F804337047002001410123024AF9
:10EAE0008340C2F80833704700200141F8B5012681
:10EAF00000270B4B0B4DD3F80C4304B9F8BD94FA27
:10EB0000A4F0B0FA80F006FA00F324EA0304064BFE
:10EB100082009F502B68002BEFD0A9689847ECE744
:10EB200000200141B03A0021002101412DE9F041CE
:10EB30000E4617460C4D55F8184FAC4203D16FF0F6
:10EB40001200BDE8F081314654F8440CA4F14408A9
:10EB500003F0A9F830B9C7F800804046BDE8F0419D
:10EB600004F0CCBB2468E8E7BC3A002110B5D0E93A
:10EB700009124A60416A00F124031160C0E90933B7
:10EB80004368044603B19847054B1A78062A05D90D
:10EB90005B681BB10720226802499847002010BD1E
:10EBA000BC3A0021AE4B01012DE9F04107460D466C
:10EBB0000B4E56F8084FB44202D16FF001000AE044
:10EBC000394654F8240CA4F1240803F06CF820B959
:10EBD0001DB1C5F80080BDE8F0812468EBE700BFF7
:10EBE000BC3A002110B5044610B96FF0150010BDF5
:10EBF00000680028F9D003F046F80028F5D000217D
:10EC00002068FFF7D1FFC8B104F11C03C4E9073342
:10EC10000C4B04F12402D96803F10800DA60A16208
:10EC200060620A601A78062A01D95B680BB9002075
:10EC3000DDE70720226804499847F8E76FF01000E5
:10EC4000D5E700BFBC3A0021B04B010110B5044626
:10EC5000006810B96FF0150010BD03F014F800281B
:10EC6000F8D0A368012BF5D8064B04F1440163608A
:10EC7000054BDA6903F118006064A264D9610020D1
:10EC80001160E9E71C030021BC3A002138B50546B4
:10EC90000D4C20222046002103F056F82B68284610
:10ECA000636023462A7903F8082BC4E9023304F190
:10ECB0001003C4E9043304F11803C4E90633BDE8C2
:10ECC000384000F00FB800BFBC3A002108B500F092
:10ECD00011F8BDE8084020220021014803F034B8B3
:10ECE000BC3A002108B50248FFF77CFF002008BDB0
:10ECF0001C0300210148FFF739BF00BF1C0300219E
:10ED00000EB4431E062B33B588BF0020094B05AC5B
:10ED100054F8045B53F82010074802F00EFA21461D
:10ED200028460194F6F70AFD02B0BDE8304003B072
:10ED3000704700BFC0480101C34B01012DE9F04FEE
:10ED40009A46836A06469342174687B041D3002508
:10ED50004FF0180BBD4203D1002007B0BDE8F08F83
:10ED60000BFB05F8D6F82C90B26909EB0804231DBB
:10ED70000593CAB9606961680368B4F80CC0C91A20
:10ED8000A3680CF1030E5C1E04EB0C145B4204EB55
:10ED90004E041C4004EBCC0384680633A14228BF18
:10EDA0004FF0FF3104F076FA59F8083030460293FC
:10EDB000336AA9B21B6A0193109B53F82530009364
:10EDC0005AF82520059B04F0DEFA0028C5D101354C
:10EDD000C0E70148C1E700BF40F4FFFF10B504469B
:10EDE00090B1828C43899A4209D0084B1A78032A41
:10EDF00005D95B681BB14268054904209847204645
:10EE0000BDE8104005F00BB910BD00BFBC3A0021B1
:10EE10005E4C010130B544898C4212D9036A013C31
:10EE20005D882C4003EBC40359609A60BFF35B8F8D
:10EE3000026A538801335380C38C0133C38400209A
:10EE400030BD0148FCE700BF41F4FFFF70B4039EF2
:10EE5000144658B1006A48B143B1013406D0002EBF
:10EE600004DB046F14B1A44670BC6047014870BC59
:10EE7000704700BF2DF8FFFF70B4039E144660B1C9
:10EE8000006A50B14BB1013407D0002E05DBD0F839
:10EE9000804014B1A44670BC6047014870BC704704
:10EEA0002DF8FFFF70B50C46114605461E460C4B6B
:10EEB0002022002908BF1946204602F0D0FE049BFC
:10EEC0006662A362059B2562E362069B23636A6810
:10EED00004F13403C4E90D526B60A26B136070BD82
:10EEE0007F4C01012DE9FF47DDF834900D46924635
:10EEF0001F46064600286CD000296AD0B9F1000FE1
:10EF000067D001F15808404604F0A6FB781C40D1B8
:10EF1000AC6C05F1480314F001040BD0002401345B
:10EF2000802C54D0620953F8222004F01F01CA40FB
:10EF3000D107F4D40121600953F8202004F580673B
:10EF400004F01F04A1400A4343F820200E9B5246C0
:10EF5000CDE901930C9B3146009328463B46FFF7D1
:10EF6000A1FF404600F032FC347874B195F8884037
:10EF70005CB1B36A01332ED10021304604F09BFB13
:10EF8000044610B1304604F06DFB204604B0BDE8E5
:10EF9000F087B7F5806FD9D3A7F580637F2B05F194
:10EFA00048010FD8580951F8204003F01F0324FAF4
:10EFB00003F2D2070BD4012202FA03F3234341F8F0
:10EFC0002030C3E7054C404600F000FCDDE7044C70
:10EFD000F9E7024CD9E70024D7E700BF2DF8FFFF7F
:10EFE00029F8FFFF2DE9F04385B00F46904603A9AD
:10EFF0000D9A0546994604F06CFD0446E0B10C9E5E
:10F00000039BD5F8A4009E42A8BF1E460168D0F815
:10F0100008C0611A33464A46614528BF4FF0FF31A8
:10F0200004F0FEF82346424639462846009604F08E
:10F03000F0FC05B0BDE8F0830048FAE72EF8FFFFCA
:10F0400038B50446E0B100F15805284604F0C1FB8C
:10F05000D4F898309B6953B9D4F88C40103C002CFC
:10F0600000DC084C284604F0B2FB204638BD012BDA
:10F07000F7D1D4F8A00004F0D7FAA0F11004EEE71D
:10F08000014CF2E72EF8FFFF2DF8FFFF2DE9F047C6
:10F090008AB00D46DDE9129790461E46044620B917
:10F0A000804F38460AB0BDE8F0870029F8D0002B21
:10F0B000F6D08C22002102F047FE012204F1580014
:10F0C000114604F0E4FD784BC4F89850C4F8688009
:10F0D0006C622367754B6367754BA367754BE3677A
:10F0E000754BC4F88030754BC4F88430D4F8983030
:10F0F000D3F81880B8F1000F6ED1002FD0D097E868
:10F10000070004F18C0383E80700D4F89800036A31
:10F110009B6898470023286100F001006B6184F828
:10F120008800B8F1000F6DD13B7A002B68D009F14F
:10F130000C03C4F8A830B9F1000FB1D0D9F80820F9
:10F14000002A00F0AD809B68002B00F0A9805C4B8A
:10F1500004935C4B05935C4B06935C4B0793EB6A03
:10F160001B68C4F89C30EB6A9B69C4F8A03004F1BA
:10F17000AC03C4E92B3306ABC4F8A46000930222AD
:10F180000021D4F8980004ABFFF7D8FD074600280B
:10F1900087D1D4F8A00004F0E2F9EB6A1B689E6204
:10F1A000EB6A9B699E62B8F1000F61D1C246D4F848
:10F1B00090300993D4F89C305B89534534D894F847
:10F1C0008830C4E90044002B59D1D4F898000421B8
:10F1D000036A5B68984764E7B8F1010F95D1D4F8EA
:10F1E0009800036A1B689847420606D5D4F8980031
:10F1F0000021036A5B689847F1E74307EFD584E78E
:10F200004B4696E7B8F1010FB1D12E4B04932C4B2E
:10F2100005932E4B06932C4B0793EB6A9B69C4F81E
:10F220009C30EB6A1B68A0E74846D4F8901004F0C5
:10F2300041FC0546C8B131680890411AB068002207
:10F24000814228BF4FF0FF31D4F89030304604F0AF
:10F2500021F8009501230022D4F89C0008A904F0AD
:10F26000BFF818B90AF1010AA4E71948074618E7D8
:10F2700094F88830C4E90044002B3FF412AF002317
:10F280000293144B204601933523134A009304F153
:10F290000801FFF707FEB8F1000F7FF402AF94E713
:10F2A0000B4FFEE62DF8FFFFE5EF0001BF37010130
:10F2B000D3390101D33A0101133A0101DF370101CA
:10F2C000804C0101864C01011F390101CD3701013C
:10F2D0002EF8FFFF213801018C4C0101F0B50546E5
:10F2E0000E46174687B0074A03AC07CA84E80700F2
:10F2F0000C9A3146009228463A460194FFF7C6FE22
:10F3000007B0F0BD88460101014B98686030704736
:10F31000DC3A0021104B70B553F82040013053F80F
:10F320002060A64200D870BDD4E900358DB12846D2
:10F33000984738B10028B8BF4042FF28A8BFFF2037
:10F34000EB681870EA68537843F00103537008348F
:10F35000E7E79847FBE700BFE4480101012208B551
:10F36000094B03201A70FFF7D5FF01F003F90420C1
:10F37000FFF7D0FF00F018F904F05CFE034A137B9E
:10F3800023F00103137308BDD54400212818002180
:10F3900008B50348034A0021121A04F04EFC08BDC8
:10F3A000A0040021E84400210023012270B586B0AA
:10F3B000CDE904230F220193CDE9023214230F4D2E
:10F3C0000F4E03FB00550F4906EBC016044601EB38
:10F3D00000214FF4807230460B4B009500F088F806
:10F3E000737B2C7423F004037373084B013403EB19
:10F3F000C423EE606B6006B070BD00BFDC3A002134
:10F40000A8170021E8580021593C0101E8500021CB
:10F4100080B50020A6B0FFF77DFF2E4B03F50062FC
:10F4200082F3088883F30A88E0232B4D002485F8B3
:10F4300022302023EB772C766C76AC7685F8204052
:10F440006B6A264E43F4E0236B6285F82340F7F79E
:10F4500017FCF7F7C5F94FF0FF33AB62EB62F7F734
:10F4600019FEF7F7BFFC40F2011306AD2846ADF8D0
:10F470002430CDE91F4401F077F8B56004F0DDFDDC
:10F480000120FFF747FF0220154DFFF743FF00F073
:10F49000EDFD144B756105930123134F13494FF490
:10F4A0008062CDE9034328463B46CDE90144009400
:10F4B00000F01EF806466A7B284622F004026A73B2
:10F4C00004F0ABFC2046FFF76FFF3A463146284672
:10F4D000F7F788FAE850002100ED00E0DC3A00215F
:10F4E000281800218F4C01015DF30001E85900212B
:10F4F0002DE9FF410E9E00F1580506730426C0E970
:10F5000016550025044646730D9EC0E906558673C0
:10F51000D61D0C9A26F00706C0E919168560C5733A
:10F52000C56602920B9A01EB060801920A9A0092B4
:10F530004246F7F73BFA054B65659B6803B11B6FC5
:10F540004046236704B0BDE8F08100BFDC3A0021EB
:10F55000F0B5002587B00595109DDDE9127604957C
:10F560000F9D044603950E9D02950D9D01950C9DE2
:10F570000095FFF7BDFFB6F1FF3F08BFB7F1FF3FB2
:10F5800005D056EA070305D1204600F0EFFC2046DF
:10F5900007B0F0BD3A463346024904F1180000F0C6
:10F5A000E1FEF4E77F3E01012DE9F043294C2A4DAD
:10F5B00087B02646AE4204F12C040FD300F026FD9E
:10F5C0004FF4004640F2E737224CDFF89090AC420F
:10F5D00020D307B0BDE8F04300F02CBD54F8043C44
:10F5E000059354F80C3C049354F8103C039354F8DE
:10F5F000143C029354F8183C019354F81C3C0093BB
:10F6000054E9092354E90B01FFF772FF54F82C3C2D
:10F610005E65CEE7636A5A1C0DD00021384623EAA6
:10F62000E373C3FB060151EAC333D4F8008004D16D
:10F63000404600F09BFC2C34C9E74FF47A7200235B
:10F64000F0F78AFD02460B4608F11800494600F023
:10F6500089FEF0E798450101C44501017F3E0101A3
:10F660002DE9F341044617461E464FF04003EFF3E1
:10F67000118883F31288BFF36F8FC368334A7BB15D
:10F6800080689168884219D057EA060318D188F338
:10F690001188BFF36F8F6FF00F0002B0BDE8F081EB
:10F6A000916891F90E100133E36093682161A360C2
:10F6B00088F31188BFF36F8F0020EEE72169F2E72E
:10F6C00091F90E1090F90E306FF07E029942A8BFAA
:10F6D00019469142B8BF11468B422EDD04F0C8FA9C
:10F6E000054622464146CDE90076194800F0C8FBA0
:10F6F0000028E1D04FF04003EFF3118683F3128826
:10F70000BFF36F8FA068D0B1236821699C420AD0F3
:10F710004BB193F90E309942A8BF19466FF07E03A2
:10F720009942B8BF194604F0A3FA40B131460848DF
:10F7300000F00AFC6FF00A00AFE70025D1E7002DCA
:10F74000F4D186F31188BFF36F8FF3E7DC3A002121
:10F75000D644002138B5836804466BB3194A9268D1
:10F7600093422CD1C368012B03D9013BC360002015
:10F7700038BD4FF04003EFF3118583F31288BFF3D8
:10F780006F8F0169806804F073FA204604F07BFBF8
:10F79000A06058B190F90E2022610022826704F027
:10F7A0003CFB2946084800F0CFFBE0E7E06085F32A
:10F7B0001188BFF36F8FDAE76FF01500D8E74FF0CD
:10F7C000FF30D5E7DC3A0021D644002138B50446A5
:10F7D0004FF04003EFF3118583F31288BFF36F8F6F
:10F7E00004F051FB48B10022826704F016FB294661
:10F7F000BDE83840044800F0A7BBD4E902329A4281
:10F8000018BF0133A360F2E7D644002113B54FF0CF
:10F810004004EFF3118184F31288BFF36F8F846883
:10F8200044B1013C846081F31188BFF36F8F0020E5
:10F8300002B010BD52EA030406D181F31188BFF370
:10F840006F8F6FF00F00F3E7CDE900230246024807
:10F8500000F016FBECE700BFD64400212DE9F04F85
:10F8600004464FF0FF384FF0FF39484E85B04FF057
:10F870004003EFF3118783F31288BFF36F8FD4F83F
:10F8800080508DB9022104F1980004F00CFA002890
:10F8900043D100233946CDE90089029304F188025F
:10F8A0003B4800F0EDFCE2E7D4F884202B68954259
:10F8B000C4F8803008BFC4F88430D4F8983043F0DE
:10F8C0000203C4F89830EB6823F0040343F001030B
:10F8D000EB606B6887F31188BFF36F8F28469847FA
:10F8E0004FF04003EFF3118B83F31288BFF36F8F58
:10F8F000EB68990723F0010219D4EA60D4F8983034
:10F9000023F00203C4F898308BF31188BFF36F8F94
:10F91000DB05ACD400F0B2FBA9E704F190050022AE
:10F920000121284604F009FB0028F8D1B1E730682E
:10F9300023F00303EB600028E0D000273B46D0F81B
:10F9400000A00028DAD04268014695420CD1016837
:10F950009FB972683160824200D1716040F8083B03
:10F96000FFF734FF39460023BAF1000F0BD0DAF865
:10F97000002050460F469246E3E7396072688242A3
:10F9800008BF7760EAE75246F3E700BFFC3A002180
:10F99000D6440021F8B5C36804469A070F46C3F35E
:10F9A00040062CD45B071AD40B680BB983680B6034
:10F9B000E368DD0742BFA36802263B603D6858BF8D
:10F9C0000126002D3AD01F4B9B68AB420AD0D5F8D8
:10F9D0009830D807C3F3800214D46FF012060023C6
:10F9E0003B6025E004F02DF9D5F898300028F0D1DF
:10F9F000D907C3F3C002F0D552B15B0708D46FF04A
:10FA00000F06ECE7002AFAD1C3F3C003002BF6D1AE
:10FA100000232360D5F8843063B9C5E92044284623
:10FA200004F05BF9E36843F00403E3603B68A36020
:10FA30003046F8BD1C60C5F88440F0E76FF015064D
:10FA4000CDE700BFDC3A0021F0B50446002089B0C4
:10FA5000C4E920000E9D04F18800C4E9220004F1ED
:10FA60009000C4E924001DB32879002840F2011059
:10FA700008BF0120C4F8980000204FF0FF364FF077
:10FA8000FF37CDE90330CDE90100CDE90667204617
:10FA9000084B0094FFF75CFD25B1296811B12046A1
:10FAA00004F0D5F8204609B0BDE8F04004F0D2B823
:10FAB0000120DFE75DF8000130B50A46044685B055
:10FAC0004FF04003EFF3118583F31288BFF36F8F7C
:10FAD000D0F8983013F0060F1DD1B1B143F00C03EC
:10FAE000C4F89830204604F0F8F800234FF0FF32B5
:10FAF00002934FF0FF332946CDE900230C4804F16F
:10FB0000900200F0BDFB05B030BDD0F8800048B1D8
:10FB100043F00403E4E743F00401C0F89810002A1E
:10FB2000E0D0DBE785F31188BFF36F8FEBE700BF11
:10FB3000D644002137B5019008464FF04001EFF35D
:10FB4000118481F31288BFF36F8FC16811F00E0F1B
:10FB500016D153EA020508D101A9FFF71BFF84F370
:10FB60001188BFF36F8F03B030BD41F00801C16051
:10FB7000019910308161034900F0F4FB0120EEE7A8
:10FB80000020ECE7E93C010101460148FFF7D2BF44
:10FB9000C8180021F7B50C4616461D4601904FF0D7
:10FBA0004003EFF3118783F31288BFF36F8F08468A
:10FBB00004F084F855EA060309D1204601A9FFF7AD
:10FBC000E9FE87F31188BFF36F8F03B0F0BDE368E0
:10FBD00004F1100043F00803E360019B3246A36286
:10FBE00002492B4600F0BEFB0120EAE7E93C010197
:10FBF00001460148FFF7CEBFC8180021C3897F2BFB
:10FC000012D80A4B1B6863B1094B90F90E201B6890
:10FC10009A4209DB437BDB0606D1064BC31A18BFA9
:10FC2000012303F0010070470023FAE70C3B002199
:10FC3000083B0021A81700210122044BC01A044BE5
:10FC4000C0105843034B1A54704700BFA818002136
:10FC5000ABAAAAAAD644002170B50E4B0E4C1E7C4E
:10FC6000182303FB06440546204604F089F90022C8
:10FC70000A4B28469A55FFF7C1FF48B1084B20466A
:10FC8000BDE870401A680749013AD31700F06ABB13
:10FC900070BD00BFDC3A0021A8180021D644002125
:10FCA0000C3B002139FC000138B50D4D2B4653F8B3
:10FCB000184F9C4200D004B9EC68AB6838B95A7B45
:10FCC000D20604D1A26912B9DA897F2A05D89C42EA
:10FCD00002D02046FFF7C0FF23466B6138BD00BF4E
:10FCE000DC3A002170B590F90D200146002A437BD3
:10FCF00004DA03F07F03437304F055F8154A4B7B95
:10FD0000104663F07F034B7350F8183FD469834269
:10FD100008BF002323B9C1E900042160D1610CE0D0
:10FD200091F90E5093F90E60B5420ED0AE420CDD43
:10FD30005868C1E90030016059609068BDE87040C2
:10FD4000431A58425841FFF7AFBF9C42E3D01B68AB
:10FD5000E0E700BFDC3A002170B490F90D30427B3F
:10FD6000002B29DBD30627D183692BBB134962F013
:10FD70007F0242730A4652F8184F944218BF234636
:10FD8000CC6923B9C0E900242060C8610CE090F977
:10FD90000E5093F90E60B5420AD0AE4208DD5A68A3
:10FDA000C0E9003210605860002070BCFFF77CBFD3
:10FDB000A342E7D01B68E4E770BC7047DC3A00213F
:10FDC00008B590F90D200146002A437B04DA03F0C0
:10FDD0007F03437303F0E7FF044B9868431A5842CC
:10FDE0005841BDE80840FFF75FBF00BFDC3A002183
:10FDF00070B515461C46064603F0E7FFB4F1FF3F19
:10FE000008BFB5F1FF3F08D02A46234606F1180087
:10FE10000249BDE8704000F0A5BA70BD7F3E010107
:10FE200038B54FF04003EFF3118583F31288BFF329
:10FE30006F8F104B104A9C681068A04206D1FFF7E4
:10FE40000BFF85F31188BFF36F8F38BD00211B7C3A
:10FE500011600A4AD35C002BF3D02046FFF7CEFE98
:10FE60000028EED0637BDB0602D12046FFF73AFF85
:10FE70002046E4E7DC3A0021043B0021D64400217F
:10FE800070B50C480C4D86680C462E601146DDE9B5
:10FE900004234FF04006EFF3118586F31288BFF379
:10FEA0006F8F8068FFF7A4FF2046BDE87040F6F72B
:10FEB00027BD00BFDC3A0021043B0021F8B5044611
:10FEC0004FF04003EFF3118683F31288BFF36F8F77
:10FED000437B49B2DA0619D18569BDB903F07F03C6
:10FEE000437303F060FF437B164A63F07F03437361
:10FEF0001346817353F8180F984218BF0546D0690E
:10FF00005DB9C4E900300460D46111E00020A17340
:10FF100086F31188BFF36F8FF8BD95F90E70B94263
:10FF20000BD08F4209DD6B68C4E900531C606C6024
:10FF30000120FFF7B9FE0120EAE7A842E1D02D68D1
:10FF4000DEE700BFDC3A002149B9EFF3058030B9A4
:10FF5000054B5A699B689A4201D0F6F7D1BC81F3F0
:10FF60001188BFF36F8F7047DC3A002110B54FF056
:10FF70004002EFF3118482F31288BFF36F8F427B4C
:10FF8000510704D484F31188BFF36F8F10BD22F0A2
:10FF900004024273FFF7E0FE2146BDE8104001482D
:10FFA000FFF7D2BFD744002170B50446183003F0E4
:10FFB000E7FF4FF04003EFF3118683F31288BFF39E
:10FFC0006F8F94F90D20637B002A05DA03F07F031D
:10FFD0002046637303F0E7FE0B4D637BA86843F094
:10FFE00010036373031B58425841FFF75DFE86F30D
:10FFF0001188BFF36F8FAB68A34203D1BDE8704097
:020000040101F8
:1000000003F081BF70BD00BFDC3A00214FF0400318
:10001000EFF3118183F31288BFF36F8F044B9A685B
:10002000D37B013BD37381F31188BFF36F8F70478C
:10003000DC3A002110B54FF04003EFF3118483F355
:100040001288BFF36F8F084B00209A68D37B01336F
:10005000D373FFF729FE84F31188BFF36F8FBDE8D8
:10006000104003F050BF00BFDC3A0021024B03F107
:100070001802C3E906227047DC3A0021F8B54FF0B8
:100080004003EFF3118583F31288BFF36F8F194993
:100090008868437B03F07F03437303F084FE0846C4
:1000A0008B685A7B62F07F025A7350F8182FCC6924
:1000B000824208BF002222B9C3E900042360CB6159
:1000C0000CE093F90E6092F90E70BE420ED0B7426A
:1000D0000CDD5168C3E900210B6053600120FFF77C
:1000E000E3FD2846BDE8F840F6F70ABCA242E3D09B
:1000F0001268E0E7DC3A002150EA01032DE9F04103
:1001000005460E4603D1FFF7B9FF00202CE0831C03
:1001100071F1FF332ADB03F049FF2C184FF0400345
:10012000EFF3118883F31288BFF36F8F114F124BD7
:10013000B8681860FFF744FEB86810492A4633468D
:10014000183000F00FF9BA684046537B43F01003B3
:100150005373F6F7D5FB03F029FF201A63EB030373
:10016000012873F10003D0DBBDE8F0816FF00104DA
:10017000241AD3E7DC3A0021043B00217F3E010131
:10018000B1F1FF3F08BFB0F1FF3F08B506D1084B02
:100190009868FFF709FF4FF0FF3008BDFFF7ACFF8D
:1001A0004FF47A7380FB0303C00B40EA4340F4E74B
:1001B000DC3A0021014B9868704700BFDC3A00210F
:1001C0002DE9F04104464FF04003EFF3118683F32D
:1001D0001288BFF36F8F037BD9070BD586F3118885
:1001E000BFF36F8F404080F311884FF0040002DFAF
:1001F000BDE8F081437B1A0704D586F31188BFF36D
:100200006F8FF5E723F0200242F00801D20920D1D8
:100210004173A36813B1204603F0CDFD04F118002B
:1002200003F0AEFE4FF0000804F15807A56DBD4283
:1002300000D0B5B90120FFF737FD104B9B68A342F2
:10024000DBD1EFF30583002BD7D13046F6F758FB0F
:10025000D3E703F05F0343F00803437303F0A3FD08
:10026000D7E7284603F0A7FD05F1180003F088FE44
:100270002846C5F87880FFF76FFDD7E7DC3A002104
:10028000D3B5DDE90667089CCDE90067FFF7F8FD07
:100290001CB1034B9B685B69236002B0D0BD00BFFB
:1002A000DC3A002108B50648064A0749121A03F04D
:1002B000C6FCBDE80840054A0549064803F0BFBC36
:1002C000000000219C040021D04C0101000000002E
:1002D000D04C010100000021034B1B680BB9F7F75C
:1002E000B1BD0020704700BF103B002110B50E4B80
:1002F0001C689C4204D1FFF7EFFF6FF0004010BD77
:10030000FFF7EAFF002CF8D0D4E904321B1A62EBA5
:10031000E072B3F1004F72F10001EEDA002AACBFD7
:1003200018460020EBE700BF4803002130B570B14C
:100330000B4B5B6898420AD0036843B1D3E90421B0
:10034000D0E90445121941EB0501C3E90421D0E9C4
:10035000003213605A600023C0E9003330BD00BF93
:1003600048030021B3F1FF3F08BFB2F1FF3FF8B5EA
:1003700004461D4616465CD081604FF04003EFF303
:10038000118783F31288BFF36F8F013275F1FF334A
:1003900024DA6FF001032C49D1E900209B1A4FF0B9
:1003A000FF3262EB00009E1B60EB0500012E70F136
:1003B000000301DA01260020C4E90460234ED6F8C8
:1003C00000C07568B44508BF4FF0000CBCF1000FC9
:1003D0000DD1C4E900652C6074601CE0FFF77CFF60
:1003E000013645F10005361845EBE070E4E7DCE93D
:1003F0000420D4E90431934271EB000E1ADAD21AC8
:10040000DCF8043060EB0100CCE90420C4E900C34F
:100410001C60CCF804403368B34206D09C4204D13F
:10042000FFF764FF0021F7F7DBFC87F31188BFF3C8
:100430006F8FF8BD9B1A61EB0001AC45C4E9043134
:10044000C7D0DCF800C0C1E7C01800214803002174
:100450002DE9F84F4FF04003EFF3118C83F312882E
:10046000BFF36F8FDFF8B0A0DFF8B0900024C9F8B9
:100470000000DAF800000025504508BF0020284F92
:10048000E046D7E90021D9F8003080B3D0E9046C08
:100490004FEAE37EB3427EEB0C0B05DAF61A6CEB07
:1004A0000E04C0E9046422E0B21841EBE671C0E931
:1004B0000445C7E90021FFF739FF88F31188BFF32E
:1004C0006F8F836898474FF04003EFF3118883F3F1
:1004D0001288BFF36F8FD9F80030DAF800009B1B49
:1004E0005045C446C9F80030CAD1D7E900210024DC
:1004F0009A1841EBE373C7E90023C9F80040FFF7FE
:10050000F5FE2146F7F76CFC88F31188BFF36F8F77
:10051000BDE8F84FFFF784BC48030021103B0021E1
:10052000C018002110B54FF04003EFF3118483F39E
:100530001288BFF36F8FFFF7CFFE0346054AD2E95B
:100540000001181841EBE37184F31188BFF36F8F3A
:1005500010BD00BFC01800210A460146014803F043
:100560004BBD00BF54040021014B0367704700BF1F
:1005700054040021014800F0E0BD00BF974C010188
:1005800038B5064C064DAC4201D3002038BD20469C
:10059000D4E9011203F052FD1434F4E754040021AD
:1005A000680400211FB50024084B4FF480620293B9
:1005B00002AB009306494FF0FF3306488DF80C401C
:1005C000FFF742FA204604B010BD00BFC54C010140
:1005D000E86D0021C8180021014B1860704700BF6A
:1005E000143B00210246002310B5054951F8040BC5
:1005F000046C944203D00133042BF7D1002010BDCA
:10060000183B0021EFF3108272B6054B99698142C5
:1006100000D008B90021996182F31088704700BFAB
:1006200068190021034610B5EFF3108272B6104826
:1006300084691CB182F31088002010BD836182F3AD
:100640001088022202774FF0FF32596B4262D3E9E1
:100650000A23521843F10003C0E9042300F0B6FA5C
:1006600018B12046FFF7CEFFE6E70120E5E700BF1F
:10067000681900212DE9F8432A4D2B4E284603F036
:10068000C7FE002845D0377803F024FE00229446A8
:10069000DFF8988058F8049B99F838E0D9E90A34D3
:1006A00099F83A90B9F1010F09D1B3F5F07344F11B
:1006B000FF34984271EB040438BF4FF0000E7245CE
:1006C0000CF1010C38BF7246BCF1040FE2D1184B9B
:1006D000DFF860801C78944238BF1446E4B2A74229
:1006E0000CD03470BCB9F7F789FC204688F800407C
:1006F00000F0ECFCF3F7BEFA88F8014098F80130FE
:1007000013B1204600F0E2FC284603F090FE0028DA
:10071000B4D1BDE8F883002FF0D1F7F75BFCF3F715
:1007200013FBEBE7283B0021DA440021183B0021B2
:10073000D9440021DB44002110B58469FFF79AFFFA
:10074000D4E90A23C4E9042301230A4AA4612262EA
:1007500094F83020237742B1204684F84930FFF7DF
:1007600061FF10B9042384F849302046BDE81040E9
:1007700000F02CBAF5410101F8B50024F3F744FA72
:10078000224803F042FE224803F03FFE4FF0FF37BD
:100790000222204B20481C70204B214E1C70214B04
:1007A000214D1C70214B80F838401C7007645C7030
:1007B00080F848409A70306003F093FD284685F831
:1007C00038402F6485F84840756003F08AFD05F1D4
:1007D0005000B06085F88840C5F8907085F8984062
:1007E00003F07FFD124880F83840076480F84840E5
:1007F000F06003F076FD0F4803F073FD2046FFF72D
:1008000001FFBDE8F84000F055BC00BF2C3B0021C3
:10081000283B0021DE440021801A0021D944002118
:10082000183B0021DA440021E0190021DB440021BB
:1008300090190021681900210022044B1A70044B02
:10084000197811B11A70F3F739BA7047D7440021FB
:10085000D844002138B51C4D1C4C284603F0D8FD67
:1008600018B32378032B8CBF04202078637898BFBB
:10087000C0B2984288BF6078A37888BFC0B2834274
:10088000134B38BFA0781A7838BFC0B282420DD05F
:100890001870B0FA80F30F4A5B09137000F02AF960
:1008A000284603F0C4FD0028D7D138BD1B78002BA3
:1008B000F6D1084B1B78002BF2D1074B1B78002B8D
:1008C000EED0FFF7B9FFEBE72C3B0021DB44002122
:1008D000DE440021D7440021D844002108B5054B4F
:1008E0001870BFF35F8FFFF7C5FEBDE80840FFF744
:1008F000B1BF00BFD94400212DE9F041437C074638
:10090000012B38D0022B39D0002B63D101213D4877
:1009100003F032FC044600285CD0002380F8493004
:1009200097F81280B8F1000F56D0B8F1010F4DD1F1
:1009300003F0D0FCD7E90032B3F5F07E42F1FF3C82
:10094000704571EB0C051CD23E4604F128050FCE14
:100950000FC596E80F0085E80F002B4BC4E904ECA7
:10096000A46184F81C802362204600F02FF968BB44
:100970000120BDE8F08102212448C9E70121244873
:10098000C6E7244D2D780DB3984291411ED23E46C4
:1009900004F128050FCE0FC596E80F0085E80F007B
:1009A000D7E90023C4E904231B4BA461236284F824
:1009B0001C80FFF75FFE94F83030002BD4D0204627
:1009C00084F84980FFF72EFE0028CDD10121204672
:1009D00003F0EDFB0020CCE73E4600F128050FCEEA
:1009E0000FC596E80F0085E80F00D7E90023C4E99A
:1009F000042301232377084BA4612362FFF73AFE07
:100A0000B2E700BF801A002139070101E019002177
:100A100090190021DA440021F541010101460948FD
:100A200010B584694CB194F84930022B05D103F01C
:100A30005FFC20B1052384F84930002010BD01205F
:100A4000FCE700BF68190021034B185C884234BFE3
:100A500000200120704700BFDB44002108B500F0F2
:100A60005DFB0422044B5A70FFF704FEFFF7F2FE11
:100A7000BDE80840FFF7FEBDDB440021012208B5B8
:100A8000054B1A7003F04EFC0022044B5A70BDE86F
:100A90000840FFF7DFBE00BFD8440021DB4400213F
:100AA000042208B5034B1A70FFF7E4FDBDE80840C7
:100AB000FFF7D0BEDB440021042208B5034B9A7037
:100AC000FFF7D8FDBDE80840FFF7C4BEDB440021B6
:100AD000022208B5034B9A70FFF7CCFDBDE8084031
:100AE000FFF7B8BEDB440021FF22014B1A707047AC
:100AF000DF44002137B5114D04462B681B68984729
:100B00000F4B58B11A78FF2A08D12046F8F7DAF8C7
:100B10002B685B6803B0BDE830401847D3E84F2F1F
:100B2000D2B28DF807209DF80720C3E8424F002A73
:100B3000F4D10028ECD103B030BD00BF143B00213C
:100B4000DF440021FF23064AD2E84F0FC2E8413FAD
:100B50000029F9D1C0B2FF2801D0F8F7B3B8704727
:100B6000DF440021024B1878FF3818BF012070477E
:100B7000DF44002138B50C4CA4F10805204603F0F1
:100B800047FC60B1284603F03EFC48B1D0E90001C3
:100B9000F7F7DCFB204603F04AFC0028EED138BD15
:100BA000F7F7DCFBF6E700BF383B002110B5064C39
:100BB000204603F0B9FB04F1080003F026FCBDE871
:100BC0001040F7F79DBB00BF303B002110B5044635
:100BD00040B3037FDA0701D5036A1BB3BFF35F8F0E
:100BE00000232372BFF35F8F0122D4E9040101F0D7
:100BF000CCFA0B460246C4E90023237F9B0707D5A6
:100C0000626AF7F715FC01280ED002280ED078B9D9
:100C100008480C222146084B03F08AFBFFF7AAFF85
:100C2000002010BD0120FCE70220FAE70320F8E7CE
:100C30000420F6E7303B00219B42010110B5044639
:100C400070B101460C22084803F09AFB50B1237F93
:100C50009B0701D5F7F778FCFFF78CFF002010BD4C
:100C60000120FCE70520FAE7303B002137B50F4AA9
:100C7000CDE900016B460C210D4803F0A1FB0446B1
:100C8000FFF778FF7CB1257FAA0707D5BFF35F8FF9
:100C900001232372BFF35F8FF7F756FCEB0702D5F2
:100CA0002046236A984703B030BD00BFBF42010110
:100CB000303B002143F6095CF0B5430B154D43EA88
:100CC000C143A3FB05344E0B05FB06441B0F43EA4F
:100CD0000413240F650245EAD3555E02A3FB0C37CB
:100CE0000CFB0474C01A61EB040440F2314141432F
:100CF000094B03FB0411A0FB03030B4422B147F68D
:100D0000FF72013843EB0203DB0B981945F1000138
:100D1000F0BD00BFD07B63087B2DE8BD4FF40052CF
:100D2000064B10B5C3F80825F7F7B2FA0024C0F84F
:100D30008040F7F771FBC0F8804010BD00F0004123
:100D400008B50E4B1A7992B100220D4BC3F89020D2
:100D5000C3F89021F7F7C0FA00220A4BC0F88020B0
:100D6000C3F88C204FF40062C3F8082508BD1B6847
:100D7000002BEFD0C3F88020ECE700BF3C3B002104
:100D80000040014100F0004108B50023074A1370FC
:100D9000074A1360074A1370F7F75AFA064AD2F85F
:100DA000043843F40063C2F8043808BDE24400216B
:100DB000443B0021E044002100F0004110B5F7F76A
:100DC0002BFB0446F7F764FA4FF400520A4BC0F8C5
:100DD0008030C4F88030094BC3F804250022084B4A
:100DE0001A70F7F749FAF7F757FAF7F7F9FA012205
:100DF000044B1A7010BD00BF0D00008000F00041D0
:100E0000E1440021E2440021002208B5054B1A709C
:100E1000F7F738FAF7F7FAFAFFF792FFBDE808405C
:100E2000FFF77CBFE244002108B503460F4A59682A
:100E3000006803C219790E4AA1B11B780D4943F02D
:100E40000043C1F89030C1F89021F7F745FA084AFD
:100E5000094BC0F88020C3F88C204FF40062C3F81F
:100E6000042508BD1B68C3F88020EEE73C3B002149
:100E70000B0000800040014100F00041274B2DE9AC
:100E8000F0411B78064603F0FF08002B37D0F7F738
:100E900027FA234FBB68C51A224B187828B3224B78
:100EA0001968A5FB01ECCB1711F5800205FB03CCFB
:100EB00043F1000311F5800FACBF00210121B1EB1C
:100EC000DC7F4FEAD3741DD0A41843F100016408FD
:100ED00044EAC17464424FEA610161EB410114EBE1
:100EE0000E004CEB0101EFF7E7F8D7E90023AD184E
:100EF00043F100032D1A63EBE073C6E9005340464B
:100F0000BDE8F081A41843F10001640844EAC1740B
:100F100014EB0E004CEB6101E5E700BFE14400215A
:100F2000D01A0021E0440021443B00212DE9FF4775
:100F30006D4610220021284600F006FF404B1B782A
:100F4000002B77D002A8F7F7B7F9002875D03D4EEF
:100F50003D4C3378002B0CBF4FF480074FF0807767
:100F6000F7F760FA01F013F9DFF8E0C0CDE900010E
:100F70009CF800302BB32268A168C2F5001E521AFB
:100F8000029986440A44101A90EA9E524FEA9E53F0
:100F90004FEADE5E4BBFA0EB0E00864490FBF3F001
:100FA0009EFBF3F033782A4A43B11368C3EBC303C3
:100FB00018182BD5031F48BFC31CD810012310607D
:100FC00033704FF000088CF80080BFF35F8F95E816
:100FD0000F0084E80F00BFF35F8F4FF001098CF81A
:100FE0000090F7F759F903F075F9D4E90032B0EB46
:100FF000030A61EB020501F0DAF8A7EB4007574559
:1010000078EB050505D2F7F7EBF913E00430C010D3
:10101000D4E73378D4E90001002B0CBF4FF48003F0
:101020004FF08073C0184A4641F1000101F0ADF85D
:10103000F7F7E4F904B0BDE8F087F7F72DF9E2E738
:10104000E2440021E0440021D01A0021E1440021C3
:10105000443B0021002373B5134D144C144E8DF8FE
:101060000730284603F0D4F9A0B10DF10700F2F7DC
:10107000F9FC9DF8073013F004030DD0237823B951
:10108000012330782370FFF717FD284603F0CFF9CE
:101090000028E6D102B070BD2278002AF5D0307861
:1010A0002370FFF715FDF0E7483B0021E3440021E2
:1010B000E444002108B5034803F0A7F90020024BDF
:1010C000187008BD483B0021E3440021032807B500
:1010D000114A09D801280BD81BD00023137003B084
:1010E0005DF804EBF2F7B8BC0428F6D1022301E066
:1010F00001230220137001238DF8053000238DF8A1
:10110000040001A88DF80630F2F7A0FC03B05DF8EA
:1011100004FB0346EEE700BFE444002108B50448A1
:10112000F2F7A6FCBDE808400020FFF793BF00BF20
:10113000551001017047002070470FB407B504A98E
:1011400051F8040B0191F4F7F9FA03B05DF804EBE0
:1011500004B07047044608B5084611461A46A04731
:10116000FFF728F8F5F728FE00EBC100408840089B
:101170007047F8B50346FFF7F7FFB0FA80F0C0F10B
:101180001F0003EB800CDCF81060CA00171D0C4632
:1011900006328DB256B9012101FA00F0D968014337
:1011A000D960CCF81040DD539D52F8BDF1000431F8
:1011B000585AD85303EBC0009E52C5805D52F4E7E5
:1011C00010B500EBC104E388994202F104010AD191
:1011D000012303FA02F2C36823EA0203C360002377
:1011E00040F8213010BDA28840F8213000EBC20148
:1011F00000EBC300CB808280F4E708B50346FFF71D
:10120000B3FFB0FA80F21846BDE80840C2F11F02F1
:10121000FFF7D6BF2DE9F843B1FA81F5C5F11F09F3
:1012200000EB8908D8F8102003460E46C2B1032708
:10123000D8F8104018462146FFF796FFB04206D373
:101240004A461846FFF7BCFF2046BDE8F88303EB8B
:10125000C404E088013FC8F8100001D08242E7D101
:101260004FF0FF34C5F120029440DA681440EBD00F
:1012700094FAA4F2B2FA82F2111D53F821402146E9
:10128000DFE738B50346FFF76FFF0D46044611460A
:101290001846FFF769FF0444600003EBC50568804A
:1012A0001846FFF761FF014423F8314038BD38B5D7
:1012B0000C460346FFF758FFA51A511A054403EBE5
:1012C000C4044800608003EBC2006C00448023F833
:1012D000321018461146FFF747FF014423F83150FA
:1012E00038BD38B50546FFF73FFF0C46014405EB16
:1012F000C1035B88DA070AD42846FFF77EFF214640
:101300002846FFF731FF22182846FFF7BAFF35F8C5
:101310003410611A05EBC1035B88DB070CD4284647
:10132000FFF76BFF35F834102246611A2846FFF7A5
:10133000A8FF35F83430E41A21462846BDE8384085
:10134000FFF717BF61B100680439091A21F00703DC
:1013500003445A88C90822F001025A80FFF7C1BF2E
:10136000704770B5056809B9002070BDAB68B3EB74
:10137000D10FF9D90B31CC0821462846FFF74AFF97
:1013800006460028F0D001462846FFF7EDFEA042B1
:1013900007D928463219FFF78AFF11462846FFF77A
:1013A000E8FE05EBC60210465388043043F0010303
:1013B0005380DAE72DE9F84301F1FF3919EA010911
:1013C0000F46144606680CD04B420B40042B1A46BD
:1013D0004F4628BF0422994664B900252846BDE837
:1013E000F883042904D8BDE8F8431146FFF7B9BFD4
:1013F0000422F1E7B368B3EBD40FEED904F10B018B
:101400003944891A3046C908FFF704FF804600288E
:10141000E3D009F1040505EBC0057B1E35441D44EE
:101420007F423D40A5EB09052C442B1F07349B1B35
:1014300024F00704A41BB0EBD30F4FEAD3074FEA05
:10144000E40408D201463A463046FFF730FF4146F1
:101450003046FFF78EFE39463046FFF785FE3844AA
:10146000844207D230462246FFF721FF214630460C
:10147000FFF77FFE06EBC706738843F00103738016
:10148000ACE7F0B40446043AC81D114420F007004C
:1014900021F007010E1AF308B3FA83F22060002747
:1014A0000446C2F12405AD008360073544F80C7F83
:1014B000C2F12002E90804EB820244F8047F94425E
:1014C000FBD14A0042F0010242805A1A550000EB5B
:1014D000C10407806580841920F8311000EBC30334
:1014E000678082535A8842F001025A80F0BCFFF7AD
:1014F00040BE002203680BB9184670478B4210D1DA
:101500000B6842B942680360914200D143600023F6
:1015100001200B60704713604368994208BF426026
:10152000F5E71A461B68E6E7038B13F0070305D1BE
:101530000368002B0CBF002003207047022B05D14D
:10154000408BB0FA80F0400980007047012B05D134
:101550000368002B0CBF0020052070470020704757
:1015600010B50C4600B111B96FF0150010BD081D83
:1015700000F0D6F80028F9D1A368032BF6D9F3E7D9
:101580002DE9F0410D4607461946281D90461E4696
:1015900000F0D7F8044638B133464246294638466B
:1015A000A446BDE8F0416047BDE8F08110B44FF0BB
:1015B0004004EFF3118284F31288BFF36F8F41610F
:1015C00010BC0121F4F7C8B838B50C46054658B12F
:1015D00051B10B6843B14B6833B11C22002100F0BC
:1015E000B3FB00202C6138BD6FF01500FBE770B530
:1015F00005460E46FFF7B4FF041E15DB4FF040030F
:10160000EFF3118283F31288BFF36F8F4FF6FF71F0
:101610006B8B2C8B8B4204F0070407D182F311886B
:10162000BFF36F8F6FF00A04204670BD022C0CD1FF
:1016300001336B8382F31188BFF36F8F002322463F
:1016400031462846FFF79CFFEEE7062C14D8DFE86A
:1016500004F004131313041A0400002333606B68AE
:101660003BB9C5E90066ACB902212846F4F774F825
:10167000DAE71E606E60F6E782F31188BFF36F8FC2
:101680006FF00404D0E782F31188BFF36F8F6FF01F
:101690008504C9E782F31188BFF36F8FC4E710B5E3
:1016A0004FF04003EFF3118283F31288BFF36F8F83
:1016B000048B04F00704022C0AD0012C0CBF6FF03D
:1016C00004006FF0850082F31188BFF36F8F08E08C
:1016D000438B013B9BB2438323B92146F4F73CF88B
:1016E000204610BD2046EEE738B5B0B1A9B14FF0A5
:1016F0004002EFF3118582F31288BFF36F8F048BE2
:10170000FFF7F7FE30B104F0070085F31188BFF34F
:101710006F8F38BD6FF07700F7E76FF01500F8E7CF
:10172000034658B1426802F00302012A03D0032A9B
:1017300004D1026812B10020986070476FF0150064
:1017400070474268034602F00302032A4FF000028A
:10175000816014BF104600685A6070472DE9F84F49
:101760009A46D37880466F2B0F461546A3F1410B5E
:1017700029D024D8582B0CBF10260A26DDF8289033
:101780003246002340463946EEF7E6FC092AD4B239
:101790001ED83034B045E4B277F1000709F8014DA6
:1017A00001D3D14511D82B789B0605D5082E15D12C
:1017B000AB7843F00803AB704846BDE8F88F03F000
:1017C000F703702BD7E70826D8E780460F46D7E700
:1017D000BBF1190F94BF37345734DBE7102EEBD130
:1017E000AB7843F01003E6E72DE9F0410746884661
:1017F00015461E461446B44205D30EB1601B08E0E0
:101800002378002BFAD0414614F8010BB847002882
:10181000F1DABDE8F081704720B183682BB11B6815
:1018200033B118476FF0150070476FF00400704730
:101830001846704730B450B149B142B1846854B1D0
:10184000E56845B141F8040BE36830BC18476FF018
:10185000150030BC70476FF00400FAE730B413464F
:10186000044650B1006860B182686AB195685DB1A4
:101870000A46AC46616830BC60476FF0150030BC6A
:1018800070476FF00100FAE76FF00400F7E70369B3
:10189000D3F8600370476FF085007047084608B5BD
:1018A000114618B101F028FF002008BD6FF00100BB
:1018B000FBE7084608B5114618B101F015FF0020F6
:1018C00008BD6FF00100FBE713B504460846216927
:1018D00001F55771D1E8AF1F022909D15BB168B199
:1018E00000931346D0E90912FDF7C6FA02B010BD05
:1018F0006FF00F00FAE76FF04C00F7E76FF00100B0
:10190000F4E72DE9F8431C46DDE9085316469846EE
:101910000F46006939B34AB344B36A1C43F100036C
:10192000022A73F1000324D2226842B1D0F8603356
:101930009A4204D96FF00B002360BDE8F88305EAF2
:10194000080909F101035A425A412146384601F07B
:10195000DBFE88B9B8F1FF3F08BFB5F1FF3FF0D01B
:101960006FF06800E9E76FF00100E6E76FF015003F
:10197000E3E76FF08500E0E730600020DDE701F08D
:1019800007BF38B50D46044600F14001284600F077
:101990008AF930B1284604F1B00100F084F920B989
:1019A0000120702303FB004038BD0020FCE702F556
:1019B0002A7102F52E7002F0D3B9D0F8B030A0F53C
:1019C0002A70003B18BF012300EB8300D0F894027B
:1019D00001F03CBECB6833B1C86883681B6813B1A3
:1019E0000022096918477047FDF7B4BED0E8EF3F01
:1019F000C0E8E21F002AF9D1704710B543680469B6
:101A00001B68C4F8583304F5D47002F039F900218A
:101A100004F55770FFF7EAFF084610BD2DE9F341C2
:101A200017460D4679B30B786BB3D0F8A840A4F5F0
:101A3000CA7814344FF0FF324FF0FF332046FDF7E1
:101A40000FFE2A46404601A9F4F7B2FB019E2EB9CB
:101A5000204602B0BDE8F041FFF7C6BF58B12046AE
:101A6000FFF7C2FF3B462A463146404602B0BDE87A
:101A7000F041F4F77BBB2022294606F1400000F03C
:101A8000EEF83766E4E702B0BDE8F08110B508462D
:101A9000029B114652B993F864202AB901221846D4
:101AA00083F86420F4F7D6FC002010BD9A6E5468C9
:101AB000002CF9D0DA6EA047F6E710B50C460369A2
:101AC00003F55773D3E8AF3F022B0AD161B1084643
:101AD00001F05EFE70220021204600F035F9002062
:101AE00010BD6FF00F00FBE76FF00100F8E701F0A9
:101AF0004FBE38B50D46044660B1E03002F074F8D0
:101B00000DB1002038BD0C22294604F5CA7000F042
:101B10001BF9F6E76FF01500F4E70268D2F8E03041
:101B200013B1D2F8DC10184770477047836913B9B6
:101B3000D0F8883019707047012070478369012BF5
:101B400004D1D0F888301878C0B2704704207047AC
:101B500038B5C4003434204602F068FA054618B19E
:101B60002246002100F0F0F8284638BD38B504467A
:101B70003022002100F0E8F81822002104F1BC0016
:101B800000F0E2F81822002104F1A40000F0DCF8D3
:101B9000D4F8D800FDF722F9D4F8D400FDF71EF9E7
:101BA000002304F13400C4F8A03001F0D0FAFDF7AE
:101BB0008DF8E36E04F140050BB1284698473822B2
:101BC0000021284600F0C0F8002038BD02F01AB805
:101BD0000146006802F016B800210120FFF7F6BFA9
:101BE00038B504460D4611461A46F4F7EFFD204677
:101BF0002946049AF4F750FE204638BD08B5F4F79C
:101C000065FEBDE80840F4F715BF436E83F30B880B
:101C1000704740E800F313F4803FD8B208BF6FF07C
:101C2000150070477FB50A894E890B684D6802F030
:101C30001F0242EA461200938DF8082023F01F038A
:101C40006A1E134423F01F030728039304D8694630
:101C5000F5F7E4F804B070BD6FF01500FAE703463D
:101C600010B5013922B900211A44934208D110BDA0
:101C700011F8014F002CF6D003F8014B013AF1E7BF
:101C800003F8011BF1E7034600201A5C02B9704714
:101C90000130FAE7034600201A5C0AB1884200D1FD
:101CA00070470130F8E7431E013913F8012F11F88E
:101CB000010F824201D1002AF7D1101A704770B586
:101CC0000B46054662B110F8016B1C780131B44235
:101CD00000D11CB92A781B78D01A02E0013AEFE74C
:101CE000104670BD10B55AB10139841810F8012B97
:101CF00011F8013FA04201D09A42F7D0D01A10BD8E
:101D00001046FCE7431A934210B500EB020308D3D8
:101D1000024601399A420BD011F8014F02F8014BEB
:101D2000F8E70A4412F8014D8A4203F8014DF9D14F
:101D300010BD10B5431E0A44914200D110BD11F8E8
:101D4000014B03F8014FF7E70346C9B2024493423F
:101D500000D1704703F8011BF9E70C220369C9B2EF
:101D600001FB0233186C00F0070070474FF040038E
:101D7000EFF3118283F31288BFF36F8F036803F0D0
:101D8000C00343F00203036082F31188BFF36F8F37
:101D9000704770B5C9B203694FF04004EFF3118585
:101DA00084F31288BFF36F8F0C2606FB0134246C7A
:101DB00014F0C00408D0A24206D085F31188BFF306
:101DC0006F8F4FF0FF3070BD012206FB01331A64A4
:101DD00085F31188BFF36F8F436803EBC1035B6822
:101DE00098470020EFE78022FFF7D3BFF8B5069FA2
:101DF0000469C9B24FF04005EFF3118685F31288EC
:101E0000BFF36F8F0C2505FB0144256C05F0070C13
:101E1000BCF1010F0CD1276486F31188BFF36F8FDB
:101E2000C4E90E23436853F8313098470020F8BDC9
:101E300005F0C005AF4286F31188BFF36F8F0CBF6A
:101E40006FF077004FF0FF30F1E713B58024009476
:101E5000FFF7CCFF02B010BD10B41C240069CBB258
:101E600003FB0400002110BC10470020F6F75EB809
:101E7000002000F02BB91046FDF7A8BC43680020F5
:101E80005B681B690B607047436802EA01005B688E
:101E900021EA020198600020D96070474368002061
:101EA0005B6899607047436800205B68D960704741
:101EB00043685A68536821EA03000B409060002091
:101EC000D360704710B503695868F8B1884219D1DA
:101ED0009C680868A142586000D1986000200860A2
:101EE0002AB15A680A609A68596002B9996000205C
:101EF00010E0814206D10868206098688142EDD1E7
:101F00009C60EBE7044600680028F2D1002AE8D183
:101F10006FF0150010BD30B451F820500C4601EBA5
:101F200080023DB10146AC46D4F88000002330BCAD
:101F3000126C604730BC704710B500690F299FBF15
:101F400000EB810440F821202364002088BF6FF05B
:101F5000150010BD00207047102070470F290ED8C3
:101F600043685B68CB40DB0709D501228B00DBB2FD
:101F700003F1824303F5903300201A6070476FF03D
:101F80001500704738B50F290C46056933D84368EA
:101F90001B68CB40DB072ED5D5F8841021FA04F35B
:101FA00003F001031AB99BB96FF0770022E0002B10
:101FB000FAD111B91220F4F73FFC0122D5F8843090
:101FC000A2401343C5F88430E0B2FCF77FFD0AE07D
:101FD000E0B2FCF783FD0122D5F88430A24023EA69
:101FE0000203C5F88430D5F8843013B91220F4F711
:101FF00031FC002038BD6FF01500FBE7002200F136
:1020000050039B009BB203F1824303F5B0331A6087
:102010001B687047F5F7A8BCF5F7EABCF5F764BD97
:1020200008B5F5F73FFD08BD002008B5F4F77AFEC6
:10203000404080F311884FF0030002DF704768468C
:1020400020F007018D4601B5F0F7A2FDF4F7F2FC90
:10205000BDE801408546704708B54FF0FF314FF0AD
:10206000FF30F5F7F9FEF3F7F8F9BDE80840F5F7AA
:10207000FBBE684620F007018D4601B5F0F706FD6E
:10208000BDE8014085467047684620F007018D464F
:1020900001B5EFF731FEF4F7CDFCBDE80140854610
:1020A000704708B5F3F77FFA002008BD07B501A80F
:1020B00000F016F92D2301A88DF805308DF80630B3
:1020C00000F007F9002003B05DF804FB012801D1FE
:1020D000F1F75CB870477047F1F7A8B80020704777
:1020E00010B53929046901D00C2904D1F1F706FB98
:1020F0002060002010BD6FF08500FBE7704713B52E
:102100000029AEBF00240124002100230094FFF722
:1021100067FD02B010BDF4F78FBBF4F79BBB7047AF
:102120004FF04002EFF3118382F31288BFF36F8FF9
:102130000360704780F31188BFF36F8F704700F022
:102140005FBF08B5F6F762FAFBF798FA002008BD02
:1021500008B5F5F7A7FCBDE80840FEF787BD73B5E5
:1021600000210191016804460091006916461D4650
:10217000FFF754FFEFF3108372B6C4E9026583F3EF
:10218000108802B070BDF5F78DBCFEF793BD43F625
:102190000952A0FB020302FB013140F2FF13C018F9
:1021A00041F10001400A40EAC150490A70471F202E
:1021B000704738B50446F7F723FD05462046F7F784
:1021C00025FDA54204D0BDE83840002000F029BC20
:1021D00038BDF7F715BDF7F727BD002307B501A8F0
:1021E000ADF804308DF8063000F0E3F903B05DF887
:1021F00004FB00F032BCF7F721BDF7F72BBDF7F772
:1022000035BD012000F024BB08B5002000F020FB04
:1022100080F00100C0B208BD6FF0010307B50022D5
:10222000009301231146184600F02EFB03B05DF821
:1022300004FB7FB51D4600230293ADF80C3001234B
:102240000899044616468DF80A3021B9F7F7D8FCEC
:1022500002A98DF80B0048780B7800B92BB93246EB
:102260002B462046009100F012FC04B070BD00F037
:1022700034BC00F04CBC00F077BC0146002000F0FC
:1022800079BB002000F095BB00F0AFBBF7F798BC1E
:10229000F7F7AEBCFAF7B2B810B41446DBB29DF84B
:1022A00004200193234610BCF9F7D8BFFAF74AB8C7
:1022B000F9F7CEBF002307B51A460093F9F7CEFF12
:1022C00003B05DF804FB0022FAF73CB80021FAF7EE
:1022D0007BB808B5F7F7D2FCBDE8084000F0BDBBFD
:1022E000F7F7EABCF7F7FABCF7F702BDF7F706BD58
:1022F000F7F70EBDF7F712BDF7F716BDF7F71ABDE2
:10230000F7F71EBDF7F726BDF7F72ABDF7F72EBD85
:10231000F7F732BD08B501F016FF430000F00702E1
:1023200003F050031343C20654BF43F0080043F0C8
:10233000280008BD01F0CEBFF9F746BEF9F74ABE46
:10234000F9F7CEBDF9F726BE7047704708B5F6F726
:10235000F1F9BDE8084001F09EBF70B504460D4696
:102360001646F7F747FB30B1324629462046BDE80E
:10237000704000F057BA70BD7FB501786B460131EF
:102380000122C9B200F0B6F918B1009B5878C0F329
:10239000401007B05DF804FB08B5F8F727F900F026
:1023A0009DF8404240B208BD37B50024002568467C
:1023B000CDE90045FEF762FD28B9CDE90045DDE92C
:1023C000000103B030BDDDE900321343F7D1012233
:1023D0000023CDE90023F2E708B500F050F820B162
:1023E000F6F76EFA10B9F7F737FB002008BD00F0DA
:1023F00043B808B5F6F7CAF9BDE808400020F6F77B
:10240000F1B9F6F711BB10B504460220F6F7EAF968
:1024100000210846F6F7BCFAF7F794FB204600F0D7
:1024200007FABDE81040F7F739BB704738B50546E5
:10243000FFF7D2FF044668B1012228461146F6F79D
:10244000C5FB044620B10820F6F7CCF9F6F708FBE7
:10245000F7F702FB204638BDF9F736BC012070477C
:1024600010B5044600F08AF92046BDE81040F9F79F
:10247000C1BC7047F9F7E8B900F082B97047002095
:10248000F7F730BB0120F7F72DBB01F05EBEB2FBC2
:10249000F3F203710023016083714271C3717047CD
:1024A00081790279006801FB0200704783794279E3
:1024B0000133DBB29A4298BF002383717047C17920
:1024C0000279006801FB02007047C3794279013349
:1024D000DBB29A4298BF0023C371704710B504461F
:1024E000F7F750FC2044C0B210BD10B50446F7F712
:1024F00049FC201AC0B210BD10B50446C0B2F7F7AF
:1025000041FC201A00B210BDFFF7EFBF08B5FFF77E
:10251000F3FF21231238C0EB002090FBF3F000B250
:1025200080F30800C0B208BD08B5F8F765FCFAF7FB
:1025300065FBFAF7F9FB08BD8000002100F0FC0004
:10254000F8F7EEBC08B504200121F8F7E9FCBDE876
:1025500008400C20F8F76EBD08B5F7F797FDBDE809
:102560000840F7F769BCF7F759BDF7F73BBD08B569
:1025700000F001F808BD0F207047704700BF00BF92
:1025800000BF00BF00BF00BF704737B5ADF80410F3
:10259000C9B20446154641B19DF905102A462046A8
:1025A00003B0BDE83040F2F776BFF7F737FB0146DE
:1025B000F4E738B50546F7F723FB0446F7F72EFB9B
:1025C0002A4601462046BDE83840F2F764BF037A48
:1025D000012B01D900207047BFF35F8FD0E84F3F38
:1025E000DBB28B4202D0BFF32F8FF3E7C0E8432F5B
:1025F000002BF3D1BFF35F8F01207047582370B5D4
:10260000044603FB0105AC4201D1002608E0204648
:1026100002220121FFF7DBFF264658340028F2D0C2
:10262000304670BDF8B5846901F054FED4E91067F6
:10263000BFF35F8F94F8483094F8492001335B0171
:102640007AB9A0339D1947F10002A84291410BD2FB
:10265000C4E90852A36304F11000BDE8F840FEF796
:10266000B5BA03F53073EDE761680022082000F089
:10267000CCF84FF0FF3363602046BDE8F8400122FC
:102680000421FFF7A4BF03785A0607D14278DB097B
:1026900043EA42037E3BDBB2012B04D9884234BFBC
:1026A00000200120704701207047837AFF2B12D051
:1026B0000268D25C012302F00702934013F0220F5C
:1026C0000BD113F0440F0AD113F0880F14BF01206F
:1026D0000020000170470020704704207047082048
:1026E0007047022804D0C31E58425841C0007047AA
:1026F0000420704738B515461C46D0B11860597192
:1027000000230A222371FF21A01DFFF71DFB0122D8
:10271000FF2104F11000FFF717FBFF2104F1110066
:102720000722FFF711FB29462046BDE83840F9F79C
:1027300049B938BD0B46114642799A4238BF4371B8
:10274000F9F740B910B5034690F8210098B10C781C
:102750005A7EA24210D172B1486860B103F11001F3
:10276000531E022B96BF92000022033AFFF7BAFADB
:10277000B0FA80F0400910BD0020FCE7F9F774BC06
:10278000F9F772BC08B5F9F76FFC012008BD08B570
:10279000FAF7DEF8BDE8084000F018B808B500F018
:1027A00016F8BDE80840F9F7ABBE036802469B780F
:1027B00003F03003102B02D0202B03D023B9104696
:1027C000FAF7DAB8F9F7BCBE0020704770477047D7
:1027D00070B500232826012406FB0305D5E84F2FFA
:1027E000D2B242B1BFF32F8FBFF35F8F0133994253
:1027F000F2D1FF2070BDC5E8424F002AEED1BFF3F1
:102800005F8FD8B2F6E7FAF7EBB8FAF707B938B541
:1028100004460D46F8F744FC29462046BDE83840FA
:10282000FAF722B9FAF744B9FAF76AB9FAF782B9AE
:10283000FAF79AB9FAF7B2B910B5F7F735F90446CD
:102840001420F5F71BFC84428CBF0020012010BD32
:10285000002337B504468DF80730FFF7EDFF054636
:1028600040B12046F6F7ECFE8DF807009DF8070012
:1028700003B030BDFAF724FA0DF1070205700472B7
:10288000C260FAF729FAF1E72DE9FF411C4600235F
:1028900007460E461546DDF828808DF80F30FFF705
:1028A000CBFF70B123462A4631463846CDF800802A
:1028B000F6F7F2FE8DF80F009DF80F0004B0BDE8AA
:1028C000F081FAF7FDF9012303700DF10F0307738F
:1028D000467385608473C0F810804361FAF7FCF991
:1028E000EAE72DE9FF411C46002307460E46154640
:1028F000DDF828808DF80F30FFF79EFF70B123467A
:102900002A4631463846CDF80080F6F7EFFE8DF8BE
:102910000F009DF80F0004B0BDE8F081FAF7D0F980
:10292000022303700DF10F03C0E9045407734673CB
:10293000C0F808808361FAF7CFF9EAE7002313B5FE
:1029400004468DF80730FFF777FF40B12046F6F7D1
:102950004DFF8DF807009DF8070002B010BDFAF793
:10296000AFF9032303700DF107038460C360FAF726
:10297000B3F9F0E7002337B505460C468DF807306C
:10298000FFF75AFF48B121462846F6F75DFF8DF85C
:1029900007009DF8070003B030BDFAF791F9042352
:1029A00003700DF1070305720461C360FAF794F92F
:1029B000EFE7002313B504468DF80730FFF73CFF1F
:1029C00040B12046FFF732FD8DF807009DF8070063
:1029D00002B010BDFAF774F9052303700DF1070377
:1029E0000472C360FAF778F9F0E7002313B50446E0
:1029F0008DF80730FFF720FF40B12046F6F748FF7B
:102A00008DF807009DF8070002B010BDFAF758F9DD
:102A1000082303700DF107038460C360FAF75CF9C3
:102A2000F0E7002313B504468DF80730FFF704FFE5
:102A300040B12046F6F748FF8DF807009DF80700E3
:102A400002B010BDFAF73CF9092303700DF107033A
:102A5000C3600472FAF740F9F0E7002307B58DF878
:102A60000730FFF7E9FE40B1F6F752FF8DF8070097
:102A70009DF8070003B05DF804FBFAF721F90A237B
:102A800003700DF107038360FAF726F9F0E7F0B55C
:102A90001C46002385B0064615460A9F8DF80F3068
:102AA000FFF7CAFE58B12A46234630460097F8F78A
:102AB000DBFD8DF80F009DF80F0005B0F0BDFAF7B3
:102AC000FFF80E2303700DF10F03C0E90454866074
:102AD0008761C361FAF700F9EDE7002307B58DF8C8
:102AE0000730FFF7A9FE40B1F8F768FE8DF8070040
:102AF0009DF8070003B05DF804FBFAF7E1F80F2337
:102B000003700DF107038360FAF7E6F8F0E72DE9AB
:102B1000FF411C46002307460E461546DDF8288077
:102B20008DF80F30FFF788FE70B123462A463846ED
:102B30003146CDF80080F8F7F7FD8DF80F009DF8CD
:102B40000F0004B0BDE8F081FAF7BAF81023037063
:102B50000DF10F03C0E9027605610475C0F8188015
:102B6000C361FAF7B9F8EAE7002313B504468DF814
:102B70000730FFF761FE40B12046F8F733FE8DF8CD
:102B800007009DF8070002B010BDFAF799F811236D
:102B900003700DF107038460C360FAF79DF8F0E756
:102BA000002337B505460C468DF80730FFF744FE85
:102BB00048B121462846F8F795FB8DF807009DF8A7
:102BC000070003B030BDFAF77BF8122303700DF154
:102BD0000703C0E902540361FAF77EF8EFE7FCF758
:102BE00093BB0023F0B5054618468842C0EBC007EA
:102BF0000CD005280AD02E5C013006F07F04BC40C2
:102C000023433406F1D402B11360F0BD4FF0FF301E
:102C1000FBE77F280BD9B0F5804F0AD3B0F5001F32
:102C200009D3B0F1805F2CBF05200420704701203C
:102C300070470220704703207047034610B51046C6
:102C4000FFF7E7FF814207DB441E1C44A342D1B2D9
:102C500003D101F07F01197010BD61F07F0103F80D
:102C6000011BD209F2E7002110B54278431C282A43
:102C700004D0292A0DD01846C9B91CE018460446CC
:102C800010F8012F0131282AF9D0292A0FD1034643
:102C9000204604460139002918460BD00BDD13F8F5
:102CA000012F282AEAD0292A0446F3D01846002A00
:102CB000DBD100E0A01C10BD0CB41FB506AC54F86D
:102CC000043B0A4603A90091014600200394FAF749
:102CD000BFF804B0BDE8104002B070470CB407B5AF
:102CE00004AB53F8042B019301ABFAF7EFFA03B0EE
:102CF0005DF804EB02B0704707B5019301ABFAF73A
:102D0000E5FA03B05DF804FB8123B2FBF3F2002384
:102D100010B51C460160426042689A4200D810BD5E
:102D200003EBC3120A4482F880400133F4E7002326
:102D300073B50193D0E9006500239D4201D10020C5
:102D400012E003EBC314344494F8802092B901A834
:102D5000FFF7E6F994F8803043B90123019884F82D
:102D60008030FFF7E7F9204602B070BD0198FFF709
:102D7000E1F9E1E70133E0E773B5002605680C46A9
:102D800001A80196FFF7CCF98123611BB1FBF3F198
:102D900001EBC1110D44019885F88060FFF7CAF975
:102DA00002B070BD73B51C46042316460546E2000A
:102DB000009300F07FF8314604EBC41205F11400D3
:102DC00002B0BDE87040FFF79FBF2DE9F341054613
:102DD0001430DDF8208016461F460191FFF7A7FF4B
:102DE000C8F8000040B13A463146FEF7A2FF41461E
:102DF000284601AA00F06AF802B0BDE8F08107B5E4
:102E0000019101A900F0C0F803B05DF804FB37B5EB
:102E1000019101A9054600F093F8044620B10199FB
:102E200005F11400FFF7A8FF204603B030BD0023D2
:102E300007B592000093042300F03CF803B05DF85E
:102E400004FB13B514460191002201A900F03EF8DD
:102E500008B1019B236002B010BD13B51446019167
:102E6000002201A900F090F808B1019B236002B094
:102E700010BD07B5019101A900F062F803B05DF83B
:102E800004FB2DE9F0410446D0E9033288460025D1
:102E900006689F18A368AB4202D82846BDE8F081B7
:102EA00041463046E268FEF71DFF0028F5D00135A7
:102EB0003E44EFE710B5029C01601919B2FBF1F234
:102EC000C0E9033400234260836010BDF7B50446B7
:102ED0000F46002501A816460195FFF721F939464E
:102EE0002046FFF7CEFFA168814211D9226942B185
:102EF000E368991800FB0133206831461844FEF757
:102F000018FF01250198FFF715F9284603B0F0BD19
:102F100063689942F6D2D4E903232568134401FB80
:102F2000035539462846FEF704FF226922B1E068BE
:102F300031462844FEF7FDFEA3680133A360E0E7B5
:102F400073B504460E46002501A80195FFF7E8F881
:102F500031462046FFF795FFA16881420ED901391D
:102F60008142A16009D92368D4E90324224402FBE9
:102F7000013102FB0030FEF7DCFE01250198FFF76E
:102F8000D9F8284602B070BDF7B504460F460025B3
:102F900001A816460195FFF7C3F839462046FFF70A
:102FA00070FFA36883420CD956B1226942B1E1682F
:102FB0008B1800FB0311236830461944FEF7B9FE55
:102FC00001250198FFF7B6F8284603B0F0BD0FB40D
:102FD00000B5CDB04EAB53F8042B4FF4947102A85A
:102FE0000193FFF789FE011E07DB02A8F5F7EEF853
:102FF0004DB05DF804EB04B070476FF00100F7E7E7
:1030000007B5FAF75FFB002803DA019001A8FEF785
:1030100091F803B05DF804FB13B50446FAF726FBFC
:103020002146FFF7F4FE28B96FF0070301A80193CA
:10303000FEF780F802B010BD0346032B0846114688
:1030400001D1FAF7ADBC6FF0020070470047F7B549
:103050001646DDE90847019001A81D46FBF78EF9E9
:10306000019BB6F1000C18BF4FF0010C00EB830080
:103070000B1E18BF0123002D43EA4C0314BF4FF071
:103080000C0C4FF0000C002C43EA0C0314BF4FF45F
:10309000706C4FF0000C002F43EA0C0314BF4FF488
:1030A000403C4FF0000CD0F8002243EA0C0322EA27
:1030B000030301B109780EB13678760019430DB1DA
:1030C0002D78AD0031430CB12478240229430FB18F
:1030D0003F783F040C433C43C0F8004203B0F0BDCE
:1030E0001FB50DF10F03019300238DF80F101A4641
:1030F00019460093FFF7ABFF05B05DF804FB73B50D
:103100000C461546064618B96FF0150002B070BDA2
:10311000FEF7B9FD0028F7D0002CF5D02046FEF7C9
:10312000B2FD0028F0D0002DEED0304601A9FBF70B
:103130003BFD0028EAD1019883682BB12A4621463D
:1031400002B0BDE8704018476FF01200DEE701469C
:103150004068C36803B1184770472DE9F04389B050
:10316000109E0446894690460021202268461F464C
:10317000129DFEF7E9FD1F2E97BF01234FF0FF338D
:10318000B34003F1FF332361119BC4E90098C4E904
:1031900002766361183445B10FCD0FC495E80F0076
:1031A00084E80F0009B0BDE8F0836D46F4E773B51D
:1031B0000468661C31D08568A9422ED264182CD0D0
:1031C0005E18AE4288BF6B1A056A35B100930523BD
:1031D000A8470346184602B070BDBFF35B8F19467F
:1031E000A41A101919B140EA0205AD070AD1032942
:1031F0000DDC013811448A42ECD010F8014F02F87E
:10320000014BF8E70078013902F8010BE9E750F8C3
:10321000044B043942F8044BE9E76FF02103D9E786
:1032200073B50468651C32D08568A9422FD2641832
:103230002DD05E18AE4288BF6B1A456ACDB100939F
:103240000523A84702B070BD12F8015B0139057073
:103250001546A01819B140EA0206B607F4D10329B1
:103260000ADC013D014488420CD1BFF35B8F184654
:10327000E8E71946A41AEBE755F8042B043940F89F
:10328000042BECE715F8012F00F8012BEBE76FF0AA
:103290002100D7E773B504681D46661C2BD08368F0
:1032A000994228D2641826D06E189E42866A88BF3A
:1032B0005D1A2EB105230095B047284602B070BDB7
:1032C00021462B464BB90B44994211D1BFF35B8F7A
:1032D000F3E701F8012B013BF4E78807F9D14FF040
:1032E00001305043032BEEDD41F8040B043BF9E7BA
:1032F00001F8012BE8E76FF02100DFE700207047BD
:1033000010B4046B02460B4684B9C1681F2998BFEC
:1033100023FA01F4416861B18068834209D21069DF
:10332000184051F82430184410BC7047234610BC94
:1033300018474FF0FF30F7E770B5436B05460E4670
:10334000E3B90469621C09BF43680C401C680C1B8C
:1033500021462846FFF7D4FF864207D02B69013368
:103360001C44AB689C42F3D34FF0FF342868431CE5
:1033700007D0AB68A34204D9204470BD98470446E7
:10338000F4E70020F9E730B5059CC4E90002039A90
:1033900021811989E260049A6181A1842261D3E9C3
:1033A000002502EB0113C4E905128A1CE36103EB5B
:1033B00042036A1C13446D422B402362836953B954
:1033C0000139A2698B4202EB031206DB00239373DF
:1033D0006FF07F03D373002030BD0133D381F0E75A
:1033E0002DE9F04FB0F82CA004465546002685B0D4
:1033F00002EB030891460E9A00EBCA031FFA88FB02
:103400005A63A3F838B008F1FF3283690F1D0192A7
:10341000B0451ADCA38CA585A3EB0B03A384E36959
:1034200061895A8801390A4003EB4203A3F804A0DA
:10343000BFF35B8F0020E269538801335380E38C34
:103440000133E38405B0BDE8F08FA06A2A0157F884
:10345000041C03EB0515029303680392C91A8368E1
:103460000837994228BF4FF0FF31FFF749FFDDE9E8
:103470000232985000226A6057F8082CAA60019A1C
:103480009642ACBF00220122B145D8BF42F00202F1
:10349000AA810136ED89BBE7F0B550B3056AC48D4A
:1034A0006B88A34230D0631CC3854389BFF35B8F15
:1034B000013B1C4005EBC4056B689EB209B1AD68C9
:1034C0000D60D0F818C09BB20CEB031100EBC303E6
:1034D0001D8F878C2F44013D87841D878D896F0741
:1034E0000ED5858DCD8100218685586B596302B13B
:1034F0001480F0BD1D8FC989013D0CEB01111D87A2
:103500008D89ED07F6D4ECE70020F2E7836903EB41
:1035100001139868704770B5BFF35B8F0D46C169A2
:103520001646038E4A8804469A4216D05A1C0286D2
:103530004289013A134001EB43018A882A8093B201
:1035400082691B01D158806AFFF7F6FE2A88A369B9
:1035500003EB02139B68336070BD0020FCE710B5DD
:10356000026893691269920017D543B9C38DC26985
:1035700041694489013B1B1B02EB410293800368B4
:103580009B69012B08D1038E026A41694089013B86
:103590001B1A02EBC102938010BD23B9C2691388C4
:1035A00043F00103138003689B69012B01BF026A8A
:1035B000138843F001031380EEE710B5BFF35B8F70
:1035C000036804461A699B6912F0005F1AD07BB940
:1035D000C369026A5B884169013B02EBC1029288C0
:1035E0009B1AE28C9BB29A4214D80023E38410BD4C
:1035F000012BFAD1036AC2695B884169013B02EB86
:103600004102ECE763B9036A1B88DB4303F0010363
:10361000002BEAD02369002BE7D020469847E4E747
:10362000012BE2D1C369EFE7C369028E5988914249
:103630000AD0418901390A4003EB42039A88836921
:1036400003EB02139868704700207047BFF35B8F4D
:10365000C36803B1184770474FF0FF324FF0FF3394
:10366000FCF7D4B870B50446056A05F15806304633
:10367000FFF7F2FF636AA3F580637F2B0BD801226B
:103680005909483503F01F039A4055F8213023EAC1
:10369000020345F82130D4E90D124A60616B04F150
:1036A00034031160C4E90D33002323623046BDE8C2
:1036B0007040FCF78BB810B58CB0436A04460B9190
:1036C0002022014602A80A93FEF7C9FA2823012204
:1036D000CDE9003220463522616A02ABFBF7B6FB2A
:1036E00000EAE0700CB010BD28B1006A18B111B149
:1036F000436F03B11847704728B1006A18B111B180
:10370000836F03B11847704728B1006A18B111B12F
:10371000C36F03B11847002070472DE9F8430646F0
:103720008846174699460468A64201D1002523E041
:103730007A1CA4F1340502D06B6ABB421CD0B8F1EC
:10374000000F01D12468EFE7202241462846FEF70A
:10375000B6FA0028F6D1B9F1FF3F02D0AB6A4B456B
:103760000AD07B1C0BD02468B442DFD054F8103C44
:10377000A4F134059F42E7D12846BDE8F883AB6A3F
:103780000133F9D02468B442D0D0A4F13405D6E78F
:1037900010B5044690B1036A83B102784AB193F838
:1037A000883033B1436AB3F5806F02D30121FFF74C
:1037B00082FF2046BDE81040FFF754BF10BD51F80E
:1037C000083C43F0004341F8083C70477047FBF762
:1037D000FDBF4FF0FF324FF0FF33FCF717B8F8B5DD
:1037E0000C46054651F8086C00F158073846B6B249
:1037F000FFF7EFFF24F8086CD5F8B020A4F1100310
:1038000044F80C2C05F1AC0244F8102CC5F8B0308B
:1038100054F80C2C38461360FFF7D9FF0020F8BD90
:103820002DE9F041056A282A0F46D5F8A40088B092
:1038300026D101688468791AA14228BF4FF0FF3170
:1038400020236A46FFF7B3FC05F15806D7F820801D
:103850003046FFF7BEFF43464FF0FF326946284629
:10386000FFF75BFF7B6A0446DB0719D560B930467A
:10387000FFF7ADFFEB6E1BB14246694628469847FD
:10388000002008B0BDE8F0814FF0FF33836230467E
:10389000FFF79DFF236B002BECD020469847E9E70C
:1038A00020B93046FFF793FFAB6EE4E7C0F82880FD
:1038B0003046FFF78CFFE3E730B4D0F8985013465A
:1038C000AD6925B930BCD0F89C00FFF7E5BD012DEE
:1038D00006D130BC0A46D0F89C001946FFF71BBE43
:1038E000002030BC70477FB50C461946D0F89830A0
:1038F0009D695DB90094CDE9024201232A46D0F8C2
:103900009C0002A9FFF76CFD04B070BD012DFBD136
:10391000D0F89C0004B0BDE87040FBF77BBA2DE9FD
:10392000FF4103685F6A07F158063046FFF751FF11
:1039300038460DF10A0203A9FFF7BEFF04463046E0
:10394000FFF745FF002C41D0BDF80A303046A36098
:10395000FFF73FFF4FF0FF33002138466268FFF763
:10396000DCFE05463046FFF732FF7DB1AB6AE96BFE
:10397000013308BF2368284608BFAB622368A289C9
:103980000091D5F82C8004F11001C0473046FFF7B4
:1039900020FFA368002B06DB21463846BDF80A301D
:1039A000039AFFF7A0FF38460DF10A0203A9FFF7BB
:1039B00083FF044618B13046FFF709FFC4E7D7F884
:1039C0009C00FFF7FAFD3046FFF701FF04B0BDE8A9
:1039D000F081F8B5044651F8086C00F158073846F4
:1039E000B6B20D46FFF7F5FE3146D4F89C00FFF75E
:1039F0008DFD33460246A5F110012046FFF773FF07
:103A0000D4F89C00FFF7D9FD3846BDE8F840FFF731
:103A1000DEBE2DE9F041A3F1100653F8085C002347
:103A200088B00693ADF81E3004461023CDE9041289
:103A30000E9FD0F8A400ADF81C700168D0F808C043
:103A4000711A0DEB0302614528BF4FF0FF3104F1FD
:103A50005808FFF7E5FB4046FFF7BBFED4F8983067
:103A6000ADB29B69CBB9D4F88C20D4F89830D4F897
:103A7000A0009B69C3B9CDE902620096012202A9A8
:103A8000FFF7AEFCD4F8A000FFF797FD4046FFF724
:103A90009EFE384608B0BDE8F0812946D4F8A00063
:103AA000FFF734FD0246E0E7012BEBD12946FBF797
:103AB000B1F9E7E710B548B149B143688B4206D385
:103AC00082680468D21A5B1A4360A01810BD0020F7
:103AD000FCE72DE9F3470546D0F898000E46036A47
:103AE00017461B689847430703D4002002B0BDE87F
:103AF000F08743F69823002F18BF1F4605F158089A
:103B000005F1AC0A4046FFF764FED5F8AC40D5F8A5
:103B100098305445D3F8189025D024B3D4E9002325
:103B2000536022681A60C4E90044B9F1000F0ED155
:103B3000D5F88C3033604046FFF749FEBDF80630BB
:103B400004F11000A3603368103B3360CEE7B9F195
:103B5000010FF0D12189D5F8A000ADF80610FFF7CC
:103B6000D5FC3060E7E7B9F1000F2AD13146D5F82E
:103B7000A0000DF10602FFF78FFC04460028DAD101
:103B8000D5F8A0309B8C53B94046FFF720FE002F9C
:103B9000ABD021200021FCF7F3FA013FB2E7D5F8C2
:103BA0008C10D5F8A800FFF785FF0446D5F88C30B7
:103BB000ADF8069033604046FFF709FE002CE6D0D2
:103BC000BCE7B9F1010FDFD13246D5F8A0000DF105
:103BD0000601FFF7A0FC0446EDE720B119B112B1D0
:103BE000C0E901220160704710B5044618B910BD44
:103BF0003438FFF7CDFD20688442F9D10023C4E9B1
:103C00002733F4E7F8B505460E464FF04003EFF3CF
:103C1000118783F31288BFF36F8FFCF7CBFA31461D
:103C200004462846FEF700FA87F31188BFF36F8F2A
:103C30002046BDE8F840F3F7BFB8FEF785B8FEF7B9
:103C400078B8EFF30580003818BF012070476FF097
:103C500057007047FCF78AB908B54FF04002EFF300
:103C6000118382F31288BFF36F8FF2F7BFFDF4E781
:103C700090F90E308B4201D0FCF720B9002070473C
:103C800003460020C3E90033C3E9020070473AB19C
:103C90008A4205D3C0E90212C0E900000020704743
:103CA0006FF015007047012302688B4022EA03037E
:103CB000036022FA01F000F00100704710B5032103
:103CC00004460C30FFF7EFFF30B104F1100000F0B4
:103CD00057F9B0FA80F0400910BD20B100228830B9
:103CE000114600F02AB9704773B504464FF04003FF
:103CF000EFF3118583F31288BFF36F8F0023A0F1D8
:103D00001006032104380193FFF7CDFF28B1A36902
:103D1000304601A90193FBF73DFE85F31188BFF3FF
:103D20006F8F02B070BD38B504460D4610220021D9
:103D3000FEF70AF8656038BD13B5019008464FF0EC
:103D40004003EFF3118483F31288BFF36F8F01A94F
:103D5000FBF720FE84F31188BFF36F8F02B010BD14
:103D600010B5FFF7E9FF041E09DD4FF04003EFF344
:103D7000118083F31288BFF36F8F00F0B8F82046EC
:103D800010BD08B5A0220021FDF7DEFF08BD38B543
:103D900030220D4600210446FDF7D6FF4FF4807314
:103DA0006560E36038BDD0E9003213605A600023DB
:103DB000C0E90033704708B5FFF7F5FF437B23F0F8
:103DC000020343730023836008BD38B504460D46E3
:103DD000FBF7F6FF637B43F002036373E5B1A56075
:103DE0002B689D4209D16B68C4E900531C606C606C
:103DF00012E06A689342F6D01B68002BF3D094F966
:103E00000E2093F90E108A42F3D09142F1DD5A68E8
:103E1000C4E9003214605C6038BD10B54FF0400357
:103E2000EFF3118483F31288BFF36F8FFBF794FFD6
:103E300084F31188BFF36F8F10BD38B504464FF07F
:103E40004003EFF3118583F31288BFF36F8F437B39
:103E500013F0280F0BD183680BB1FFF7ACFF637B26
:103E600051B903F0FB0320466373FBF775FF85F33D
:103E70001188BFF36F8F38BD03F0EB03F3E7012127
:103E80001838FFF7DABF38B54FF04003EFF311856C
:103E900083F31288BFF36F8F0468A0420DD034B152
:103EA0002046FFF788FF04F1180000F069F885F359
:103EB0001188BFF36F8F204638BD0024F7E7014615
:103EC00010B54FF04003EFF3118483F31288BFF372
:103ED0006F8F83680BB1FFF76EFF84F31188BFF318
:103EE0006F8FBDE8104001F1180000F049B803469B
:103EF00020B9EFF305820AB9F2F702BD83F3118806
:103F0000BFF36F8F70474FF04003EFF3118083F3DF
:103F10001288BFF36F8FFFF7EABF38B50546002060
:103F20002C68A54200D004B938BD2046FFF7C7FF72
:103F30002046FFF772FF0120F2E738B54FF040034B
:103F4000EFF3118583F31288BFF36F8F0468A042EB
:103F500012D09CB1A16762612046FFF72CFF04F1EB
:103F6000180000F00DF82046FBF7F6FE012085F35F
:103F70001188BFF36F8F38BD0020F8E72046F6E7C1
:103F800010B54FF04002EFF3118482F31288BFF3B3
:103F90006F8F03683BB1FCF7C9F9002084F31188E7
:103FA000BFF36F8F10BD6FF01500F7E708B5FCF792
:103FB000B9FA08BDB1F1FF3F08BFB0F1FF3F38B516
:103FC0000C46054614D0084303D1BDE83840FCF741
:103FD000A9BA6FF001004FF0FF33401B63EB010102
:103FE000002904DAFCF79EFA401941EB040138BDC0
:103FF0004FF0FF300146FAE70432D3B5044608D249
:104000000026002741F00401CDE9006700F01EF80A
:1040100010B9002002B0D0BD40F8044BFAE720B13F
:10402000011F50F8040C00F05EB8704701460420F0
:10403000FCF792BA00BF00207047704710B400F13F
:104040000C04C0E9034410BCFDF71BBA2DE9F04F86
:1040500085B0DDE90EA407468846504621469146C4
:10406000FFF7A8FFB4F1FF3F08BFBAF1FF3F0546D5
:104070000E4604BF4FF0FF356FF0004607F1140AFB
:104080004FF04003EFF3118483F31288BFF36F8F77
:1040900007F10C0B4A4641463846FDF78BF9039071
:1040A000FCF740FA039B3BB184F31188BFF36F8F99
:1040B000184605B0BDE8F08F281A66EB010101280B
:1040C00071F10002F0DBCDE900015A46214650466D
:1040D000FBF7D6FE4FF04003EFF3118483F3128811
:1040E000BFF36F8FD6E738B504464FF04003EFF3C8
:1040F000118583F31288BFF36F8FFDF723F904F165
:104100000C00FFF70AFF30B1294604F11400BDE8A6
:104110003840FBF719BF85F31188BFF36F8F38BDA7
:104120007047002070470020704770477047704705
:1041300070477047704700207047704770470020F5
:1041400070470220704737207047704710B5BFF3A3
:104150005F8FD0E84F3F0C78DBB29C4204D00B70ED
:10416000BFF32F8F002010BDC0E8432F002BF0D1EC
:10417000BFF35F8F0120F6E7502373B50446002696
:1041800003FB0105AC4201D100200CE001220DF13E
:10419000070104F148008DF80760FFF7D7FF04F12D
:1041A000500310B1204602B070BD1C46EAE773B55B
:1041B00000F1480604468DF80710032230460DF141
:1041C0000701FFF7C3FF98B100254FF0FF332046EA
:1041D000236484F8385084F84950FCF713FA032319
:1041E0002A4630460DF107018DF80730FFF7AEFF84
:1041F00002B070BD37B5846994F84930256C012B45
:1042000012D0042B14D0012302220DF1070104F176
:1042100048008DF80730FFF799FF58B12846E36B47
:1042200003B0BDE830401847022384F84930EAE77C
:104230000523FAE703B030BDF1F724B938B50D46D0
:10424000FCF7D0F904467DB110B90024204638BDF2
:10425000FCF7F4FC02212046FFF7A9FF0446FCF717
:1042600009FAFCF7F7FAF1E70028EED0FCF7E6FCD4
:104270000028EAD10121EEE710B50C46FCF7B2F9AF
:10428000034628B190F8380010B1012083F8384077
:1042900010BDEFF72FBDFCF721BB10B5D0E90442EC
:1042A000D1E90403844272EB030105D3A042934198
:1042B00034BF0120002010BD4FF0FF30FBE710B5E8
:1042C000D0E90042D1E90003A04293412CBF012074
:1042D000002010BD08B5FDF756FFBDE80840FDF70A
:1042E00056BFBFF35F8F00230372BFF35F8F70472A
:1042F00008B5034608467BB11A7F92070CD5BFF379
:104300005F8F1B7ABFF35F8F43B9F4F745F900382D
:1043100018BF0120400008BD0120FCE70220FAE799
:1043200001207047EFF798BB0023036003717047CB
:104330002DE9F84F04460D4617469946BFF35F8FA7
:1043400001EB020BA04694F804A05FFA8AFA58E841
:10435000006F3EB131462846C847002802DB06EB15
:104360000708F4E723795345ECD1CBF8006048E81F
:104370000053002BE6D1201DBDE8F84F00F065B8D2
:10438000F8B5BFF35F8F05460679F6B255E8003FF2
:10439000A3B18B4203EB02040ED101249B58077991
:1043A000B742F0D145E80036002EECD114B104300C
:1043B00000F04BF82046F8BD2546E7E71C46EEE73F
:1043C0002DE9F84306460F4690469946BFF35F8FA6
:1043D00056E8005F2DB9BFF32F8F2C462046BDE86D
:1043E000F88349462846C047044610B1EB592C468D
:1043F0001D4646E80053002BEAD1002CEED0301DBC
:1044000000F023F8EAE70068704700230360704774
:1044100050E8003F5A1C18BF013340E80032002A20
:10442000F6D1BFF35F8F013B584258417047BFF34D
:104430005F8F002350E8002F40E800310029F9D1B8
:10444000012A94BF002001207047D0E84F3F01337C
:10445000DBB2C0E8423F002AF7D1BFF35F8F70475D
:104460001C0DFF7F01000000D9600001000000006A
:1044700055710001F04401018105010100000000B7
:1044800055770001084501015577000120450101DC
:10449000857E000100000000A32001010000000053
:1044A0009D75000138450101FD7B00010000000001
:1044B000D57E000100000000A505010100000000FC
:1044C000FB19010150450101FD780001684501011A
:1044D0004321010100000000DD20010180450101B0
:1044E000A180000100000000AD20010100000000DB
:1044F000AC49010198470101A84701014604002188
:104500001C1B0021EC450101D9490101CC470101E7
:10451000EC4701014A040021B41B0021E6450101DA
:10452000E7490101DC470101EC4701014C0400218E
:10453000C01B0021E0450101C94901010000000044
:10454000C447010148040021701B0021DA45010124
:104550008249010150020021084701014404002161
:10456000580C0021D2450101F54901017C020021CE
:10457000104801014E040021CC1B0021CA45010155
:10458000464A0101000000002448010150040021B6
:10459000781C0021C4450101E0100021E84C0021F5
:1045A000000400001D810001000000000000000068
:1045B00000000000F0FFFFFF00000000000000000E
:1045C0007A4A010100800080FF7F008000800500A2
:1045D000FF7F060000800080FF7F00800080FF7F5B
:1045E00000800080FF7F00800080FF7F00800080CF
:1045F000FF7FFFFF984B010100000000A24B01016B
:10460000000000005B49010100000000BB490101FE
:1046100000000000114A010100000000764901017C
:1046200000000000034A010100000000274A0101C8
:10463000000000009949010100000000314A010119
:1046400000000000634A010100000000944C0101D9
:10465000000000007249010100000000A64A0101AB
:1046600000000000B94A010100000000544A0101A5
:1046700000000000FFFFFFFFFFFFFFFFFFFFFFFF46
:1046800001ED000106000000000200000002000031
:10469000000000000000000000000000000000001A
:1046A00000000000000000000101010102020202FE
:1046B000030303030405060708090A0B0C0D0E0F7C
:1046C000D8ECF0F4F8F9FAFBFCFDFEFF0001020360
:1046D00000100200FA00000065540001715400014E
:1046E000755400017D540001815400018D49000181
:1046F000114A0001FFFF0512000000000000000049
:104700000338FDD870470000D961000191630001B2
:1047100085640001D1640001BB1A01018F180101F9
:104720000319010197180101C9180101B31801010A
:104730009D1801013D1B01012D1B0101391B0101C8
:104740002B1B010100000000000000000000000021
:10475000000000001B1B0101000000210000000000
:1047600006000100020000006C470101000000018A
:104770009D49010106000000E0FF03010000002147
:10478000A549010121000000E0FF00211171000195
:10479000E170000100000000FD7100019572000150
:1047A0006B1E0101711E010161720001E71D010113
:1047B0004B1E0101000000005B1D01010000000014
:1047C000000000004575000199740001FFFF000022
:1047D00000088C410000000001000000FFFFFFFF07
:1047E00000058C410000000000000000D9770001A6
:1047F0007D1E0101891E01019D1E0101A71E0101EF
:10480000B11E01017D760001C51E010100000000FE
:104810005D1F0101391F0101551F0101591F0101D0
:10482000851F0101000000000000000000000000E2
:10483000E12001015D7F00017F240101599A0001FF
:10484000E5B3000101C100010000000091B30001C7
:10485000852701010000000055B3000159C1000186
:1048600029B8000169BE0001000000000C00000032
:104870000100000030810041000000000400000041
:10488000010000000100000009000000000000001D
:1048900000000000000000000000000000C0004117
:1048A00000000000280000000500000000000000DB
:1048B00000C00041000000002800000005000000CA
:1048C000C64B0101D94B0101EC4B0101FF4B01012A
:1048D000124C0101254C0101384C01014B4C0101E6
:1048E000F5FFFFFF6844010168440101A84401018C
:1048F000B0440101E8440101F04401012F6A656EF2
:104900006B696E735F776F726B73706163652F771E
:104910006F726B73706163652F6F6F6E5F736F661D
:10492000746465766963655F636F6E74726F6C6CD7
:1049300065725F6D61737465722F6275696C645F17
:104940006E726635332F6E7266782F68616C2F6ECB
:1049500072665F74696D65722E6800636270726959
:104960006E74665F7061636B61676500286E696C69
:104970002900736F63006970635F736572766963A2
:10498000650069706330007372616D302E73686DFD
:104990000067656E65726963006D707500464C4115
:1049A00053485F30005352414D5F3000636C6F637A
:1049B0006B40343130303530303000636C6F636BB6
:1049C0005F636F6E74726F6C0072616E646F6D40C6
:1049D0003431303039303030006770696F403431F5
:1049E000386330383030006770696F403431386375
:1049F00030353030006D626F7840343130313230D4
:104A00003030006D626F785F6E7266785F697063D8
:104A100000666174616C5F6572726F72004D505315
:104A20004C20576F726B006D70736C5F696E6974A8
:104A3000006E72665F3830323135345F636F6E6698
:104A400069677572650074656D704034313031305E
:104A50003030300074656D705F6E7266355F6D70FA
:104A6000736C006E72665F3830323135345F746556
:104A70006D7065726174757265007370696E656CD6
:104A80005F7061636B65745F73656E645F74687299
:104A9000656164006E72665F3830323135345F7341
:104AA00070696E656C007370696E656C5F697063C8
:104AB0005F6261636B656E64007370696E656C5FE5
:104AC0006970635F6261636B656E645F7273705F70
:104AD0006E7466000000000000000100000000008D
:104AE000FFFFFFFFFFFFFF02FFFFFF0843694400D6
:104AF000436969440043696962004369694300434B
:104B0000696974284C442963435800436969434CDC
:104B10000043696974284C442962624363435874B2
:104B2000284C44290043696974284C442943626233
:104B300000584C434C00436969690043696963004C
:104B40004369695300626262626374284C442900BD
:104B50006262624362635874284C44290043696965
:104B60004C00436969580043696943434343006407
:104B70006443007428442974284344294C4C62003F
:104B800074284344290043696958585858585800B4
:104B900000000001010000004E5246585F44505092
:104BA00049004E5246585F4750494F544500756E74
:104BB0007265676973746572656420257320627518
:104BC000730A002573006D6574616C3A20656D652C
:104BD0007267656E63793A20006D6574616C3A2086
:104BE000616C6572743A2020202020006D6574612C
:104BF0006C3A20637269746963616C3A2020006DBD
:104C00006574616C3A206572726F723A20202020C0
:104C100020006D6574616C3A207761726E696E6711
:104C20003A202020006D6574616C3A206E6F7469C3
:104C300063653A20202020006D6574616C3A20691C
:104C40006E666F3A202020202020006D6574616C14
:104C50003A2064656275673A202020202000257381
:104C60003A2066726565696E67206E6F6E2D656DA0
:104C7000707479207669727471756575650D0A00B6
:104C800072785F76710074785F7671004E53006DB4
:104C900061696E006F73002A2A2A20426F6F74695F
:104CA0006E67205A6570687972204F53206275696B
:104CB0006C642076332E332E39392D6E6373312098
:104CC0002A2A2A0A00737973776F726B71000000C9
:104CD000D8460101010505000C000021BD3E000180
:104CE00085450001793F0001A94500016D410001A2
:104CF000A54600012D430001E95400012F55000194
:104D00005545000171450001D9480001E543000106
:104D1000575500017F550001994700010000000030
:104D20000000000000000000000000000000000083
:104D30000000000000000000000000000000000073
:104D40000000000000000000000000000000000063
:104D50000000000000000000000000000000000053
:104D60000000000000000000000000000000000043
:104D70000000000000000000000000000000000033
:104D80000000000000000000000000000000000023
:104D90000000000000000000000000000000000013
:104DA0000000000000000000000000000000000003
:104DB00000000000000000000000000000000000F3
:104DC00000000000000000000000000000000000E3
:104DD00000000000000000000000000000000000D3
:104DE00000000000000000000000000000000000C3
:104DF00000000000000000000000000000000000B3
:104E000000000000000000000000000000000000A2
:104E10000000000000000000000000000000000092
:104E20000000000000000000000000000000000082
:104E30000000000000000000000000000000000072
:104E40000000000000000000000000000000000062
:104E50000000000000000000000000000000000052
:104E60000000000000000000000000000000000042
:104E70000000000000000000000000000000000032
:104E80000000000000000000000000000000000022
:104E90000000000000000000000000000000000012
:104EA0000000000000000000000000000000000002
:104EB00000000000000000000000000000000000F2
:104EC00000000000000000000000000000000000E2
:104ED00000000000000000000000000000000000D2
:104EE00000000000000000000000000000000000C2
:104EF00000000000000000000000000000000000B2
:104F000000000000000000000000000000000000A1
:104F10000000000000000000000000003711010147
:104F200001000000000007200000010068450101A9
:104F300001000000684501010000000002000000BF
:104F4000000000000000000000020000FFFF000061
:104F5000FFFF0000944A0101000000007981000178
:104F60003F2101010000000000000000D20000000D
:104F70000000000000000000000000000000000031
:104F80000000000000000000000000000000000021
:104F90000000000000000000000000000000000011
:104FA0000000000000000000000000000000000001
:104FB00000000000000000000000000000000000F1
:104FC00000000000000000000000000000000000E1
:104FD00000000000000000000000000000000000D1
:104FE000FF000000000000000000000091490101E6
:104FF000000000002DEB0001000000000000000098
:1050000000000000000000000000000000000000A0
:1050100000000000000000004803002148030021B8
:1050200014FFFFFF00000000D91B01010000000079
:10503000D91B010100000000D91B01010000000084
:10504000D91B010100000000D91B0101D920010179
:105050004D30010100000000D91B010100000000DB
:10506000D91B010100000000D91B0101701B0021A8
:1050700009760001A5E800014D30010100000000A3
:10508000D91B010100000000D91B01010000000034
:10509000D91B010100000000D91B01010000000024
:1050A000D91B010100000000D91B01010000000014
:1050B000D91B0101EDEA00014D30010100000000A3
:1050C000D91B010100000000D91B010100000000F4
:1050D000D91B010100000000B97C000100000000A4
:1050E000D91B010100000000D91B010100000000D4
:1050F000D91B010100000000757E000100000000C6
:10510000D91B010100000000D91B010100000000B3
:10511000D91B010100000000000000000000000099
:105120000000FFFF00000000E85D0021001000000B
:105130000000000000000000680400216804002155
:1051400000000000000000000E0000007C040021B0
:105150007C04002100000000010000008C040021FC
:105160008C040021000000001000000015E015E094
:00000001FF
