:020000040100F9
:10000000E85D0021C56C0001FD1B0101996C000138
:10001000996C0001996C0001996C000100000000CE
:100020000000000000000000000000008D690001D9
:10003000996C00010000000035690001996C000115
:100040000D6A00010D6A00010D6A00010D6A0001D0
:100050000D6A00010D6A00010D6A00010D6A0001C0
:10006000892001010D6A00010D6A00010D6A00017D
:100070003F2001010D6A00010D6A00010D6A0001B7
:100080000D6A0001732001010D6A00010D6A000173
:100090000D6A00010D6A00010D6A00010D6A000180
:1000A0000D6A00010D6A00010D6A00010D6A000170
:0800B0000D6A00010D6A000158
:1000B8007BB972B90029BEBF00204FF0004106E0AD
:1000C80008BF00281CBF6FF000414FF0FF3000F060
:1000D80057B8ADF1080C6DE904CE002909DB002BF7
:1000E8001ADB05F047F8DDF804E0DDE9022304B087
:1000F8007047404261EB4101002B1BDB05F03AF8E9
:10010800DDF804E0DDE9022304B0404261EB41017F
:10011800524263EB43037047524263EB430305F0DB
:1001280029F8DDF804E0DDE9022304B0404261EB80
:1001380041017047524263EB430305F01BF8DDF8B9
:1001480004E0DDE9022304B0524263EB4303704745
:1001580053B94AB9002908BF00281CBF4FF0FF3126
:100168004FF0FF3000F00CB8ADF1080C6DE904CE8B
:1001780005F000F8DDF804E0DDE9022304B070477B
:10018800704700BF042810B511D883B104280CBFEC
:1001980010242824A1420AD2064C54F8200018B191
:1001A80041568A42A8BF0A4600201A7010BD6FF057
:1001B8001500FBE7A00400210228034610DC10F11B
:1001C800270F0FDB2830084A40B2105C024492F92E
:1001D8002C209A4207D0002918BF0130C0B27047BE
:1001E8000F2070470020704794460101022808B587
:1001F80006DCFFF7E1FF034B034493F92C0008BD2D
:100208000320FCE794460101014B1879704700BFB1
:10021800BC040021044B1A79824283BF1B68302238
:1002280002FB003000207047BC04002110B51C4CB4
:1002380094F8413003EB4302224492F82810202915
:1002480029D0DBB201EB431304EB430393F84900D5
:1002580082F828004FF0FF0C04EB4110002284F8CC
:1002680031C090F8E00084F84210022184F8302070
:1002780084F8222083F8481030B1D4F8C8344BB140
:100288000020BDE81040184703F00EFED4F8C8342B
:10029800002BF5D110BD40F21D31702003F0EAF9B2
:1002A800C80400212DE9F04F594F984601EB41034E
:1002B8004FF0200C83B03B4493F8284082F800C0EC
:1002C800644500F0A18043468B46904605461A4691
:1002D80007EB441E4FEA441ADEF8D060DEF8D83047
:1002E800DEF8D4109B19D5E9009041F10001994539
:1002F80070EB010374D3EB89002B64D0BEF8DE30B9
:10030800002B60D1019202F0ABFE40F25633019A05
:1003180098426ED040F2F553984266D0B0F5C67F49
:1003280014BF01230E23A9EB06069E424BDA13469F
:1003380042465646984692F800C0594640F2563909
:10034800C34688F800C007EB060CD5F800A0D5E92D
:100358000123DCF8D08013EB0A03DCF8D40042F167
:100368000002984570EB02031BD3BCF8DE30019104
:100378009BB1EB898BB902F073FE4845019936D0E1
:1003880040F2F55398422ED0B0F5C67F14BF012332
:100398000E23A8EB0A08984503DB012003B0BDE84B
:1003A800F08F3E448BF800402B7C96F8E0209A4270
:1003B80026D904EB411407EB440494F84940202C57
:1003C800EBD06601BFE704EB4B1388F80040A44666
:1003D80007EB430393F84930202B0CD01C4677E7F2
:1003E80090465646A9E73323D3E733239BE71D23DB
:1003F800CFE71D2397E70120147003B0BDE8F08F05
:10040800002003B0BDE8F08F012088F80040C5E760
:10041800C80400212DE9F84F3C4E96F841B00BEB8B
:100428004B03334493F82940202C56D05FFA8BF5C0
:10043800DFF8DC804FEA4B0BDFF8D89004EB45136C
:100448006F0106EB430393F84830013B052B57D85F
:10045800DFE803F0035656494C034FF0070AB8F19A
:10046800000F01D0AFF30080EFF3108272B65D4445
:100478003B19354406EB430395F82A1093F84930A5
:10048800A14285F829302AD02AB9B9F1000F01D044
:10049800AFF3008062B63B1906EB430393F848209C
:1004A8003AB3062A25D0032A23D0052A21D00122CF
:1004B80083F8482006EB44145146D4E93230984773
:1004C80096F841B00BEB4B035FFA8BF533444FEAD8
:1004D8004B0B93F82940202CB0D1BDE8F88F20238E
:1004E80085F82A30D0E74FF0020AB8E74FF0030A40
:1004F800B5E72744012306EB470787F84830D9E7D3
:100508004FF40A61702003F0B5F800BFC804002159
:1005180000000000000000002DE9F04F0C461546D1
:1005280085B01E469DF8387001F0E4FE2268451932
:10053800636846F10006954276EB030355D3DFF86E
:10054800C48040F2563905E05D4576EB0A034CD38A
:10055800C4E900BA0DF10F030DF10E023946204629
:10056800FFF7A0FE002841D19DF80F3008EB431398
:10057800D3E93420D3F8D810B3F8DE3011EB020BEE
:1005880040F1000A002BDFD1E389002BDCD0019178
:1005980002F066FD484501992DD040F2F553984286
:1005A80027D0B0F5C67F14BF01230E238B42CBDDC5
:1005B80002F056FD484522D040F2F55398421CD02F
:1005C800B0F5C67F14BF01220E229DF80F3008EB4C
:1005D8004313D3F8D010D3F8D43012EB010B43F106
:1005E800000A5D4576EB0A03B2D2002005B0BDE8EB
:1005F800F08F3323DAE71D23D8E73322E5E71D22FE
:10060800E3E700BFC80400212DE9F04FB2F808C0A5
:100618001C465789002389B015461278064623617F
:10062800E36027820F469DF84880A3606361A4F8C1
:100638000EC0A274C4E90033EAB901F0BBFD5C4BFB
:10064800D5E9042CC31841F1000E9A427CEB0E0345
:1006580006D22F3041F1000182427CEB01035ED2C9
:10066800013E4FF47A7347F1FF372660C4E90173FE
:1006780009B0BDE8F08F4F4804F10C0205A9A0EBC2
:100688000C0001F0CFFDB4F80EB00DF1130206A96D
:10069800584601F0C7FD02F04DFB01F02BFE464A1B
:1006A800034692F84210202928D09368D2E9031211
:1006B800073341F1000A13EB02094AF1000A6B689B
:1006C800227B981CEB7A002BE389134403440CBF6C
:1006D8007A206020C4E9009A184401F00BFECDF896
:1006E80000803246A0603B4628692146FFF714FF88
:1006F80008B9C4E9006709B0BDE8F08F16F10B0925
:1007080047F1000ABBF1000F2ED106988342D6D9D3
:100718001B1A13EB090399464AF1000ACFE7013A7D
:10072800288904F10C034CF1FF31101A009305AA33
:1007380061F1000106AB01F0A1FD059B6868E97A4B
:1007480002332A890344002913440CBF7A2060200D
:10075800184401F0CFFDDDE90632C01A20F07F40D1
:10076800C4E90032A060C6E7039002F0AFFE039B25
:100778000028CAD102F074FC40F25632039B904222
:100788000BD040F2F55290420CD0B0F5C67FBCD1E8
:1007980016F1180947F1000AB7E716F1270947F1DA
:1007A800000AB2E716F13D0947F1000AADE700BFBC
:1007B8000040420FFF7F841EC80400212DE9F04F3E
:1007C8001D46A1B0BC4C0E9204EB451706906D0176
:1007D8000D9101F0D5FF0191064602F0ABFAD4F86D
:1007E800CC3401220835D0371A6004F1C8020B90C6
:1007F800804653190DF1600C555993F80C90B3F8D5
:100808000EB0CDF84090D3E901A309930FCFACE81F
:100818000F0097E803008CE8030025F07F4001F003
:10082800BBFC0BF10103A54A4B449042034400F280
:10083800DF82934200F36181002BC0F22F810C9379
:1008480094F82030049394F821300F9302F03EFE80
:100858000890BBF1000F40F0D980CDF808B002F045
:10086800FFFB40F25633984200F0E48040F2F55323
:10087800984200F04E81B0F5C67F00F041814FF0FC
:1008880000090327CDF81C900397CDF82890D84588
:1008980000F2DB80029B0020002B40F0F480049BD8
:1008A800002B00F05E814FF00209052749460397A7
:1008B800019BB3F1FF3F08BFB6F1FF3F00F0EC80AA
:1008C8001A46AE4272EB0A0380F02C81AB1B6AEB2E
:1008D8000202B3F5000F72F1000280F08E82002B45
:1008E800324640F3D980029B002B40F03F814F46AF
:1008F8000391B5EB00086AF1000118F1FF39A9EB83
:10090800020341F1FF3CBB42CDF814C0C0F2DE80C7
:1009180020B1099B45468A4603440993089B8BB935
:10092800D4E90E32B2F1FF3F08BFB3F1FF3F09D05F
:10093800B8EB030361EB020207998B4272F10003E3
:10094800C0F0B080069B0D9AB9EB0307059B63EBDB
:10095800020802F085FB40F25633984200F03781D6
:1009680040F2F553984200F02081B0F5C67F14BFDD
:100978000B2318239F4278F1000380F01C810E9B03
:10098800012B00F00481029B03F00107019B334017
:10099800B3F1FF3F08BF47F00107002F00F01981AE
:1009A80000274846059901F027FD059BB3F1FF3F55
:1009B80008BFB9F1FF3F00F02A8229F07F402B1AC7
:1009C80023F07F43013BB3F5000F6FD2099B5B19FE
:1009D8001B1A23F07F43B3F5000F67D801F0DCFB47
:1009E8000C9A374BA2EB00089845C0F00881801A92
:1009F8009842C0F0C381314B984500F2FC80984280
:100A080040F223822F4E361AB046F9E0D4E90E326E
:100A18001A400346B2F1FF3F18BF43F0010383F0C9
:100A28000103DBB2029302F01BFB40F256339842FB
:100A38007FF41CAF4FF01C091F27D845CDF81C9038
:100A48000397CDF828907FF625AF0C9A08F1010896
:100A58001A4BA2EB08089A4200F2CA81984500F3A3
:100A6800B380B8F1000FC0F29D8040460DF15302EB
:100A780015A901F0D7FB1598029B281A20F07F4092
:100A8800002B3FF40CAF019B4946B3F1FF3F08BF71
:100A9800B6F1FF3F7FF414AF069A2AE70A4A1344D7
:100AA8000C93CDE6BBF1000F3FF44CAF0026304667
:100AB80021B0BDE8F08F00BFC8040021FF7F841E6D
:100AC8000040420F00807BE10080841E00283FD058
:100AD8000F9898B3029B002B53D015F1FF39A84605
:100AE8005146A9EB02034AF1FF32059200220B920C
:100AF8009F42DBDC0023049310E7BA4A13449EE6C6
:100B08004FF00D091027CDF81C900397CDF82890C9
:100B1800BDE64FF032093527CDF81C900397CDF884
:100B28002890B4E61346721B63EB0A03B2F5000F74
:100B380073F1000380F06681AB1BD0E6CDE911317B
:100B4800139202F007F9DDE91131002800F0C380A3
:100B5800029A002AAAD1049A002AA7D0039A971EBB
:100B6800C6E70327194699460397A1E694F840304B
:100B7800002B3FF4BCAE049B03B102231F46039332
:100B8800B7E6049B002BA8D0039B9F1EA5E7019BFB
:100B9800B3F1FF3F08BFB6F1FF3F00F04781B14610
:100BA80000270AE79048404460E73D239F4278F1D8
:100BB8000003FFF4E4AEBBF100074846059918BFEF
:100BC800012701F019FCF0E6864840444EE7272348
:100BD800D0E6B6EB09020599019B63EB0103052AF0
:100BE80073F1000180F2E680012A73F10003BFF679
:100BF8005DAFB146E1E608F1F45808F5902846469D
:100C080094F822303BB90B9B5B4538BF5B461E33DB
:100C1800B34280F2BA800E9B012B05D0022001F06E
:100C280073FE012001F070FE0B9B9B4555D300F22B
:100C3800B1805BEA030040F0F480414601F0DAFD40
:100C4800002840D094F84030002B60D1D4E90E231E
:100C5800B3F1FF3F08BFB2F1FF3F40F0B080002F73
:100C680079D1A6EB0B011939002940F3E98003205B
:100C780001F0C0FD0646002800F0CE80049BD4F8A1
:100C8800CC248DF878300F9B189516AD8DF87930F7
:100C9800099BCDF864A01A93109BADF86EB08DF83F
:100CA8006C300023514C13608DF87A3016934FF056
:100CB800FF3317930FCD0FC40FCD0FC495E8030072
:100CC80084E80300F3E60220002601F01DFE01205F
:100CD80001F01AFEEBE6139AFCE6A8EB03010220EA
:100CE80001F088FDBBF1000F06D00028EBD0A8EB7F
:100CF8000B01012001F07EFD0028E4D041460020D0
:100D080001F078FD0028DED0BBF1000F9AD097B92A
:100D1800D4E90E23B3F1FF3F08BFB2F1FF3F59D02A
:100D280094F84030002B9CD0052001F0EDFD002305
:100D380084F8403095E7D4E90E23B3F1FF3F08BFAC
:100D4800B2F1FF3F07D002F001FA4FF0FF324FF047
:100D5800FF33C4E90E230A9B0520A9EB030121F008
:100D68007F4101F047FD002865D094F84030002B02
:100D78007FF477AF012384F8403072E7464294F855
:100D88002230B046002B7FF446AF40F61721702082
:100D980002F070FCA8EB0B01012001F02BFD0B9B6E
:100DA800002BA9D000288ED0A8EB0301022001F067
:100DB80021FDA1E74846059901F01EFBF5E502F083
:100DC800C5F94FF0FF324FF0FF33C4E90E23002F6F
:100DD800A6D0C0E702F04AF901F0E6FCC4E90E012A
:100DE8009EE700BF00807BE10080841EC8040021CC
:100DF80040F27F51702002F03DFC40F695117020C2
:100E080002F038FC40F69911702002F033FC40F6ED
:100E18000321702002F02EFC40F64821702002F0D9
:100E280029FC40F63A11702002F024FC40F6D70164
:100E3800702002F01FFC40F2E621702002F01AFC3C
:100E48004FF42461702002F015FC40F6D721702081
:100E580002F010FC2DE9F0413B4D00EB4003064643
:100E68004FEA400895F822202B44002A93F828409E
:100E780014BF0027022701F091FC4FF0200C4FEA25
:100E8800461E05E091F84930A446202B1C4655D053
:100E980005EB44130EEB0401D3F8D02005EB410118
:100EA800D3F8D8309B18121A1B1A22F07F4223F06D
:100EB8007F43B3F5000FE5D8974298BFB2F5000F0E
:100EC800E0D8BCF1200F02D12046BDE8F08108EB44
:100ED80006030CEB4612710104272B4405EB420272
:100EE80093F828E092F84920744683F828200B19D3
:100EF8002246204605EB4303944593F8494083F87E
:100F08004870F4D108EB06032B4493F82AC0BCF1CF
:100F1800200F5FFA8CF713D00F4405EB470787F8CB
:100F280049E00A444644202305EB4202354482F84E
:100F3800493085F82A002046BDE8F0811C46C0E704
:100F480083F829E0EDE700BFC80400212DE9F0414E
:100F580001EB4103494D0C4680462B444F0093F862
:100F68002860202E39D1464B0BB1AFF3008001F039
:100F78001BFC95F84330202B09D010F1020ED5E95F
:100F8800022341F1000C724573EB0C032AD3202E87
:100F980009D042463346FFF711FCC8B3022085F852
:100FA8004360BDE8F081D5E90E23B3F1FF3F08BFE8
:100FB800B2F1FF3F19D195F8403013BB042001F07E
:100FC800A3FC01F029FD2021D5F8CC34002285F8B6
:100FD800431001201A60BDE8F0810846FFF73AFF88
:100FE8008642C0D00020BDE8F08102F0AFF84FF093
:100FF800FF334FF0FF32C5E90E2395F84030002B40
:10100800DCD0052001F080FC002385F84030D5E7CE
:101018003B1906EB4412610104202B4405EB420204
:1010280093F828C092F8492083F82820624613468E
:101038008A189E4205EB420282F8480092F849203D
:10104800F5D13A192A4492F82A60202EF0B211D02C
:10105800084405EB400080F849C03C44194400208E
:1010680005EB4101254485F82A30202381F84930D1
:10107800BDE8F08182F829C0EFE700BFC80400216D
:1010880000000000F8B500221F4C202042F2200387
:1010980000264FF0FF3784F82A0084F8222084F8CD
:1010A800412084F82E20238584F84200C4E9006793
:1010B8004FF0FF364FF0FF37134604F1480184F82C
:1010C8002F20228484F8430084F84020C4E90E6766
:1010D80001F813200133202BFAD101F023FE01255A
:1010E800FF230A4884F8305084F8D03402F040FBDB
:1010F80084F8D10402F09CFBC4F8CC0401F014F984
:1011080084F84450F8BD00BFC80400211D04000144
:101118002DE9F04FC74C85B001F046FB0E46009014
:1011280001F07AFC6368013302D04FF0FF3363604B
:1011380094F82230002B00F01D81637E23B194F8CF
:101148002F30002B40F01081009BD81C46F1000185
:1011580001F052F994F83030002B40F09D810122C3
:1011680084F8302094F84220202A00F09A8194F8DC
:1011780042B0202284F82E305FFA8BFB84F842209C
:1011880084F8432084F82F30236001F0D9FD94F8C7
:10119800418084F8200008EB48035FFA88F923446B
:1011A8004FEA480893F82850202D07D004EB451340
:1011B8006F0193F8E220012A00F0118108EB09077A
:1011C800202DDFF874A24FEA4916274408D0484674
:1011D800FFF740FEA84203D097F82850202DF6D1FB
:1011E800BAF1000F01D0AFF3008001F0DDFA94F8F6
:1011F8004330202B09D010F1020ED4E9022341F12B
:10120800000C724573EB0C03E6D3202D38D02B4627
:101218000122FFF7D3FA002877D006EB0B03022749
:1012280084F8435004EB430393F84820022A50D033
:10123800C844FF22A04484F8312098F82930202B94
:1012480003D094F8D10402F0AFFA94F82030002BC0
:1012580040F0B780022F0BD1009BA068C01A00F0A5
:101268009BFFD4F8C83443B105B0BDE8F04F184728
:10127800D4F8C834002B40F0A98005B0BDE8F08F41
:10128800D4E90E23B3F1FF3F08BFB2F1FF3F07D007
:1012980001F05CFF4FF0FF324FF0FF33C4E90E233B
:1012A80094F84030002B58D10420012701F02CFB82
:1012B80001F0B2FB2022D4F8CC3484F84320002279
:1012C8001A6006EB0B0304EB430393F84820022A49
:1012D800AED108EB09020621224483F8481092F89F
:1012E8002A102029CBB277D0334404EB430383F888
:1012F80049B008EB09035E44234404EB460683F82F
:101308002AB0202386F8493092E7731997F8280005
:10131800042104EB4303024693F8493087F8283048
:101328001346B218AB4204EB420282F8481092F816
:101338004920F5D197F82A102029CAB217D032448B
:1013480004EB420282F8490087F82A30334420220D
:1013580004EB430383F849203EE7052001F0D4FA63
:10136800002384F840309FE701F06EF9F2E687F831
:101378002900E9E74FF40C71206901F05DFEA268CD
:10138800236900999B18E26842F100021B1842F198
:101398000002994276EB0203FFF4CFAE94F8423094
:1013A800082194F8422004EB421204EB4314D2F8CB
:1013B800CC00D4F8C83098474FF46D71702002F013
:1013C80059F901F09BFC0023238443E74FF0FF30D9
:1013D80005B0BDE8F04F184782F829B089E7B3F89F
:1013E800DEA00DF10B0203A9504600F01BFF01F02F
:1013F800A1FC00F07FFF94F84230202B1ED0A36898
:101408002269DD1DE36843F10003AD1843F10003D1
:101418002744D7F8D01007F1D0004268A9429A4172
:1014280024BFC7F8D050436008EB0903234493F85E
:101438002850C3E6C804002100000000009B13F1F7
:101448000B0546F10003BAF1000FE1D0019302F059
:101458003DF8019B0028DBD101F002FE40F2563135
:1014680088420DD040F2F55188420FD0B0F5C67FC2
:10147800019BCDD1009B13F1180546F10003C7E786
:10148800009B13F1270546F10003C1E7009B13F108
:101498003D0546F10003BBE740F2CD31702002F074
:1014A800E9F84FF47471702002F0E4F838B50C468E
:1014B800054601F009FF114991F8413001F1480C46
:1014C8005FFA83FE0CEB831C002302E00133202B20
:1014D80012D01CF81320D8B2002AF7D103EB4E1E05
:1014E800012201EB431301EB4E01C3F8C850C3F8C6
:1014F800CC4081F8482038BD184638BDC8040021C2
:10150800A14A53682DE9F04FC3F3080391B0029044
:101518000491002B40F0128208230393049B1B784C
:10152800012B00F2CB82994C994D25B1002140F254
:10153800FC60AFF30080029B00274FF0010804EB2A
:101548004313D033069325B1002140F20770AFF35F
:101558000080B8F1000F04D18E4B0BB1AFF30080BF
:1015680062B694F84160F6B24FF0000B039B84F822
:1015780031B0002B40F07A81B14625B1002140F20C
:101588001B70AFF3008001F00FF90AAB049A0096C4
:101598000590FFF739F825B1002140F22270AFF32A
:1015A8000080029B4FEA491803EB491A04EB4A0AE8
:1015B8009AF84830013B012B00F2E380059B0A981A
:1015C80023F07F42744F0C9B811A0F4021F07F411A
:1015D800003F18BF0127B1F5000F88BF00271B186F
:1015E8009B1A23F07F43B3F5000F8CBF002707F049
:1015F8000107002F40F0D48009EB490304224FEA89
:10160800490023448AF8482093F82A102029CAB2AE
:1016180000F0D4814244029B04EB420282F8493034
:10162800484498444FF0010B204404EB480880F8E4
:101638002A30202388F8493025B1002140F227704C
:10164800AFF30080554B0BB1AFF30080EFF3108A76
:10165800D04672B625B1002140F22D70AFF300805C
:1016680094F83190B9F1000F7FF46DAF25B1494678
:1016780040F23570AFF300800DF1280EDDF818C088
:10168800BEE80F00ACE80F009EE803008CE80300FA
:10169800BBF1000F00F0EC8125B1002140F242704F
:1016A800AFF30080039B002B00F0EB81C7B194F8E7
:1016B8004230202B14D125B1002140F24770AFF3FE
:1016C800008031460220FFF741FC002840F0E98104
:1016D800049B1978002900F09D81012900F02581DB
:1016E80025B1002140F26470AFF3008094F84130D6
:1016F800DB4303F0010384F84130FF2384F83130E1
:1017080025B1002140F27570AFF30080B9F1020FE6
:1017180000F04881B9F1010F05D1D4F8C83413B1EC
:101728004FF0FF309847BAF1000F04D1194B0BB1B5
:10173800AFF3008062B625B100214FF4F160AFF33A
:101748000080BBF1000F12D094F8413003EB430343
:10175800234493F82930202B09D025B1002140F2E9
:101768008F70AFF3008094F8D10402F01DF825B112
:10177800002140F29470AFF30080584611B0BDE8E4
:10178800F08F4FF0000B57E700ED00E0C804002190
:101798000000000000000000FEFFFF000000000045
:1017A8000DF127030DF1260231460AA8FEF77AFD4E
:1017B8008346002800F099809DF826709DF827C080
:1017C800674500F0D780BCF1200F00F07C8108EB62
:1017D8000C03202F04EB430393F8492000F0028107
:1017E80008EB07034FEA490004EB430393F8491059
:1017F80083F8492007914FF0050A08EB01030A46D0
:101808008E4604EB4303944593F8491083F848A0A7
:10181800F3D100EB0903234493F82AA0BAF1200F6F
:101828005FFA8AFC00F0F180C444079B04EB4C0C7F
:101838008CF8493000EB09034FF0200C4244234454
:10184800674504EB420283F82AE0029B82F849C00C
:10185800434404EB430383F8491040F0958048441F
:10186800029B5F46204480F8283094E09B4B06F1A9
:10187800010A03EB861E0AF0010A03EB8A1CD14613
:10188800BEE80F00ACE80F00BEE80F00ACE80F00A0
:10189800BEE80F00ACE80F009EE80F008CE80F00D0
:1018A80025B1594640F23C50AFF3008006EB46069E
:1018B8000AEB4A0328362833A15BA2199278E15231
:1018C80023449A7055B100214FF4A860AFF300800B
:1018D80025B1002140F21170AFF3008094F8313047
:1018E800002B7FF430AE564647E609EB4903042245
:1018F8004FEA490023448AF8482093F82A102029FF
:10190800CAB260D04244029B04EB420282F84930DA
:1019180048449844BB460027204404EB480880F814
:101928002A30202388F8493086E6002D3FF411AE8E
:10193800014640F25A70AFF3008004E6103B59B2FA
:1019480000295ADB664B5B5C5B090393002B7FF431
:10195800E5AD644C94F84230202B00F0B980049B2C
:101968001B780393002B3FF4DFAD40F2F561702044
:1019780001F080FE202F2BD008EB070304EB430374
:1019880093F849308AF849304744029B04EB4707EB
:1019980087F8493000279844032304EB480888F85F
:1019A800483049E6059BA068C01A00F0F5FBD4F85A
:1019B800C834002B3FF4B7AE9847B4E6029A83F8D0
:1019C800292013462CE6029A83F8292013469FE71C
:1019D80009EB49034FEA4900234493F828308AF871
:1019E80049303CE709EB49034FEA4900234493F89F
:1019F800281083F828200791FDE603F00F03043B25
:101A080013441B7E5B090393A0E7DDF81CC083F831
:101A180029C00FE71DB140F24F70AFF3008094F872
:101A280041300421DDF808E003EB43000EEB4312DC
:101A380020445FFA83FC04EB420290F82A6082F8A3
:101A480048105A01202E4FEA4303F1B232D0114414
:101A580004EB410181F849E0714663440A44BB46FE
:101A6800234404EB420283F82A10202382F84930E9
:101A7800002D3FF458AE002140F27570AFF300809E
:101A880051E69DB1194640F264701E46AFF30080DE
:101A9800FF23314640F2757084F83130AFF300808F
:101AA80041E68146002D7FF41CAE1FE6FF2384F833
:101AB800313038E6714680F829E0CEE740F2F96126
:101AC800702001F0D7FD40F28621702001F0D2FD90
:101AD80040F2F261702001F0CDFD00BF1005002139
:101AE80000E400E0C8040021014B93F8D0047047DB
:101AF800C804002110B5072800F2A880DFE800F02C
:101B08001A4D6878A67E8E04784C94F84230202BC3
:101B180000F0CB8094F84220052194F8423004EB81
:101B2800431304EB4214D3F8CC00D4F8C830BDE812
:101B3800104018476D4CD4E90E23B3F1FF3F08BF9E
:101B4800B2F1FF3F00F0AA80E38A002B40F08380C7
:101B580094F84230202B00F09280FF23616884F8CB
:101B68002F304B1C05D0052000F044FE002800F063
:101B7800B880637E012B00F0858094F84230012103
:101B880094F8422004EB421204EB4314D2F8CC0040
:101B9800D4F8C830BDE810401847544C94F8423087
:101BA800202B69D0012384F82E3001F08FFC002807
:101BB80000F08880D4E90E23B3F1FF3F08BFB2F1EB
:101BC800FF3F52D094F84230002194F84220D9E7E0
:101BD800464C01F093F8E38A1BB101F077FC00282A
:101BE80075D001F0B7F810B1012384F8213010BD89
:101BF8003E4B0122D3F8CC341A6010BD3B4C94F80C
:101C0800403093B1D4E90E23B3F1FF3F08BFB2F1DE
:101C1800FF3F50D0002384F8403010BD334BBDE85F
:101C2800104093F8D00401F0BFBD94F84230202B47
:101C38003ED04FF0FF3294F82F306260002B4BD02B
:101C480094F84230062194F842209BE740F673014D
:101C5800702001F00FFD01F039FC00287FF478AF07
:101C680040F62C01702001F005FD01F0FFF900F0AD
:101C78009BFDC4E90E01A5E7FEF7D8FA92E7FEF747
:101C8800D5FA6AE7D4E902312069013B41F1FF3115
:101C9800181841F1000100F06DFC6EE701F0E6F95B
:101CA80000F082FDC4E90E014EE7FEF7BFFA31E706
:101CB800FEF7BCFABDE701F0D9F900F075FDC4E9FB
:101CC8000E01A7E740F65601702001F0D3FC4FF44F
:101CD8000661702001F0CEFC40F64801702001F04A
:101CE800C9FC40F63101702001F0C4FCC804002191
:101CF8000C4B93F84220202A0DD093F8420004217F
:101D080093F8422003EB421203EB4013D2F8CC00C5
:101D1800D3F8C830184740F67F01702010B501F09D
:101D2800A9FC00BFC804002170B53A4C82B094F8F1
:101D38004230202B68D06368013356D194F8425062
:101D4800064604EB4515D5F8D00020F07F4000F09A
:101D580023FAB5F8DE2095F8DC10531C2E4A0B4404
:101D68009042034429D893422CDC002B1FDB3344D8
:101D78002A4A964243DC2A4A96423BDD264A934247
:101D880023DC002B2EDB18460DF1030201A900F01D
:101D980049FA9DF80320019994F82F300F2A88BF3B
:101DA800013121F07F41616093B902B070BD1D4AD5
:101DB8001A44194993198A42DAD940F27F5170209E
:101DC80001F058FC184A1A44F3E717481844DBE7AF
:101DD800052000F00FFD0028E7D140F6BD21702056
:101DE80001F048FC0F481844CEE740F6B6217020B1
:101DF80001F040FC40F28151702001F03BFC4FF4AF
:101E0800B061702001F036FC40F6B521702001F079
:101E180031FC00BFC8040021FF7F841E0040420F30
:101E2800FFBFBDF00080841E00807BE110B50A4C26
:101E380094F8443063B194F8D034FF2B01D00020DB
:101E480010BD01F095FC0346002084F8D03410BD85
:101E58006FF0220010BD00BFC804002138B50E4B3A
:101E680004460BB1AFF30080EFF3108572B606207D
:101E7800214600F0BFFC044625B9084B0BB1AFF36F
:101E8800008062B604B138BD054B93F8D004BDE8B4
:101E9800384001F089BC00BF0000000000000000CD
:101EA800C804002100F07ABC254A10B592F84230E7
:101EB800202B3FD092F8423092F84110DCB292F8D1
:101EC80041E001EB41015FFA8EFE114491F82830A0
:101ED800202B22D04FEA4E1E06E0734402EB430348
:101EE80093F84930202B18D002EB431191F8E0C049
:101EF8008445F2D802EB4413D3F8D040D3F8D80085
:101F0800D3F8D4300019D1E9344143F100038442B5
:101F180071EB030304D2002010BD4FF0FF3010BD59
:101F2800201A146800F038F904F174038342F2D8D7
:101F3800001B10BD40F60831702001F09BFB00BF6C
:101F4800C80400212DE9F04F914C87B094F8423035
:101F5800202B00F0188194F84250814694F84130C3
:101F68000DF1130220688B4603EB430305A948448F
:101F7800EDB2234493F82870A3680393236902936E
:101F880000F050F9A9F17402824B9A4262D804EB2E
:101F98004511059BD1F8D020D1F8D8009B18D4E979
:101FA80002561818401B20F07F43B3F5000F51D894
:101FB80094F84120202F20615FFA82FA84F818B043
:101FC80000F0D78020218846594604EB471C401969
:101FD8004FEA471B46F10006DCE9342382420192AE
:101FE800B3414FD3BCF8DE300BB1E38AB3B305205D
:101FF800CDF8048000F088FC019994F841004FF076
:10200800FF332029C0B2636040F0B18000EB40008C
:102018002027204490F8282094F8411094F8423062
:1020280003EB411304EB430383F8492023684B4433
:102038002360637EFF22012B84F8312000F0888022
:10204800202F40D094F8D10401F0AEFB002007B057
:10205800BDE8F08F012007B0BDE8F08F01F000F86F
:1020680040F25633019A984221D040F2F5539842F3
:102078001BD0B0F5C67F14BF01230E23521B934219
:10208800B5DD217EA3449BF8E0308B4211D907EBE4
:102098004A1304EB430393F84930202B17D0B84672
:1020A800A5681F46D4E903608FE73323E6E71D23BD
:1020B800E4E7DDE9023202209B18A2689B1A23613B
:1020C80007B0BDE8F08F002007B0BDE8F08F05200D
:1020D80000F01AFC94F841004FF0FF33C0B263607F
:1020E80000EB40034FF0050C07EB401223444FEA86
:1020F800400E04EB420293F82880450192F84920EB
:1021080083F828204246AB181146164604EB4303D1
:102118008F4293F8492083F848C0F4D10EEB0003AE
:10212800234493F82AA0BAF1200F5FFA8AFC1BD047
:10213800AC4404EB4C0C8CF84980294470442023AF
:1021480004EB4101204481F8493080F82A6063E7B4
:10215800D4E902322069013B42F1FF32181842F1FA
:10216800000100F007FA6BE783F82980E5E70F46DE
:10217800B6E7052000F0C8FB4FF0FF3394F84100A4
:102188006360C0B242E740F63531702001F072FA60
:10219800C80400218C3F420F43F60952C0F30803DC
:1021A800400A02FB03F302FB00F003F5807300EB27
:1021B800532070470346C0F30800C3F34E221B0E9A
:1021C80043EA0123090E10B54FEA411C43F60954AE
:1021D8004FEA431E4CEAD36C04FB00F0BEEB030E3F
:1021E80004FB02F200F580706CEB010402EB502056
:1021F8004FEA841C4FEA8E124CEA9E6CB2EB0E0238
:102208006CEB040C4FEACC0C4CEA527CD200D3188D
:1022180041EB0C01DA03C903801841EA534141F14B
:10222800000110BD48F2376C430B0CFB03F300B5FB
:102238004FEA134C43F6095E0F4B0EFB1C0000FBE4
:1022480003F35B0D0EFB03FE03EB4C2343F6085C24
:10225800F444B0EB5C2F08D80EF5807E0B60A0EB41
:102268005E20C0B210705DF804FB013300200B60E3
:1022780010705DF804FB00BF6F0C010030B585B02D
:102288001C461546194A03AB009302AB01F018FB34
:10229800039A48F2376343F6095C510B43F6085E2C
:1022A80003FB01F10B0C12490CFB132000FB01F19D
:1022B800490D0CFB01FC01EB4321E644B0EB5E2F1A
:1022C80011D80CF5807CA0EB5C20C0B2089B18707C
:1022D80002980306000A5B1840F100002360606062
:1022E8002A6005B030BD01310020EFE70080841E70
:1022F8006F0C010048F23761420B43F6095C094B49
:1023080001FB02F2120C0CFB1201500201FB033319
:10231800013B5B0D0CFB03FCB1EB5C2F88BF01306C
:10232800184470476F0C010030B42E4B4FF0FF3447
:102338004FF0FF35002204212B481A701A6199705A
:10234800C3E902454FF48055C0F88050BFF34F8F62
:10235800BFF36F8F01211A754FF40034C0F8805114
:10236800224B4FF0FF355960C3F80853C3F8402596
:10237800C3F84021C3F84425C3F84421C3F84825CD
:10238800C3F84821C3F84C25C3F84C211961C0F89B
:102398008040BFF34F8FBFF36F8F154AC0F880415D
:1023A80051609160D2F80435002BFBD111494FF4EC
:1023B80000340D48C2F80813C2F848134FF482716C
:1023C800C2F84031C2F84431C2F84831C2F8043189
:1023D8000123046013600223C2F84413C2F80433D3
:1023E80030BC7047A009002100E100E000C00041B6
:1023F8000010014102000700F8B5564C2378012B64
:102408002CD0554A0625C2F808558BBB534A4FF4C1
:102418004035C2F84853C2F80853C2F84031C2F8F0
:1024280044314E4A4FF48037002520F07F4CC2F8E3
:102438000873C2F84873C2F84051D2F80465ACEB8F
:10244800060626F07F45B5F5000F02D8444D2E420A
:1024580019D140F2B2316C2001F00CF9D4E90252E2
:102468008A4208BF85426ED03B4A0625C2F8085505
:102478003A4A4FF40035C2F84853C2F808530025C9
:10248800C2F84451CDE7C2F840C5C2F844732BB135
:10249800A668D2F80435F31A2B42FAD00125002297
:1024A800304E4FF48057A561A270C6F88070BFF314
:1024B8004F8FBFF36F8F2C4B4FF0FF3CC6F88071E6
:1024C80022755D60C3F808C3C3F84025C3F84021EE
:1024D800C3F84425C3F84421C3F84825C3F8482164
:1024E800C3F84C25C3F84C211D61D3F8042522F00C
:1024F8000302C3F80425D3F8082522F0030242F0AA
:102508000202C3F80825102292FAA2F2B2FA82F265
:10251800092A19DCC3F81025A060DD60A069E16014
:1025280040F20141C3F80002104A0C48C6F8807115
:102538003760C0F8C021A0F50050C3F880200423FC
:10254800C0F804352180F8BD40F25531084801F043
:1025580087F800BFA009002100F0004100100141E8
:10256800FEFFFF0000E100E000C000410200008023
:10257800FC480101F8B52E4C94F800C0BCF1020FDC
:10258800D4E9025344D08B4208BF85424AD0237D08
:10259800002B42D0274B0626274A4FF48037C3F832
:1025A80008650023C2F8087320F07F4EC2F848730C
:1025B800C2F84031D2F80435AEEB030323F07F466E
:1025C800B6F5000F02D81D4E334204D14FF4747192
:1025D8006C2001F04FF8C2F840E5C2F84473BCF132
:1025E800000F04D0D2F80435EB1A3342FAD0A060B9
:1025F80040F20242124B104D1248E160C5F8C0315A
:102608000C49C0F88C300223C1F804352280F8BD8B
:102618008B4208BF8542BAD1F8BD4FF471716C2066
:1026280001F028F84FF470716C2001F023F800BF16
:10263800A009002100F0004100100141FEFFFF0049
:102648000100008000C00041F8B5464C23787BB9F2
:10265800454A4FF44031C2F84813C2F80813C2F88B
:102668004031C2F8443140F2DB316C2001F002F80D
:102678003D4A4FF400300021022BC2F84803C2F84B
:102688000803C2F84411EED1EFF3108572B6D2F800
:102698000405D2F8043153B1236901332361C2F828
:1026A8000411D2F80405D2F80431002BF4D12269C0
:1026B800002D38D04FF0807503230021E2FB05314F
:1026C8001818D4E9025741F100018F4208BF85422A
:1026D80013D0254B254ED3F804252B46AA1A1640AD
:1026E80066B122F07F42B2F5000F07D8FFF784FEEB
:1026F800A3691F4AC2F80032F8BD03461A491D4AA9
:10270800D1F804051B1A1A4022B123F07F43B3F510
:10271800000F0AD9012200211346A261144AA170B0
:10272800C2F80032F8BD62B6C4E713480222A560B9
:102738000123E7600026C0F80825104D0C4AA36164
:10274800A6705360D360C1F8C0510421C2F880500C
:1027580040F20142C0F804152280054AC2F800324E
:10276800F8BD00BFA009002100100141FCFFFF00D7
:1027780000C00041FEFFFF0000F0004102000080A1
:10278800014BD3E902017047A0090021024B00F573
:10279800A87053F82000704700100141014BD3F88E
:1027A800040570470010014130B4EFF3108572B68C
:1027B8000E4A0F49D2F80405D2F804315BB100245F
:1027C8000B6901330B61C2F80441D2F80405D2F851
:1027D8000431002BF4D10B6905B962B600214FF022
:1027E800807230BCE3FB0201704700BF001001415A
:1027F800A0090021032870B525D83E4BD3E9024231
:10280800B2F1FF3F08BFB4F1FF3F4DD01A78022A5A
:1028180058D0394D82000123103003FA00F602F136
:1028280040002A44C5F808634351D2F84045A1EB5B
:10283800040C2CF07F4CBCF1020F3DD80023184645
:10284800C2F8403570BD031FDDB2022D47D8294BB1
:102858001A7812B15B78834246D04FF48034AA00CC
:10286800264B0020AC4002F5A072C3F80843C3F819
:102878004843D050D3F80405214A081A024020F0F2
:102888007F40B0F5000F8CBF00200120002A08BF50
:1028980000200028D6D005F5A87543F82510C3F800
:1028A8000443C3F8444370BD1A7D002AAED14FF4E7
:1028B80086616C2000F0DEFEC2F840151846C5F8A7
:1028C800046370BD5C780F4A231F032CDBB24FEA08
:1028D80083031A449DD91368002BFCD099E740F272
:1028E80054416C2000F0C6FE4FF48A616C2000F061
:1028F800C1FE00BFA009002100C000410010014135
:10290800FEFFFF0040110141032810B582B014D822
:1029180000F1100482000121384B02F5A07200F585
:10292800A870A1400024C3F8081343F82040D450ED
:10293800D3580093009B02B010BD031FDBB2022BDB
:1029480056D82F4A1178E1B94FF480312D4A03F552
:10295800A87099409B00C2F80813C2F8481352F8AF
:102968002000D2F804452849001B014019B1002075
:1029780003F5A0718850254A9B580193019B02B02A
:1029880010BD54788442DFD1214806240129C0F8BB
:10299800084508D000244FF0FF304FF0FF31147085
:1029A800C2E90201D0E71B484FF48054C0F88040C8
:1029B800BFF34F8FBFF36F8FC0F880414FF0FF34E4
:1029C8000E484160C0F808430024C0F8404514751B
:1029D800C0F84041C0F84445C0F84441C0F84845F3
:1029E800C0F84841C0F84C45C0F84C410161D1E7F6
:1029F80040F2E2416C2000F03DFE00BF00C0004103
:102A0800A009002100100141FEFFFF004011014113
:102A180000F0004100E100E0174B1B780BBB174AA0
:102A28004FF44031C2F84813C2F80813C2F84031D5
:102A3800C2F84431124B00224FF0FF31C3F808139B
:102A4800C3F84025C3F84021C3F84425C3F84421FE
:102A5800C3F84825C3F84821C3F84C25C3F84C21CE
:102A68007047064B4FF400320021C3F84823C3F8DF
:102A78000823C3F84411DDE7A00900210010014133
:102A880000C0004108B53C4BD3F80423D00303D55C
:102A9800D3F84021002A3AD1374BD3F804239103C5
:102AA80003D5D3F84421002A4BD1334BD3F8042360
:102AB800520302D5D3F8482182B92F4BD3F8042109
:102AC80032B12E4A0021C3F804111369013313618E
:102AD8002B4B4FF40032C3F8802108BD002229494E
:102AE800C3F84821D3F84825D3F80435D31A194038
:102AF80021B123F07F43B3F5000FDED91E4B4FF40D
:102B080080220620C3F80823FEF7F4FFD5E7002249
:102B1800C3F84021D3F84025D3F80435D31A23F05D
:102B28007F42B2F5000F03D8164A1A40002AB3D1E3
:102B3800114B4FF480320420C3F80823FEF7DAFF64
:102B4800AAE70022C3F84421D3F84425D3F8043572
:102B5800D31A23F07F42B2F5000F03D8094A1A406E
:102B6800002AA2D1044B4FF400320520C3F80823F1
:102B7800FEF7C0FF99E700BF00100141A00900213E
:102B880000E100E0FEFFFF0030B5594C85B0A378A6
:102B9800042B32D023785BB1012B00F0A180237D78
:102BA800002B00F09F80022360782370FFF7ACFEB3
:102BB800504BD3F80423150302D5D3F84C2112BB8C
:102BC8004C4BD3F80423500303D5D3F84821002AEB
:102BD80034D1484BD3F80423910303D5D3F84421C7
:102BE800002A46D1434BD3F80423D20303D5D3F8A4
:102BF8004021002A58D105B030BD072005B0BDE8F6
:102C08003040FEF777BF00224FF400203A49C3F85E
:102C180008030320C3F84C25C3F84C21D3F84C31E2
:102C280000934FF48053009AC1F88031FEF762FF99
:102C3800304BD3F804235003CBD5C6E700224FF41A
:102C480080202D49C3F808030220C3F84825C3F89B
:102C58004821D3F8483101934FF48053019AC1F8C1
:102C68008031FEF747FF234BD3F804239103B9D5EE
:102C7800B4E700224FF400301F49C3F808030120CD
:102C8800C3F84425C3F84421D3F8443102934FF4E0
:102C98008053029AC1F88031FEF72CFF154BD3F808
:102CA8000423D203A7D5A2E700204FF48031124AAB
:102CB800C3F80813C3F84005C3F84001D3F840111E
:102CC800A06103914FF48051039DC2F88011042242
:102CD800A270C3F8000205B0BDE83040FEF70ABF95
:102CE800237560E740F269516C2000F0C3FC00BF17
:102CF800A009002100C0004100E100E0074B93F962
:102D08000030002B09DB5A09012103F01F03044896
:102D1800403201FA03F340F822307047BC09002121
:102D280000E100E0024B00221A705A80704700BF91
:102D3800C0090021014B5888704700BFC009002115
:102D4800034B1878023801288CBF002001207047F7
:102D5800C0090021034B1878A0F10300B0FA80F0F5
:102D680040097047C0090021BFF35F8F024A1378FA
:102D780003F0FE0313707047C4090021064B1A784C
:102D8800D20707D41A7842F001021A70BFF35F8F96
:102D98000120704700207047C409002108B5FFF7DB
:102DA80081F80A4A034652685069C31A1B02B3F5F0
:102DB800407F03DBBDE80840FFF750B8FFF7D4FFBA
:102DC800FEF792FEBDE8084000F0EEBCC409002101
:102DD80070B40E4D6B6823B96860C36170BCFFF7AF
:102DE800DDBF46691A4600245169711A0902FF318C
:102DF80009DBD169144621B9E369C361E06170BC9C
:102E080070470A46F0E79342F6D1E5E7C409002186
:102E1800074A5368834203D1DB69536070471346FE
:102E280023B1DA699042FAD1C269DA61704700BF0A
:102E3800C40900212DE9F0413A4FFFF733F8014664
:102E48007C68002C6BD0FFF799FF804630B9C81C0E
:102E580020F07F40BDE8F041FFF700B87B68586973
:102E6800411A0902B1F5407F21DA2F4E2046FFF7BB
:102E7800CFFF257C05B36369013D03F58003257405
:102E8800002523F07F436361FFF7A2FF7C6854B1FC
:102E9800FFF708F803466069C31A1B02B3F5407FC1
:102EA80036DBFEF7DBFFBDE8F041FFF75DBFFFF75C
:102EB8005BFF7B685869CDE7A069C8B1B042217A49
:102EC8001DD9B0FBF6F506FB1505002D08BF3546E4
:102ED800284602F0AFFA6369184420F07F40606129
:102EE800A069401BB0FBF6F020742046FFF770FF86
:102EF800FFF73AFF2046E36845469847C6E702F0E1
:102F080099FA63692574184420F07F406061ECE702
:102F1800002DABD0FEF7E8FD00F046FCC3E7BDE8A6
:102F2800F08100BFC40900210020A1070148FEF775
:102F38007DBF00BF3D2E00012DE9F04105468846C2
:102F4800FFF71CFF00286ED04DB3384B5E6816BBE8
:102F580010223146A81800F009FDFEF7A3FFB8F1CA
:102F6800010F074621D018F0FD0F57D12B7A2C6896
:102F7800002B4BD03D2C4CD8B8F1020F4FF03F043A
:102F880000D1AC61297A204602F054FA074427F0B0
:102F98007F476F6133E0B54201D0F669D7E76FF03C
:102FA8001500FFF7E1FEBDE8F0812868DFF88080B2
:102FB8004045F4D8297A02F03DFAC01B0302E6D452
:102FC8003846FFF7E9F82C68844238BF4444241A8D
:102FD800DFF860804445D5D9297AB4FBF8F608FBB8
:102FE8001646002E08BF46463046A61B02F022FAB7
:102FF8000744B6FBF8F627F07F472E746F61284622
:10300800FFF7E6FE0020FFF7AFFECCE75D2C38BFE8
:103018005D24B8F1020FDBD1AC61D9E74FF4B2718E
:103028006E2000F027FB6FF02200BCE7C4090021E6
:10303800E17F841E0020A10708B50B4659B148B1AD
:103048004FF0FF31054A8C46E0FB03C1604600F0B3
:10305800F3FB013008BD0846FCE700BF40420F0003
:10306800014B5888704700BFCC09002110B5EFF319
:10307800108472B6064A93790133DBB2937193795F
:10308800012B01D100F008FA04B962B610BD00BFE7
:10309800CC09002170B50B4C26785EB90125A060DB
:1030A8002570FFF7E3FF00F011FA28B9064B2573E6
:1030B800C3F80453002070BDA368002BFAD09847CA
:1030C800A660F7E7CC0900210050004108B5FFF7DA
:1030D800CDFF00F0FBF9084A084B30B1012111611E
:1030E80004225A7300229A7308BD032159730121DF
:1030F800C2F80413F6E700BF00500041CC090021D4
:1031080038B5114CE37BB3B1A27B013B9A4212DA8A
:1031180000F0DCF9054600F0EDFAE37B012B82BFF5
:10312800A37B0133A37355B12369C31A0133022B5F
:1031380009D935B12061BDE83840FFF7C7BF6369D9
:10314800F3E76061F7E738BDCC09002110B5EFF36C
:10315800108472B60A4B9A7922B940F219116D207F
:1031680000F088FA9A79013AD2B29A719A791AB922
:103178001B7E0BB900F096F904B962B610BD00BF0A
:10318800CC09002108B5054B1A7822B100221A7320
:103198001A70FFF7DBFF002008BD00BFCC09002133
:1031A80070B51B4C637E7BB9E06900F0030000F04A
:1031B800B5F948B1FFF7BAFE30B9EFF3108372B62C
:1031C800627B12B103B962B670BD0122627303B9A2
:1031D80062B600230F4D8026C5F80863C5F81C3178
:1031E80084F82030FFF772FF94F8443002210A4A2D
:1031F8000A48534363620A4B2363FFF79DFE20B1DD
:1032080040F24B216D2000F035FAC5F80463DBE786
:10321800CC0900210050004190D00300F0090021A2
:1032280009310001F8B5264C94F84530002B45D0FB
:10323800244BD3F80071D3F8046157B10122C3F8C5
:103248000823237B2BB10025A36825730BB198476E
:10325800A5601C4D3EB10023C5F804310223C5F812
:103268000833FFF79DFFD5F81C3194F82060F6B2BB
:1032780037B1627B032A01BF0422627301222A61EB
:103288007BB1104B0022C3F81C21637B042B04D0B4
:103298004FF4E4716D2000F0EDF902236373FFF73A
:1032A80055FF5EB1002384F82030637B022B01D1E7
:1032B800FFF70CFFBDE8F840FFF748BFF8BD00BFB7
:1032C800CC0900210050004110B5044CE06900F021
:1032D800030000F023F90028F8D010BDCC09002124
:1032E800F8B5054650B10278022A07D8437842B9A2
:1032F800013B1F2B02D88378212B07D96FF01500CB
:103308006AE0002BFAD18378002BF7D15E4B20229C
:10331800C3F88020BFF34F8FBFF36F8F5B4EC3F8A6
:1033280080214FF0FF335A4CC6F808330023C6F803
:103338000031C6F80431C6F81C31A371AB88A380EC
:1033480000F0D4F810B101232370A371D6F80C341F
:10335800D6F80C24D70303D5DE0701D500F0B0F862
:1033680040F2F553AA78697863800123E27300225A
:10337800E3612B7884F84410012B6376A2732CD078
:10338800022B2DD0002B38D100F0B8F800283ED001
:1033980000F0BCF8E36903F00303984237D1AB7936
:1033A80083BBFFF791FFE37B63B12B7853B900F040
:1033B8008DF8054600F09EF96FF00043002D60D0AF
:1033C800C4E9040301232022002084F845302E4B51
:1033D8006073C3F880211A60F8BD0223E361D3E764
:1033E800FFF744FE294BD3F80C24D3F80C14C80378
:1033F800F9D5D107F7D50323F0E740F23D316D2029
:1034080000F038F9214B0222C3F80423CBE71F4B05
:1034180001220021DA60C3F80411217FC3F81815CE
:103428009A600222C3F80423AA79002ABBD1D3F8F0
:103438000423920702D44FF43E71E0E7154A176956
:10344800116907F0100741F010011161D3F8043138
:103458000BB902F001F80D4ED6F8043173B1FFF73D
:1034680033FF27B90B4A136923F0100313610223B2
:10347800C6F808330023C6F8043194E701F0EBFFDF
:10348800EAE7C4E904309DE700E100E000500041AC
:10349800CC09002100ED00E0014B01221A607047C1
:1034A80000500041044A012353600023C2F8003150
:1034B800024A1370704700BF00500041130A0021F0
:1034C800014B01221A707047130A0021054BD3F8EB
:1034D800003123B9044B187800F00100704701202F
:1034E800FAE700BF00500041130A0021024BD3F84D
:1034F800080400F00100704700500041024BD3F867
:10350800140400F00100704700500041024BD3F84A
:103518001C0400F00300704700500041074B0246AE
:10352800D3F81814D3F8180410F4803005D0D0B2AA
:1035380001F003031B1A58425841704700500041DC
:10354800BFF34F8F0549064BCA6802F4E062134384
:10355800CB60BFF34F8F00BFFDE700BF00ED00E079
:103568000400FA05094B01225A604FF0FF32C3F8F4
:1035780008234FF48032064BC3F88020BFF34F8FE7
:10358800BFF36F8FC3F88021704700BF000001416F
:1035980000E100E010B5134900230122124CC1F8E4
:1035A800FC3FC1F8FC2FDA00013302F1FF7202F58B
:1035B8008032D2F800032040884202BFD2F80003CC
:1035C800D2F804230260202BEDD1084B4FF480720F
:1035D800C3F88020BFF34F8FBFF36F8FC3F88021EC
:1035E80010BD00BF0080004100F0FFFF00E100E0D7
:1035F800F8B5194E05460C46174633784BBB01F013
:1036080007FF164B7760002D08BF1D463472FFF781
:10361800C1FF2846FFF7A6FFFFF762FE0546B0B9CF
:10362800FDF730FDFFF7BCFD01F0F3FE002C0CDBCD
:1036380004F01F0264090123A400934004F16044CC
:1036480004F56144C4F880312360012333702846AF
:10365800F8BD4FF0FF35FAE7140A0021D046010102
:1036680008B572B6024B5B6803B19847FFF768FF6D
:10367800140A00211FB572B6134B5D688DB9FFF7A8
:103688005FFFB4FBF6F4D3B20132002CF9D103F199
:1036980010026A4402F80C4C0A2233B901A8A84760
:1036A800EDE7044600220A26EDE7013BDBB203F111
:1036B80010040DEB0406B0FBF2F402FB14003030EA
:1036C80006F80C0C2046E8E7140A0021074B93F98A
:1036D8000830002B09DB5A09012103F01F0340328F
:1036E80001FA03F3024941F822307047140A002115
:1036F80000E100E01B4B4FF4803270B5C3F8802026
:10370800BFF34F8FBFF36F8F174D0021174CC5F8CC
:103718000011C3F880212669236906F0100643F0DA
:10372800100323610123C5F804332B60D5F8003159
:10373800A3B11EB9236923F0100323610A4B0122A8
:10374800D3F808055A60C3F808230022C3F80021FB
:103758004FF48032034BC3F8802170BD01F07BFE2B
:10376800E4E700BF00E100E00000014100ED00E0F7
:1037780002460C49052038B50138C0B2FF2803D1EC
:1037880048216920FFF776FF01EBC0031D7905F09A
:10379800FF04002DF0D141F8302001225C719C71AA
:1037A8001A7138BD200A0021042808B503D9582108
:1037B8006920FFF75FFF094B03EBC0000379012B7A
:1037C80001D05921F4E7437982790133DBB29A4277
:1037D80018BF4371BDE80840FFF778BF200A0021F1
:1037E80070B50625114C0026013D15F0FF0500D1E6
:1037F80070BD94F8281004EBC1031A79012A09D185
:1038080058799A79904205D05A79D2B29A7154F877
:103818003130984794F828300133DBB2042B94BF39
:1038280084F8283084F82860DEE700BF200A0021E9
:103838000048704700070841914270B53BD2B2FA80
:1038480082F33BB1C3F1200499409A4020FA04F472
:1038580098402143160C1FFA82FE030C85B2B1FB77
:10386800F6FC06FB1C14240404EB10400CFB0EF4BD
:10387800844206D9201A90428CBF02200120ACEB6A
:10388800000C03EB01410CFB12114FEA0C4CB1FB8D
:10389800F6F006FB101100FB0EFE05EB01418E450C
:1038A80006D9AEEB010E96458CBF02220122801A82
:1038B80040EA0C0070BD79219620FFF7DBFE00BFBF
:1038C8008A422DE9F8434CD9B2FA82F4002C3DD152
:1038D800964681464FEA1E481FFA8EF64FEA19446B
:1038E8001FFA89F7B1FBF8FC08FB1C152D0405EB42
:1038F80019450CFB06F9A94509D9A9EB0509CE45D7
:1039080034BF4FF002094FF00109ACEB090C04EB8E
:1039180001410CFB1E114FEA0C4CB1FBF8F408FBFB
:10392800141104FB06F607EB01418E4205D9761AFD
:10393800B64534BF02260126A41B4CEA04041C60C9
:1039480004FB1202089B1A60BDE8F883C4F1200545
:10395800A14000FA04F902FA04FE20FA05F5294309
:10396800B8E779219620FFF785FE00BF2DE9F041E1
:1039780084075FFA81FE5FD0002A59D0034601E030
:10398800002A55D003F801EB990702F1FF32F7D16D
:103998004EEA0E24032A44EA04443ED9151FC3F311
:1039A8008001AE08172D06F1010647D9984600296F
:1039B80040D048F8044B771A03EB810C79080CEBDC
:1039C800C101CCE900440CF1080C6145F9D127F09C
:1039D800010C08EB8C016745CCEB8C7805EB88056E
:1039E80017D02F1F0C60032F13D9A5F108074C60BF
:1039F800032F0ED9A5F10C078C60032F09D9A5F167
:103A08001007CC60032F04D9143D0C61032D88BF27
:103A18004C6102F0030203EB86034AB1013A83F8D2
:103A280000E005D0012A83F801E018BF83F802E01E
:103A3800BDE8F0811546BEE70346A9E719461546D5
:103A4800CFE700BF014B1B681B6818470000002127
:103A5800014B1B685B68184700000021014B1B687D
:103A68009B68184700000021014B1B681B69184719
:103A78000000002138B5174C0320FEF715FA032182
:103A88002568854228BF05462846FEF75BFA30B10F
:103A9800012819D04FF4A7716B20FFF7EBFD2368BD
:103AA800E068AB4206D1FEF73FF9E26823681344A9
:103AB800E36038BD054460890123281AE560237452
:103AC800BDE83840FEF730B963892074E068C01A51
:103AD800F6E700BF500A002108B50C4B1A7802F02F
:103AE800FF0312B15A1E1A4203D0E0216B20FFF7E0
:103AF800C1FD19B1034207D1E521F7E723EA000325
:103B08009B0601D1E921F1E708BD00BF04000021AF
:103B180008B501220C4B02211A764FF4403293F873
:103B280030001A621A68DA615A689A62074A117094
:103B380003F11801FDF7E4FC20B94FF483716B2001
:103B4800FFF798FD08BD00BF500A002104000021BE
:103B580070B5EFF3108572B6264C002394F83160E7
:103B680084F83130012E06D0022E1DD0002E3BD114
:103B780085F3108870BD85F3108894F8323003F00F
:103B8800FF0123B140F25B116B20FFF773FD142096
:103B9800FFF7A2FF184B84F832601B78012BE9D19C
:103BA800BDE87040FFF7B4BF94F8322012B94FF463
:103BB800B671E9E7104984F832300B78023BDBB282
:103BC8001E2B0ED8012202FA03F30C4A1342CFD15E
:103BD80044F20402134204D020230B70FDF798FA34
:103BE800C6E74FF4C471CFE785F310884FF4D77157
:103BF800CAE700BF500A002104000021410000402C
:103C080070B5144C94F8335025B140F28D216B20D7
:103C1800FFF730FD104B01264FF4C85284F832509C
:103C28001E700E4B0E48C4E900230E4BA360FFF72D
:103C38009FFD294684F834000B48FDF737FC2028FF
:103C480084F8300002D14FF42771E0E784F833603C
:103C580070BD00BF500A002104000021FF3F420F41
:103C6800593B00010500B700D13D000108B5104BD4
:103C780093F8332022B94FF43F716B20FFF7FAFC19
:103C8800EFF3108172B693F8312022B1012A0DD0DA
:103C98004FF44371F1E7022283F8312001B962B68B
:103CA80093F83400BDE80840FFF77EBD0022F3E733
:103CB800500A00210B4B93F8333010B523B940F26A
:103CC8001B316B20FFF7D6FCEFF3108472B6064B5E
:103CD8001A78102A03D108221A70FDF719FA04B9C4
:103CE80062B610BD500A002104000021114B10B526
:103CF8001B78042B1BD1104B1A7C1AB95A891868E7
:103D0800801A10BDFEF74AFD04460120FEF73EFD6D
:103D180001380A4B001B000248BFFF30001220EA9E
:103D2800E07080FB0303C00B40EA4340E9E7002052
:103D3800E7E700BF04000021500A002140420F00BD
:103D480038B5144C94F8333023B940F2D1216B20A4
:103D5800FFF790FCEFF3108572B694F8313023B179
:103D6800022B0DD04FF43971F1E7012384F831307B
:103D780005B962B694F83400BDE83840FFF714BDC1
:103D8800054B00221B7884F83120042BF0D10CF06D
:103D980061FEEDE7500A00210400002108B5094B37
:103DA80019781029CAB207D0202A05D0042A04D1CC
:103DB80010221A700CF05EFE08BD40F2CD116B2087
:103DC800FFF758FC0400002110B50C46FEF7E6FC8E
:103DD800611E06293AD8DFE801F004444428235735
:103DE800500001210220FFF777FE2B4B2B4A93F856
:103DF800321079B1042111701A68DA6000221A743D
:103E080093F83130022B01D00CF024FEBDE81040AD
:103E1800FFF730BE20231370BDE81040FDF778B9D6
:103E280040F215216B20FFF725FC1B4B93F832203D
:103E380062B11A4A1278042A09D11B7C012B03D1DA
:103E4800174BD3F844311BBB06F02EFE10BD154BA3
:103E58004FF48072C3F88020BFF34F8FBFF36F8F8A
:103E6800F4E701210220FFF737FE0B4B93F83230BD
:103E780033B1BDE81040FFF74BBE01212820F2E71F
:103E8800064B01221A70E1E7034B1B7C012BBDD1C5
:103E9800BDE81040FFF782BF500A0021040000214E
:103EA8000010014100E100E0014B01229A777047C0
:103EB800880A002100207047074B1A684AB95A68D7
:103EC8003AB99A682AB9D868003818BF0120404220
:103ED80070474FF0FF307047F00A0021104B1A6806
:103EE80010B5CAB9DA6DBAB95A68AAB91C6E9CB9C4
:103EF80093F83C200AB9002010BD93F864200121F2
:103F080093F8483002F1824202F520421160002BFA
:103F1800F1D001F003F8EEE74FF0FF30ECE700BF17
:103F2800340B002138B5114C2368E3B9D4F890302C
:103F3800CBB96368BBB9D4F88C50A5B994F8703084
:103F480023B101F009F8284601F0F6F894F83C008E
:103F580040B194F889300122002003F1824303F52F
:103F680020431A6038BD4FF0FF30FBE7AC0B00214F
:103F78004FF0FF307047000070B50C46054688B119
:103F8800037823B1012B1CD06FF0150018E01F49EE
:103F98000B6991F83F2091F8241000F055FE78B98C
:103FA8001A4B1D607CB32378012BEDD1174D2046A9
:103FB80095F83E2095F8241000F0B0FD00B96C602B
:103FC80070BD124A92F82410D1B192F83A101048F4
:103FD8008900CEB230442E7946F0004606600D487E
:103FE80092F83660084446F00041B340016092F808
:103FF8003F00094A115002F59F42C2F80435CFE745
:104008004FF0FF30DCE72046DAE700BFF00A002176
:10401800804001418041014180A0004170B50C46BB
:10402800054688B1037823B1012B1FD06FF0150026
:104038001BE01F498B6891F8572091F8241000F075
:1040480031FE90B91A4B1D6064B12378012BEDD174
:10405800174D204695F8562095F8241000F090FD4D
:1040680018B9EC6500F046FF002070BD104A92F8C0
:104078002410D1B192F853100E488900CEB23044C2
:104088002E7946F0004606600B4892F84F600844C7
:1040980046F00041B340016092F85700074A1150BA
:1040A80002F59F42C2F80435CCE74FF0FF30DCE759
:1040B800340B0021804001418041014180A0004132
:1040C80070B50C46054680B1037823B1012B1CD08E
:1040D8006FF0150018E01F498B681C3191F86B20B0
:1040E80000F064FF80B91B4B1D6084B32378012B5B
:1040F800EED1184D204695F8862095F8241000F04A
:1041080071FD08B9C5F8904070BD124A92F82410A4
:10411800D1B192F87D1010488900CEB230442E7982
:1041280046F0004606600D4892F87760084446F06D
:104138000041B340016092F88700094A115002F526
:104148009F42C2F80435CEE74FF0FF30DCE7204647
:10415800DAE700BFAC0B00218040014180410141FA
:1041680080A000414FF0FF307047000010B5204C90
:10417800206888B1037833B1012B1CD040F24F215D
:104188007220FFF777FA94F824301BB194F83F10A7
:1041980000F04AFC00232360636853B11B78012BAD
:1041A80022D194F83E1094F8240000F05DFC00231E
:1041B8006360002010BD94F82420002AEAD094F807
:1041C8003620002193400B4AC2F808350A4B94F870
:1041D8003F20995094F83A30084A9B00D150DBB2FE
:1041E800A2F58072D150D5E740F25E21C8E700BF42
:1041F800F00A002100F0004180A000418041014107
:1042080010B51F4C206880B1037833B1012B1BD047
:1042180040F282217120FFF72DFA94F8572094F884
:10422800241000F099FD00232360E36D53B11B783F
:10423800012B22D194F8561094F8240000F032FC97
:104248000023E365002010BD94F82420002AEAD05A
:1042580094F84F20002193400A4AC2F808350A4BC7
:1042680094F85720995094F85330084A9B00D1503D
:10427800DBB2A2F58072D150D5E740F29121C9E7AF
:10428800340B002100F0004180A000418041014131
:1042980010B5204C206880B1037833B1012B1DD0B4
:1042A8004FF448717620FFF7E5F994F8872094F8E1
:1042B800241000F08FFD00232360D4F890305BB108
:1042C8001B78012B23D194F8861094F8240000F071
:1042D80007FC0023C4F89030002010BD94F8242077
:1042E800002AE8D094F87720002193400A4AC2F8BF
:1042F80008350A4B94F88720995094F87D30084A7D
:104308009B00D150DBB2A2F58072D150D3E740F2C6
:104318002F31C7E7AC0B002100F0004180A000411D
:1043280080410141704700000D4A92F824304BB19A
:10433800C10707D592F83E30012103F1824303F506
:104348002043196092F830304BB1830707D592F8B3
:104358003C30012203F1824303F520431A60704781
:10436800F00A00210D4A92F824304BB1C10707D555
:1043780092F85630012103F1824303F52043196076
:1043880092F830304BB1830707D592F854300122A8
:1043980003F1824303F520431A607047340B002170
:1043A8000D4A92F824304BB1C10707D592F88630F0
:1043B800012103F1824303F52043196092F830305C
:1043C8004BB1830707D592F88430012203F1824369
:1043D80003F520431A607047AC0B00214FF0FF3003
:1043E80070470000194B1A6830B562BB9A6852BB17
:1043F80093F83020CAB193F839201549920093F800
:104408003C50D4B2214440F000440C60114993F868
:104418003540114444F000420A600F494A510122D4
:1044280001F59F41A240C1F8042593F824202AB140
:1044380093F83E1040F00040074A505001220020F7
:1044480083F8402030BD6FF01500FBE7F00A00212B
:10445800804001418041014180A00041194B1A6808
:1044680030B562BB5A6852BB93F83020CAB193F892
:1044780052201549920093F85450D4B2214440F088
:1044880000440C60114993F84E40114444F0004236
:104498000A600F494A51012201F59F41A240C1F823
:1044A800042593F824202AB193F8561040F00040D0
:1044B800074A50500122002083F8582030BD6FF081
:1044C8001500FBE7340B0021804001418041014188
:1044D80080A00041194B1A6830B562BB5A6852BBBC
:1044E80093F83020CAB193F87C201549920093F8CC
:1044F8008450D4B2214440F000440C60114993F830
:104508007640114444F000420A600F494A510122A2
:1045180001F59F41A240C1F8042593F824202AB14F
:1045280093F8861040F00040074A505001220020BE
:1045380083F8882030BD6FF01500FBE7AC0B002135
:10454800804001418041014180A0004190F9003044
:10455800002B14BF6FF0150000207047014601487A
:1045680001F072B8000B00210023037070470000AF
:104578000146014801F062B8000B0021002201F059
:1045880010B8000007B5009313460A4601460348D1
:1045980001F073F803B05DF804FB00BF000B0021C5
:1045A8004FF0FF307047000070B50C46054678B1F3
:1045B800037813B16FF0150070BD0E4E736996F84D
:1045C8003D2096F8301000F03FFB0028F4D1B5608C
:1045D80074B12378012BEDD1064D204695F83C2087
:1045E80095F8301000F09AFA0028E5D1EC60E3E77E
:1045F8002046E1E7F00A002170B50C46054678B17F
:10460800037813B16FF0150070BD0E4EF36896F87D
:10461800552096F8301000F045FB0028F4D175605D
:1046280074B12378012BEDD1064D204695F854201E
:1046380095F8301000F0A4FA0028E5D12C66E3E7DD
:104648002046E1E7340B002170B50C46054678B1E9
:10465800037813B16FF0150070BD0F4EF36806F1C3
:10466800280196F8852000F0A1FC0028F4D1756097
:104678007CB12378012BEDD1074D204695F8842095
:1046880095F8301000F0AEFA0028E5D1C5F88C4056
:10469800E2E72046E0E700BFAC0B00214FF0FF3017
:1046A8007047000010B5124CA06850B10378BBB930
:1046B80094F830301BB194F83D1000F0B5F90023A0
:1046C800A360E36853B11B78012B0ED194F83C101A
:1046D80094F8300000F0C8F90023E360002010BD12
:1046E8004FF41E717220FEF7C5FF40F28721F9E7EB
:1046F800F00A002138B5114C606840B10578ADB9B1
:1047080094F8552094F8301000F026FB6560236E6D
:1047180053B11B78012B0ED194F8541094F8300043
:1047280000F0C0F900232366002038BD40F2AB2119
:104738007120FEF79FFF40F2BA21F9E7340B002100
:1047480038B5124C606840B10578BDB994F8852039
:1047580094F8301000F03EFB6560D4F88C305BB103
:104768001B78012B0FD194F8841094F8300000F0D6
:10477800B7F90023C4F88C30002038BD40F2493125
:104788007620FEF777FF4FF45671F9E7AC0B00215E
:104798004FF0FF3070470000154B93F8402022B3CC
:1047A80093F83020A2B193F83510012200208A40F6
:1047B8001049C1F80825104A93F83C10505093F856
:1047C80039200E4992008850D2B2A1F580718850E4
:1047D80093F824202AB193F83E10074A0A4400218E
:1047E8001160002083F8400070474FF0FF30704799
:1047F800F00A002100F0004180A000418041014101
:10480800154B93F8582022B393F83020A2B193F8AF
:104818004E10012200208A401049C1F80825104A8C
:1048280093F85410505093F852200E499200885033
:10483800D2B2A1F58071885093F824202AB193F858
:104848005610074A0A4400211160002083F85800D6
:1048580070474FF0FF307047340B002100F00041E3
:1048680080A0004180410141154B93F8882022B374
:1048780093F83020A2B193F87610012200208A40E4
:104888001049C1F80825104A93F88410505093F83D
:104898007C200E4992008850D2B2A1F580718850D0
:1048A80093F824202AB193F88610074A0A44002175
:1048B8001160002083F8880070474FF0FF30704780
:1048C800AC0B002100F0004180A000418041014173
:1048D80000230370704700000146014800F0C6BE7F
:1048E800000B0021014B1B681B68184708000021BA
:1048F800014B1B689B68184708000021014B1B6887
:10490800DB68184708000021014B1B681B69184722
:1049180008000021014B1B685B691847080000214B
:10492800014B1B689B69184708000021014B1B6855
:104938005B6A184708000021014B1B681B6B18476E
:1049480008000021014B1B68DB6B18470800002199
:1049580010B4034C24686468A44610BC604700BFC8
:1049680008000021024B1868003818BF0120704762
:10497800E40A002110B4024C2468A44610BC604725
:10498800E40A0021F8B51E4F15465EB20C4697F9A9
:1049980000203146821A002AD4BF3A887A88A5F8BE
:1049A800012095F90130C01A00F3070040B2FBF767
:1049B8001DFC6B78B4F51B6F28700344EB701BD893
:1049C80040F665139C4219D9A4F665140521B4FB79
:1049D800F1F4E4B231462401FBF7EEFB97F900301D
:1049E80095F901209A42074B1C4416BF2418235CF2
:1049F80094F80031AB70F8BD0F24EBE70024E9E729
:104A0800EC0A00214C00002190F9002090F90230B6
:104A180041889A42034B0288C7BF19805A8059803F
:104A28001A807047EC0A002138B50C4B04460D4635
:104A380093F8342001239340094AC2F80835007CD2
:104A480000F0D1FD074B00225A518300616803F53D
:104A5800A0739BB28033CA5038BD00BFF00A002152
:104A680000F0004180A00041A0B10B4B93F840201A
:104A780072B193F83C208A420CD193F83830002167
:104A8800064A9B00D150DBB2A2F58072D150704724
:104A9800034B5A50704700BFF00A00218041014182
:104AA80080A00041A0B10B4B93F8582072B193F845
:104AB80054208A420CD193F851300021064A9B00B9
:104AC800D150DBB2A2F58072D1507047034B5A50D7
:104AD800704700BF340B00218041014180A0004194
:104AE800A0B10B4B93F8882072B193F884208A42C6
:104AF8000CD193F87B300021064A9B00D150DBB2E1
:104B0800A2F58072D1507047034B5A50704700BFCE
:104B1800AC0B00218041014180A00041034610B543
:104B2800F9B1134991F84000A8B191F83C009042BE
:104B38001AD191F838201B7992000E4843F00043AF
:104B4800D4B2035100200C4B134491F8352042F0A5
:104B580000421A6010BD1B79084943F000438B508E
:104B6800F8E74FF0FF30F5E76FF01500F2E700BF08
:104B7800F00A0021804001418041014180A00041AC
:104B8800034610B5F9B1134991F85800A8B191F846
:104B9800540090421AD191F851201B7992000E4886
:104BA80043F00043D4B2035100200C4B134491F856
:104BB8004E2042F000421A6010BD1B79084943F0AC
:104BC80000438B50F8E74FF0FF30F5E76FF0150022
:104BD800F2E700BF340B00218040014180410141D0
:104BE80080A00041034610B5F9B1134991F8880037
:104BF800A8B191F8840090421AD191F87B201B79D2
:104C080092000E4843F00043D4B2035100200C4BED
:104C1800134491F8762042F000421A6010BD1B79C7
:104C2800084943F000438B50F8E74FF0FF30F5E7B1
:104C38006FF01500F2E700BFAC0B00218040014186
:104C48008041014180A00041F8B5044617461D4641
:104C5800F9B1007C00F0C7FC0F4B8100626893F843
:104C68003460C0B201F5A07146F0004300F5A870A9
:104C780089B2803153500949CB51E2686368521BAD
:104C880043F820200123064A0020B340C2F8043527
:104C9800F8BD4FF0FF30FBE7F00A002180A000418B
:104CA80000F000412DE9F041054690461E460C46AD
:104CB800264FE1B1007C002100F002FD97F84D403D
:104CC80083006A6844F00041C0B203F5A07300F5A0
:104CD800A8709BB28033D1501D4B43F808100121B6
:104CE800EA686B6801FA04F4921B43F8202097F8ED
:104CF8003C3033B3287C00F0E3FC97F84C1082007A
:104D08006B6841F0004CC0B202F5A07200F5A870C3
:104D180092B2803243F802C097F865200C4B43F8F2
:104D280002C03B696A681E44EB689E1B01238B40E6
:104D380042F820601C43074B0020C3F80445BDE837
:104D4800F0810029F7D14FF0FF30F8E7340B00214C
:104D580080A0004100F00041F8B5054617461A4EFC
:104D6800B1B196F84D300124184A002104FA03F332
:104D7800C2F80835007C00F0A3FC154B0022DA517C
:104D88008300696803F5A0739BB28033CA5021463B
:104D980096F83C30B3B196F84C20012393400B4A67
:104DA800C2F80835287C00F08BFC96F86520084B83
:104DB800134400221A608300696803F5A0739BB24C
:104DC8008033CA50F8BD00BF340B002100F0004109
:104DD80080A000412DE9F04705461746414C0029BF
:104DE80045D094F87530012694F87820002106FA09
:104DF80003F306FA02F2134394F8792006FA02F252
:104E08001343394AC2F80835007C00F071FC0346A8
:104E180094F8718000229B0094F8721040469146E5
:104E280003F5A07300F003FC69689BB2D4F84CA0AA
:104E38008033CA502D4BCAF890201A50324694F845
:104E48007210404600F0F3FBCAF8989143F80790B7
:104E580094F87E3026499B00DEB241F8069001F5B1
:104E6800807141F803901146204B43F8009094F864
:104E78003C304BB394F8743001261B4A06FA03F30E
:104E8800C2F80835287C00F033FC034694F8721009
:104E980032469B0094F8710000F0C9FB696803F57D
:104EA800A07300229BB28033CA5094F88A100F4B2B
:104EB8005A5094F87F300E499B00DDB24A5101F5F3
:104EC8008071CA50094B1A5094F8703043B100F001
:104ED80065F800F025FC0120BDE8F04700F02CB98A
:104EE800BDE8F087AC0B002100F0004180A0004134
:104EF8008040014108490B681A7F62B193F840204D
:104F08004AB193F83D009A6B0123C979834009B1EE
:104F180093607047D36070479C0B0021044B1B685B
:104F280093F83D109A6B01238B40D360704700BF04
:104F38009C0B0021074B4FF000421B68C3F8242547
:104F48000022C3F85425C3F8C0250722C3F800255A
:104F5800704700BFA40B0021024B00221B68C3F856
:104F680000257047A40B00210B4A60F03F005171E7
:104F78000021107152F8043BC3F85015C3F84015CE
:104F8800C3F844250222C3F84825C3F83415C3F8EA
:104F98003815C3F818117047A40B0021024B0122E1
:104FA8001B685A61704700BFA40B00212DE9F84F18
:104FB8000C46C76806469246FF1A00F0B2FB257AEF
:104FC8003F1A594C002D00F0A88000F0CDF80021C0
:104FD8008046307C00F08CFB94F871B094F8721025
:104FE80005460122584600F022FB94F87530D4F8A3
:104FF8004C9043F000434D4A4D49C9F8983142F866
:105008000A3094F87E2092005FFA82FC41F80C3056
:1050180001F5807194F8793043F000438B50434A8E
:105028001350AB0094F87210002203F5A073584691
:1050380000F0FDFA94F878209BB2716842F00042C3
:10504800EDB2803305F5A875CA50384BC9F89020E1
:105058001A50FFF76FFF00204FEA880101F0FC01AA
:10506800FFF782FF7368012143F8257094F87550A3
:1050780094F8783001FA05F501FA03F31D4394F822
:10508800793001FA03F31D4394F83C30002B46D0E5
:10509800307C00F02DFB034694F87210012294F83E
:1050A800710000F0C4FA94F874C09900D6F804E0CE
:1050B8004CF00048DBB201F5A07102FA0CFC03F5D4
:1050C800A87389B245EA0C0580314EF8018094F83E
:1050D8008AE0164941F80E8094F87F10DFF850E016
:1050E80089005FFA81F94EF809800EF5807E8E44BA
:1050F80094F8791041F00041CEF80010DFF82CE068
:105108004EF80010206971683F1A41F82370094B66
:105118000020C3F80455BDE8F88F2946B4E70029F4
:10512800F5D14FF0FF30F6E7AC0B002180A000412D
:105138008040014100F000410A4A92F8723092F82A
:1051480071209B00824203F1824303F52043D3F888
:10515800102514BF22F4801242F48012C3F81025DF
:10516800704700BFAC0B0021014B587B704700BF54
:10517800400C00212DE9F04786468C460846089EDB
:10518800154674461946002B40F0C1808542B2FA94
:1051980082F245D94AB1C2F1200300FA02FC9540D7
:1051A80094402EFA03F343EA0C0C4FEA154EA8B2CA
:1051B800230CBCFBFEF80EFB18CC08FB00F943EAF5
:1051C8000C43994528D9EB1808F1FF3704D29945C3
:1051D80002D9A8F102072B44A3EB0903A4B2B3FB3D
:1051E800FEFC0EFB1C330CFB00F044EA0344A04217
:1051F80014D92C190CF1FF3304D2A04202D9ACF116
:1052080002032C44241A43EA07401EB1D440002369
:1052180034607360BDE8F0874746DDE76346F1E731
:1052280092BB431B01214FEA154EAFB2200CB3FBD2
:10523800FEFC0EFB1C330CFB07F840EA03439845C1
:1052480061D9EB180CF1FF3004D2984502D9ACF1C2
:1052580002002B44A3EB0803A4B2B3FBFEFC0EFB35
:105268001C330CFB07F744EA0344A7424DD92C1919
:105278000CF1FF3304D2A74202D9ACF102032C444B
:10528800E41B43EA0040C0E7C2F120039540944084
:1052980020FA03F12EFA03F34FEA154E9040AFB20D
:1052A8000343B1FBFEFC0EFB1C10190C0CFB07F8AA
:1052B80041EA0041884522D969180CF1FF3004D22F
:1052C800884502D9ACF102002944A1EB08019BB240
:1052D800B1FBFEFC0EFB1C110CFB07F743EA014374
:1052E8009F420ED9EB180CF1FF3104D29F4202D92C
:1052F800ACF102012B44DB1B41EA004193E7604615
:10530800E3E76146F7E76046A4E76346B8E7834208
:1053180006D916B9002108467CE7C6E900E0F9E796
:10532800B3FA83F78FB9834201D3724508D8BEEB2D
:10533800020460EB030301209C461EB9002169E7C3
:105348003846FAE7C6E9004CF8E7C7F1200CBB403D
:105358000EFA07F522FA0CF42EFA0CF1BA401C43A7
:1053680020FA0CF3B8404FEA144901431FFA84FEAF
:10537800B3FBF9F809FB18300B0C08FB0EFA43EAEB
:1053880000439A4540D9E31808F1FF3004D29A4502
:1053980002D9A8F102002344A3EB0A0389B2B3FBA4
:1053A800F9F809FB183308FB0EFE41EA03418E4564
:1053B8002CD9611808F1FF3304D28E4502D9A8F11F
:1053C8000203214443EA0040A1EB0E01A0FB02982E
:1053D8004145CE46434602D306D14D4504D2013855
:1053E800B9EB020E68EB0403002EA7D0B5EB0E0252
:1053F80061EB030101FA0CFC22FA07F3F9404CEACD
:105408000303C6E9003199E74046C5E74346D9E7B3
:10541800704770B50024FAF7F7FE05462646E0B255
:10542800854200D870BDFAF7F5FE0134868480F80D
:105438002660F4E713B50C460DF1030201A9FCF749
:10544800F1FE9DF8033001980BB104B1013002B0B0
:1054580010BDFEF7C5B9704720BF704700280CBFC4
:105468006FF0150000207047002070470723037075
:1054780000207047002070470020704710B5044690
:10548800FEF734FCA04294BF0020012010BD73B584
:10549800A0F10B040E461546E1B20F2903D94F219E
:1054A8006420FEF7E7F80DF1030332460420FAF70B
:1054B80069FE034608B15821F2E704EB840401A908
:1054C8009DF9030004F66514A2B2FFF741FA9DF8AE
:1054D80004302B70BDF80530A5F8013002B070BD5E
:1054E800704708B5FEF742FEFFF7DCF8BDE8084054
:1054F800FFF752B908B5FEF783FEFFF7FBF8BDE8E2
:105508000840FFF77DB908B5FEF7C2FEFFF718F9A6
:10551800FFF7AAF9FFF742FD00F002F90120BDE804
:105528000840FFF709BE0020704740F2AE21722004
:1055380008B5FEF79FF840F2E121712008B5FEF7A3
:1055480099F840F27F31762008B5FEF793F80020ED
:10555800704740F2D321722008B5FEF78BF840F26D
:105568000631712008B5FEF785F84FF46971762089
:1055780008B5FEF77FF80020704740F2DB21722063
:1055880008B5FEF777F840F20E31712008B5FEF73E
:1055980071F84FF46B71762008B5FEF76BF8FFF7DA
:1055A80037BF801A00F3070038B50D46144659B2C4
:1055B80040B2FAF71BFE0023287020446C7040B2FA
:1055C800AB7038BD13B50C46114601AAFFF7D2F9E6
:1055D8009DF804309DF907002370BDF80530A4F844
:1055E800013002B010BD08B50346002043FA00F2AE
:1055F800D20707D401300428F8D14FF48271722001
:10560800FEF738F820B1012802D0022818BF03207D
:1056180008BD8900824214BF60313031C8B270477A
:105628008900824214BF60313031C8B270478900A6
:10563800824214BF60313031C8B27047037D0BB16C
:1056480090F908300B70704707B50A460DF107014D
:10565800FFF7F4FF9DF9073092F900209A4214BF32
:105668006FF01500002003B05DF804FB90F82030BF
:105678000BB190F909300B7070472DE9F3410646DC
:105688000C4615461F469DF82080FFF76BF940B180
:1056980043463A462946204602B0BDE8F041FFF7A6
:1056A80091BF0DF107013046FFF7C8FF43469DF94A
:1056B800072029462046FFF774FF02B0BDE8F081B5
:1056C80008B50346002043FA00F2D20701D541B1DC
:1056D800002101300428F6D14FF485717120FDF7BF
:1056E800C9FF20B1012802D0022818BF032008BD35
:1056F80008B50346002043FA00F2D20701D541B1AC
:10570800002101300428F6D140F241117620FDF73E
:10571800B1FF20B1012802D0022818BF032008BD1C
:105728007047032070470000014B1B68184700BFF3
:105738004C02002107B50B460021024600910348A0
:1057480000F014F903B05DF804FB00BF3157000105
:105758002DE9F047058B04462807904611D4022905
:1057680005F0070540F0CD8020460BF0D9FE78B152
:105778000138218B042811D8DFE800F0C3106D85AB
:10578800950001290CBF45F0100545F0200525833B
:1057980088F31188BFF36F8FBDE8F08701F0070A1F
:1057A800AA4500F0A6800027B9463E46A368002B0C
:1057B80000F0BD8041F00801218388F31188BFF310
:1057C8006F8FA168002900F0BB800D68002900F0E8
:1057D800B780334652462046D1F80480C047002D92
:1057E80076D02B6829461D46F0E701F007035A1FBB
:1057F800012A1BD8002221F00701062B276889B24D
:10580800C4E9002209D13B4603E0628B013262837E
:105818001B68002BF9D141F00201204621830BF0CF
:105828007FFE00287BD041F0200177E0042B0AD1CD
:1058380021F0070189B2204621830BF071FE10B1D7
:1058480041F020012183218B01F0070AAA4550D09D
:105858000027B946AAE7236921F0070141F00601AC
:10586800062DD3F8009021832DD1B9F1000F40D037
:1058780041F00801218388F31188BFF36F8F204618
:105888003949C84729E021F00701236941F004019B
:1058980089B2042DD3F804902183E6D000274FF075
:1058A800040A3E4682E721F00701236941F0050119
:1058B80089B2052DD3F808902183D6D000274FF060
:1058C800050A3E4672E700274FF0060A3E466DE796
:1058D8002B4687E7B9F1000FD1D14FF04003EFF322
:1058E800118883F31288BFF36F8F238B23F008038B
:1058F8002383258BEA062ED525F01003238305F094
:1059080007056669218B002EBFF66FAF0023276855
:10591800C4E9003321F0070141F001012183218B03
:105928004FF0000901F0070AAA457FF43FAF002FA6
:105938009BD041F00801218388F31188BFF36F8F52
:10594800002FC7D03D6839463346524620460BF0F3
:1059580013FE2F46F4E7AB067FF51AAF25F02003B8
:10596800238305F00705FFE6AD1501012DE9F04F8A
:1059780081468B4617461C46002595B0387808B9ED
:10598800284657E37B1C2528039306D05946C84769
:105998000028C0F24F830135FBE1182200210EA830
:1059A8000CF0CEF97B78252B7DD0002398469E46B7
:1059B8009C461E46781C014610F8012B2B2A00F045
:1059C800A18000F29880202A00F09F80232A00F00E
:1059D8009F802BB19DF8403043F040038DF8403054
:1059E800B8F1000F05D09DF8403043F020038DF842
:1059F8004030BEF1000F05D09DF8403043F0100351
:105A08008DF84030BCF1000F05D09DF8403043F0D0
:105A180008038DF840302EB19DF8403043F0040360
:105A28008DF840309DF8403003F04400442803D1FD
:105A38006FF386138DF840309DF840302A2A43F0E2
:105A480080038DF840307FD19DF841204B1C42F0F7
:105A580001028DF841201A782E2A0CBF012100215D
:105A68009DF8412061F341028DF8412078D15A78A0
:105A78002A2A6ED000224FF00A0C0133194611F879
:105A8800010BA0F13006092E40F295809DF84010D8
:105A98001292C1F3400040EAD2700A4660F3410214
:105AA8008DF840205CE0BA1C03928DF843309DF8D5
:105AB8004130DA0740F12E8154F8048BB8F1000F19
:105AC80007DA9DF84020C8F1000842F004028DF87A
:105AD80040205E0740F1278154F804ABBAF1000F6B
:105AE80080F226819DF841306FF341038DF84130F3
:105AF8004FF0FF3A1CE12D2A0DD0302A7FF469AF10
:105B0800012358E74FF0010C55E74FF0010E52E71B
:105B18004FF001084FE701264DE703460EFB0262EE
:105B2800303A184610F8016BA6F1300CBCF1090F99
:105B3800F3D999428FD09DF840101192D20F62F399
:105B480041018DF8401086E70B4600224FF00A0EFF
:105B5800E7E79DF84120023342F004028DF8412026
:105B68001A786C2A47D02BD8682A31D06A2A4BD0A9
:105B78004C2A51D01A4612F8013B782B03928DF823
:105B880043309DF8412000F2BE806D2B51D8692B1F
:105B980000F2B980572B67D8412B03D0453B022B25
:105BA80000F2B18004229DF8423062F302038DF8BE
:105BB8004230012373E00CFB02020B46303A5DE7EA
:105BC800742A25D07A2AD5D106219DF841200CE0E7
:105BD8005A78682A9DF8412006D1012161F3C6024E
:105BE8008DF841200233C5E7022161F3C6028DF822
:105BF80041200133BEE75A786C2A9DF8412001D133
:105C08000421EBE70321F0E705219DF84120ECE7AB
:105C180007219DF84120E8E7BDF8402022F4F04232
:105C280022F0020242F4804242F00202ADF8402023
:105C3800DFE76E3BD9B201238B4040F282410B4231
:105C480037D113F0240F51D1D8075CD503219DF823
:105C5800423061F302038DF8423002F07803A3F179
:105C680040014B424B411AE00120A3F15801C9B24F
:105C780000FA01F111F4624F94D140F60106314265
:105C88001DD111F4043F3ED09DF8423060F3020369
:105C980002F07802402A8DF8423034D000239DF873
:105CA8004020C2F340010B4363F341028DF84020CA
:105CB800FDE602219DF8423061F30203E8E7022085
:105CC8009DF8421002F0780260F30201402A8DF834
:105CD800421002BF9DF8401041F001018DF84010BC
:105CE800632BDBD1131E18BF0123D8E703219DF8CE
:105CF800423012F0780F61F302038DF8423014BF7E
:105D080001230023CBE79DF8403043F001038DF8D1
:105D18004030C3E79DF94020002AACBF4FF0FF3860
:105D2800DDF84480D5E698077FF5E2AEDDF848A0B7
:105D38000023CDE911339DF842309DF8411003F05E
:105D48000703012BC1F3C30133D1CB1E042B04D8A5
:105D5800DFE803F0214646212100236801294FEAA4
:105D6800E372CDE90E321CD19DF93830DA17CDE94E
:105D78000E3204349DF8403013F0030650D03A46F2
:105D880059464846039B0BF02BFD0028C0F2528170
:105D98000544039FF2E554F8043BDA17CDE90E32C7
:105DA800E8E70229E5D11AB243F3C033CDE90E235F
:105DB800DFE7022B24D1CB1E042B04D8DFE803F045
:105DC80018101018180001294FF0000254F8043B6D
:105DD80014D00229CDE90E32CCD19BB20E93C9E77B
:105DE800073424F00704F4E80223CDE90E23C1E7C1
:105DF80054F8043B0E9300230F93BBE7DBB2CDE7C7
:105E0800042B08D1073424F00704D4E9002308340C
:105E1800CDE90E23AEE7032BACD154F8043BDDE704
:105E28009DF843007828B4D862281CD825283FF468
:105E3800ADAD5828ADD1DDE90E010DF13603009363
:105E480010AA08AB0BF086FCBAF1000F074680F2E7
:105E58009980002F9DD00DF13603D81B002E00F03D
:105E6800C0800130BDE06338152892D801A252F8ED
:105E780020F000BF515F0001635F00019B5D0001DE
:105E88009B5D00019B5D00019B5D0001635F00015C
:105E98009B5D00019B5D00019B5D00019B5D000116
:105EA800EF5F0001875F0001AD5F00019B5D0001AE
:105EB8009B5D0001D55E00019B5D0001875F0001CD
:105EC8009B5D00019B5D0001875F0001BAF1000F37
:105ED8000E9F35DB514638460BF0D8FE07EB000A1B
:105EE800002F3FF456AF00269DF8423013F0100201
:105EF800059200F0928002305B06119A48BF129B0F
:105F0800104448BFC018B8F1000F049240F39F80B6
:105F18009DF84020A8EB0008C2F3800350070693C1
:105F280000F19580510640F188803EB159463046CF
:105F3800C84700287EDB069B01351E4630227DE0DF
:105F480038460BF09CFEC9E70E9B002601208DF811
:105F5800203008AF0DF1210AC6E719075ABFC3F36D
:105F680000135E012B26DDE90E23002BBFF663AF7D
:105F7800524263EB43032D26CDE90E235BE700264F
:105F880059E700269DF840200DF13603DB1B6FF31F
:105F980086129A458DF840207FF65BAFAAEB030383
:105FA800119356E70E9890B30DF136030093002134
:105FB80008AB10AA0BF0CEFBBDF84230BAF1000FC7
:105FC80003F0EF0343F4F04343F010030746ADF842
:105FD8004230D6DA00283FF4DCAE00260DF1360355
:105FE800181A9A4680E70E9B07293FF6D2AEDFE8DB
:105FF80001F00C04060C08080C0C1D70C9E61D8085
:10600800C7E6EA17C3E90052C3E61D60C1E62F4F91
:10601800064607F1050A052066E71A0748BF01305A
:106028006AE71046079306925946C847DDE90623F2
:10603800002804DA15B0BDE8F08F2022434619463F
:10604800002903F1FF33ECDC454498466D1A2EB164
:1060580059463046C8470028ECDB01359DF84230E8
:10606800DA0601D41B0705D559463020C847002851
:10607800E0DB0135059B33B159469DF84300C8471D
:106088000028D7DB0135049E2E4405E05946302010
:10609800C8470028CEDB0135731B002BF6DC5346BE
:1060A8003A46594648460BF09BFB0028C2DB05449C
:1060B800A844A8EB0503002B7FF76BAE59462020B8
:1060C800C8470028B6DB0135F3E700BF6C4901017A
:1060D8004FF04002EFF3118382F31288BFF36F8F02
:1060E8000121044AC2F8401583F31188BFF36F8F6A
:1060F8000020704700000841052370B5144D154E67
:106108002C780134B4FBF3F303EB8303E41A0BF0AC
:1061180083FF114A137823B156F82430C01A072890
:1061280013D90E4BD3F8141141B10021C3F814113F
:10613800D3F814312C700CB9012313702C780BF0A0
:106148006BFF46F82400012070BD0020FCE700BF6B
:106158006B3B0021E01A00216A3B002100500041FE
:1061680008F068B830B50C460E4985B00291D0F8F1
:10617800A4110546CDE9003100F1E0014FF0FF33ED
:10618800204608F0ABFE50B9012384F86430D5F8F6
:10619800A03123B1204605B0BDE83040184705B00E
:1061A80030BD00BF7F19010138B50C4611460546C0
:1061B8000BF0E3FB034638B9284604490BF0DDFB36
:1061C80003460020236038BD0120FBE77F4C010116
:1061D8002DE9F04F012381460569466885B005F52C
:1061E8005777D7E8EF2F002A03D1C7E8E13F002906
:1061F800F7D140F0B880B368B26A043B2632B3EBFB
:10620800420F4FEA420126BFB3FBF1F3B3FA83F31F
:1062180000234FF0010428BFC3F12003013B9C4039
:1062280005F5E07800F099801022082170689A40FE
:1062380002EB4402043099400932C5F8580206318D
:1062480022F003020A44B16A01FA03FC510001EB8F
:106258004C01C5F85C12B16A994000EB4103C5F8DE
:1062680050320333134423F00303C5F84C327368E8
:10627800C5F85442C5F848323C4B4046C5E9A763C7
:10628800316800F01DFA044630BBD9F804A0D9F8EB
:106298001090DAE9073409F52E7B012B584608BF20
:1062A800103C0DF06AFD0023DAF8240030494FF461
:1062B800806201EB802100935846234609F0C0FB19
:1062C80009F52A702B490DF02AFDDAF814008368C5
:1062D8005C681CB96FF05704002137E04B46264A2A
:1062E800DAF81810A04704460028F5D1DAF81400A7
:1062F80083681B69002BEDD00122DAF81810984743
:1063080004460028E8D11D4B2846C5F8A0311C4B8F
:10631800C5F8A4311B4B0393D5F808320293D5F87E
:106328000032CDE90083D5F86032B26AD5F8581347
:1063380000F08EF904460028CED105F1E00008F0FF
:106348007BFE0028C5F860030ADB022138460BF003
:1063580049FB204605B0BDE8F08F6FF00B04BBE7A2
:106368006FF01504B8E76FF07704F2E7D51901016B
:10637800E8440021BB190101AF190101556400016E
:106388008D1A01011D1A01012DE9F84306464FF047
:1063980001090569D0F8048005F55777D7E8EF3F7C
:1063A800022B03D1C7E8E29F002AF7D149D126483A
:1063B80005F140010BF073FC20B16FF00F0420468B
:1063C800BDE8F883204805F1B0010BF068FC00280F
:1063D800F3D12846D5F858130BF087FB044670BB59
:1063E80071683669486983681B6933B322468969CD
:1063F8009847044618BB06F52E764946304609F0FC
:1064080057FB304605F5E07600F0D2FC3046D8F868
:1064180000100BF0A7FB044688B90146E822304675
:106428000BF08EFC21464FF4DE7228460BF088FCF8
:10643800214638460BF0D6FAC1E76FF0570402211F
:10644800F7E76FF07704BAE77F4C010113B504460C
:1064580040B100230122CDE90032074BD0E90912EF
:1064680008F0F0FCA36E1B6823B1E06E02B0BDE833
:106478001040184702B010BD7F4C010113B5044607
:106488000846216901F55771D1E8AF1F022910D1DB
:1064980093B1A0B10121CDE900311346D0E9091229
:1064A80008F0D0FC074B984208BF6FF00B0002B011
:1064B80010BD6FF00F00FAE76FF04C00F7E76FF0D0
:1064C8000100F4E72EF8FFFF2DE9F743884615464B
:1064D800066906F55773D3E8AF3F022B5FD11368FF
:1064E80023B96FF0150003B0BDE8F0831B78002BCB
:1064F800F7D0D6F85893B9F1000F33D106F5D47711
:106508004FF0FF324FF0FF33384609F0A5F8304618
:106518002A6801A9FFF748FE019C1CB938460BF010
:106528005FFADEE705F10803A3666B6984F86490F7
:10653800E366E46360B138460BF052FA2146304610
:10654800236E2A68FFF70EFE0020C8F80040CAE74D
:106558002022296804F140000BF07DFB38460BF03F
:106568003FFAF1E730460F490BF007FA04460028D6
:10657800B7D005F1080383666B69C063C36600235F
:1065880080F864302022296840300BF064FB2246F2
:106598000121304600F03EF80028D5D0A1E76FF081
:1065A8000F00A0E77F4C01012DE9F04F05460E468C
:1065B80090460027D0F8A8A085B0AAF5AA7421466D
:1065C80030460BF06CFBE0B9114BA4F1400B029381
:1065D800DAF810303246CDE9008329464FF0FF3310
:1065E8005846AAF5CA7908F079FC60B970230122E7
:1065F80003FB079383F86420DAF80C300BB1584694
:106608009847703417B105B0BDE8F08F0127D6E779
:10661800EF1A01011FB5144690B18AB1012912D1B0
:106628000A4B00F1E0010293D0F8A4314032019303
:106638004FF0FF332046009308F050FC04B010BD23
:106648006FF01500FAE70020F8E700BFEF1A010124
:106658002DE9F04387B00E46DDE90E811446DDE9E9
:1066680010251F4630B329B3DFF850C000F1E00908
:10667800002D08BF65469EB9CDE9034400F5CA74EC
:10668800204605960DF0A5FA03ABCDE900432A464E
:106698003B464146484608F0F5FC07B0BDE8F083A4
:1066A800002241460E9248462A4607B0BDE8F0430C
:1066B80008F010BE6FF01500EFE700BFB1650001EC
:1066C800F0B50E46044689B000286FD00123024673
:1066D800C3630023D0F89810364F403040F80C7C44
:1066E80042F8301FCDE901334FF0FF330093C36DFB
:1066F8000CF02FFD304A06AB92E8030083E8030054
:10670800184608F0BFFA0546D8B904F1340008F075
:1067180099FA0546A8B93946284805AA0CF0EBFCB1
:10672800054670B9059B9A6872B10C33D4F8940089
:10673800C4F8A0300BF008FAC4F8D40030B96FF0F0
:106748000B05284609B0F0BD0346EFE7D4F89400DE
:106758000BF0FAF9C4F8D8000028F0D0D4F88C303F
:10676800D4F8A010C4F8A8300423C4F8AC30C4F896
:10677800C4300223A362124BB4F89420D4F8D47026
:10678800C4F8B810C4F8D010D4F89010236204F1FB
:10679800A403A4F8B020C4F8A470C4F8C010A4F8E6
:1067A800C820C4F8BC00A661E362CAE76FF015050B
:1067B800C7E700BF874901018046010191490101EE
:1067C80034470101034B43F8302003EBC003596001
:1067D800704700BF54030021014910220A60704726
:1067E80010ED00E072B6404080F31188BFF36F8F60
:1067F80001B5FFF781FC002802D0BFF34F8F30BFEF
:10680800BDE8014062B6BFF36F8F704772B649406A
:1068180081F3118801B5FFF76FFC002802D0BFF3A0
:106828004F8F20BFBDE8014080F3118862B67047E2
:1068380040B2002807DB01234109034A00F01F008A
:10684800834042F82130704700E100E040B2002860
:106858000CDB01220649430900F01F008240203367
:1068680041F82320BFF34F8FBFF36F8F704700BFEE
:1068780000E100E0054B420953F82220012300F013
:106888001F0003FA00F01040704700BF00E100E06D
:10689800D30748BF002140B258BF02310028ACBF1F
:1068A80000F16040064A4FEA4113DBB2ABBF00F586
:1068B800614000F00F0080F800331354704700BFA8
:1068C80014ED00E030BFFFF7FDBF00BF08B5084B6F
:1068D800084A23F07F039360BFF34F8FBFF36F8F96
:1068E80008F052FD09F0DAFC00F0DCF908F08CFD44
:1068F8000000000100ED00E0094A0A4993680968B0
:106908005867996708494B6843F080534B600023E8
:1069180083F31188BFF36F8F9368986F704700BF38
:10692800DC3A0021E048010100ED00E013498A68E3
:106938004FF030001044EFF3098C80E8F01F40203E
:1069480080F31288BFF36F8F0D4F4FF000664A69CE
:106958008A603E60506F0023536780F3118802F10C
:10696800300090E8F01F8CF3098802F1000004B5AC
:106978000BF047F9BDE8044070470000DC3A0021FD
:1069880004ED00E01EF0040F0CBFEFF30880EFF3F6
:106998000980816911F8021C0229FFD001B50BF0AA
:1069A80013F901BD42F8203C009B0B4942F81C3CFE
:1069B800019B21F0010142F8183C029B42F8081C97
:1069C80042F8143C4FF0807342F8043C0023203A0C
:1069D80002654367704700BF55110101084B986075
:1069E800436E83F30B88104681F30988002163B650
:1069F80081F31188BFF36F8F002200230AF0A6FBF2
:106A0800DC3A002101B5EFF30580A0F110004FEA50
:106A1800C0000449014409C99847BDE8014002493A
:106A28000847000054030021356A0001044B9968A7
:106A38005869884203D003494FF080520A60704772
:106A4800DC3A002104ED00E0154B9A6A12F0007F51
:106A58009A6A14BF1E201D2012F0807F9A6A18BF00
:106A68001F2012F4801F9A6A18BF022012F4002F08
:106A78009A6A18BF212012F4802F9A6A18BF222020
:106A880012F4003F9A6A18BF232012F4803F9A6AD2
:106A980018BF24206FEA02426FEA12429A627047D6
:106AA80000ED00E010B5164B9A6A9C6A12F4805FFC
:106AB80014BF1722162214F4006F9C6A18BF1822FC
:106AC800A40509D59A6B9A6A120404D518B19A6A72
:106AD80022F400429A621922094B986A10F4806FD6
:106AE800986A18BF1A2210F4807F986A40F47F4091
:106AF80098624FF000030CBF10461B200B7010BDAE
:106B080000ED00E010B5154B0246986A9C6A10F03B
:106B1800100F14BF1120102014F0080F9C6A18BF22
:106B28001220A40709D5586B986A000604D51AB133
:106B38009A6A22F080029A621320084B9A6A12F02D
:106B4800010F9A6A18BF1420D20658BF9A6A9A6A27
:106B580042F0FF029A6200230B7010BD00ED00E0C6
:106B680070B5444B06465B6800258AB0C3F308033A
:106B780085F31188BFF36F8F02F07F40B0F17F4F2C
:106B880011D102F00C0008280DD010074CBF0E469A
:106B980001250022033B8DF80720032B05D8DFE8E9
:106BA80003F01E5C60592E46F3E700249DF8073079
:106BB8009BB92022314602A80BF0B7F8099B002D9B
:106BC80053D0C3F3080222B96FEA53236FEA432371
:106BD8000993204602A90AF0F5FF0AB070BD254BBB
:106BE800DA6A9107E1D4DA6A002ADEDBDA6A52004F
:106BF800DBD55A69B16942F480725A61BFF34F8F8D
:106C0800BFF36F8F5A6931F8021C22F480725A61FF
:106C1800BFF34F8FBFF36F8F4DF60272914209D0C9
:106C28009A6AD2B242B101200DF10701FFF76AFF5B
:106C38000446BBE73468B9E79A6A12F47F4F05D077
:106C480001200DF10701FFF72DFFF1E79B6AB3F56E
:106C5800803FAAD3FFF7F8FEEAE700200DF107010D
:106C6800E4E700200DF10701EDE723F4FF7323F0BB
:106C78000103ADE700ED00E0044B5A6942F0100251
:106C88005A615A6942F480625A61704700ED00E027
:106C9800EFF30880EFF3098101B57246FFF760FF53
:106CA80001BD00BF002340210348C21801331E2B39
:106CB80082F80013F9D1704700E100E0002080F36A
:106CC8001488BFF36F8F002080F30A8880F30B8845
:106CD800FFF746FA00200E490860BFF34F8F0D48B2
:106CE80080F3088800F03EF8402080F311880A48B5
:106CF8004FF40061401880F30988EFF314800221F3
:106D0800084380F31488BFF36F8FFFF7DFFD00009F
:106D180094ED00E0E85D0021E8500021BFF34F8FBB
:106D28000549064BCA6802F4E0621343CB60BFF31F
:106D38004F8F00BFFDE700BF00ED00E00400FA053B
:106D4800002318460649D1F89020C2F3072293423F
:106D580000DB7047C1F89830C1F8A0000133F6E7AE
:106D680000ED00E010B572B6002484F31388FFF735
:106D7800E7FF23464FF0FF300C4A03F120010133AF
:106D8800102B42F82100F8D100234FF0FF30074ABA
:106D980003F160010133102B42F82100F8D162B6EB
:106DA800BFF34F8FBFF36F8F10BD00BF00E100E04E
:106DB800084B9B6883420BD1EFF3058343B1064B25
:106DC8005A6842F080525A605A6A22F400425A6263
:106DD80009F0F2B9DC3A002100ED00E01FB5094CDA
:106DE800094A23460121094800F0EAF800230393E1
:106DF800074B0121E41A01A80193029400F0EAF874
:106E080004B010BD00000121000000215847010115
:106E1800A004002110B50C7A0B6804F01F0223F0BF
:106E28001F031A43CB68640923F01F03054943EA8B
:106E3800440343F00103C1F89800C1F89C20C1F84D
:106E4800A03010BD00ED00E02DE9F04F0F461446CC
:106E580006464FF000084E4D85B0B84580F2948044
:106E6800D6F80490B9F1000F36D0B9F11F0F40F2EF
:106E7800898019F01F0F40F08580D6F800A01AF01D
:106E88001F0F7FD150460AF0C0FE834609EB0A0067
:106E980001380AF0BAFE834574D11BF1160F71D080
:106EA8005C456FDDC5F898B0D5F89C10C5F898B06A
:106EB800D5F8A03021F01F0143F01F0AD6E90032AF
:106EC8001A44994202F1FF391ED1CA4508D1314608
:106ED8005FFA8BF00AF0A2FE08F101080C36BCE755
:106EE8003146C5F898B0D5F89C3022F01F0203F05F
:106EF8001F031343C5F89C30E0B20AF08FFE10F16F
:106F0800160F3FD0441CE7E7C5F898B0D5F8A02085
:106F1800013B23F01F0302F01F021343CA45314609
:106F2800E0B2C5F8A030E8D00AF078FE10F1160FEC
:106F380028D0C5F898B0D5F89C209DF808300AF1FB
:106F4800FF3A62F304038DF80830D5F8A0309DF8B5
:106F580008205B0863F347128DF80820D6E9003251
:106F68001344009323F01F03411C5344A3EB09036C
:106F7800C8B223F01F030728039303D86946FFF715
:106F880049FFBFE76FF01504204605B0BDE8F08F54
:106F980000ED00E00522044BC3F89420BFF34F8FA7
:106FA800BFF36F8F704700BF00ED00E0BFF35F8F46
:106FB8000022024BC3F89420704700BF00ED00E0A8
:106FC80010B5034C2278FFF73FFF207010BD00BFBB
:106FD8006C3B00212DE9F74F294D8A4606464FF0B4
:106FE8000008AB46274FD0451BDAD6F80490B9F114
:106FF800000F3FD03168084601910AF006FE01995A
:10700800044609EB010001380AF0FFFD84424FF005
:1070180014021D4B08D002FB08F36FF015024BF861
:10702800032003B0BDE8F08F14F1160F2C60F8D0E0
:107038001978A142F5DD02FB08B0C7F89840C7F8F7
:107048009840D7F89C4000F10801007B64F30400E5
:107058000871D7F8A0000C79400860F347140C7148
:10706800D7F89C1021F01F016960D7F8A01021F013
:107078001F01296108F1010814350C36B3E700BF78
:10708800F41A002100ED00E06C3B002138B50E4DEC
:107098002C68082C15D80020FFF788FF0B4B0C4AEA
:1070A800C3F8C020844205D10A4B00201C70FFF7AA
:1070B80071FF38BD696801EB0011FFF7ABFE0130C5
:1070C800F0E74FF0FF30F4E76447010100ED00E01E
:1070D800AAFF44006C3B0021084B70B5C31A0D464B
:1070E80007499B1004465943402206480AF04DFEC2
:1070F8002B4601462046BDE8704018471C1B00215E
:10710800B76DDBB6F0440101402373B50B4C009317
:10711800041B0B460D460A49A41061430646094A5A
:1071280009480AF05FFE011E05DA30462B4602B018
:10713800BDE87040184702B070BD00BF1C1B00219D
:10714800B76DDBB6591E0101F044010170B500228C
:10715800012104460520FFF79BFB0F4800F0F2FED3
:107168000E4B984215D10AF0B2FF26690C493046F9
:107178000AF026FA00280BDB012535642469084942
:1071880004F11C000AF01CFA002801DB0020E56469
:1071980070BD6FF00400FBE7E17100010000AD0B6A
:1071A8008C47010101460C2300224B4370B5084867
:1071B800C41840331844D4E90E56A2630AF0D2FD2D
:1071C8002DB132462B46BDE870400248184770BDC5
:1071D8001C1B0021F044010110B1012804D07047A4
:1071E800034B1B6C5B0701D1FFF7DCBF704700BF87
:1071F8001C1B002108B54FF04003EFF3118183F306
:107208001288BFF36F8F114A136843F002001060B1
:10721800DA0708D481F31188BFF36F8FBDE80840FF
:10722800012000F07FBE0A4BD3F80C24D3F80C34AD
:10723800D307EFD507480AF095FD81F31188BFF30E
:107248006F8FBDE808400020FFF7ACBF6C1B002122
:10725800005000415C1B00211FB500220123CDE92D
:1072680002236B46084ACDF800D0CDF804D00AF0C6
:10727800E8FD002805DB4FF480420023684608F04B
:10728800C1FA05B05DF804FB771E010110B54FF097
:107298004003EFF3118483F31288BFF36F8F074A1B
:1072A800136823F00201DB07116002D401200AF001
:1072B80009FF84F31188BFF36F8F10BD6C1B002189
:1072C800C3B21C20014A03FB002070471C1B00218D
:1072D8002DE9F041012207463549D1E8EF3FC1E8E1
:1072E800E02F0028F9D133B9324933484B60CB60DD
:1072F8008A600AF078F97B1E012B28D8012F06D165
:107308002E4BD3F81C3403F00303022B1FD00CF0D0
:1073180094FC0546E8B92A4B1B78D3B102220646ED
:10732800264BC3F80823254CDFF89880D4F8183486
:10733800D4F81824D20316D503F00303022B01D086
:10734800012F10D175B386F31188BFF36F8FBDE895
:10735800F0814FF04003EFF3118683F31288BFF3F7
:107368006F8F0125DFE7C5B13046FFF74FFAD4F834
:107378001835DBB2012BD9D1D4F80421002AD5D095
:107388000022C4F80421D4F804210222C4F81825E4
:107398002022C8F88021A360C8E70021212008F036
:1073A800EBFEE4E70222054BC3F80423CFE700BF56
:1073B800181B0021081B0021381B00210050004128
:1073C800D544002100E100E04FF04003EFF31182C3
:1073D80083F31288BFF36F8F094BD3F8001161B1A3
:1073E8000021D3F80805C3F80011D3F80031C0B262
:1073F80082F31188BFF36F8F70476FF00A00F7E7C9
:10740800009000410346F0B510469C7893F803C0FD
:107418004FF04005EFF3118285F31288BFF36F8FA9
:107428001F7893F801E0E41B04EA0C04A04288BF2B
:10743800A0B23E180CEA06063D461E7082F311887B
:10744800BFF36F8F0A188A4217D177450DD14FF0D5
:107458004001EFF3118281F31288BFF36F8F19781F
:10746800597082F31188BFF36F8F1B79241AA342D6
:1074780022BF0122054B1A60F0BD5E1976790135ED
:1074880001F8016B05EA0C05DDE700BF009000413B
:10749800DB432DE9F04713F001050E46144604D0EE
:1074A8002348FFF7AFFFBDE8F087A2B34FF04003D2
:1074B800EFF3118883F31288BFF36F8F0920FFF76A
:1074C800D9F907460920FFF7C1F988F31188BFF3F6
:1074D8006F8FDFF860A04FF40079CAF80051DAF82E
:1074E800003101232546DFF85080CAF80030C8F87B
:1074F8008091DAF8003183B1FFF766FF031EC8F800
:107508008091F6DB013DADB27355002DF1D117B175
:107518000920FFF78DF92046C5E74FF04003EFF348
:10752800118083F31288BFF36F8FFFF76FF9E0E7DD
:10753800901B00210090004100E100E02DE9F0419E
:107548000D461446114F07F1350814B92046BDE819
:10755800F0814FF0FF334FF0FF32384608F052F910
:10756800224629464046FFF74DFF0646384608F0B2
:1075780029F93EB94FF0FF324FF0FF33044808F0C5
:1075880041F9E6E7A41BA4B23544DEE7701B0021ED
:10759800801B002138B50122174C114620460CF0FB
:1075A80072FB0122002104F110000CF06CFB40F288
:1075B800074323874FF0706323620C2300250121C2
:1075C80084F824300D4B84F83550E586D3F804252B
:1075D800092022F00102C3F80425C3F80051D3F8AA
:1075E8000021C3F804132A461960FFF751F909204E
:1075F800FFF71EF9284638BD701B00210090004196
:1076080010B5FFF7E1FE002820DB174BC0B293F856
:10761800222093F8214093F82310141B31EA040424
:107628000DD193F8372093F8364093F83810141B8F
:1076380031EA04040BD101220C4B5A600EE09C186D
:107648000132114084F8250083F8221010BD9C18DF
:107658000132114084F83A0083F837100448BDE835
:10766800104008F0AFB800BF701B00210090004127
:10767800801B002130B5406801F01F04057BB2F57E
:10768800001F85B044EA451405D1204607F0B6F836
:10769800002005B030BD0025B2F5800FCDE90255B8
:1076A80014D1B3F1007F0CBF042305238DF80830F3
:1076B80000232046194602AA06F0DCFE1F4B98421A
:1076C80038D10121204607F053F8E1E7B3F1C06F44
:1076D80025D0B3F1007F14BF012302238DF80830B1
:1076E8008368CB40D907E3D4B2F1A07FE0D1144A34
:1076F80014486109012908BF024604F01F038033BA
:1077080052F82330DB07D3D40DF10705294620466C
:1077180006F0DAFF0C4B984203D00395C8E7032321
:10772800DCE7284607F01EF8044B9842F5D06FF0C6
:107738000B00AEE76FF01500ABE700BF0000AD0B24
:1077480000058C4100088C410400AD0B10B506F013
:10775800F9FF044668B906F0CDFF084B98420AD1F4
:107768002146074806F0AAFF224605210A20FFF70E
:107778008FF8002010BD6FF00400FBE70000AD0B90
:107788008D7700014209034670B502D0012A17D04F
:1077980070BD0D4E326951680029F9D0012503F0FA
:1077A8001F030C689D400029F2D08A682A4002D045
:1077B80030464B6898472CB1236821461C46F2E7AF
:1077C800024EE7E72346F8E7204501010845010195
:1077D8002DE9FF41476801F01F053B7B144645EA48
:1077E80043150E4628460DF1030106F06DFF14F40B
:1077F800403F80460BD1284607F028F83C4B984577
:1078080003D19DF8030006F0A7FF00200CE0002339
:107818002846194602AACDE9023306F02BFE344B5E
:10782800984204D06FF0150004B0BDE8F08180459F
:1078380003D19DF8030006F08FFFA30349D540F25A
:1078480006332340B3F5837F19D00CD8062B17D005
:1078580004D8ABB1022BE5D1042311E0B3F5807F46
:10786800E0D101230CE040F20222934226D0B3F586
:10787800407F25D0B3F5007FD4D1022300E0072351
:107888008DF8043084F48033C3F30043E0068DF8A8
:1078980005304CBF0323C4F3401321038DF8063091
:1078A80010D501237A68B34093600022284601A9C5
:1078B80006F090FE0E4B9842A7D0B3E70523DFE70A
:1078C8000323DDE7620341BF01237A68B340D36035
:1078D800EBE7E3064FF000034CBF0324C4F3401466
:1078E8001A46284601A98DF8044006F0C3FDE1E7D1
:1078F8000000AD0B10B504460269A2B0C2F88000C2
:107908001649002007F0A6F8002201211220FEF7F0
:10791800BFFF8422002101A864680AF011FA00233D
:10792800012001AA61680432D940C90744BF00FA9E
:1079380003F142F8041C2168D940C90748BF00FA7E
:1079480003F103F1010348BFD163102BEAD101A869
:1079580007F098F8002022B010BD00BF171F0101E2
:107968000123834070B5DC430B4AD2E8EF1F01EADC
:107978000405C2E8E65F002EF7D14FF4803282405A
:107988000648C0F80823BFF35F8FBFF36F8F0B4221
:1079980014BF0120002070BD5C1C00210060014163
:1079A80070B40E4922F07F46D1E90034D01AC318CA
:1079B80044F10004C1E90034A6F50013B3F5400F03
:1079C80009D2074B1B681A0A1B069C19054B42F182
:1079D8000005C3E9004570BC08F036BD0010002161
:1079E800601C002108100021D9B101230D4A8340F1
:1079F800D2E8EFCF4CEA030CC2E8E1CF0029F7D177
:107A08004FF48033084A8340C2F80433074BD3E865
:107A1800AF3FC340DB0742BF4FF48002044BC3F8BB
:107A2800002170475C1C002100600141541C0021AA
:107A380000E100E0C3B202489B001844704700BF51
:107A480040610141D0B50446FFF78AFF4FF0FF3689
:107A58004FF0FF370E4B014603EB04132046C3E9F2
:107A680002670AF0C7FA4FF480330A4AA340C2F803
:107A780048330123A340DB43074AD2E8EF6F1E4097
:107A8800C2E8E46F002CF8D1BDE8D040FFF7ACBFE6
:107A9800C00F002100600141541C00210D4B1868E3
:107AA800010A0006BFF35F8F0B4BD3F80435181893
:107AB80041F10001B3F5801F0AD2084BD3E9002336
:107AC800904271EB030303D210F1807041F1000181
:107AD800704700BF601C00210060014108100021B0
:107AE8002DE9F74F16461F460446FFF739FF009069
:107AF800FFF7D4FFB04271EB070350D2384B301A6E
:107B080067EB0101984271F1000165D2354B03EB37
:107B18000413D3E902239F4208BF964249D04FF489
:107B28008039314909FA04F9204626F07F4BC1F81B
:107B380048930AF05FFA4FF0030A584604F15005DB
:107B4800AD00ADB205F1824504F5A873274A05F5E5
:107B5800B0350193DDF804C020F07F4341F82C30A4
:107B6800C1F84493D1F80485A0EB0800033820F04D
:107B78007F4090421DD9286860B1D1F80485A8EBF0
:107B88000B0020F07F40B0F5000F12D920460AF014
:107B980031FA164A0AEB08000AF1010ADAE701236A
:107BA800134AA340D2E8EF0F1843C2E8E10F0029B7
:107BB800F8D100250B490C98230101EB0412C85099
:107BC800C2E902670D9B536020460099FFF70CFF3E
:107BD800284603B0BDE8F08F6FF01505F4E700BF45
:107BE80001008000C00F002100600141FDFF7F00FF
:107BF800541C002173B54FF4803200254FF0FF303C
:107C08004FF0FF31224C234B0226C4F80833C4F846
:107C18004833214BC4F80855C3E90201C4F80423CA
:107C28004FF40032C3E90601C4F804234FF480225C
:107C3800C3E90A01C4F80423C3E90E014FF4002381
:107C48004FF48002C4F80433144B0121C4F80463D0
:107C58001620C3F880212A46FEF71AFE1620FEF7E2
:107C6800E7FD01230F22A36023600D4B28461A600D
:107C78000E220C4B1A600C4B0C4A00930195002302
:107C8800FFF72EFF3046FFF723FB284602B070BDF2
:107C98000060014103000F00C00F002100E100E077
:107CA8005C1C0021581C0021A9790001FFFF7F00FE
:107CB8002DE9F04F344B87B0D3F8042392070BD546
:107CC800D3F8042142B10022C3F804212F4AD3F883
:107CD80004311368013313602D4D0024A946DFF8E1
:107CE800B4A04FF48036284BA640D3F804331E4284
:107CF80027D00123A340DB43274FD7E8EF2F02EA21
:107D08000301C7E8E01F0028F7D122FA04F3DB07D4
:107D180002D45AF82430A3B120460AF06BF9FFF7D1
:107D2800BDFEEFF3108B72B609EB0412D2E90278AC
:107D3800CDE90278029B9842039B994109D28BF3C3
:107D480010880134042C05F11005CAD107B0BDE82C
:107D5800F08F0020D5E900134FF0FF374FF0FF38C0
:107D68002860C2E90278084A05932046C2F84863A9
:107D78000AF040F98BF310880029E2D0059B0093A4
:107D8800DDE902238847DCE700600141601C00212F
:107D9800C00F002140610141541C002170B501242D
:107DA8000C4B186890B1B0FA80F0C0F11F0004FACB
:107DB80000F1C943D3E8EF2F02EA0105C3E8E65F03
:107DC800002EF7D1C240D207EBD570BD6FF00B0083
:107DD800FBE700BF581C0021431C13B521D0012824
:107DE80021DD124A124B9042D4BF04461C46FFF7CD
:107DF80055FE104B0E49D3E90023801AB0F5000F49
:107E080028BF002404448C4228BF0C4600200A499D
:107E1800A2180190009143F10003FFF761FE02B040
:107E280010BD034CE3E70124E1E700BFFEFF7F003C
:107E3800FFFF7F0000100021A979000108B5FFF7B6
:107E48002DFE024B1B68C01A08BD00BF00100021A0
:107E580002460B46014807F0FFBB00BF680400213B
:107E6800014807F073BC00BF6804002101490248BB
:107E78000BF072BF641C002110100021322337B5AB
:107E88000125ADF8043000231A2168460E4A8DF802
:107E98000630ADF800508DF80230FBF7A9FB044618
:107EA80070B901462A460C20FEF7F2FC2A46214604
:107EB8001120FEF7EDFC2A4621460820FEF7E8FCD3
:107EC800204603B030BD00BF3120010137B5002482
:107ED8000C4D6FF007034FF4806228460A4900945E
:107EE80007F0AEFD094928460BF0ADFE08490948E0
:107EF8000BF015FF224604211A20FEF7C9FC204684
:107F080003B030BD10100021E84800211D4A0101CE
:107F180059200101641C0021014B00201B681847EF
:107F2800741C002120B1012806D10448FBF7B2B81F
:107F3800034B01201B681847704700BF217F0001D1
:107F4800741C0021014B186001487047741C002103
:107F58000000AD0B10B50C29036914D118680B4C3F
:107F680080EAE073A3EBE07300284FF000004FEACB
:107F7800930103F0030304FB03F3BCBF49425B42D4
:107F8800C2E9001310BD6FF08500FBE790D0030035
:107F980038B5064B064C9D6804222B6804490348F3
:107FA80098472368002BF7D038BD00BF384501013A
:107FB8007C1C0021044B186880EA403080EA50405D
:107FC80080EA4010186070477C1C002108B500202A
:107FD800FFF776F900230549CB60054B4B60032377
:107FE8008B60BDE8084009F0FEBA00BF801C002184
:107FF8002980000110B50020FFF762F90649044600
:1080080009F06EFB783002D1204609F044FB0022CB
:10801800024B1A7010BD00BF801C00216D3B00216F
:10802800012208B5024B1A7008F036FD08BD00BFE2
:108038006D3B002140B2002808DB012243090449B6
:1080480000F01F008240403341F82320704700BFF2
:1080580000E100E040B2002808DB0122430904499E
:1080680000F01F008240603341F82320704700BFB2
:1080780000E100E040B20028ABBF00F16040054BD2
:1080880000F5614000F00F00ACBF90F80003185CE9
:108098004009704714ED00E010B5064C064920462B
:1080A8000BF071FE00220023204607F069FD002036
:1080B80010BD00BFB0100021C580000137B50F4CBE
:1080C8003921A5682046EB68984770B90C216A46A3
:1080D80020462B69984740B9094B009A93F900103C
:1080E800914202D01A700AF080F84FF4F01200237F
:1080F800044807F079FD03B030BD00BF8045010199
:1081080050030021B0100021014B93F90000704783
:1081180050030021F7B5124E124C134D4FF0FF32A9
:108128004FF0FF33304607F06DFB4FF4967321781C
:108138000E4859436F5804313A46294409F08AFBDE
:108148002378874203F1010303F00F032370E5D07E
:108158004FF0FF3301A8019308F0E8FFDEE700BF06
:108168008C0400216F3B0021901C0021502F00211E
:10817800014807F027BB00BF7C04002108B50D4863
:1081880009F046FB002804DA783002D06FF00500C9
:1081980008BD094A0949074809F048FB0028F5DBEA
:1081A8004FF400420023064807F02CFB0028EDDBC3
:1081B8000020EDE75045010184020021502F0021E5
:1081C8007C04002138B505460C460BF036FDC8B1D5
:1081D800124913480B7800785A1C02F00F0290429B
:1081E80018D00A704FF4967253430E482246C45072
:1081F80004332946184409F098FD0B4807F0E2FAC1
:10820800204638BD22462946084809F023FB40EAA3
:10821800E070F6E74FF0FF30F3E700BF6E3B002158
:108228006F3B0021901C00218C040021502F00215D
:108238000122034B83F8142502480BF01DBD00BF33
:10824800582F002170340021084BD3F8082542F03C
:108258000302C3F808250422C3F81025D3F804251F
:1082680022F00302C3F80425704700BF00800141D3
:108278000122014B1A607047008001410122014B25
:108288001A617047008001410048704748800141E9
:108298000123054A05495364D2F84435013B0B6074
:1082A800C2F84835704700BF00800141843400217E
:1082B800054B064AD3F8483512689A421ABF03603C
:1082C80001200020704700BF008001418434002154
:1082D800004870474C800141014BD3F84C0570476A
:1082E8000080014119461046024BC3E9020108F01B
:1082F80019BE00BF78110021002238B50B4B0C4D78
:108308001A700C4B0C4C1A604FF0FF32C3E9012273
:108318000A4B2B600A4B2360FFF740FD00282861B9
:1083280002DBFFF73BFD206138BD00BF703B002139
:1083380090110021601100217811002151210101C3
:10834800ED82000102460B46014809F004BF00BF58
:1083580090110021014B1869FFF774BB901100219F
:1083680070B5EFF3108672B6084C23785BB9084DE8
:10837800286909F04BFE6861064D286909F046FE38
:1083880001236861237086F3108870BD703B00215B
:10839800901100217811002110B5EFF3108472B606
:1083A80000220A4B1A700A4B59691869891A18BFB2
:1083B800012109F02DFE074B59691869003918BFCA
:1083C800012109F025FE84F3108810BD703B0021BF
:1083D800901100217811002110B5FFF75FFBBDE86F
:1083E8001040C21C41F10003014809F0B4BE00BFAF
:1083F8007811002102460B46014809F0ACBE00BFC7
:1084080078110021014B1869FFF71CBB7811002176
:10841800014B1869FFF70EBB78110021014BD3E916
:1084280002017047781100212DE9F04F01238046A1
:108438000F461646414C85B0D4E8EF2F002A03D1E9
:10844800C4E8E13F0029F7D10CBF99464FF0000975
:10845800254614D1D4F804A0BAF1FF3F15D1FFF78F
:108468009DFC0028606010DA0023C4F804A0D4E85A
:10847800EF2F012A03D1C4E8E13F0029F7D14FF0DB
:108488000309484605B0BDE8F08F4FF0000BCDE971
:1084980000BB42463B46606809F0BCFD824650B1CD
:1084A800D5E8EF3F012B03D1C5E8E2BF002AF7D199
:1084B8004FF00209E5E76068FFF7BCFA8346EFF37F
:1084C8001083039372B6FFF7E9FA023041F1000115
:1084D800804577EB0101039B18D283F3108801369E
:1084E80004D06068FFF7A6FAC0F880A04FF0FF3309
:1084F8006068A360FFF7A6FA0023D5E8EF2F012AEA
:10850800BFD1C5E8E13F0029BBD0F6E7721C1EBF0A
:10851800F2B242F00042CBF88020A660C4E904879A
:1085280083F310880223D5E8EF2F012A03D1C5E889
:10853800E13F0029F7D14FF00009A2E760110021BF
:10854800042038B5114CD4E8EF3F022B03D1C4E81E
:10855800E20F002AF7D1254617D16068FFF772FAB3
:10856800A368013305D06068FFF764FA0023C0F8F8
:1085780080304FF0FF330020A360D5E8EF3F042B95
:1085880003D1C5E8E20F002AF7D138BD60110021F8
:10859800F8B5054603231A4CD4E8EF2F022A03D175
:1085A800C4E8E13F0029F7D1264627D1EFF3108729
:1085B80072B66068FFF73EFAEBB243F00043C0F8CA
:1085C80080306068A560FFF735FA0568FFF766FA3E
:1085D800D4E90423904299410ED2281E18BF0120E5
:1085E80087F310880223D6E8EF2F032A03D1C6E8C1
:1085F800E13F0029F7D1F8BD0120F1E70420FAE7AF
:108608006011002108B503F005FE00F0FBFF09F03A
:1086180071FD01F011FA114807F0DAFF09F031FF96
:1086280004F0D2FA01F096FA03F04AFC08F0BAFA1C
:10863800FFF7AEFC04F05EFB08F052FA08F098F879
:1086480001F0C8FB09F067FD08F09AFB03F03CFD58
:1086580002F0E2FFBDE8084003F012BB3848010110
:108668007FB5154B0026002914BF0C461C462388ED
:10867800CDF80A60ADF80830A37805468DF80D30BE
:108688008DF80E6001F0B8FAE37821790DF10A024D
:1086980043EA012109F075FF9DF809009DF80830AB
:1086A80000B933B900212A460846009602AB0AF001
:1086B80014F904B070BD00BFD84A010108B5074BD2
:1086C800002914BF0A461A465378117803B919B914
:1086D80011460AF061FA0123184608BDD44A01017F
:1086E80037B5EFF3108372B6054CD4E9124583F31E
:1086F8001088CDE9004505F06BF803B030BD00BF28
:10870800D0110021034B186808B190F8800000F0E0
:1087180001007047B034002108B5FFF7F3FF08B136
:10872800014B186808BD00BFB0340021431E072B59
:1087380005D8DFE803F006060F080F111111002015
:10874800704701207047054B1B7813F0100F18BFB6
:10875800012070470420704702207047773B0021B2
:1087680008B5064B1978064BC9B21878FFF7DEFF33
:10877800814234BF0020012008BD00BF753B0021A5
:10878800783B0021024B1B780BB108F039BB7047CE
:10879800763B002110B5044601F0D0F9044B204681
:1087A800012219680AF02DF8BDE8104001F072B9ED
:1087B8008834002110B5044601F0C0F9054B204665
:1087C8001A78054B93F900100AF019F8BDE8104023
:1087D80001F060B97D3B0021793B0021014A10700E
:1087E80009F0B0BD783B002138B504460D4601F0CC
:1087F800A5F9054B2A462146186809F0AAFDBDE8E7
:10880800384001F047B900BFA834002100220348CE
:108818001146034B006809F069BF00BFB03400215E
:108828008C340021F7B5204B07461B780E461546B9
:108838007BB3047809F09CFD631C5B0168BB03F102
:10884800CE000DB1A83080B20BF0F2FC08B3FFF7F0
:1088580087FF0446E8B11DB302F0E4FA08F0E0FA35
:10886800124B38461A7865F3C3021A7002F008FCF6
:108878000F4B2A461B78314600930E4B01F0C4FE7D
:10888800012E07D109F06FFE08F0C4F810B902F004
:1088980005F80024204603B0F0BD03F22E40D0E7CF
:1088A80002F0C8FADAE700BF763B0021773B0021E7
:1088B800733B00217A3B002108B5064B1B7833B186
:1088C8000BF0E3FC3B2894BF0020012008BD0120E9
:1088D800FCE700BF763B002110B5114C09F0CEFD36
:1088E8000BF021FC2378012B17D90BF0EFFC0D4B73
:1088F800D3E90423904299410FD2012323700BF04E
:1089080013FC01F0DBF9012803D1074B187809F0B3
:1089180019FDBDE8104001F09BB800232370F0E773
:10892800723B0021A8110021783B0021F0B50446D4
:108938000E46154687B0124B1822002168461F685C
:1089480009F0FEF902948DF80D608DF80E504CB1C7
:10895800EFF3108372B60B4AD2E91001CDE9040196
:1089680083F3108801F0EAF8384609F075FD694686
:10897800384609F048FF01F08DF807B0F0BD00BF98
:10898800A8340021D011002173B5204B04461B7870
:108998000E46002B37D0FFF7E3FEA0B31C4A13782E
:1089A80023F007031370FFF7ADFE0546FFF7B4FE8B
:1089B80001F0CEFC002301A8ADF804308DF8063094
:1089C80009F0F3FD134A21460320127801AB01F0A8
:1089D800EDFC012C05D109F0C6FD08F01BF800B923
:1089E800347002F023FA08F01BFA3DB901F000FADE
:1089F800094B1860FFF790FE01F0AAFCFFF706FF8D
:108A08000022064B1A6002B070BD00BF763B002101
:108A1800773B0021743B0021B0340021AC340021A5
:108A28007FB50220FFF7DAFE00210846FFF7ACFF0A
:108A380018220021684609F083F9064B6946186830
:108A480002F02AFB69460220FFF7CEFE07B05DF868
:108A580004FB00BFA834002108B5074B1B7853B1AD
:108A6800AE200BF0E5FB30B1FFF77AFE18B1BDE898
:108A7800084001F0CBBF08BD763B002110B5114B73
:108A88001B78EBB1FFF76CFED0B10F4C20460BF012
:108A98004CFB0BF0FAFBB0F5C07F11D32268C0097C
:108AA800831EB3EBD21F4FEAD2108CBF0022A2EB79
:108AB800C312226098BF1846BDE8104001F0CEBF2F
:108AC80010BD00BF763B0021A434002110B5044638
:108AD80001F0E4FEA01E06281DD8DFE800F0041C03
:108AE8000A121C1418000021BDE810400846FFF7C0
:108AF8004BBF0122BDE81040074B00211868FFF763
:108B080091BE0022F6E7BDE81040FFF7B7BFBDE809
:108B18001040FFF7A1BF10BDA834002110B50238DE
:108B280086B0062833D8DFE800F0040E2323233468
:108B38003A0061B3012206201C4B196806B0BDE853
:108B4800104009F05EBE0022194C0621236883F804
:108B58008020184B186809F088FC174B20681A7891
:108B6800164B93F9001006B0BDE8104009F047BE57
:108B7800134C18220021684609F0E2F8694620687B
:108B880002F08AFA6A460621206809F0E2FB06B07C
:108B980010BD012006B0BDE8104009F043BE012019
:108BA80006B0BDE8104009F041BE00BF883400217E
:108BB800B0340021AC3400217D3B0021793B0021F9
:108BC800A83400212DE9F0410646174600F0FAFEC8
:108BD8000546002836D01F4C2378022B20D0227857
:108BE800022AD3B227D14FF0000801F057FE2378AC
:108BF800022B0AD10022184B18481A7008F01AF8EC
:108C08000BF090FA207809F09DFB2378072B01D10F
:108C18000BF08CFABFB141462078FFF77FFF12E0D6
:108C280001F080FB22788046022AD3B205D1002EBB
:108C3800DBD138B9D7E74FF00008022BD5D9033B71
:108C4800052B03D900252846BDE8F081002EF9D070
:108C5800CBE700BF783B0021723B0021A81100211F
:108C680073B50D461E46FFF7ADFF0446F8B10BF08D
:108C780053FB08B101F022F803220E4B02201A70B0
:108C88000D4B1E600026FFF7A9FD6B1F5842584187
:108C98000DF107018DF80760FFF776FE9DF80730A4
:108CA8002BB101F0FBFD31463046FFF76DFE204643
:108CB80002B070BD743B002188340021F0B5644ACD
:108CC8000446137887B0107003F0FF01A3B9614D13
:108CD800002865D001F0EEF901225F4B1A7008F008
:108CE80069F82878FFF722FD002857D0844255D329
:108CF8002B78584B18787CE0002855D1564B1A78B9
:108D0800002A4BD0534D18702B78022B02D101F05A
:108D180009FB044601F06CFA08F072F807F088FDC8
:108D28000221012000F04EFE2B78013B052B35D89F
:108D3800DFE803F0030910232323002007B0BDE870
:108D4800F040FFF74BBD4CB3052007B0BDE8F0403D
:108D5800FFF720BD0220FFF741FD00223F4C042110
:108D6800236883F880203E4B186809F07EFB206852
:108D780007B0BDE8F040FFF71DBD0220FFF72EFD4C
:108D880018220021684608F0DBFF364B6946186850
:108D980002F082F969460420FFF726FD07B0F0BD0E
:108DA80007F046FD2B78F9E72A4F3878FFF7BEFC25
:108DB800814223D38442F1D201213D780846EDB2A5
:108DC80000F000FE022D2CD101F0ACFA064601F0AD
:108DD80065FD6EB30620FFF7DDFC31462846FFF738
:108DE8009DFE3978C9B20846FFF7A0FC8442D5D366
:108DF800084607B0BDE8F040FFF768BE8442CDD30F
:108E08003B78194A02291278DBB27FF472AF042C3E
:108E18007FF46FAF042B7FF46CAF032A7FF469AF44
:108E2800BCE701F03BFD042D0BD003D8032D04D083
:108E38000026D2E76B1F012BFAD80220FFF7CEFCE1
:108E4800F6E70A4B1A786FF304121A70F5E700BFB9
:108E5800753B0021783B0021763B0021B03400218E
:108E6800AC340021A8340021713B0021773B00215C
:108E780070B500200BF05FF9EFF3108172B6184A55
:108E880093680133936081F310880BF04DF900204B
:108E98000BF051F9044600F011FF01281CD1022003
:108EA8000BF0F5F90BF012FA0E4D044628460E4663
:108EB80007F0C0FE0123A0342B770B4B46F10006C8
:108EC80028462B62C5E9044607F07CFE074A13785A
:108ED8000133DBB2137001E0002CE3D170BD00BF99
:108EE800D0110021A8110021E1880001723B002166
:108EF80008B5EFF3108172B6124AD3680133D36014
:108F080081F3108800F0DAFE01280FD0022813D070
:108F180000200BF010F998B100220B4B0B481A7087
:108F280007F088FEBDE808400BF0F9B80022064BB0
:108F380006481A7007F07EFE02200BF0A8F9E7E752
:108F480008BD00BFD0110021723B0021A8110021EB
:108F58002DE9F041524D01462B79042B54D8DFE816
:108F680003F003240753220001240126274601E0C9
:108F78000424002622464A4809F0D8FB10B33EB123
:108F88003946474802F084FC064628BB022F0ED01B
:108F980000F00AFE022C3FD0042C6FD0012C6FD1B8
:108FA800EC7C01343AE00524E3E70224DDE73D4A9E
:108FB8003846137843F0010313700BF068F909F091
:108FC800E9FBE5E700F0F0FD20B12B6893F90030EC
:108FD800002BDFDC012607E000F0E6FD20B12B685E
:108FE80093F90030002BD5DC01F058FC002108462D
:108FF800FFF7CAFC2C4B187809F0A4F92B685B78AA
:1090080003F00703022B03D100242046BDE8F081BA
:109018003046FFF7BFFBF7E72C7D0234E4B2214E60
:109028003378580719D4DFF88480D8F800301878D6
:109038002B6801305B784001990654BFA03000F5D9
:1090480030700BF0F5F80746E0B13378D8F8000037
:1090580043F00403337009F009FA3378DA07D4D5FA
:109068002B685B789B06D0D500F0AEFD0028CCD0ED
:109078000B4809F096FB0E4B1860C6E76C7D90E72D
:109088000024CCE701F00AFC39463846FFF77CFC9F
:10909800084B01221968052009F0B3FBDDE700BF82
:1090A8008C340021773B0021783B0021B03400212B
:1090B800AC3400218834002113B500240E4A1378FB
:1090C80023F007031370FFF7A1FB0C4B187809F086
:1090D80039F901A8ADF804408DF8064009F065FAA1
:1090E800074A2146127801AB032001F05FF90220FC
:1090F800FFF750FB02B010BD773B0021783B002101
:10910800743B00212DE9F047664EDFF89C813568F5
:1091180009F03EF9654B664F18702B782B4413F80D
:10912800010C09F0DEF98000FF2828BFFF20614B01
:1091380006221870D8F80030404619780131C9B2B3
:1091480009F0F4FA8146002846D03B78D80743D482
:109158000321404602F09CFB044680B94FF4087096
:109168000BF066F8002839D03B7823F0050343F06C
:1091780005033B7009F00EFB306809F077F93B787E
:10918800D9072DD5EFF3108272B64B4C63680133C3
:10919800636082F3108809F003F902460B46EFF387
:1091A800108172B6C4E9122381F310880AF0B9FF5E
:1091B8003B78DA0726D4414B187809F0C3F86B7866
:1091C80003F00703022B61D00024336883F8804042
:1091D80000F00EFE306040E00424D0E70524CEE71E
:1091E80000F0E2FC82460028CCD1344B187809F014
:1091F800A9F850465146FFF7C7FB2046BDE8F0479F
:10920800FFF7C8BAB9F1000FD5D0D8F800305B78AD
:109218009B06D0D500F0D8FC0028CCD0284801F017
:1092280017FF214809F0BDFA264F38600028C2D040
:109238000320FFF7D3FA244B1B78032B16D9386881
:1092480001F01EFFC02101F0AFFA044638BB3368B5
:10925800022083F88040FFF7C1FA20462146FFF735
:1092680093FB2846BDE8F047FFF7A4BA0421022083
:1092780007F0E6FB38B9EFF3108272B6A369013341
:10928800A36182F3108800243368E1E700F08CFCC6
:109298000146002898D1BDE8F047FFF775BBBDE847
:1092A800F08700BFB03400218C340021793B0021C5
:1092B800773B00217D3B0021D0110021783B002124
:1092C800DD4A0101AC340021753B002110B5064B85
:1092D8001C68204600F09EFB20B12046BDE81040E7
:1092E80009F02FB810BD00BFA834002110B5044CF8
:1092F800206809F0BFF82068BDE8104004F062BAA1
:10930800AC34002138B50025074B02201C6884F8CE
:109318008050FFF763FA28462946FFF735FB2046B9
:10932800BDE83840FFF746BAB034002170B509F0FF
:1093380037F802460B46EFF3108172B6254EC6E9A0
:109348000E2381F31088244C2448217811F0080F4B
:1093580010D06FF304112170016809784901D431E4
:10936800541A63F10005EFF3108372B6C6E90C4591
:1093780083F31088006808F0FBFF0446D0B106208C
:10938800FFF72CFAFFF7BEF90446FFF7C5F900F01E
:10939800DFFF01F04BFD07F043FD01F0B5F8BCB964
:1093A80000F026FD0E4B1860FFF7B6F9BDE87040D7
:1093B80000F0CEBF0220FFF711FA21462046FFF742
:1093C800E3FA224621462046BDE87040FFF7AEBAD0
:1093D80070BD00BFD0110021773B0021A8340021C7
:1093E800B0340021F0B53C4B3C4D18682C688DB06A
:1093F800002836D0ACB3637803F00703022B30D1D2
:10940800837803F03003202B30D101786B4601318B
:109418000322C9B209F06AF918B3217806AB013101
:1094280003222046C9B209F061F9069EB37803F019
:109438003003202B15D19DF80940FF2C11D09DF841
:109448001F10009BFF290CD09DF812209DF8297051
:1094580038B1181905D0BA4203D1314408F03EFC9E
:1094680070B10DB0BDE8F040FFF7DABA2378052BEC
:10947800F7D1A3789B06F4D4E278C3789A42F0D166
:1094880008F08EFF02460B46EFF3108172B61448BF
:10949800C0E9102381F310882C680025022084F885
:1094A8008050FFF79BF929462846FFF76DFA08F028
:1094B8006FFF23780546234413F8010C09F011F8CF
:1094C8008200FF2A28BFFF2229462046D2B20DB0CB
:1094D800BDE8F040FFF72ABAA8340021B0340021D3
:1094E800D011002138B508F05BFF0D46044601F0A5
:1094F800A1FC07F095FCEFF3108372B6084AC2E9A5
:109508000A4583F31088074B1B78032B07D10420E7
:109518000AF0BDFE044B1A786FF304121A7038BDB6
:10952800D0110021713B0021773B00217FB5EFF37B
:10953800108172B60E4A13680133136081F31088E4
:109548000220FFF74BF900210846FFF71DFA182201
:109558000021684608F0F4FB064B6946186801F0DC
:109568009BFD69460120FFF73FF907B05DF804FB52
:10957800D0110021A834002138B5204D204C2B787B
:109588008342236838BF28707F2B16D90AF07DFEE6
:10959800B0F5C07F31D32268C009831EB3EBD21F58
:1095A8004FEAD2108CBF0022A2EBC312226098BFF0
:1095B8001846BDE8384001F051BA0AF0B8FD044633
:1095C80018B1BDE83840FFF759BA00F015FB08F0AC
:1095D800C6FF0220FFF702F921462046FFF7D4F91B
:1095E800287808F08FFF044600F0A8FA204609F012
:1095F80017F9BDE8384000F04DBA38BD7E3B002170
:10960800A434002108B50023074A08481370084A03
:109618001370084A13700AF060FE08F099FFBDE85D
:10962800084009F0B0B800BF783B0021A81100211C
:10963800763B0021723B002138B5054608F01BFF38
:109648000446F0B1104B1A78BAB11B78012B14D02C
:10965800012228461146FFF7B5FA054670B10B4BB3
:109668001B782BB10120FFF7B9F801F0ABF920B94D
:10967800FFF788F80020FFF7B1F8254600F0E8F971
:109688002C46204638BD00BF783B0021763B0021A0
:109698002DE9F04106460F461546984608F0EBFEC0
:1096A8000446C8B10E4B1A78022A0DD01B78032B3A
:1096B8000AD0FFF701F9044630B142463946304630
:1096C800069BFFF7CDFA04460DB12046A84700F0E7
:1096D800BFF92046BDE8F081002DFAD0A847F8E789
:1096E800783B00212DE9F047DDF8208007468946C0
:1096F80016461C4608F06CFE0546002861D0214637
:109708003046324A08F0A4FE30B1012249463846B4
:10971800FFF758FA50B90025B8F1000F01D02846D4
:10972800C04700F095F92846BDE8F087204601F0CB
:109738008FFC21463046254A08F08CFE0028EAD0E6
:1097480000F0C2FADFF888A067798AF800000AF00A
:10975800E3FD18B100F0B8FA032830D07B00DBB283
:109768001C4A13709AF800301B4AD91E4B424B41D1
:10977800117863F3041111706079C0F10500C0B26B
:10978800FFF72CF8154B62881E60154BA9F10500F0
:109798001A80227941429A70414162793046FFF736
:1097A80041F8A3790646002BB6D00028B4D1022090
:1097B800FFF714F831463046FFF7E6F8ABE7022327
:1097C800CEE7B8F1000FAED0C047ACE75B2301018C
:1097D800713B0021733B0021773B0021A834002115
:1097E8007A3B002130B587B0044608F0F1FD054604
:1097F800F8B1114B1B78062B19D1104B22681B6846
:109808009A4214D16FF00103002204210120FFF7CE
:1098180027FA18220021684608F092FA694620685B
:1098280001F03AFC6A460521206808F0F7FF00F0CD
:109838000FF9284607B030BD783B0021A834002135
:1098480070B506460D4608F0C3FD0446A8B10122CE
:1098580030461146FFF7B6F9044660B1802D38BF8F
:1098680080250022064B07201D60064B1A70FEF764
:10987800B5FFFFF703F900F0EBF8204670BD00BF15
:10988800A43400217E3B002110B5044608F0A0FD59
:10989800012384F8803068B1074B1B7843B100F08E
:1098A80047FD28B1054B1C60FEF736FF00F050FD60
:1098B80000F0CEF8012010BD763B0021B034002125
:1098C80038B5054608F084FD0446B0B10C4B1B784A
:1098D8001BB100F091F908F042FE0A4B1B78022BED
:1098E80009D1012229461046FFF76CF918B1002169
:1098F8000846FFF749F800F0ABF8204638BD00BF2E
:10990800763B0021783B002110B508F061FD044644
:1099180030B1044B1B780BB108F023FE00F098F827
:10992800204610BD763B002110B508F051FD0446D5
:1099380068B1094B1B7803F0FF0433B1074B1B7860
:10994800022B06D100F01EFE044600F081F82046E6
:1099580010BD0024F9E700BF763B0021783B0021C9
:1099680038B5054600F038FE10B90024204638BD49
:1099780008F02EFD0028F8D0094B1B781BB90024ED
:1099880000F066F8F2E700F027FE0028F7D000F0B4
:1099980031FE04460028FAD008F0FAFC2870EFE7F8
:1099A800763B002110B508F013FD044630B1044B96
:1099B8001B780BB100F07EFC00F04AF8204610BD81
:1099C800763B0021F8B505460E460024064F57F8A9
:1099D800043B33B131462846984718B10134052C69
:1099E800F5D10120F8BD00BF58480101F8B505467A
:1099F8000E460024064F57F8043B33B1314628463B
:109A0800984718B10134032CF5D10120F8BD00BFE7
:109A18004C48010170B505460024064E56F8043B33
:109A28002BB12846984718B10134032CF6D10120F0
:109A380070BD00BF404801010022034B1A70FF228D
:109A4800024B1A70704700BF803B00217F3B00210A
:109A580070B50F4EEFF3108572B63378013B13F0F3
:109A6800FF0411D107F07AF820B185F3108807F0C8
:109A780065F8EFE70121084606F0E2FF10B108207B
:109A880008F045FBFEF788FC347085F3108870BD3C
:109A9800803B0021FF22014B1A7070477F3B002159
:109AA8000D494B68C3F308039BB1DBB2A3F1100067
:109AB800C2B200064BBF03F00F0302F16043043B40
:109AC80003F561434ABFC91893F80003087E4009AB
:109AD80070474FF0FF30704700ED00E038B504469E
:109AE800FFF7DEFF431C08BF7F20EFF3108572B637
:109AF800104A3CB913782BB10F4B197843B249B2CD
:109B0800994206D114780134E4B2012C147004D0BF
:109B1800012485F31088204638BDFEF721FC214634
:109B2800204606F08DFF0028F2D0082008F0F1FA50
:109B3800EEE700BF803B00217F3B002108B5FFF71F
:109B4800AFFF431C08BF7F20014B40B2187008BD0F
:109B58007F3B00215A2310B5124C0222FF21601CC2
:109B6800637408F0EDF8FE23E370FF230822002158
:109B7800601D237108F0E4F842F62D52E2810222BA
:109B8800227440F20342628240F20352A28204220B
:109B9800A275C022002362834FF420726373A283EC
:109BA800237610BD4C3B0021024B587C00F001008D
:109BB800704700BF4C3B0021024B5A7C60F3000207
:109BC8005A7470474C3B0021024B587CC0F340004C
:109BD800704700BF4C3B0021024B587CC0F380000B
:109BE800704700BF4C3B0021024B5A7C60F3820255
:109BF8005A7470474C3B0021014B587CC008704791
:109C08004C3B0021024B5A7C60F3C7025A747047E0
:109C18004C3B0021014B93F9000070474C3B00215D
:109C2800014B1870704700BF4C3B0021004870473B
:109C38004D3B002101460222014808F076B800BFDA
:109C48004D3B002100487047513B00210146082246
:109C5800014808F06AB800BF513B0021004870472E
:109C68004F3B002101460222014808F05EB800BFC0
:109C78004F3B002103780146012B0AD003D9023B50
:109C8800012B0DD970470022074B5A7342789A73FB
:109C98007047054A53738378D373C3781374704736
:109CA8000422024808F041B84C3B0021593B0021EE
:109CB8000422014908F039B8593B0021014B987C2E
:109CC800704700BF4C3B0021014BD87C704700BF58
:109CD8004C3B0021034608289BBF024A0120002074
:109CE800137570474C3B0021014B187D704700BF2E
:109CF8004C3B0021034608289BBF024A0120002054
:109D0800537570474C3B0021014B587D704700BF8D
:109D18004C3B0021014B9875704700BF4C3B00211C
:109D2800014B987D704700BF4C3B0021014B187ECA
:109D3800704700BF4C3B002102289DBF024B18769C
:109D480001200020704700BF4C3B0021014B588B7D
:109D5800704700BF4C3B0021014B5883704700BF40
:109D68004C3B0021014B988B704700BF4C3B0021B6
:109D7800014B9883704700BF4C3B002138B504461F
:109D8800CD25FEF7C1F904FB04F20E4B04FB02F1EA
:109D9800634305FB01330C4901FB02330B4A02FB09
:109DA80000330B4A1A4482EAE273A3EBE27303F529
:109DB80000139B0D002AB8BF5B425BB2181B40B270
:109DC80038BD00BF0AD76300CC5DFFFFCDCCFCFFD8
:109DD800333333FE00230121044A0133102B82F868
:109DE800801002F18102F8D1704700BF813B002149
:109DF800074A0023114692F8800018B103EBC313F9
:109E0800C81870470133102B02F18102F3D1704753
:109E1800813B002130B50446044D0FCD0FC40FCD52
:109E28000FC495E80F0084E80F0030BDF011002141
:109E380010B5074C23784BB901211420054A08F0C6
:109E48005AF9142008F063F90123237010BD00BFEC
:109E5800914300212925010108B5FAF75BFD01228C
:109E6800054B1A61D3F8002222F48032C3F800228D
:109E7800BDE8084001F0BEB800C0004110B500219F
:109E8800042001F049F80023064CC4F80032FFF71B
:109E9800E3FF4FF4C023C4F808330123236323618D
:109EA80010BD00BF0080004108B50021042001F06A
:109EB80033F8FFF7D1FF4FF40042054BC3F80823EE
:109EC8000022C3F8002201229A621A6108BD00BF6D
:109ED8000080004110B5094CD4F8003223F48033D7
:109EE800C4F8003208B1FAF715FDFAF70DFD01F0D4
:109EF80081F808F03FFB0123236110BD00C0004139
:109F080010B5094C207808F013FB2078FFF7E2FF22
:109F1800064A074BC2F808330023C2F80032054A44
:109F28001371537010BD00BF92430021008000419F
:109F38001300060893430021202310B51149D1F8D6
:109F48005025D2B20AB1013BF9D108F013FB08F051
:109F5800F5FAFAF7DFFC0C4A43F21340D2F8003264
:109F6800082423F48033C2F800320023074A054945
:109F78001370C1F808030648C0F80843C1F8003256
:109F8800537010BD0080004100C000419343002180
:109F98000040014108B500F0E7FF30B90122034B4A
:109FA8001A61C3F81001D3F8103108BD00800041D0
:109FB80008B500210748FAF7A1FC50B9064AD2F8BB
:109FC800003243F48033C2F80032BDE8084001F0A3
:109FD80007B808BDAC48010100C0004113B501A88D
:109FE800FFF766FE9DF805009DF8044008F088FA22
:109FF8009DF807309DF806201B0643EA02432343D9
:10A00800034A43EA0023C2F86C3602B010BD00BF11
:10A018000080004100EB800000F62E10B0F5166FAE
:10A0280038BFA0F63810044B34BF40F48070A0F558
:10A038001660C3F8080570470080004110B500217C
:10A04800042000F069FF43F202030B4CC4F8083304
:10A05800FAF760FC00F0CEFF084BD3F8002222F498
:10A068008032C3F8002201221A610023044AC4F88E
:10A078000032537010BD00BF0080004100C0004195
:10A08800934300210021064B07221970054B06480F
:10A098001960064B1970064B196007F051BE00BFD6
:10A0A8009A430021B83400219343002192430021B0
:10A0B800B43400217FB50121474B484C1961D3F8CE
:10A0C8000425474822F00302C3F80425D3F80825DD
:10A0D80042F00302C3F808250422C3F81025002320
:10A0E800C4F8FC3FC4F8FC1FDA0002F1FF7202F565
:10A0F8008032D2F8001301330140A14202BFD2F8E6
:10A108000013D2F804230A60202BEDD10F23C4F8E2
:10A118001035344B0021D3F884300D22C4F888352B
:10A12800684607F00DFE02238DF805307F230826C8
:10A1380001258DF808309DF807309DF801205B0750
:10A1480043EA02239DF802208DF8006043EA0243A7
:10A158009DF803208DF8065043EA02539DF8042029
:10A1680043EA825343F0C0633343C4F814359DF87F
:10A1780009309DF80C20B34043EA42639DF80A2059
:10A1880043EA02439DF80B2043EA026343F07F034E
:10A19800C4F8183540F20223C4F85056C4F83435D0
:10A1A800114BC4F8383500F049FEFFF717FFFFF7E9
:10A1B80023FDFFF72FFF08F0C3F8304607F0A7FF8D
:10A1C80000210720FAF7B8FB0320FAF7A9FB074B91
:10A1D8001D7004B070BD00BF00C000410080004188
:10A1E80000F0FFFF0000FF01211001009A43002149
:10A1F80010B52A4C2378002B40D00022284BC3F8F6
:10A20800FC2F2378033B082B08D8DFE803F0050769
:10A21800383F44380707380008F090F900F02CFE62
:10A228000820FDF717FF08221E4BC3F80823002259
:10A23800C3F80C21D3F80C311B4BD3F8002222F4BD
:10A248004032C3F8002201221A61A3F58043C3F803
:10A25800FC2FFAF75FFBFAF757FBFAF773FB237843
:10A26800012B04D00320FAF75BFBFAF73BFB002332
:10A278000E4A2370137053705371137110BD00216F
:10A28800042000F049FE00F0B5FEC7E7084B187837
:10A2980008F04EF9F7E700F091FEBFE79A43002176
:10A2A800008000410040014100C00041934300216B
:10A2B8009243002110B51A4C2378033BDBB2082BDC
:10A2C80009D8012040F2131200FA03F3134203D114
:10A2D80013F02C0F1ED110BD002009F02CFF01280F
:10A2E8000BD00228F7D12278042AD3B20CD8022B3B
:10A2F800F1D9BDE8104009F01CBF002009F01DFF8E
:10A30800BDE8104009F009BF072BE4D1BDE81040B3
:10A3180009F010BF09F00FFF0128DCD1EEE700BFFC
:10A328009A430021014B1878704700BF93430021DE
:10A33800054B1B78032BDAB201D0052A02D1034B57
:10A3480058787047002070479A43002193430021B2
:10A35800104A10B503461060C8B10F4A5078B0B122
:10A368000E4909780329CCB212D0052C0C4918BF24
:10A378000021002454700B4AC2F80435C2F80012B8
:10A38800D2F85035DBB2022B01D10123936010BD06
:10A398000549EEE7B4340021934300219A43002194
:10A3A800100018000080004150001800F8B51F4642
:10A3B8004A4B0E46D3F8101121B10021C3F81011F1
:10A3C800D3F8103101210324454B464D1961464B02
:10A3D8001C700024C2F34003AC716C702C706C715B
:10A3E800AB7097F900C03B78A445C8BF0C463F49FD
:10A3F800C8BF033BC1F80045384CC8BFDBB2C4F83E
:10A408000C353B4B196800295AD01B68C4F8043531
:10A41800384BC4F800320023C000C4F86005C4F803
:10A428003431D4F83411C4F82831D4F82811C4F8D8
:10A438003031D4F83011012EC4F80431D4F80411A5
:10A4480005BFC4F80031D4F8003143F2024443F2A6
:10A45800034412F0010037D00C2000F0D3FD002295
:10A468001E4BC3F86821D3F86831234BC3F80C217D
:10A47800D3F80C210822C3F80423184B0021C3F891
:10A4880004431E48FAF73AFA154B10BBD3F8404577
:10A49800781CFAF74BFA1A4B1C60FFF70BFF104AAF
:10A4A8003146D2F80032042043F48033C2F8003237
:10A4B800012200F0F9FC86B9BDE8F840FFF76ABD53
:10A4C80001236B700F4BA4E709F035FE0028C3D1B8
:10A4D800D3E70124C3F84045DAE7F8BD008000411E
:10A4E80000C00041934300219A43002100400041ED
:10A4F800B43400215000180000400141AC4801016B
:10A50800B834002150001000052210B5184B194925
:10A518001A700868184A194B28B3002050700A6846
:10A52800C3F80425164A0024C3F80022C3F80441DE
:10A53800D3F80421C3F83041D3F83021C3F83441AB
:10A54800D3F8342143F20202C3F80423FFF730FDA5
:10A55800FFF7B0FE22462146042000F0A5FCBDE826
:10A568001040FFF717BD012151704FF01012DAE7C4
:10A578009A430021B4340021934300210080004114
:10A588001000180038B5104B1B78032B1AD10F4C4C
:10A59800D4F85035023BDBB2012B13D80C4DAB7904
:10A5A8003BB90C4B4FF4707043F0010398470123FB
:10A5B800AB7100230120C4F81C31D4F81C31606150
:10A5C800687138BD0020FCE79A43002100800041F3
:10A5D8009343002100470101014B5879704700BFA0
:10A5E80093430021024BD3F8480500F07F007047E1
:10A5F80000800041034BD3F81C01003818BF01202C
:10A60800704700BF00800041F8B515465B4A0E460A
:10A61800D2F8101107469DF818C021B10021C2F8E0
:10A628001011D2F8102101240621554A5548146109
:10A63800554A11700021C17093F900E0534A8E45C4
:10A64800C8BF214615701A78514CC8BF033AC4F8E0
:10A658000015C8BFD2B204F58044C4F80C25C4F86C
:10A6680004756DB34B4A012EC4F800224FF0000266
:10A67800C4F86C21D4F86C1153D1C4F80021D4F873
:10A688000021454C00213D4A1CF0020FC2F8481138
:10A69800D2F848711BBFC2F84411D2F8441144F4EF
:10A6A800802444F4C0241CF0040F18D00021C2F800
:10A6B8000011D2F80021012244F00104C2700EE01A
:10A6C8004FF4A012012EC4F80022C4F86C51D4F83B
:10A6D8006C2129D1C4F80051D4F800212E4C002750
:10A6E800264A44F00204C2F80471D2F80411077132
:10A6F800C2F80443581CFAF719F955B327492848F2
:10A70800FAF7FCF8014690B92448FAF7F1F81C4A20
:10A71800D2F8003243F48033C2F8003200F060FC13
:10A728000BE04FF00064ADE74FF00064D7E739461F
:10A738001A48FAF7DDF80028E9D0FFF7BBFD042036
:10A748000022314600F0B0FBB6B9BDE8F840FFF78B
:10A7580021BC29461348FAF7CBF818B1FFF7AAFD30
:10A768000020EDE7064AD2F8003243F48033C2F8FD
:10A77800003200F035FCF1E7F8BD00BF0080004171
:10A7880000C00041934300219A43002192430021D5
:10A79800004000410038140001000008844801010D
:10A7A800AC480101984801010722364B3F292DE9A1
:10A7B800F041354D1A7004D801232B610020BDE803
:10A7C800F081324B4FF000081E684FF4A013304C54
:10A7D8000E44A6F13F07C5F84475C4F80405C4F84B
:10A7E8000032C4F85481D4F854312A4B1422184644
:10A7F800414607F0A5FA05224146173E4560027416
:10A80800C660FAF775F8D5F8003298BB43F4803380
:10A81800C5F80032FFF74EFD0023C4F86C31D4F8B8
:10A828006C21C4F80431D4F8043100F0B3FB0122E0
:10A83800154B174CDA64D3F84C25D3F840359742BA
:10A8480003D99F4219D9934217D307F093FED4F83E
:10A858005035DBB2092B10D0D4F854316BB900F065
:10A86800ADFBFAF751F80120FAF75AF80122064B26
:10A878001A61A3E743F40033CAE7074B0120C4F881
:10A8880004339CE79A43002100C00041B8340021FA
:10A8980000800041BC34002102000008F8B5414C9A
:10A8A8002378023B092B0CD8DFE803F0050C2A2E8D
:10A8B8004A5F750B0B7810223B4BC3F808230C2317
:10A8C8002370F8BD07F03AFE43F21345FAF722F871
:10A8D80000210826354B3648D3F8002222F480326E
:10A8E800C3F80022304A0170C2F80853314DC5F848
:10A8F8000863C2F800124170012111611961DEE795
:10A9080001222A4B1A61DAE70021042000F004FB37
:10A9180043F20203244DC5F80833F9F7FBFF00F0B2
:10A9280069FB224B2249D3F8002222F48032C3F873
:10A9380000220022C5F800224A7001222A61E1E7BC
:10A9480000261D4F184D387807F0F2FDC5F8006253
:10A958003878FFF7BFFA194BC5F80833144B1E7146
:10A968005E7001232B632B61A9E700F027FB00230E
:10A978000D4DC5F80032F9F7C7FF0C4BD3F800228C
:10A9880022F44032C3F8002201221A610C4BC5F8A8
:10A9980008332A6193E7FFF771FA90E7FFF784FA23
:10A9A8008DE700BF9A4300210080004100C00041AC
:10A9B80093430021004001419243002113000608FF
:10A9C800020000080E4B19780429CAB205D00C2AD7
:10A9D80006D0022A12D1012070470121094A1161CB
:10A9E80002221A700022084BC3F81021D3F8102154
:10A9F80001221A611022C3F80423ECE700207047F3
:10AA08009A43002100C00041008000410822114BF8
:10AA180010B51A7000244FF420520F4BC3F80022CF
:10AA2800C3F84841D3F84821C3F84441D3F8442136
:10AA38004FF4C022C3F80423FFF7BAFAFFF73AFC31
:10AA480022462146042000F02FFABDE81040FFF707
:10AA5800A1BA00BF9A430021008000410B22104B8D
:10AA680010B51A7000244FF400420E4B0138C0F3A1
:10AA78001400C3F86406C3F80022C3F83C41D3F8B5
:10AA88003C11C3F80423FFF793FAFFF713FC22469F
:10AA98002146042000F008FABDE81040FFF77ABA12
:10AAA8009A4300210080004170B507F0E7FCA84BED
:10AAB800A84CD3F8042312F0080F0DD0D4F868215D
:10AAC80052B10022C4F86821D4F86811C3F80C21E7
:10AAD800D3F80C31FEF7CCF9D4F80433DD0715D5DB
:10AAE800D4F8003193B10023C4F80031D4F8003110
:10AAF8000123C4F8083307F03CFD974B1B78062B5D
:10AB080004D1964BDB780BB107F08BFC914BD3F853
:10AB18000423900718D5D3F80421AAB10022C3F85A
:10AB28000421D3F804218C4A1278033A042A0BD85A
:10AB3800DFE812F005000A00D000D600DF00874BDE
:10AB48009B780BB1FEF7D4F9824CD4F8043359053D
:10AB580019D5D4F82831B3B100230122C4F828311B
:10AB6800D4F828317D4B1A70D4F834315BB9D4F855
:10AB78006055C5F3C7052846FEF7EAF985423CBF8C
:10AB8800C000C4F86005734BD3F80423920410D5B1
:10AB9800D3F834216AB100226F4CC3F83421D3F8BA
:10ABA80034312378032BDAB200F0A980052A00F0AB
:10ABB800B080684BD3F80423D60410D5D3F83021DD
:10ABC8006AB10022644CC3F83021D3F830312378BD
:10ABD800032BDAB200F0A480052A00F0AB805D4CAC
:10ABE800D4F804331D0110D5D4F86C316BB10026AC
:10ABF800594DC4F86C61D4F86C312B78062BDAB255
:10AC080000F09F80072A00F0AD80524BD3F8042350
:10AC1800D40612D5D3F810217AB100224E4CC3F8CD
:10AC28001021D3F8102121780329CAB200F0B58089
:10AC380000F2AF80022A00F0B580464BD3F8042317
:10AC4800900316D5D3F844219AB10022424CC3F898
:10AC58004421D3F844312378062BDAB200F0AF80D0
:10AC6800082A06D1FFF70AF90C230120237007F000
:10AC7800C6FB384BD3F80423510310D5D3F8482129
:10AC88006AB10025344CC3F84851D3F848312378C9
:10AC9800062BDAB200F09680082A00F09A802D4B35
:10ACA800D3F80423120411D5D3F83C2172B1002241
:10ACB800C3F83C21D3F83C21D3F86846FFF7F4F8F1
:10ACC8000C22254BE0B21A70FEF756FCBDE8704026
:10ACD800FEF7BEBE0122214B5A7107F084FB33E711
:10ACE8000222C3F8082301221C4B1A71FEF7EEFA60
:10ACF8002AE70222C3F80823FEF7F8FA24E7FFF749
:10AD08001BF90122164B1A610C232370FEF7D4F9A4
:10AD18004FE7FFF793F90C23237007F06EFB48E722
:10AD280001220E4B5A71FFF707F904232370FEF72F
:10AD3800E9F954E7FFF782F90C232370FEF752FB79
:10AD48004DE7FFF7DDF80C232B70FEF7EFFA5CE711
:10AD580000400141008000419A43002193430021B3
:10AD680000C0004100F02AF9C4F80062F9F7CCFDF0
:10AD78001C4BD3F8002222F44032C3F800220122EF
:10AD88001A61194BC4F808330C232B70FEF7BAFA72
:10AD98003BE7063A012A3FF650AF1022134BC3F89F
:10ADA80008234AE710220320C3F80823F9F7B8FD5F
:10ADB800F9F798FD0123237007F017FB3DE7FEF72D
:10ADC80091FB56E7FFF79CF80C232370FEF7AEFBC8
:10ADD80065E7FFF753F80C232846237007F00FFBAD
:10ADE8005DE700BF00C0004112000008008000417C
:10ADF80010B5EFF3108472B6094BD3F80423120789
:10AE08000AD5D3F80C213AB100220820C3F80C2146
:10AE1800D3F80C31FDF70EF984F3108810BD00BF8C
:10AE280000400141004870477C48010100487047D4
:10AE380074480101004870476C4801010C4B0D4AE9
:10AE4800C3F89021033AC3F880210132C3F8842162
:10AE58000132C3F88C210632C3F8EC21033AC3F857
:10AE6800C42149F2F02203F5E043C3F804257047F2
:10AE7800008000410700008049F2F022094BC3F826
:10AE880008250022A3F5E043C3F8C421C3F8EC2148
:10AE9800C3F88C21C3F88421C3F88021C3F890211A
:10AEA800704700BF00F0004130B50024134BC3F8D1
:10AEB8003C41D3F83C41124CD4F8005845F4806525
:10AEC800C4F800580F4D05440F482860C4F88400A2
:10AED8000E4C12B10E4AC2F880404FF48062C3F89B
:10AEE800BC01C3F8BC40064B0129C3F8042502BFC6
:10AEF800084AA3F5E043C3F8902030BD0040014163
:10AF080000F00041808000410A00008007000080B6
:10AF180000C000410F0000804FF480630E4A30B536
:10AF2800C2F8083500230D4D0D4CC5F8BC3123502F
:10AF38000C48C0F89030C2F88430D2F8000820F4E9
:10AF48008060C2F8000819B1A2F54052C2F88030FA
:10AF5800C5F8BC3030BD00BF00F0004100400141E1
:10AF6800808000410080004108B5084BD3F8503577
:10AF7800DBB243B9064B07F0FDFAD3F83C010038C1
:10AF880018BF012008BD0120FCE700BF0080004178
:10AF980000400141064B074AC2F8803002F5804262
:10AFA800C2F8C4314FF48062034BC3F804257047DC
:10AFB8000A0000800080004100F000414FF48062E8
:10AFC800054BC3F808250023044AC2F8803002F56F
:10AFD8008042C2F8C431704700F00041008000414F
:10AFE800024B034AC3F88020704700BF00C00041ED
:10AFF800070000800022024BC3F88020704700BF82
:10B0080000C00041074A084BC3F8E82103F5404354
:10B0180080331A504FF48072A3F5A143C3F8042576
:10B02800704700BF08000080008000414FF4807224
:10B03800064BC3F808250022A3F5E043C3F8E8212E
:10B0480003F5404380331A50704700BF00F00041B9
:10B058000023074A1360074A1370074B18B9187082
:10B06800064B18707047027840781A70F8E700BFEE
:10B07800D03400219D4300219C4300219B430021A3
:10B08800034B1A68034B002A18BF1846704700BFC5
:10B09800D03400219E43002110B40E4A0E4B147880
:10B0A8000E4A1B7812680B704C7082B10C490A78F2
:10B0B8000132D2B234B113B110BC06F036BE094B1E
:10B0C8001A78F9E71BB1074B1B78D21AF4E710BCC2
:10B0D800704700BF9B4300219C430021D0340021CE
:10B0E8009E4300219D43002110B5044686B01822D6
:10B0F8000021684606F024FE054B6A461B88214657
:10B10800ADF80030034B186807F088FB06B010BD97
:10B1180022440021D434002130B5012589B0FCF740
:10B1280049FF1E4B20221C784FF4A07305FA04F443
:10B13800013C044000216846E4B25C4306F000FE8E
:10B1480009F0C4F802238DF81130154B0019059346
:10B158006FF0020341F10001CDE900010693FEF70B
:10B16800B3FD022812D006D8A8420BD0684605F0D5
:10B17800BFFB09B030BD0338C0B20128F6D88DF83E
:10B188001050F3E704238DF81030EFE7054B1B78D8
:10B19800002B14BF04230123F5E700BF244400213A
:10B1A80061B200012544002110B5044601216FF069
:10B1B800020009F03FF854B9FEF7B2FD044B1B78C2
:10B1C800834204D3BDE810400120FFF78DBF10BDB6
:10B1D80025440021BFF35F8F084AD2E84F3FDBB216
:10B1E800834203D0BFF32F8F00207047C2E8431F6C
:10B1F800002BF2D1BFF35F8F012070471E4400215E
:10B2080010B501210220FFF7E5FF08B9012010BDA4
:10B218000E4C237801332370FEF776FD0C4A137821
:10B22800984284BF01331370FEF77AFD2378002417
:10B23800834206D9074B214601201C60FFF7CAFF4D
:10B24800E4E7FFF769FF2046E1E700BF2544002156
:10B2580024440021D43400211FB5044602210120D2
:10B26800FFF7B8FF48B3184B1C78FEF72DFD34B92B
:10B27800022804D104216FF0020008F0F9FF134BF3
:10B2880000201B880321ADF80830114B8DF80E0003
:10B298001A889B78ADF80A208DF80C3001238DF8B8
:10B2A8000D300C4B0C4A0093126802AB07F015FBEB
:10B2B80008B9FFF7A5FF04B010BD0121204604B06E
:10B2C800BDE8104008F0B6BF254400212244002103
:10B2D8001F440021B1B10001D434002138B505461E
:10B2E8000C4608F0F3FF02460B46EFF3108172B6E6
:10B2F8001048C0E9082381F3108801210020FFF7D6
:10B3080069FF0D4B22881D600C4B1A8000220C4BE4
:10B318001A70FEF7E9FC0B4B1870FEF76DFCA3786A
:10B32800E178094A43EA012107F02BF9FFF7F4FE17
:10B33800012038BDD0110021D4340021224400213D
:10B3480025440021244400211F440021012908B577
:10B3580001D9012008BDBFF35F8F0A4B1A78BFF3EC
:10B368005F8F002AF5D00028F4D0BFF35F8F032247
:10B378001A70BFF35F8F00216FF0020008F05AFFC8
:10B38800E7E700BF1E44002170B5124AA1F1080387
:10B39800012B04460D4616680BD8B04207D100238E
:10B3A8001360BFF35F8F0C4A1370BFF35F8F0120E8
:10B3B80070BD00210320FFF70DFF28B1B442F6D07D
:10B3C8002846FFF791FEF2E7B442F0D1BDE870409D
:10B3D800FFF716BFD43400211E440021064A136823
:10B3E800834207D100231360BFF35F8F034A1370B2
:10B3F800BFF35F8F01207047D43400211E44002121
:10B4080010B50B4C0146636886B0043318BF00249E
:10B4180058B91822684606F093FCA38A6A460721A1
:10B428002069ADF8003007F0F9F906B010BD00BF8B
:10B438002012002113B5194C042263680221984296
:10B4480025D1204607F0BFF8E07EFEF7DBFB05209C
:10B4580007F0E3FAC0B1124B0521009301202269DD
:10B4680004F1140307F039FA0121606808F0E2FEDC
:10B4780010B14FF0FF33636001220421074802B086
:10B48800BDE8104007F09FB8FFF7BAFFECE70020CF
:10B4980007F099F80023DB7EFFDE00BF20120021B1
:10B4A80009B4000110B5144805F0C4FB024660B9A0
:10B4B800124C0A20616807F0A4F94FF0FF3301220B
:10B4C80004212046636007F07EF80D4805F0B2FBC2
:10B4D800024678B9094C0A20E16D07F092F94FF05D
:10B4E800FF33E36504F158000122BDE81040042150
:10B4F80007F069B810BD00BF88120021781200213A
:10B50800E012002170B50546EFF3108672B61848B0
:10B5180006F0D1FF0446164806F0D3FF86F31088DC
:10B52800246824B3E5B1FFF7BDFF08F0CFFE02465B
:10B538000B46A16B0020891843F10005C4E90815E2
:10B548000121C4E91023A46284F8480084F82C106F
:10B5580084F8490004F11000BDE8704005F032BBE2
:10B568002A4661680720BDE8704007F04AB970BDF7
:10B57800E034002173B5254C05466368984203D032
:10B58800E36D984240D1583404220221204607F046
:10B598001AF8A0B3EFF3108672B61D4806F07CFFC8
:10B5A80004601B4806F07EFF86F31088FEF724FB34
:10B5B80094F85030984218D163680521009301230C
:10B5C800144A184607F05CF906460121284608F097
:10B5D80031FECEB94FF0FF330122042120466360CB
:10B5E80002B0BDE8704006F0EEBF1846FEF70AFB51
:10B5F800052007F012FA0028DED1FFF783FF0121AA
:10B60800284608F017FEE5E702B070BD7812002161
:10B61800E03400210DB5000170B501264FF0FF356B
:10B628000B4C042308220B490B4806F02CFF04F1AD
:10B6380010002670656008F050FE04F1680084F878
:10B648005860E56508F049FE044B1E705D6070BDEA
:10B6580078120021D8340021E03400212012002182
:10B668002DE9F041012188B007462B4815461E46B2
:10B67800DDF8388006F0BEFF0446002849D098F867
:10B688000230002B42D1B5F5C8754FF00003276191
:10B698004FF001072372B8F8003004F11602A382B4
:10B6A80098F8043098F8051098F8030043EA012147
:10B6B80046F1FF3606F065FF98F80230A776637604
:10B6C80098F803304FF4B472E3766FF003036360C5
:10B6D80003920422ADF81020104A6846CDE90056BE
:10B6E800CDE905238DF808708DF8127005F000F982
:10B6F800054638B94FF0FF333A46022120466360C9
:10B7080006F061FF284608B0BDE8F081B5F5097577
:10B71800BBE70546F6E700BF201200213DB4000153
:10B728002DE9F047054688B00E461F480221174606
:10B738009A46DDF8409006F05DFF044688B31B4B3F
:10B748004FF0010803634FF4917380F80880C0F844
:10B758000490039340F20113B5F5A575ADF81030C8
:10B7680007F5A577124B876380F850A046F1FF369E
:10B778006846CDE90056CDE905398DF808808DF881
:10B78800128005F0B5F8054638B94FF0FF33424648
:10B7980002212046636006F016FF284608B0BDE87F
:10B7A800F0870546F9E700BF781200212526010138
:10B7B8007DB5000110B5084C0021606808F03AFD1D
:10B7C80048B14FF0FF3363602046BDE810400122C6
:10B7D800022106F0F8BE10BD2012002138B50F4C2A
:10B7E8006368984205D0E36D984201D0002038BDC7
:10B7F8005834002108F01EFD054604F1100005F03C
:10B8080019FA0DB90028F1D14FF0FF336360BFF387
:10B818005F8F01202070BFF35F8FE8E77812002167
:10B8280008B5064B1A78042A03D093F85830042B2D
:10B8380002D110B1FFF736FE012008BD78120021B1
:10B8480030B5124B01781A7887B0042A0CBF1C4611
:10B85800002413F8582F0131042A08BF1C46C9B226
:10B868006B460122054606F041FF68B164B108F055
:10B878002DFDC4E910012B7884F84830009B5B78D3
:10B88800C3F3401384F8493007B030BD7812002163
:10B898002DE9F34102680646C807547893780D46A7
:10B8A800127820D5053A7A2A00F2838004F007043A
:10B8B800052C03F0300229D015D8042C28D0302AC2
:10B8C80026D0202A28D023D8190703F00C020AD43E
:10B8D800F2B9FEF781F908B9002C63D1336893F9FE
:10B8E8000230002B14DAAB070ED53568B2796F78C1
:10B8F800FF2AF47907F0070712D1FF2C33D1FEF79E
:10B908006BF908B9002F4DD1002002E0002ADBD0E6
:10B91800012002B0BDE8F081F37CFF2BE3D1F7E70B
:10B92800FF2C29D02C441544FEF780F90222014649
:10B93800284606F0D3F9A0B11F4B0222B3F80080C5
:10B94800284601A9ADF8048006F0C8F948B14FBBF4
:10B95800FEF76CF902226946ADF8008006F0BEF9E0
:10B9680000BB0CB9CBE72C44757C022D06D0082D02
:10B978001AD0002DCCD1C2E70024D4E7FEF76EF927
:10B988002A460146204606F0A9F90028BCD02A46D6
:10B99800094B01A91B88ADF80430204606F09EF932
:10B9A8000028B1D00320B4E7FEF74CF92A46014637
:10B9B800F3E70920ADE700BFF44601012DE9F047A0
:10B9C80004460E462779062F00F21081DFE807F0BB
:10B9D800077D878DBBC104000120BDE8F087002EDC
:10B9E80078D06379022B75D922689078517800F065
:10B9F8000105C5F1040310F0200FDBB200F00C0CB8
:10BA08001DD1BCF1000F29D19178794811F00C0FA4
:10BA180018BFE371917801F00C01415CFF2959D0FE
:10BA28000B44DBB26174E374917850788D06C0F3EF
:10BA3800801020D43F2926D980F001013BE0BCF1D9
:10BA48000C0FC1F380110ED100F0C00CBCF1C00F77
:10BA580002D181F001010BE03F28FAD9C5F10605B2
:10BA6800A371EBB2D0E73F28CBD8BCF1000FF0D1DF
:10BA78000029F3D1C8E701F00C050C2D15D101F010
:10BA8800C005C02DD6D191783F2988BF63729278BE
:10BA980002F0C002802A14D0C02A14D0D2B91344AC
:10BAA80023750123A27423718CE73F29EBD980F019
:10BAB8000101002DC0D10029E5D023720233DBB289
:10BAC800E1E70222EBE70822E9E76279E37C9A42A0
:10BAD80080F08A80BE428CBF002001207DE7627919
:10BAE800237D9A42F6D30323DDE7032EF2D9226899
:10BAF800237D51780D0702D463750423D3E7617958
:10BB08009942E7D9A372D118D25C5D1C9006EDB2B8
:10BB18005EBFE5720533DDB20B7813F0180FC3F37F
:10BB2800C1000AD006F0D9FD257310B1657305442C
:10BB3800EDB2A5730135A075EDB2204606F0B1FD52
:10BB48002B46E075D8E76279637D9A42C2D3052314
:10BB5800A9E7052EBED9D4F80090627999F800308B
:10BB680094F81580591C9142B4D11A06B2D499F8A8
:10BB780002309B0721D584F80F8099F800502046A1
:10BB8800013DEDB2FF2D0CBF00254D4406F089FDA7
:10BB980009EB080A2D1A2946504606F070FD60B9CF
:10BBA8009AF8003003F07F0302339A44554591D345
:10BBB8000BD1A5EB09055FFA85F899F80030013B30
:10BBC800DBB243450DD106236DE7504606F057FD1D
:10BBD8000028E0D00AF10208A8EB09085FFA88F803
:10BBE800EBE784F81080EEE702235CE70020F4E638
:10BBF800DF4A01017FB5014660B91822684606F0A0
:10BC08009FF8064B07219A881868ADF800206A4605
:10BC180006F004FE07B05DF804FB00BFE83400211D
:10BC2800BFF35F8F084AD2E84F3FDBB2834203D0AD
:10BC3800BFF32F8F00207047C2E8431F002BF2D1BB
:10BC4800BFF35F8F012070473044002113B50421F2
:10BC580084690220FFF7E4FF70B1084B00200093CD
:10BC680022686318062106F038FE0121042002B07C
:10BC7800BDE81040FFF7D4BF02B010BDFDBB000106
:10BC88000122094B00201A7000230021074A137073
:10BC9800074AC2E90001074A07481370074AC2E980
:10BCA8000033936008F019BB304400212744002179
:10BCB800501300212644002128130021E8340021D4
:10BCC8002DE9F04791F8068081460E4686B0B8F116
:10BCD800000F76D1FEF72AF8002872D03C4C237862
:10BCE800002B6ED0012823D199F800106B46013142
:10BCF80003224846C9B206F0F9FCC8B19DF807000E
:10BD0800FF2815D0009D334AAB78117803F00C0357
:10BD1800A3F10C077A427A41914252D10C2B14BFFD
:10BD2800022208222C49284405F0D8FF002848D1CF
:10BD380008F0CCFA294FD7E90032834272EB0105AB
:10BD480031D3914208BF98423BD12378122B27D98F
:10BD5800FEF708F80446A0B302210120FFF760FFB0
:10BD6800D0B101251E4B1F48C3F8009032889A8035
:10BD780072795A727288DA8032799D721A72D7E9AA
:10BD88000021121941F10001C0E90421164A057782
:10BD98000262836104F016FF404606B0BDE8F087F2
:10BDA800FDF7D4FFD6E7C51A237861EB020A122BF8
:10BDB8000AD9FDF7D7FF0023A84273EB0A0304460C
:10BDC800CAD24FF00108E7E7FDF7C0FFF3E700BF6D
:10BDD8002644002127440021284400215013002133
:10BDE800E83400212813002155BC000130B587B084
:10BDF800044608F06BFA164B0322C3E900012178C8
:10BE08006B4601312046C9B206F070FC114A98B160
:10BE180000999DF807508B7803F00C03A3F10C0CE4
:10BE2800DCF1000040EB0C00FF2D05D00C2B294461
:10BE3800107007D0022206E000231070064A137023
:10BE480007B030BD0822054805F06FFF2378F5E7F5
:10BE580050130021274400212644002128440021B2
:10BE680010B5062986B019D0D8B108210220FFF7ED
:10BE7800D7FE78B10F4B1822002168469C6905F05F
:10BE88005FFF0D4B6A469B880621ADF8003020689D
:10BE980006F0C4FC01210F20FFF7C2FE012006B006
:10BEA80010BD064B1B7813F0060F0CBF01200020B5
:10BEB800F5E700BF28130021E834002130440021B1
:10BEC8000020044B83F8210083F8450083F86900BB
:10BED800704700BFF83400212DE9F843C6680446CE
:10BEE800002E48D10379032B47D8274DB0462F465B
:10BEF80000F104094946284606F020FC00283ED1F6
:10BF080008F10108B8F1030F05F12405F2D197F8FB
:10BF1800213033B197F845305BB397F8693083BB6C
:10BF280002262425754307EB0508216810224046A0
:10BF380005F0FBFE227905F11000531E022B88F84C
:10BF4800192096BF92000022033AA168384405F0F0
:10BF5800ECFE242303FB06732269DA61227D83F851
:10BF68002020BFF35F8F0122002083F82120BDE845
:10BF7800F8830126D5E70420F9E70520F7E7032031
:10BF8800F5E70120F3E700BFF8340021F8B50B4DC1
:10BF9800064600242F463146284606F0CFFB30B12E
:10BFA8002423002003FB047787F82100F8BD01341F
:10BFB800032C05F12405EED10220F7E7F83400211F
:10BFC800014B1860704700BFF4340021094B1A6810
:10BFD80082420ED2BFF35F8F53E8001F8A4202D01D
:10BFE800BFF32F8FF3E743E800010029F4D1BFF333
:10BFF8005F8F7047F43400212DE9F041164E074653
:10C008008846002435464146304606F097FB78B10D
:10C0180024235C432B1993F820308BB91C342C440F
:10C0280054E8002F531C0DD1BFF32F8F062005E0D5
:10C038000134032C06F12406E5D10220BDE8F08185
:10C04800064CEDE7013244E800200028E8D12368D7
:10C05800013B3B60F2E700BFF8340021F4340021D3
:10C068000022034B1A70BFF35F8F024804F0E2BD51
:10C07800314400215813002113B50F4C237843B1E4
:10C088000E4B01A81B68019306F054FC18B100235D
:10C09800237002B010BD0A4A0A48136803F5FA7300
:10C0A8001360D0E9043213F5FA7342F10002C0E9D3
:10C0B800043204F087FDECE73144002164350021A7
:10C0C8006835002158130021D222064B06481A6011
:10C0D8000023064A1360064A1370064A136008F0E4
:10C0E800FCB800BF9C0200215813002168350021CC
:10C0F800314400216435002138B50F4C0F4D2060C4
:10C1080008F0E4F8236801241A780D4B1B6803EB48
:10C1180042130C4A03F5C07313600B4A1B1841F114
:10C128000001C2E90431094B1046147715621C70EE
:10C1380004F048FD204638BD6435002181C0000167
:10C148009C02002168350021581300213144002148
:10C1580008B5054B1B7823B1042902D010B1FFF7AD
:10C168007FFF012008BD00BF314400212DE9F043C5
:10C1780022B1012A13D00020BDE8F083234AA3B9D5
:10C188000224D2F8A47001320025BC462E46B445DC
:10C1980015DA6B1CB34208BF35460D60EBE71C4A45
:10C1A80043B90B24D2F8C071EEE7D2F8A87008247E
:10C1B8002132E9E7D2F8C4711124B032E4E7ACEBDC
:10C1C800060506EB6505AF42E3D905FB04FE02EB65
:10C1D8000E0883B152F80EE0D0F80090CE450FD883
:10C1E80011D3D8F804E0D0F80480F04508D30AD871
:10C1F80001200D60C0E7B0F8008032F80EE0F4E7E7
:10C2080005F1FF3CC3E76E1CC1E700BF34370021CE
:10C218006C35002110B5094CAC220021204605F0F0
:10C228008FFD4FF4E4720021054805F089FD0123D4
:10C2380000222370034B1A7010BD00BF3437002151
:10C248006C35002132440021014B1870704700BF43
:10C25800343700212DE9F04F9846002385B00D466C
:10C2680003930B4603A992469DF838700190FFF797
:10C278007DFF58BBBAF1000F05D0BAF1010F39D0D4
:10C2880005B0BDE8F08F002D3AD00826274C04F100
:10C298008709D9F80020102AF2D0039901FB06601B
:10C2A800831B04EB030B521A72435946204405F0D2
:10C2B80025FD002D14BF082202225846019905F0D9
:10C2C80034FDD9F800300133C9F80030BAF1010F54
:10C2D8000ED1039C164EEDB104EB041404F1B80022
:10C2E8003A464146304405F020FD321982F8C070C4
:10C2F8000120C5E74DB10F4C112604F58A79C8E72E
:10C308000D4C022604F1A309C3E7094C0B2604F5DA
:10C31800E079BEE70B235C43A01C30443A46414613
:10C32800264405F002FDB772E2E700BF5537002149
:10C338006C3500211C36002135370021F7B5002760
:10C348000B460D4601A916460197FFF70FFF044655
:10C3580018B12EB1012E19D03C46204603B0F0BDCD
:10C36800D5B90226124B03F1A3052968F1B1019A48
:10C3780006FB02F0891A4A1E311819441844724300
:10C3880005F0BCFC2B68013B2B60E6E74DB9094B77
:10C398000B2603F5E075E8E7074B082603F1870548
:10C3A800E3E7064B112603F58A75DEE70C46D4E76A
:10C3B800353700216C350021553700211C36002106
:10C3C80011B1012908D07047084B10B1C3F8A81063
:10C3D8007047C3F8A4007047054B18B10022C3F892
:10C3E800C4217047C3F8C001704700BF343700212B
:10C3F8006C35002102289CBF014B1870704700BFA4
:10C408003244002113B5224A03461278012A18D073
:10C41800022A39D0002A39D1407AFF2834D01D4960
:10C428000978002930D01C68A378204403F0C003A1
:10C43800A3F1C0014B424B4101A9FFF797FE02B09F
:10C4480010BD14490878F8B11A685C7A5178FF2C45
:10C4580001F007010CBF0024A418032916D11B7C86
:10C46800FF2B13D0D35C042B10D1937803F0C003B7
:10C47800802BE4D1002320461A4601A9FFF776FE57
:10C4880080F00100C0B2DAE70120D8E70020D6E743
:10C49800324400213437002173B50E461546D0B119
:10C4A8000B46012201A9FFF761FE98B1019C0B48D8
:10C4B8004EB104EB0414031993F8C030B8342B7050
:10C4C800204402B070BD0B235C4303199B7A0234ED
:10C4D8002B70F5E728700020F3E700BF6C350021CA
:10C4E80008B5FFF78FFF20B1024A537843F01003D5
:10C4F800537008BD3444002110B50A4C8022002135
:10C50800204605F01DFC0022074B1146204606F088
:10C51800EDF80023054A1360054A1370054A1370A5
:10C5280010BD00BF34440021E4370021E03700216A
:10C5380033440021B44400212DE9F04F814E0446D4
:10C54800337887B0022B05D0032B00F0F3812BB989
:10C55800022333707C4F25793B791DB9002007B041
:10C56800BDE8F08F002B55D1DFF8E08198F8013055
:10C5780043F0020288F8012022685278110744BF6C
:10C5880043F00A0388F8013023685B785A0642BFF3
:10C5980098F8013043F0400388F8013023689B780D
:10C5A800DB0742BF98F8023043F0010388F80230F5
:10C5B80023689A7898F8023002F0C002C02A24D181
:10C5C80043F00C0388F8023098F80230052D43F048
:10C5D800200388F8023002D92046FFF781FF98F837
:10C5E800001001228B1C03315748C9B288F800306B
:10C5F80006F09CF8022DB1D92268DFF850919378A3
:10C6080013F0010F16D0002218E0802ADCD143F085
:10C618000803D7E7022DA1D9022BEDD9042D9DD906
:10C62800042B62D9062D99D12046FFF759FF032321
:10C6380046486CE1D27889F80320012299F8001065
:10C64800A0790A4489F80020BA7994F809C0FF2A29
:10C6580016BF39684FF0000801EB0208FA79A37C8D
:10C66800FF2A16BF39684FF0000B01EB020B217A45
:10C678000193FF2916BF226800225218FF2816BF0F
:10C68800216800210918BCF1FF0F33D1B8F1000F60
:10C6980047D199F800209044627A89F80080FF2AEF
:10C6A80016BF20680020801822689178284A01F077
:10C6B800C001A1F1C00CDCF1000141EB0C01FFF756
:10C6C800EBFE244A106028B199F8022042F00202D9
:10C6D80089F8022099F80010032201311A48C9B2DA
:10C6E80006F024F8042D7FF639AF397DFF2933D1C0
:10C6F800002163E0206800EB0C0AB8F1000F12D1AA
:10C70800BBF1000FC5D0BAF1000FC2D05846514650
:10C71800019A05F00AFBDDF804B0C3445FFA8BF810
:10C72800B7E74FF0000A52B911B9FDF77FFA014691
:10C738004046022205F0F9FA4FF00208E0E71146F8
:10C74800F6E700BFB4440021E43700213444002157
:10C7580033440021E0370021A37A3A68FF2B02EB2B
:10C76800010AC5D0206800EB0308BAF1000FBFD05A
:10C77800B8F1000F00F0DA80C35C6F485354013100
:10C788000422C9B205F0D2FFA37AFF2B03D0216897
:10C79800CA5C520769D194F8159008F10101A9EB18
:10C7A80003095FFA89F909F1FF32D2B20AF10100EF
:10C7B80005F0BBFAFB7D99445FFA89F1DFF87C81CB
:10C7C800DFF87CA198F8003005221944C9B288F82E
:10C7D80000100131C9B2584805F0A8FFDAF8001076
:10C7E800DFF8609131B1787D3B6899F800201844F2
:10C7F80005F09BFA98F8003099F80090DAF80010E4
:10C808004B4488F8003011B3D7F800A09AF80130EB
:10C81800C3F3C0011B071AD5BB7AFF2B00F0888031
:10C828001AF8031011F0070111D04FF47E537F7DE1
:10C83800022204A903A8ADF8103005F076FA09EB36
:10C84800070003A90222504405F06FFA022198F864
:10C858000030062202331944C9B288F800100131A9
:10C86800C9B2354805F062FFDCE6237B3A7BFF2B33
:10C8780014BFC9180021FF2ABB7A27D1FF2B2CD05F
:10C8880000203A6812F80380C8F3C10808F1FF33A2
:10C89800022B1FD84FEA8808A8F103085FFA88F826
:10C8A80018B111B1424605F040FA97F80B9008F11B
:10C8B8000108B9F1FF0F5FFA88F803D03B6813EB62
:10C8C80009090DD1FB7D4344D9B277E73868FF2BBE
:10C8D8001044D6D14FF00008E2E74FF00008E4E733
:10C8E800BA7A04A9FF2A0CBF00229A5C02A818BFD2
:10C8F800C2F3C1028DF810203A7BFF2A0CBF002337
:10C908009B180593FFF778FB18B1002001233370BB
:10C9180025E6029B03A904224846039305F005FA7D
:10C92800FB7D043308EB0301C9B247E7414645E7FD
:10C9380000218CE7014812E6E43700213444002145
:10C94800E03700213344002107B5074B0622186859
:10C958009B88009069460548ADF8043005F0E5F974
:10C9680003B05DF804FB00BFF6460101B5440021A1
:10C9780010B50279052A0FD903689A78D2070BD423
:10C98800DB78064CE370FFF73DFD00280CBF02235F
:10C9980012232046637010BD0020FCE7B544002137
:10C9A80070B50446EFF31083084D2B6072B6084E3D
:10C9B800304605F071FD0470304605F073FD012224
:10C9C800044B1A602B6883F3108870BDFC37002174
:10C9D8000038002100400141F8B50D4C07460E46CD
:10C9E80020461521154605F0EFFEFF2803464FF0B7
:10C9F80000000CD0282202FB0344607063F07F0023
:10CA0800C0B2A76026736573FFF7CAFF0120F8BD9F
:10CA180020140021F8B5104B002A104C18BF1C46F2
:10CA28000D46064614BF04211521204614BF0027D1
:10CA3800802705F0C9FEFF280CD0282303FB0043FC
:10CA480001243843C0B25C701E72DD60FFF7A8FF96
:10CA58002046F8BD0020FCE78013002120140021A7
:10CA6800F8B5104C07460D462046152105F0ACFEDA
:10CA7800FF28064613D0282303FB00440223A7609F
:10CA8800637010340FCD0FC495E8030084E80300E9
:10CA980066F07F00C0B2FFF783FF0120F8BD0020D9
:10CAA800FCE700BF201400212DE9F041114C80461D
:10CAB8000F4620461521154605F086FEFF28064636
:10CAC80016D0282303FB00440323C4F808806370AE
:10CAD800277310340FCD0FC495E8030084E80300D2
:10CAE80066F07F00C0B2FFF75BFF0120BDE8F08170
:10CAF8000020FBE72014002138B50B4C0546152112
:10CB0800204605F061FEFF280CD0282303FB0044D3
:10CB1800042360F07F00C0B263702572FFF740FF06
:10CB2800012038BD0020FCE72014002138B50B4C4B
:10CB380005461521204605F047FEFF280CD028237E
:10CB480003FB0044052360F07F00C0B263702572C8
:10CB5800FFF726FF012038BD0020FCE72014002144
:10CB680038B50B4C05461521204605F02DFEFF284B
:10CB78000CD0282303FB0044062360F07F00C0B2DA
:10CB880063702572FFF70CFF012038BD0020FCE719
:10CB98002014002138B50B4C05461521204605F018
:10CBA80013FEFF280CD0282303FB0044072360F062
:10CBB8007F00C0B263702572FFF7F2FE012038BD16
:10CBC8000020FCE72014002108B51A220123064999
:10CBD800064805F058FC0122054BC3F80423BDE8BC
:10CBE8000840FDF725B900BFBB44002100380021EB
:10CBF80000400141F8B52C4BD3F800215AB100226E
:10CC0800C3F80021D3F80031284D294E294FAA79BD
:10CC1800EB799A4200D1F8BD284605F04CFC037820
:10CC280003F07F0413F0800F4FF0280314BF03FBB9
:10CC3800047403FB04646378072B0BD8DFE803F064
:10CC48000412171D24282C30627B94F90C10A0685C
:10CC5800FBF746FD284605F034FCBFF35F8F002341
:10CC68002370D4E7E168207A00F0EEFDF2E7A068CF
:10CC780004F1100100F004FEECE7217BA06804F148
:10CC8800100200F059FEE5E7207A00F073FDE1E7B5
:10CC9800207A00F083FDDDE7207A00F043FDD9E734
:10CCA800207A00F053FDD5E700400141003800210B
:10CCB8008013002120140021EFF31082024B1A6028
:10CCC80072B6024805F0E8BB083800210C3800218C
:10CCD80008B5054805F0E6FB0122044B9A60044BB1
:10CCE8001B6883F3108808BD0C38002100400141FF
:10CCF8000838002108B5402220230649064805F0D7
:10CD0800C2FB0422054BC3F80423BDE80840FDF725
:10CD18008FB800BF681700210C380021004001417E
:10CD280073B5474BD3F808214AB10022C3F808214C
:10CD3800D3F80831434DAA79EB799A4201D102B070
:10CD480070BD284605F0B7FB03780446122B43D87C
:10CD5800DFE803F00A101A24292F424234393E46EC
:10CD68004A4F535C606A6F00C668007AFCF764FC3F
:10CD7800307031E022694669837B417B007B0092F9
:10CD8800A268FCF785FCF3E7A3688669417B007B12
:10CD98000093D4E90423FCF7A5FCE9E7D0E90206EF
:10CDA800FCF720FDE4E7D0E90361007AFCF748FDD1
:10CDB800DEE7C668007A05F035FBD9E7D0E9020658
:10CDC800FCF762FDD4E7C668007AFCF779FDCFE787
:10CDD8008468FCF799FD2070284605F072FBAAE7E5
:10CDE8008468FCF7A1FDF6E7D0E90206FCF7B8FD78
:10CDF800BEE78468FCF7D6FDEDE7D0E90636009378
:10CE0800D0E904238068FEF72BFCB1E78468FEF7BD
:10CE1800D1FCE0E78269C669037D00920269D0E926
:10CE28000201FEF77DFCA3E7D0E90206FEF7D6FC77
:10CE38009EE7C66880683146FEF750FA98E700BF5B
:10CE4800004001410C3800212DE9F04FB2F5004FA8
:10CE580087B081460C4615469846109EC0F02C8235
:10CE680005F0B9FE16234FF0FF370360AFE1533AE0
:10CE7800252AF5D801A353F822F000BFE7CF000117
:10CE88003FD20001D9D0000169CE000169CE00016E
:10CE98001FD0000169CE000169CE000169CE0001F2
:10CEA80069CE000169CE000169CE000169CE00019A
:10CEB80069CE000169CE000151CF0001D1CF000138
:10CEC80085D1000173D0000169CE000169CE00014F
:10CED80069CE0001A3D0000169CE000169CE00012E
:10CEE80003D0000169CE000169CE000169CE0001BE
:10CEF80069CE000169CE000169CE0001E7CF0001CB
:10CF08003FD2000169CE000169CE000169CE00015F
:10CF18001FD00001433A092AA2D801A353F822F0EE
:10CF2800D1CF000185D1000149D0000169CE0001AF
:10CF380069CE000169CE000169CE000169CE000109
:10CF480069CE000103D0000133681A1D32601A68E7
:10CF58001DB905F040FE8B2385E722B12378003BFD
:10CF680018BF0123137001370134013D404605F015
:10CF780076FE804698F80020002A00F02881292AA9
:10CF880000F02581782A3FF66BAF522A3FF66FAF43
:10CF98004C2A3FF665AF422ABCD82E2AE6D0362A5C
:10CFA8007FF45EAF0F2DD4D933681A1D3260B9F102
:10CFB800000F40D0186818B11022214604F0B5FEC1
:10CFC80010371034103DD1E733681A1D32601B68E2
:10CFD800002DBED0002BC6D022781A70C3E7336864
:10CFE800012D03F1040232601B68B2D90BB122880B
:10CFF8001A8002370234023DB8E73368032D03F183
:10D00800040232601B68A4D90BB122681A60043785
:10D018000434043DAAE73368072D03F104023260A3
:10D028001B6896D91BB121686268C3E900120837EA
:10D038000834083D9AE71B68002BC1D01C60BFE785
:10D04800072D86D933681A1D3260B9F1000F07D051
:10D0580018680028EBD00822214604F066FEE6E7AF
:10D068001B68002BE3D01C60E1E7052D7FF671AF4C
:10D0780033681A1D3260B9F1000F09D0186818B169
:10D088000622214604F051FE06370634063D6DE7B8
:10D098001B68002BF8D01C60F6E7336829461A1D78
:10D0A80032601A68204605F098FD3AB11268834B41
:10D0B8009A4203D905F08FFD2223D4E6002840F3D5
:10D0C80086808542C0F28380074404442D1A4DE7C8
:10D0D800002D3FF43EAF0023E25C9A46013332B99B
:10D0E8000AF1010A5545FFF434AF20461DE09D4280
:10D0F800F2D1AA46F4E7180618D559067FF5B0AE5E
:10D10800980629D5D90629D51B073FF5A9AE0323CB
:10D1180004E001F0C00180297FF4A2AE013BDBB23C
:10D12800FF2B104612F8011BF3D1024612F8013BFF
:10D13800002BE0D133681A1D3260B9F1000F18D006
:10D148001A4652F8080B32605B6868B19A4507D9ED
:10D1580005F041FD0C2386E60123DFE70223DDE726
:10D168005246214604F0E1FD57445444A5EB0A0514
:10D17800FCE61B68002BF7D01C60F5E70023ADF830
:10D188001630336840461A1D32601A4652F808BBFA
:10D198003260D3F804A005F062FD98F80020037807
:10D1A800642A02D0BBB1292B15D029460DF11603EC
:10D1B8002046434A05F07CFD0028034604EB0001A5
:10D1C80005DD40F21352BDF81600904207D93846E3
:10D1D80007B0BDE8F08F21460023ADF81650BDF822
:10D1E8001620D018A8423FF7B4AEB9F1000F12D0FC
:10D1F800BAF1000F3FF434AEDAF800009042FFF4C1
:10D208002FAE5846039304F090FD039BBDF81620FB
:10D21800CAF8002007E0BBF1000F01D0CBF80010DE
:10D22800BAF1000FF2D1BDF8162013449BB21F4487
:10D238001C44ED1A9AE600234046ADF8163005F076
:10D248000EFD98F800200378742A02D063B3292BC6
:10D258002AD0294620461A4A0DF1160305F028FD62
:10D268000028824604EB0001B1DD40F21353BDF8FB
:10D2780016209A42ABD8BDF8162002EB0A03AB423F
:10D288003FF767AE0020009608F10203FFF7DCFDC8
:10D298000028FFF65EAEBAF1000F0BD0BDF81630CD
:10D2A8009A441FFA8AF00FE721464FF0000AADF8BA
:10D2B8001650E0E780B207E700275BE6FEFF1F0095
:10D2C8008D4C0101B1F5004F2DE9F74F05460C468D
:10D2D80090461F4609D305F07EFC16234FF0FF3613
:10D2E8000360304603B0BDE8F08F002808BF002473
:10D2F800002698F80030002BF3D0292BF1D0782B9A
:10D30800E9D8522B1ED84C2BE5D8422B6CD82E2BA3
:10D3180000F09280362BDED13B680F2C03F104021B
:10D328003A6006F1100640F294812A461B6803F120
:10D33800100153F8040B8B4242F8040BF9D1103555
:10D34800103C79E0533B252BC5D801A252F823F0B5
:10D358005BD40001EDD5000155D50001DFD20001F5
:10D36800DFD20001A5D40001DFD20001DFD2000125
:10D37800DFD20001DFD20001DFD20001DFD20001DD
:10D38800DFD20001DFD20001DFD2000129D4000181
:10D398004BD400018BD50001E5D40001DFD2000198
:10D3A800DFD20001DFD200012FD50001DFD200015A
:10D3B800DFD200017DD40001DFD20001DFD20001FD
:10D3C800DFD20001DFD20001DFD20001DFD200018D
:10D3D8005BD40001EDD50001DFD20001DFD20001EE
:10D3E800DFD20001A5D40001433B092B3FF673AF00
:10D3F80001A252F823F000BF4BD400018BD50001E5
:10D408000BD50001DFD20001DFD20001DFD200011D
:10D41800DFD20001DFD20001DFD200017DD400019C
:10D428003B6801361A1D3A6034B11B68003B18BFCF
:10D43800012305F8013B013C404605F010FC8046FD
:10D4480057E73B6801361A1D3A60002CF4D01B6878
:10D45800EFE73B68012C03F104023A6006F102068B
:10D4680040F2F7801B68023CC3F307226A7005F894
:10D47800023BE1E73B68032C03F104023A6006F142
:10D48800040640F2E6801B68043C1A0EEA701A0C87
:10D49800AA701A0A6A7005F8043BCDE73B68072CA6
:10D4A80003F1070323F0070303F108023A6006F1CA
:10D4B800080640F2CE80D3E90023190EE971190C51
:10D4C800A9712B71190A130EEB70130CAB70130AA8
:10D4D80069716B7005F8082B083CADE73B68052CB3
:10D4E80003F104023A6006F1060640F2B2801B68B6
:10D4F80006351A68063C45F8062C9B8825F8023C38
:10D508009AE73B68072C03F104023A6006F1080623
:10D5180040F29F801A680835136845F8083C53683C
:10D5280045F8043CD8E73B681A1D3A601A684A4B2C
:10D538009A423FF6D0AE2146284605F07AFB84424F
:10D548000644C0F286800544241A75E73B681A1D14
:10D558003A60D3F800A0BAF1000F0DD0504604F09D
:10D568008EFB00F101094C454E4472D34A465146A0
:10D57800284604F0DAFB31E04FF00109DFF8DCA0BF
:10D58800F1E73B6840461A1D3A601A4652F808AB64
:10D598003A60D3F8049005F062FB98F8002003780D
:10D5A800642A02D0ABB1292B13D04B46214628461A
:10D5B8002B4A05F08FFB00287FF78DAE09EB00039F
:10D5C8009C421E4445D30544241ABAF1000FCDD11C
:10D5D80004E04C454E443CD3002DF6D14D44A4EB19
:10D5E800090429E7404605F03AFB98F8013090F81D
:10D5F8000090282B7FF46FAE00213B6808F1020AE7
:10D608000193524601AB0846FFF75CFE98F80030DC
:10D618008346742B05D0B9F1000F18D0B9F1290F42
:10D6280015D021465B4628460D4A05F053FB011EDE
:10D638007FF751AE8B44A3455E440ADC0D44641A5F
:10D648003B46524621462846FFF73CFE7BE7002131
:10D65800F0E70024F0E600BFFEFF1F007F4C010149
:10D668008D4C0101004870478C3A002100487047F2
:10D678005438002107B510220B490C4805F0D3FB9C
:10D6880004230B4A0B490C4805F088FBFAF7D0FD38
:10D69800FAF774FD002803DA019001A803F046FDAB
:10D6A80003B05DF804FB00BF143800215438002192
:10D6B800683800216C3A00218C3A002100B589B005
:10D6C80007AB029306AB019305AB0093084A0DF133
:10D6D800130305F0EDFA002807DBDDE906120598CB
:10D6E80005F0A6FC09B05DF804FB6FF00200F9E74D
:10D6F800EC4A010107B5094B186858B100221A60B5
:10D7080003780622CDE90003802143F61943044833
:10D7180005F059FC03B05DF804FB00BFA83A0021EE
:10D72800F04A01011FB543F61243009006228021FA
:10D73800054805F048FC002803DA039003A803F025
:10D74800F5FC05B05DF804FBF54A01011FB543F689
:10D758001343009006228021054805F034FC002878
:10D7680003DA039003A803F0E1FC05B05DF804FBBD
:10D77800FA4A01011FB543F615430090062280219D
:10D78800054805F020FC002803DA039003A803F0FD
:10D79800CDFC05B05DF804FBFA4A01011FB543F65C
:10D7A8001643009006228021054805F00CFC00284D
:10D7B80003DA039003A803F0B9FC05B05DF804FB95
:10D7C800FA4A0101014B1860704700BFA83A0021CE
:10D7D800F0B58BB005460E461746FFF78BFF041EC3
:10D7E8000BDBFFF743FF294608AA05F026FB50B9D3
:10D7F800284604F045FD6FF0080409A8099403F0D1
:10D8080095FC0BB0F0BDDDE91023CDE90367CDE948
:10D8180006232B7806220433CDE90153089B802187
:10D828000093084843F6174305F0CDFB041EE8DAD9
:10D83800FFF71CFF089905F018FB284604F020FDA7
:10D84800DBE700BFFF4A010130B585B004460D464D
:10D85800FFF750FF00280ADB43F618430622802111
:10D86800CDE90045054805F0AEFB002803DA039032
:10D8780003A803F05BFC05B030BD00BF0B4B0101F2
:10D888002DE9F0470023054692B00C468E681093A8
:10D89800FFF7E8FE29460FAA05F0ADFA002845D0A3
:10D8A80086B1FFF7E3FE314610AA05F0C6FA48B97B
:10D8B800284605F0ADFB6FF0080411A8119403F099
:10D8C80035FC2EE02A78277894F801C094F80CE00B
:10D8D80094F90D8094F80E90D4E90401A4680F9E81
:10D8E800DDF840A00532FCB123780533CDE90B43C0
:10D8F800CDE9080143F61D438021CDE904CECDE9E9
:10D908000227CDE906890622CDE900650948CDF848
:10D9180028A005F058FB0446284605F079FB002CA2
:10D92800CBDB12B0BDE8F0870423DFE76FF0070414
:10D93800C3E700BF114B010170B5044688B00E461D
:10D948001546FFF78FFE214606AA05F054FAE8B1FE
:10D958006B78062205932B788021CDE90363237821
:10D968000C480533CDE90143069B009343F61E435B
:10D9780005F029FB0546204605F04AFB002D03DA91
:10D9880007A8079503F0D2FB08B070BD6FF0070534
:10D99800F6E700BF254B010130B5A3B00FAB0193EB
:10D9A8000EAB00939D4A0DAB05F082F90028C0F23A
:10D9B8003A840D9BA3F57053013B3F2B00F233844F
:10D9C800DFE813F04000540086008C0091018301C9
:10D9D8009C00AA00C500E000EE00050118013E0108
:10D9E80051015F016D0131043104730131043104C7
:10D9F800310431043104FD0252029A013104310428
:10DA08001B035D0383032403300347039C02E702DF
:10DA18005A007600A403B103D5033104CE01DF0117
:10DA2800E501F601FC010A020204310431044B004D
:10DA38003104310410022102270235023E024C0251
:10DA48003104250404F0D9FB43F601430090062273
:10DA58008021734805F0B7FA99E204F0D1FB43F648
:10DA680036430090062280216E48F3E704F0D0FB8D
:10DA780043F602430090EAE714AB029312AB01931A
:10DA880013AB0093684A16ABDDE90E0105F010F9F7
:10DA98000028C0F2C883DDE91601149B139A00938D
:10DAA8009DF8483004F0E1FB43F627430090CEE7A9
:10DAB8005E4A16ABDDE90E0105F0FAF80028C0F25F
:10DAC800B283169804F0D3FB43F628430090BEE7D0
:10DAD80004F07BFB43F603430090C3E7544A16ABBC
:10DAE800DDE90E0105F0E4F80028C0F29C839DF8FA
:10DAF800580004F05AFB0023009361E04D4A16AB2E
:10DB0800DDE90E0105F0D4F80028C0F28C839DF8F9
:10DB1800580004F0C9FBEEE716AB0093464A14AB75
:10DB2800DDE90E0105F0C4F80028C0F27C83169BDD
:10DB3800082B0AD0022B40F0E6820021149804F04A
:10DB4800B5FB43F60843009081E70121F6E716ABE1
:10DB58000093394A14ABDDE90E0105F0A9F8002855
:10DB6800C0F26183169B082B0AD0022B40F0CB82AF
:10DB78000021149804F0A3FB43F60943009066E7DC
:10DB88000121F6E72B4A16ABDDE90E0105F090F806
:10DB98000028C0F248839DF8580004F093FBAAE7D8
:10DBA800234A16ABDDE90E0105F082F80028C0F221
:10DBB8003A839DF85800022806D9032300930023CE
:10DBC800062280211D4845E704F060FB93E716AB69
:10DBD8000093194A14ABDDE90E0105F069F8002835
:10DBE800C0F22183169B022B40F08D82149804F01A
:10DBF800FEFA80E716AB00930F4A14ABDDE90E017D
:10DC080005F056F80028C0F20E83169B022B40F050
:10DC18007A82149804F0EFFA6DE700BFED4A01012B
:10DC2800F54A0101FA4A0101314B0101344B010166
:10DC38006D4B01017E4B0101EE4A0101364B01019A
:10DC480016AB0093A34A14ABDDE90E0105F030F8DA
:10DC58000028C0F2E882169B082B40F054821498E2
:10DC680004F0C7FA47E79C4A16ABDDE90E0105F058
:10DC78001FF80028C0F2D7829DF8580004F004FB72
:10DC880039E7954A16ABDDE90E0105F011F80028D1
:10DC9800C0F2C9829DF8580004F0F4FA2BE704F0AA
:10DCA800ECFA43F611430090D1E68C4A16ABDDE955
:10DCB8000E0104F0FDFF0028C0F2B582169804F0AA
:10DCC800D8FA43F614430090C1E6854A16ABDDE95D
:10DCD8000E0104F0EDFF0028C0F2A5829DF958005E
:10DCE80004F075FA07E704F074FA43F60543009068
:10DCF800062280217B48ADE613AB059312AB049353
:10DD080011AB03930DF15B0302930DF15A030193D9
:10DD18000DF159030093744A16ABDDE90E0104F0C6
:10DD2800C7FF0028C0F27F82FFF79CFCDDE91112D3
:10DD380014AB0093139B043B05F043F8002800F054
:10DD48002481149816A9FAF7B9FC044620B9FFF7FC
:10DD580089FC149905F057F843F61C43009476E6BD
:10DD6800624A16ABDDE90E0104F0A2FF0028C0F2FA
:10DD78005A829DF8580004F0B1FA43F62D430090FA
:10DD880065E604F0ADFA43F62E4300906AE6574A7A
:10DD980016ABDDE90E0104F08BFF0028C0F24382C8
:10DDA8009DF8580004F09EFA43F62F4300904EE683
:10DDB80004F09AFA43F63043009053E64B4A16AB08
:10DDC800DDE90E0104F074FF0028C0F22C829DF8F2
:10DDD800580004F08BFA8EE604F08AFA43F63243D0
:10DDE80000903FE6414A16ABDDE90E0104F060FF02
:10DDF8000028C0F218829DF8580004F07DFA43F616
:10DE08003943009023E604F075FA43F63A4300904C
:10DE180028E6374A16ABDDE90E0104F049FF002871
:10DE2800C0F20182BDF8580004F06AFA63E604F013
:10DE380065FA43F63C430090062280212D4809E606
:10DE48002B4A16ABDDE90E0104F032FF0028C0F2C0
:10DE5800EA81BDF8580004F057FA4CE604F052FA8B
:10DE680043F63E430090E7E713AB069312AB0593E6
:10DE780011AB049317AB03930DF15B0302930DF100
:10DE88005A0301930DF1590300931B4A16ABDDE9C0
:10DE98000E0104F00DFF0028C0F2C581FFF7E2FB78
:10DEA800DDE9111214AB0093139B043B04F089FFC6
:10DEB80000286AD0149816A9FAF7D2FB044620B9AC
:10DEC800FFF7D0FB149904F09EFF43F61B43009420
:10DED800BDE500BFEE4A01017E4B0101344B010153
:10DEE8003E4B01013B4B0101464B01016D4B0101CA
:10DEF8008D4C0101404B0101454B010112AB0893C8
:10DF080011AB079310AB069316AB05930DF15503B0
:10DF1800049315AB03930DF1530302930DF15203D0
:10DF2800019314AC0DF1510300939C4A2346DDE99B
:10DF38000E0104F0BDFE0028C0F27581FFF792FBC8
:10DF4800DDE9101213AB0093129B043B04F039FF78
:10DF5800D8B19DF853301BB904F037F98DF8530048
:10DF680000941398DDE9162304F05FF9044640B9DC
:10DF7800FFF778FB139904F046FF43F62543009416
:10DF880065E5874B139A1A60F7E76FF0080023B02E
:10DF980030BD04F068F9044618B943F626430094E6
:10DFA80055E57F4D2B6813B96FF00700EFE7FFF7D2
:10DFB80059FB296804F027FF0028EED1F4E7794AD5
:10DFC80014ABDDE90E0104F073FE0028C0F22B81CA
:10DFD800FFF74CFB149916AA04F03BFF00283FF406
:10DFE8008AAD169804F04CF9FFF740FB149904F039
:10DFF8003CFF00287FF47FADD6E704F087F943F6AD
:10E008001F43009006228021674823E504F08EF91B
:10E0180043F62243CDE9000106228021634804F03B
:10E02800D2FFB4E716A804F057F99DF85B30062232
:10E0380003939DF85A30802102939DF859305C482B
:10E0480001939DF85830009343F6234304F0BBFF37
:10E058009DE70DF15B0302930DF15A0301930DF156
:10E0680059030093534A16ABDDE90E0104F020FE74
:10E078000028C0F2D88016A804F027F93BE511ABB8
:10E08800039316AB029314AB019313AB00934A4A64
:10E0980012ABDDE90E0104F00BFE0028C0F2C380CC
:10E0A800139B082B0FD0022B2DD100219DF8443053
:10E0B800149A00931298BDF8583004F0E9F843F622
:10E0C80020430090C3E40121F0E713AB019316ABA2
:10E0D80000933A4A14ABDDE90E0104F0E9FD00288B
:10E0E800C0F2A180169B082B0BD0022B0BD100216C
:10E0F8009DF84C20149804F0D5F843F6214300907D
:10E10800A5E40121F4E76FF0060040E7254A16ABC5
:10E11800DDE90E0104F0CCFD0028C0F284801698D9
:10E1280004F006F9E7E41822DDE90E45002116A8F7
:10E1380003F006FE1BAB06931AAB059319AB0493C9
:10E1480014AB039318AB029317AB019313AB009373
:10E15800294620461A4A16AB04F0AAFD002862DBBD
:10E1680016A804F0E9F843F62A4300907AE400235D
:10E17800DDE90E01149316AB159313AB019315ABA0
:10E188000093104A14AB04F093FD00284BDB14A84D
:10E1980004F0D4F843F62B43009063E4504B01019C
:10E1A800AC3A0021344B01015D4B0101624B010186
:10E1B800674B01016A4B01016F4B0101704B010173
:10E1C800734B0101804B010116A8FBF723FEDDE923
:10E1D80020238021CDE90A23DDE91E231348CDE958
:10E1E8000823DDE91C23CDE90623DDE91A23CDE95F
:10E1F8000423DDE91823CDE90223DDE91623CDE95F
:10E20800002343F63343062204F0DDFEBFE6084A46
:10E2180016ABDDE90E0104F04BFD002803DB169870
:10E2280004F088F867E46FF00200B0E6864B01015D
:10E23800344B01010022D30003F1FF7303F580334F
:10E24800D3F80013013107D0D3F800130132D3F803
:10E258000433202A0B60EED1224BD3E94C32072B32
:10E2680026D1023A032A204B28D9D3F80024D10713
:10E2780032D41C4BD3F83021072A19D1D3F83431C2
:10E28800023B032B02D8194AD35C8BB17F23184A6F
:10E298001849C2F818310023C1F8043EC1F8083EF5
:10E2A800C2F82431C2F82C3102F57F22C2F81031AD
:10E2B800114B1A68114BC3F84425704710498A5C02
:10E2C800002AD2D0D3F80024D207CED50022C3F832
:10E2D8001421C3F81821C8E76FF00102C3F800241D
:10E2E800C7E700BF0000FF0100500041904B01014B
:10E2F80000200041000008410080FF01006000414B
:10E30800944B010170B501250268B2FA82F3C3F19A
:10E318001F03DBB205FA03F422EA0404D0E8EF6F26
:10E32800964204D1C0E8EC4FBCF1000FF6D1EBD116
:10E3380001480B7070BD00BF0000AD0B10B503683D
:10E34800CB40DB0710D401238B40026843EA02016B
:10E35800D0E8EF4F944204D1C0E8EC1FBCF1000FA5
:10E36800F6D1F2D1014810BD0148FCE70000AD0B21
:10E378000400AD0B036803F01F020260034A04485F
:10E388005B09012B18BF1046704700BF00058C4180
:10E3980000088C41034B083033F81000C0F34010DC
:10E3A800704700BFA002002170B50D4C00F10803B2
:10E3B80034F813300546DA050E4607D5C3F3432370
:10E3C80004EBC302526854F833309847A3682BB162
:10E3D80031462846E268BDE87040184770BD00BF66
:10E3E800A002002110B4124A083032F81030D905C2
:10E3F8001BD5C3F3432123F4F85322F8103000202F
:10E4080002F10E0434F8023F13F4807F03D0C3F303
:10E418004323994209D001303028F3D1002342F830
:10E428003130044810BCFFF789BF10BC704700BFEB
:10E43800A00200211403002138B50246FFF7AAFF05
:10E448000B4C02F1080560B1002134F815305B0B64
:10E458009B0003F1824303F52043C3F81015C3F86A
:10E4680010151046FFF7BEFF002324F8153038BDFD
:10E47800A00200212DE9FF41044690461D4601B344
:10E48800504E00F1080736F817309B0702D5FFF702
:10E4980081FF28BB00232046CDE900338DF80E30DC
:10E4A8008DF80F300DF10F020B460DF10E0104F03F
:10E4B800CAFD36F8173023F0020343F0010326F8AB
:10E4C8001730B8F1000F2DD03E4E04F1080736F88A
:10E4D800173098F800009907D8F8042002D5CAB177
:10E4E800394821E023F02003DB04DB0C26F8173041
:10E4F80082B10328F4D8D8F8042092F800C04FEA73
:10E508008C0202F1824202F5204280B9C2F810055D
:10E51800C2F8100536F8173023F01C0343EA8003CD
:10E5280026F817301DBB294804B0BDE8F081D2F8A1
:10E53800101543EA4C3321F00301C2F81015D2F844
:10E54800101543F0200321F44F3121F44071C2F833
:10E5580010152102D2F810E501F47C5141EA00417E
:10E5680041EA0E01C2F8101526F81730D2E7204606
:10E57800D5E90067FFF736FF002ED4D0114DD5E955
:10E588000023964201D19F4219D011480DF10F0185
:10E59800FFF7B8FE0D4B9842C6D19DF80F2005EB4A
:10E5A800C20304F108005F6035F8103045F83260A6
:10E5B80043EA422343F4807325F81030B3E700227E
:10E5C800EDE700BFA00200210400AD0B0000AD0B79
:10E5D80014030021F0B50446164685B019B3344D2E
:10E5E80000F1080735F81720930703D4FFF7D2FE88
:10E5F80000285AD112F01C0F02D04B78012B54D0AE
:10E6080001238DF80F3000234A1CCDE90013204662
:10E618008B1C0DF10F0104F016FD35F8173043F08F
:10E62800030325F8173016B9224805B0F0BD204A73
:10E6380004F1080732F81700830736D5002396F847
:10E6480000C020F020004FEA8C0101F18241C00493
:10E6580001F52041C00CC1F8103522F81700C1F8A7
:10E6680010357578002DDFD0D1F81035B67823F441
:10E67800991323F4F853C1F81035D1F810E52302A3
:10E6880003F47C532D0443EA0E0305F440353405A6
:10E698002B4304F4801440EA4C30234340F020001C
:10E6A800C1F8103522F81700BEE70348BDE700BFE0
:10E6B800A00200210000AD0B0400AD0B014BC3E923
:10E6C80002017047A002002108B50246FFF762FE6A
:10E6D80038B1054B083233F8123004485B0B0B7025
:10E6E80008BD0348FCE700BFA00200210000AD0BF5
:10E6F8000400AD0B38B50F4C94F87850BDB96022C2
:10E70800294604F1100003F01BFB0A20F8F790F8E3
:10E71800094B0A48C3F87C51D3F87C214FF00042DA
:10E72800C3F80423012384F87830636738BD0448AC
:10E73800FCE700BFA002002100A000410000AD0BD3
:10E748000500AD0B034B93F87800003818BF012083
:10E75800704700BFA002002101460148FFF7EEBD47
:10E768001003002101460148FFF7CCBD100300212A
:10E7780037B50446FFF70EFE1E4B04F1080233F8C6
:10E788001230E8B113F002051AD15B0B9A0002F1BE
:10E79800824000F5214002F18242056002F52042E4
:10E7A8000068D2F8100540F00100C2F8100529B140
:10E7B800012202FA03F3104AC2F8043303B030BD51
:10E7C800C3F38203042B11D0052B11D001A80194A7
:10E7D800FFF7D0FD019B0169D94001F00101023129
:10E7E800204603B0BDE8304004F076BC0321F7E7CB
:10E7F8000221F5E7A002002100A0004108B5024669
:10E80800FFF7C8FDC0B10F4B02F1080133F8113012
:10E81800990711D401225B0B9A400B499B0003F125
:10E828008243C1F8082303F52043D3F8102522F0CA
:10E838000302C3F8102508BD0021BDE808401046B2
:10E8480004F04ABCA002002100A0004113B5104BFF
:10E8580000F1080233F812300446DB0716D5FFF73B
:10E86800CDFF2046FFF7E8FD01A80194FFF782FDE0
:10E87800019B00EB8300D0F8003203F0E04343F043
:10E888000203C0F80032034802B010BD0248FBE79B
:10E89800A00200210000AD0B0400AD0B2DE9F04FE4
:10E8A800002601223446654B6548664987B01D68D5
:10E8B80035B1D0F8045315421EBF1C601D681643BD
:10E8C80004338B424FEA4202F1D15D4BD3F87C31DD
:10E8D800002B00F09680DFF87091DFF87081D9F88E
:10E8E80020300493C9F82030D8F820300593C8F8B0
:10E8F80020304FF0000A0DF1100B4FEA4A13009335
:10E9080048E094FAA4F4B4FA84F4009B504A1C44F6
:10E9180004F1080332F813700123E00804F0070239
:10E9280003FA02F21BF80030039423EA02030BF8FF
:10E93800003003A8FFF71EFD039BB908803350F889
:10E948002330C7F382054A072F46C3F301432BD56B
:10E9580020463946DDB2FFF727FD03A80394FFF7E9
:10E9680009FD039B803350F82330C3F301439D42D4
:10E9780007D10021204604F0AFFB2946204604F0C9
:10E98800ABFB03A80394FFF7F5FC0122039B02FAF3
:10E9980003F303625BF82A40002CB2D1BAF1000FEE
:10E9A8001DD14FF0010AA8E7022B0CD10321204604
:10E9B80004F092FB05F00503012BE2D1394620460D
:10E9C800FFF7F2FCDDE702212046019304F084FB07
:10E9D800032DF3D0019B032BD3D1022DEDE7184B68
:10E9E800C3F87C41D3F87C31D9F820300493C9F8B6
:10E9F8002030D8F8202013430592C8F820207FF44F
:10EA080078AF012416B907B0BDE8F08F96FAA6F3DF
:10EA1800B3FA83F304FA03F29B0003F1824303F58C
:10EA28002043D3F81005D3F81015C0F30520C1F31F
:10EA3800014126EA0206FFF7B7FCE3E700A100411F
:10EA480000A0004120A1004100058C4100088C4134
:10EA5800A002002170B5084C0E462379154643B92B
:10EA68001220F7F7E5FE0123044823712660A5600C
:10EA780070BD0348FCE700BFB03A00210000AD0BB1
:10EA88000C00AD0B002330B50D4A50F8234003F5B8
:10EA9800A2710133102B42F82140F6D10023084A15
:10EAA80000F13C0103F5B27451F8045F0133102BF7
:10EAB80042F82450F6D1D0F88030C2F8043330BD83
:10EAC800002001410123024A8340C2F80433704701
:10EAD800002001410123024A8340C2F808337047ED
:10EAE80000200141F8B5012600270B4B0B4DD3F848
:10EAF8000C4304B9F8BD94FAA4F0B0FA80F006FA11
:10EB080000F324EA0304064B82009F502B68002B75
:10EB1800EFD0A9689847ECE700200141B03A0021FE
:10EB2800002101412DE9F0410E4617460C4D55F8DC
:10EB3800184FAC4203D16FF01200BDE8F0813146A6
:10EB480054F8440CA4F1440803F0A9F830B9C7F804
:10EB580000804046BDE8F04104F0CCBB2468E8E7FB
:10EB6800BC3A002110B5D0E909124A60416A00F1A7
:10EB780024031160C0E909334368044603B1984788
:10EB8800054B1A78062A05D95B681BB1072022684D
:10EB980002499847002010BDBC3A0021AE4B010144
:10EBA8002DE9F04107460D460B4E56F8084FB44282
:10EBB80002D16FF001000AE0394654F8240CA4F1A0
:10EBC800240803F06CF820B91DB1C5F80080BDE831
:10EBD800F0812468EBE700BFBC3A002110B5044679
:10EBE80010B96FF0150010BD00680028F9D003F0C7
:10EBF80046F80028F5D000212068FFF7D1FFC8B1FA
:10EC080004F11C03C4E907330C4B04F12402D9684E
:10EC180003F10800DA60A16260620A601A78062AC5
:10EC280001D95B680BB90020DDE707202268044999
:10EC38009847F8E76FF01000D5E700BFBC3A00210D
:10EC4800B04B010110B50446006810B96FF015000B
:10EC580010BD03F014F80028F8D0A368012BF5D8EC
:10EC6800064B04F144016360054BDA6903F11800AF
:10EC78006064A264D96100201160E9E71C030021E7
:10EC8800BC3A002138B505460D4C2022204600210B
:10EC980003F056F82B682846636023462A7903F860
:10ECA800082BC4E9023304F11003C4E9043304F166
:10ECB8001803C4E90633BDE8384000F00FB800BFB8
:10ECC800BC3A002108B500F011F8BDE80840202240
:10ECD8000021014803F034B8BC3A002108B50248C5
:10ECE800FFF77CFF002008BD1C0300210148FFF747
:10ECF80039BF00BF1C0300210EB4431E062B33B5D9
:10ED080088BF0020094B05AC54F8045B53F8201069
:10ED1800074802F00EFA214628460194F6F70AFD44
:10ED280002B0BDE8304003B0704700BFC0480101E1
:10ED3800C34B01012DE9F04F9A46836A0646934278
:10ED4800174687B041D300254FF0180BBD4203D1B9
:10ED5800002007B0BDE8F08F0BFB05F8D6F82C9023
:10ED6800B26909EB0804231D0593CAB96069616893
:10ED78000368B4F80CC0C91AA3680CF1030E5C1E32
:10ED880004EB0C145B4204EB4E041C4004EBCC0374
:10ED980084680633A14228BF4FF0FF3104F076FAA9
:10EDA80059F8083030460293336AA9B21B6A0193B6
:10EDB800109B53F8253000935AF82520059B04F042
:10EDC800DEFA0028C5D10135C0E70148C1E700BF18
:10EDD80040F4FFFF10B5044690B1828C43899A42F3
:10EDE80009D0084B1A78032A05D95B681BB1426819
:10EDF8000549042098472046BDE8104005F00BB9A6
:10EE080010BD00BFBC3A00215E4C010130B54489F9
:10EE18008C4212D9036A013C5D882C4003EBC40381
:10EE280059609A60BFF35B8F026A5388013353803D
:10EE3800C38C0133C384002030BD0148FCE700BF08
:10EE480041F4FFFF70B4039E144658B1006A48B1FC
:10EE580043B1013406D0002E04DB046F14B1A4467C
:10EE680070BC6047014870BC704700BF2DF8FFFFB9
:10EE780070B4039E144660B1006A50B14BB10134BE
:10EE880007D0002E05DBD0F8804014B1A44670BC32
:10EE98006047014870BC70472DF8FFFF70B50C46FD
:10EEA800114605461E460C4B2022002908BF19466C
:10EEB800204602F0D0FE049B6662A362059B256291
:10EEC800E362069B23636A6804F13403C4E90D52C4
:10EED8006B60A26B136070BD7F4C01012DE9FF4789
:10EEE800DDF834900D4692461F46064600286CD041
:10EEF80000296AD0B9F1000F67D001F158084046DF
:10EF080004F0A6FB781C40D1AC6C05F1480314F062
:10EF180001040BD000240134802C54D0620953F82A
:10EF2800222004F01F01CA40D107F4D4012160094E
:10EF380053F8202004F5806704F01F04A1400A4319
:10EF480043F820200E9B5246CDE901930C9B314695
:10EF5800009328463B46FFF7A1FF404600F032FCED
:10EF6800347874B195F888405CB1B36A01332ED116
:10EF78000021304604F09BFB044610B1304604F0F3
:10EF88006DFB204604B0BDE8F087B7F5806FD9D394
:10EF9800A7F580637F2B05F148010FD8580951F870
:10EFA800204003F01F0324FA03F2D2070BD40122F6
:10EFB80002FA03F3234341F82030C3E7054C4046E7
:10EFC80000F000FCDDE7044CF9E7024CD9E7002427
:10EFD800D7E700BF2DF8FFFF29F8FFFF2DE9F04321
:10EFE80085B00F46904603A90D9A0546994604F048
:10EFF8006CFD0446E0B10C9E039BD5F8A4009E422C
:10F00800A8BF1E460168D0F808C0611A33464A46B0
:10F01800614528BF4FF0FF3104F0FEF82346424611
:10F0280039462846009604F0F0FC05B0BDE8F083A8
:10F038000048FAE72EF8FFFF38B50446E0B100F1C2
:10F048005805284604F0C1FBD4F898309B6953B999
:10F05800D4F88C40103C002C00DC084C284604F006
:10F06800B2FB204638BD012BF7D1D4F8A00004F03C
:10F07800D7FAA0F11004EEE7014CF2E72EF8FFFFF3
:10F088002DF8FFFF2DE9F0478AB00D46DDE912970C
:10F0980090461E46044620B9804F38460AB0BDE85F
:10F0A800F0870029F8D0002BF6D08C22002102F03E
:10F0B80047FE012204F15800114604F0E4FD784BA4
:10F0C800C4F89850C4F868806C622367754B63670E
:10F0D800754BA367754BE367754BC4F88030754B68
:10F0E800C4F88430D4F89830D3F81880B8F1000FF9
:10F0F8006ED1002FD0D097E8070004F18C0383E885
:10F108000700D4F89800036A9B6898470023286191
:10F1180000F001006B6184F88800B8F1000F6DD130
:10F128003B7A002B68D009F10C03C4F8A830B9F178
:10F13800000FB1D0D9F80820002A00F0AD809B68F4
:10F14800002B00F0A9805C4B04935C4B05935C4B4F
:10F1580006935C4B0793EB6A1B68C4F89C30EB6A18
:10F168009B69C4F8A03004F1AC03C4E92B3306ABA7
:10F17800C4F8A460009302220021D4F8980004ABDC
:10F18800FFF7D8FD0746002887D1D4F8A00004F07F
:10F19800E2F9EB6A1B689E62EB6A9B699E62B8F1B2
:10F1A800000F61D1C246D4F890300993D4F89C304E
:10F1B8005B89534534D894F88830C4E90044002B5F
:10F1C80059D1D4F898000421036A5B68984764E72A
:10F1D800B8F1010F95D1D4F89800036A1B689847D5
:10F1E800420606D5D4F898000021036A5B68984760
:10F1F800F1E74307EFD584E74B4696E7B8F1010FEF
:10F20800B1D12E4B04932C4B05932E4B06932C4BCC
:10F218000793EB6A9B69C4F89C30EB6A1B68A0E70C
:10F228004846D4F8901004F041FC0546C8B131684E
:10F238000890411AB0680022814228BF4FF0FF3180
:10F24800D4F89030304604F021F8009501230022CC
:10F25800D4F89C0008A904F0BFF818B90AF1010A0B
:10F26800A4E71948074618E794F88830C4E9004429
:10F27800002B3FF412AF00230293144B2046019356
:10F288003523134A009304F10801FFF707FEB8F18C
:10F29800000F7FF402AF94E70B4FFEE62DF8FFFF57
:10F2A800E5EF0001BF370101D3390101D33A01016C
:10F2B800133A0101DF370101804C0101864C01013D
:10F2C8001F390101CD3701012EF8FFFF2138010157
:10F2D8008C4C0101F0B505460E46174687B0074A23
:10F2E80003AC07CA84E807000C9A31460092284606
:10F2F8003A460194FFF7C6FE07B0F0BD8846010103
:10F30800014B986860307047DC3A0021104B70B5AB
:10F3180053F82040013053F82060A64200D870BD51
:10F32800D4E900358DB12846984738B10028B8BFD0
:10F338004042FF28A8BFFF20EB681870EA6853789E
:10F3480043F0010353700834E7E79847FBE700BF31
:10F35800E4480101012208B5094B03201A70FFF7A0
:10F36800D5FF01F003F90420FFF7D0FF00F018F9EA
:10F3780004F05CFE034A137B23F00103137308BDFA
:10F38800D54400212818002108B50348034A002164
:10F39800121A04F04EFC08BDA0040021E844002124
:10F3A8000023012270B586B0CDE904230F22019312
:10F3B800CDE9023214230F4D0F4E03FB00550F49C0
:10F3C80006EBC016044601EB00214FF4807230466C
:10F3D8000B4B009500F088F8737B2C7423F0040322
:10F3E8007373084B013403EBC423EE606B6006B003
:10F3F80070BD00BFDC3A0021A8170021E8580021A1
:10F40800593C0101E850002180B50020A6B0FFF763
:10F418007DFF2E4B03F5006282F3088883F30A8888
:10F42800E0232B4D002485F822302023EB772C761F
:10F438006C76AC7685F820406B6A264E43F4E02360
:10F448006B6285F82340F7F717FCF7F7C5F94FF01B
:10F45800FF33AB62EB62F7F719FEF7F7BFFC40F238
:10F46800011306AD2846ADF82430CDE91F4401F05C
:10F4780077F8B56004F0DDFD0120FFF747FF0220B3
:10F48800154DFFF743FF00F0EDFD144B7561059333
:10F498000123134F13494FF48062CDE903432846F3
:10F4A8003B46CDE90144009400F01EF806466A7B0D
:10F4B800284622F004026A7304F0ABFC2046FFF7EA
:10F4C8006FFF3A4631462846F7F788FAE850002198
:10F4D80000ED00E0DC3A0021281800218F4C0101E2
:10F4E8005DF30001E85900212DE9FF410E9E00F16E
:10F4F800580506730426C0E91655002504464673C8
:10F508000D9EC0E906558673D61D0C9A26F007068F
:10F51800C0E919168560C573C56602920B9A01EB9E
:10F52800060801920A9A00924246F7F73BFA054B01
:10F5380065659B6803B11B6F4046236704B0BDE84F
:10F54800F08100BFDC3A0021F0B5002587B00595B1
:10F55800109DDDE9127604950F9D044603950E9DD6
:10F5680002950D9D01950C9D0095FFF7BDFFB6F125
:10F57800FF3F08BFB7F1FF3F05D056EA070305D1A3
:10F58800204600F0EFFC204607B0F0BD3A4633466F
:10F59800024904F1180000F0E1FEF4E77F3E0101A2
:10F5A8002DE9F043294C2A4D87B02646AE4204F196
:10F5B8002C040FD300F026FD4FF4004640F2E73745
:10F5C800224CDFF89090AC4220D307B0BDE8F0435E
:10F5D80000F02CBD54F8043C059354F80C3C0493FB
:10F5E80054F8103C039354F8143C029354F8183C14
:10F5F800019354F81C3C009354E9092354E90B0186
:10F60800FFF772FF54F82C3C5E65CEE7636A5A1C1C
:10F618000DD00021384623EAE373C3FB060151EA03
:10F62800C333D4F8008004D1404600F09BFC2C344E
:10F63800C9E74FF47A720023F0F78AFD02460B46B9
:10F6480008F11800494600F089FEF0E798450101E5
:10F65800C44501017F3E01012DE9F34104461746E7
:10F668001E464FF04003EFF3118883F31288BFF36F
:10F678006F8FC368334A7BB180689168884219D01C
:10F6880057EA060318D188F31188BFF36F8F6FF01C
:10F698000F0002B0BDE8F081916891F90E100133B6
:10F6A800E36093682161A36088F31188BFF36F8FCB
:10F6B8000020EEE72169F2E791F90E1090F90E307B
:10F6C8006FF07E029942A8BF19469142B8BF114611
:10F6D8008B422EDD04F0C8FA054622464146CDE9A4
:10F6E8000076194800F0C8FB0028E1D04FF040032D
:10F6F800EFF3118683F31288BFF36F8FA068D0B140
:10F70800236821699C420AD04BB193F90E30994283
:10F71800A8BF19466FF07E039942B8BF194604F096
:10F72800A3FA40B13146084800F00AFC6FF00A001D
:10F73800AFE70025D1E7002DF4D186F31188BFF398
:10F748006F8FF3E7DC3A0021D644002138B583688F
:10F7580004466BB3194A926893422CD1C368012BB3
:10F7680003D9013BC360002038BD4FF04003EFF3DD
:10F77800118583F31288BFF36F8F0169806804F0E5
:10F7880073FA204604F07BFBA06058B190F90E2074
:10F7980022610022826704F03CFB2946084800F0F9
:10F7A800CFFBE0E7E06085F31188BFF36F8FDAE7FE
:10F7B8006FF01500D8E74FF0FF30D5E7DC3A0021AD
:10F7C800D644002138B504464FF04003EFF31185C5
:10F7D80083F31288BFF36F8F04F051FB48B1002206
:10F7E800826704F016FB2946BDE83840044800F05B
:10F7F800A7BBD4E902329A4218BF0133A360F2E7EB
:10F80800D644002113B54FF04004EFF3118184F37F
:10F818001288BFF36F8F846844B1013C846081F320
:10F828001188BFF36F8F002002B010BD52EA0304A5
:10F8380006D181F31188BFF36F8F6FF00F00F3E7E4
:10F84800CDE900230246024800F016FBECE700BFB2
:10F85800D64400212DE9F04F04464FF0FF384FF011
:10F86800FF39484E85B04FF04003EFF3118783F31B
:10F878001288BFF36F8FD4F880508DB9022104F13C
:10F88800980004F00CFA002843D100233946CDE94A
:10F898000089029304F188023B4800F0EDFCE2E79E
:10F8A800D4F884202B689542C4F8803008BFC4F887
:10F8B8008430D4F8983043F00203C4F89830EB68E9
:10F8C80023F0040343F00103EB606B6887F31188AE
:10F8D800BFF36F8F284698474FF04003EFF3118B23
:10F8E80083F31288BFF36F8FEB68990723F0010247
:10F8F80019D4EA60D4F8983023F00203C4F8983099
:10F908008BF31188BFF36F8FDB05ACD400F0B2FB2B
:10F91800A9E704F1900500220121284604F009FB1B
:10F928000028F8D1B1E7306823F00303EB60002822
:10F93800E0D000273B46D0F800A00028DAD0426883
:10F94800014695420CD101689FB9726831608242C4
:10F9580000D1716040F8083BFFF734FF39460023B7
:10F96800BAF1000F0BD0DAF8002050460F46924645
:10F97800E3E739607268824208BF7760EAE7524677
:10F98800F3E700BFFC3A0021D6440021F8B5C3686C
:10F9980004469A070F46C3F340062CD45B071AD4D3
:10F9A8000B680BB983680B60E368DD0742BFA36887
:10F9B80002263B603D6858BF0126002D3AD01F4BF8
:10F9C8009B68AB420AD0D5F89830D807C3F38002B9
:10F9D80014D46FF0120600233B6025E004F02DF9E3
:10F9E800D5F898300028F0D1D907C3F3C002F0D574
:10F9F80052B15B0708D46FF00F06ECE7002AFAD182
:10FA0800C3F3C003002BF6D100232360D5F884305C
:10FA180063B9C5E92044284604F05BF9E36843F07C
:10FA28000403E3603B68A3603046F8BD1C60C5F87A
:10FA38008440F0E76FF01506CDE700BFDC3A0021FF
:10FA4800F0B50446002089B0C4E920000E9D04F1F9
:10FA58008800C4E9220004F19000C4E924001DB321
:10FA68002879002840F2011008BF0120C4F8980046
:10FA780000204FF0FF364FF0FF37CDE90330CDE9D6
:10FA88000100CDE906672046084B0094FFF75CFDAE
:10FA980025B1296811B1204604F0D5F8204609B0EF
:10FAA800BDE8F04004F0D2B80120DFE75DF80001BE
:10FAB80030B50A46044685B04FF04003EFF3118590
:10FAC80083F31288BFF36F8FD0F8983013F0060FC6
:10FAD8001DD1B1B143F00C03C4F89830204604F0AE
:10FAE800F8F800234FF0FF3202934FF0FF33294616
:10FAF800CDE900230C4804F1900200F0BDFB05B0ED
:10FB080030BDD0F8800048B143F00403E4E743F087
:10FB18000401C0F89810002AE0D0DBE785F31188CB
:10FB2800BFF36F8FEBE700BFD644002137B50190D4
:10FB380008464FF04001EFF3118481F31288BFF3B8
:10FB48006F8FC16811F00E0F16D153EA020508D164
:10FB580001A9FFF71BFF84F31188BFF36F8F03B070
:10FB680030BD41F00801C16001991030816103493D
:10FB780000F0F4FB0120EEE70020ECE7E93C01018E
:10FB880001460148FFF7D2BFC8180021F7B50C4657
:10FB980016461D4601904FF04003EFF3118783F39B
:10FBA8001288BFF36F8F084604F084F855EA0603FD
:10FBB80009D1204601A9FFF7E9FE87F31188BFF3B1
:10FBC8006F8F03B0F0BDE36804F1100043F0080341
:10FBD800E360019B3246A36202492B4600F0BEFB5C
:10FBE8000120EAE7E93C010101460148FFF7CEBFE1
:10FBF800C8180021C3897F2B12D80A4B1B6863B130
:10FC0800094B90F90E201B689A4209DB437BDB06FF
:10FC180006D1064BC31A18BF012303F00100704731
:10FC28000023FAE70C3B0021083B0021A81700211C
:10FC38000122044BC01A044BC0105843034B1A54FA
:10FC4800704700BFA8180021ABAAAAAAD644002171
:10FC580070B50E4B0E4C1E7C182303FB064405465C
:10FC6800204604F089F900220A4B28469A55FFF7E6
:10FC7800C1FF48B1084B2046BDE870401A680749E3
:10FC8800013AD31700F06ABB70BD00BFDC3A00210F
:10FC9800A8180021D64400210C3B002139FC0001A2
:10FCA80038B50D4D2B4653F8184F9C4200D004B977
:10FCB800EC68AB6838B95A7BD20604D1A26912B98C
:10FCC800DA897F2A05D89C4202D02046FFF7C0FF78
:10FCD80023466B6138BD00BFDC3A002170B590F94E
:10FCE8000D200146002A437B04DA03F07F034373A7
:10FCF80004F055F8154A4B7B104663F07F034B73AD
:10FD080050F8183FD469834208BF002323B9C1E9DA
:10FD180000042160D1610CE091F90E5093F90E6056
:10FD2800B5420ED0AE420CDD5868C1E90030016022
:10FD380059609068BDE87040431A58425841FFF72F
:10FD4800AFBF9C42E3D01B68E0E700BFDC3A00216C
:10FD580070B490F90D30427B002B29DBD30627D1F4
:10FD680083692BBB134962F07F0242730A4652F83B
:10FD7800184F944218BF2346CC6923B9C0E9002420
:10FD88002060C8610CE090F90E5093F90E60B542FE
:10FD98000AD0AE4208DD5A68C0E9003210605860E7
:10FDA800002070BCFFF77CBFA342E7D01B68E4E7E4
:10FDB80070BC7047DC3A002108B590F90D20014667
:10FDC800002A437B04DA03F07F03437303F0E7FF61
:10FDD800044B9868431A58425841BDE80840FFF759
:10FDE8005FBF00BFDC3A002170B515461C460646C9
:10FDF80003F0E7FFB4F1FF3F08BFB5F1FF3F08D0BC
:10FE08002A46234606F118000249BDE8704000F072
:10FE1800A5BA70BD7F3E010138B54FF04003EFF33E
:10FE2800118583F31288BFF36F8F104B104A9C68BB
:10FE38001068A04206D1FFF70BFF85F31188BFF3C6
:10FE48006F8F38BD00211B7C11600A4AD35C002BE0
:10FE5800F3D02046FFF7CEFE0028EED0637BDB060A
:10FE680002D12046FFF73AFF2046E4E7DC3A0021BA
:10FE7800043B0021D644002170B50C480C4D86681F
:10FE88000C462E601146DDE904234FF04006EFF3DF
:10FE9800118586F31288BFF36F8F8068FFF7A4FF80
:10FEA8002046BDE87040F6F727BD00BFDC3A0021C8
:10FEB800043B0021F8B504464FF04003EFF31186E8
:10FEC80083F31288BFF36F8F437B49B2DA0619D1E7
:10FED8008569BDB903F07F03437303F060FF437B7B
:10FEE800164A63F07F0343731346817353F8180F60
:10FEF800984218BF0546D0695DB9C4E9003004606E
:10FF0800D46111E00020A17386F31188BFF36F8FCD
:10FF1800F8BD95F90E70B9420BD08F4209DD6B68B8
:10FF2800C4E900531C606C600120FFF7B9FE012092
:10FF3800EAE7A842E1D02D68DEE700BFDC3A0021FD
:10FF480049B9EFF3058030B9054B5A699B689A4265
:10FF580001D0F6F7D1BC81F31188BFF36F8F7047DA
:10FF6800DC3A002110B54FF04002EFF3118482F320
:10FF78001288BFF36F8F427B510704D484F3118832
:10FF8800BFF36F8F10BD22F004024273FFF7E0FE4B
:10FF98002146BDE810400148FFF7D2BFD7440021F1
:10FFA80070B50446183003F0E7FF4FF04003EFF355
:10FFB800118683F31288BFF36F8F94F90D20637B4A
:10FFC800002A05DA03F07F032046637303F0E7FE97
:10FFD8000B4D637BA86843F010036373031B5842FF
:10FFE8005841FFF75DFE86F31188BFF36F8FAB684A
:08FFF800A34203D1BDE87040F3
:020000040101F8
:1000000003F081BF70BD00BFDC3A00214FF0400318
:10001000EFF3118183F31288BFF36F8F044B9A685B
:10002000D37B013BD37381F31188BFF36F8F70478C
:10003000DC3A002110B54FF04003EFF3118483F355
:100040001288BFF36F8F084B00209A68D37B01336F
:10005000D373FFF729FE84F31188BFF36F8FBDE8D8
:10006000104003F050BF00BFDC3A0021024B03F107
:100070001802C3E906227047DC3A0021F8B54FF0B8
:100080004003EFF3118583F31288BFF36F8F194993
:100090008868437B03F07F03437303F084FE0846C4
:1000A0008B685A7B62F07F025A7350F8182FCC6924
:1000B000824208BF002222B9C3E900042360CB6159
:1000C0000CE093F90E6092F90E70BE420ED0B7426A
:1000D0000CDD5168C3E900210B6053600120FFF77C
:1000E000E3FD2846BDE8F840F6F70ABCA242E3D09B
:1000F0001268E0E7DC3A002150EA01032DE9F04103
:1001000005460E4603D1FFF7B9FF00202CE0831C03
:1001100071F1FF332ADB03F049FF2C184FF0400345
:10012000EFF3118883F31288BFF36F8F114F124BD7
:10013000B8681860FFF744FEB86810492A4633468D
:10014000183000F00FF9BA684046537B43F01003B3
:100150005373F6F7D5FB03F029FF201A63EB030373
:10016000012873F10003D0DBBDE8F0816FF00104DA
:10017000241AD3E7DC3A0021043B00217F3E010131
:10018000B1F1FF3F08BFB0F1FF3F08B506D1084B02
:100190009868FFF709FF4FF0FF3008BDFFF7ACFF8D
:1001A0004FF47A7380FB0303C00B40EA4340F4E74B
:1001B000DC3A0021014B9868704700BFDC3A00210F
:1001C0002DE9F04104464FF04003EFF3118683F32D
:1001D0001288BFF36F8F037BD9070BD586F3118885
:1001E000BFF36F8F404080F311884FF0040002DFAF
:1001F000BDE8F081437B1A0704D586F31188BFF36D
:100200006F8FF5E723F0200242F00801D20920D1D8
:100210004173A36813B1204603F0CDFD04F118002B
:1002200003F0AEFE4FF0000804F15807A56DBD4283
:1002300000D0B5B90120FFF737FD104B9B68A342F2
:10024000DBD1EFF30583002BD7D13046F6F758FB0F
:10025000D3E703F05F0343F00803437303F0A3FD08
:10026000D7E7284603F0A7FD05F1180003F088FE44
:100270002846C5F87880FFF76FFDD7E7DC3A002104
:10028000D3B5DDE90667089CCDE90067FFF7F8FD07
:100290001CB1034B9B685B69236002B0D0BD00BFFB
:1002A000DC3A002108B50648064A0749121A03F04D
:1002B000C6FCBDE80840054A0549064803F0BFBC36
:1002C000000000219C040021D04C0101000000002E
:1002D000D04C010100000021034B1B680BB9F7F75C
:1002E000B1BD0020704700BF103B002110B50E4B80
:1002F0001C689C4204D1FFF7EFFF6FF0004010BD77
:10030000FFF7EAFF002CF8D0D4E904321B1A62EBA5
:10031000E072B3F1004F72F10001EEDA002AACBFD7
:1003200018460020EBE700BF4803002130B570B14C
:100330000B4B5B6898420AD0036843B1D3E90421B0
:10034000D0E90445121941EB0501C3E90421D0E9C4
:10035000003213605A600023C0E9003330BD00BF93
:1003600048030021B3F1FF3F08BFB2F1FF3FF8B5EA
:1003700004461D4616465CD081604FF04003EFF303
:10038000118783F31288BFF36F8F013275F1FF334A
:1003900024DA6FF001032C49D1E900209B1A4FF0B9
:1003A000FF3262EB00009E1B60EB0500012E70F136
:1003B000000301DA01260020C4E90460234ED6F8C8
:1003C00000C07568B44508BF4FF0000CBCF1000FC9
:1003D0000DD1C4E900652C6074601CE0FFF77CFF60
:1003E000013645F10005361845EBE070E4E7DCE93D
:1003F0000420D4E90431934271EB000E1ADAD21AC8
:10040000DCF8043060EB0100CCE90420C4E900C34F
:100410001C60CCF804403368B34206D09C4204D13F
:10042000FFF764FF0021F7F7DBFC87F31188BFF3C8
:100430006F8FF8BD9B1A61EB0001AC45C4E9043134
:10044000C7D0DCF800C0C1E7C01800214803002174
:100450002DE9F84F4FF04003EFF3118C83F312882E
:10046000BFF36F8FDFF8B0A0DFF8B0900024C9F8B9
:100470000000DAF800000025504508BF0020284F92
:10048000E046D7E90021D9F8003080B3D0E9046C08
:100490004FEAE37EB3427EEB0C0B05DAF61A6CEB07
:1004A0000E04C0E9046422E0B21841EBE671C0E931
:1004B0000445C7E90021FFF739FF88F31188BFF32E
:1004C0006F8F836898474FF04003EFF3118883F3F1
:1004D0001288BFF36F8FD9F80030DAF800009B1B49
:1004E0005045C446C9F80030CAD1D7E900210024DC
:1004F0009A1841EBE373C7E90023C9F80040FFF7FE
:10050000F5FE2146F7F76CFC88F31188BFF36F8F77
:10051000BDE8F84FFFF784BC48030021103B0021E1
:10052000C018002110B54FF04003EFF3118483F39E
:100530001288BFF36F8FFFF7CFFE0346054AD2E95B
:100540000001181841EBE37184F31188BFF36F8F3A
:1005500010BD00BFC01800210A460146014803F043
:100560004BBD00BF54040021014B0367704700BF1F
:1005700054040021014800F0E0BD00BF974C010188
:1005800038B5064C064DAC4201D3002038BD20469C
:10059000D4E9011203F052FD1434F4E754040021AD
:1005A000680400211FB50024084B4FF480620293B9
:1005B00002AB009306494FF0FF3306488DF80C401C
:1005C000FFF742FA204604B010BD00BFC54C010140
:1005D000E86D0021C8180021014B1860704700BF6A
:1005E000143B00210246002310B5054951F8040BC5
:1005F000046C944203D00133042BF7D1002010BDCA
:10060000183B0021EFF3108272B6054B99698142C5
:1006100000D008B90021996182F31088704700BFAB
:1006200068190021034610B5EFF3108272B6104826
:1006300084691CB182F31088002010BD836182F3AD
:100640001088022202774FF0FF32596B4262D3E9E1
:100650000A23521843F10003C0E9042300F0B6FA5C
:1006600018B12046FFF7CEFFE6E70120E5E700BF1F
:10067000681900212DE9F8432A4D2B4E284603F036
:10068000C7FE002845D0377803F024FE00229446A8
:10069000DFF8988058F8049B99F838E0D9E90A34D3
:1006A00099F83A90B9F1010F09D1B3F5F07344F11B
:1006B000FF34984271EB040438BF4FF0000E7245CE
:1006C0000CF1010C38BF7246BCF1040FE2D1184B9B
:1006D000DFF860801C78944238BF1446E4B2A74229
:1006E0000CD03470BCB9F7F789FC204688F800407C
:1006F00000F0ECFCF3F7BEFA88F8014098F80130FE
:1007000013B1204600F0E2FC284603F090FE0028DA
:10071000B4D1BDE8F883002FF0D1F7F75BFCF3F715
:1007200013FBEBE7283B0021DA440021183B0021B2
:10073000D9440021DB44002110B58469FFF79AFFFA
:10074000D4E90A23C4E9042301230A4AA4612262EA
:1007500094F83020237742B1204684F84930FFF7DF
:1007600061FF10B9042384F849302046BDE81040E9
:1007700000F02CBAF5410101F8B50024F3F744FA72
:10078000224803F042FE224803F03FFE4FF0FF37BD
:100790000222204B20481C70204B214E1C70214B04
:1007A000214D1C70214B80F838401C7007645C7030
:1007B00080F848409A70306003F093FD284685F831
:1007C00038402F6485F84840756003F08AFD05F1D4
:1007D0005000B06085F88840C5F8907085F8984062
:1007E00003F07FFD124880F83840076480F84840E5
:1007F000F06003F076FD0F4803F073FD2046FFF72D
:1008000001FFBDE8F84000F055BC00BF2C3B0021C3
:10081000283B0021DE440021801A0021D944002118
:10082000183B0021DA440021E0190021DB440021BB
:1008300090190021681900210022044B1A70044B02
:10084000197811B11A70F3F739BA7047D7440021FB
:10085000D844002138B51C4D1C4C284603F0D8FD67
:1008600018B32378032B8CBF04202078637898BFBB
:10087000C0B2984288BF6078A37888BFC0B2834274
:10088000134B38BFA0781A7838BFC0B282420DD05F
:100890001870B0FA80F30F4A5B09137000F02AF960
:1008A000284603F0C4FD0028D7D138BD1B78002BA3
:1008B000F6D1084B1B78002BF2D1074B1B78002B8D
:1008C000EED0FFF7B9FFEBE72C3B0021DB44002122
:1008D000DE440021D7440021D844002108B5054B4F
:1008E0001870BFF35F8FFFF7C5FEBDE80840FFF744
:1008F000B1BF00BFD94400212DE9F041437C074638
:10090000012B38D0022B39D0002B63D101213D4877
:1009100003F032FC044600285CD0002380F8493004
:1009200097F81280B8F1000F56D0B8F1010F4DD1F1
:1009300003F0D0FCD7E90032B3F5F07E42F1FF3C82
:10094000704571EB0C051CD23E4604F128050FCE14
:100950000FC596E80F0085E80F002B4BC4E904ECA7
:10096000A46184F81C802362204600F02FF968BB44
:100970000120BDE8F08102212448C9E70121244873
:10098000C6E7244D2D780DB3984291411ED23E46C4
:1009900004F128050FCE0FC596E80F0085E80F007B
:1009A000D7E90023C4E904231B4BA461236284F824
:1009B0001C80FFF75FFE94F83030002BD4D0204627
:1009C00084F84980FFF72EFE0028CDD10121204672
:1009D00003F0EDFB0020CCE73E4600F128050FCEEA
:1009E0000FC596E80F0085E80F00D7E90023C4E99A
:1009F000042301232377084BA4612362FFF73AFE07
:100A0000B2E700BF801A002139070101E019002177
:100A100090190021DA440021F541010101460948FD
:100A200010B584694CB194F84930022B05D103F01C
:100A30005FFC20B1052384F84930002010BD01205F
:100A4000FCE700BF68190021034B185C884234BFE3
:100A500000200120704700BFDB44002108B500F0F2
:100A60005DFB0422044B5A70FFF704FEFFF7F2FE11
:100A7000BDE80840FFF7FEBDDB440021012208B5B8
:100A8000054B1A7003F04EFC0022044B5A70BDE86F
:100A90000840FFF7DFBE00BFD8440021DB4400213F
:100AA000042208B5034B1A70FFF7E4FDBDE80840C7
:100AB000FFF7D0BEDB440021042208B5034B9A7037
:100AC000FFF7D8FDBDE80840FFF7C4BEDB440021B6
:100AD000022208B5034B9A70FFF7CCFDBDE8084031
:100AE000FFF7B8BEDB440021FF22014B1A707047AC
:100AF000DF44002137B5114D04462B681B68984729
:100B00000F4B58B11A78FF2A08D12046F8F7DAF8C7
:100B10002B685B6803B0BDE830401847D3E84F2F1F
:100B2000D2B28DF807209DF80720C3E8424F002A73
:100B3000F4D10028ECD103B030BD00BF143B00213C
:100B4000DF440021FF23064AD2E84F0FC2E8413FAD
:100B50000029F9D1C0B2FF2801D0F8F7B3B8704727
:100B6000DF440021024B1878FF3818BF012070477E
:100B7000DF44002138B50C4CA4F10805204603F0F1
:100B800047FC60B1284603F03EFC48B1D0E90001C3
:100B9000F7F7DCFB204603F04AFC0028EED138BD15
:100BA000F7F7DCFBF6E700BF383B002110B5064C39
:100BB000204603F0B9FB04F1080003F026FCBDE871
:100BC0001040F7F79DBB00BF303B002110B5044635
:100BD00040B3037FDA0701D5036A1BB3BFF35F8F0E
:100BE00000232372BFF35F8F0122D4E9040101F0D7
:100BF000CCFA0B460246C4E90023237F9B0707D5A6
:100C0000626AF7F715FC01280ED002280ED078B9D9
:100C100008480C222146084B03F08AFBFFF7AAFF85
:100C2000002010BD0120FCE70220FAE70320F8E7CE
:100C30000420F6E7303B00219B42010110B5044639
:100C400070B101460C22084803F09AFB50B1237F93
:100C50009B0701D5F7F778FCFFF78CFF002010BD4C
:100C60000120FCE70520FAE7303B002137B50F4AA9
:100C7000CDE900016B460C210D4803F0A1FB0446B1
:100C8000FFF778FF7CB1257FAA0707D5BFF35F8FF9
:100C900001232372BFF35F8FF7F756FCEB0702D5F2
:100CA0002046236A984703B030BD00BFBF42010110
:100CB000303B002143F6095CF0B5430B154D43EA88
:100CC000C143A3FB05344E0B05FB06441B0F43EA4F
:100CD0000413240F650245EAD3555E02A3FB0C37CB
:100CE0000CFB0474C01A61EB040440F2314141432F
:100CF000094B03FB0411A0FB03030B4422B147F68D
:100D0000FF72013843EB0203DB0B981945F1000138
:100D1000F0BD00BFD07B63087B2DE8BD4FF40052CF
:100D2000064B10B5C3F80825F7F7B2FA0024C0F84F
:100D30008040F7F771FBC0F8804010BD00F0004123
:100D400008B50E4B1A7992B100220D4BC3F89020D2
:100D5000C3F89021F7F7C0FA00220A4BC0F88020B0
:100D6000C3F88C204FF40062C3F8082508BD1B6847
:100D7000002BEFD0C3F88020ECE700BF3C3B002104
:100D80000040014100F0004108B50023074A1370FC
:100D9000074A1360074A1370F7F75AFA064AD2F85F
:100DA000043843F40063C2F8043808BDE24400216B
:100DB000443B0021E044002100F0004110B5F7F76A
:100DC0002BFB0446F7F764FA4FF400520A4BC0F8C5
:100DD0008030C4F88030094BC3F804250022084B4A
:100DE0001A70F7F749FAF7F757FAF7F7F9FA012205
:100DF000044B1A7010BD00BF0D00008000F00041D0
:100E0000E1440021E2440021002208B5054B1A709C
:100E1000F7F738FAF7F7FAFAFFF792FFBDE808405C
:100E2000FFF77CBFE244002108B503460F4A59682A
:100E3000006803C219790E4AA1B11B780D4943F02D
:100E40000043C1F89030C1F89021F7F745FA084AFD
:100E5000094BC0F88020C3F88C204FF40062C3F81F
:100E6000042508BD1B68C3F88020EEE73C3B002149
:100E70000B0000800040014100F00041274B2DE9AC
:100E8000F0411B78064603F0FF08002B37D0F7F738
:100E900027FA234FBB68C51A224B187828B3224B78
:100EA0001968A5FB01ECCB1711F5800205FB03CCFB
:100EB00043F1000311F5800FACBF00210121B1EB1C
:100EC000DC7F4FEAD3741DD0A41843F100016408FD
:100ED00044EAC17464424FEA610161EB410114EBE1
:100EE0000E004CEB0101EFF7E7F8D7E90023AD184E
:100EF00043F100032D1A63EBE073C6E9005340464B
:100F0000BDE8F081A41843F10001640844EAC1740B
:100F100014EB0E004CEB6101E5E700BFE14400215A
:100F2000D01A0021E0440021443B00212DE9FF4775
:100F30006D4610220021284600F006FF404B1B782A
:100F4000002B77D002A8F7F7B7F9002875D03D4EEF
:100F50003D4C3378002B0CBF4FF480074FF0807767
:100F6000F7F760FA01F013F9DFF8E0C0CDE900010E
:100F70009CF800302BB32268A168C2F5001E521AFB
:100F8000029986440A44101A90EA9E524FEA9E53F0
:100F90004FEADE5E4BBFA0EB0E00864490FBF3F001
:100FA0009EFBF3F033782A4A43B11368C3EBC303C3
:100FB00018182BD5031F48BFC31CD810012310607D
:100FC00033704FF000088CF80080BFF35F8F95E816
:100FD0000F0084E80F00BFF35F8F4FF001098CF81A
:100FE0000090F7F759F903F075F9D4E90032B0EB46
:100FF000030A61EB020501F0DAF8A7EB4007574559
:1010000078EB050505D2F7F7EBF913E00430C010D3
:10101000D4E73378D4E90001002B0CBF4FF48003F0
:101020004FF08073C0184A4641F1000101F0ADF85D
:10103000F7F7E4F904B0BDE8F087F7F72DF9E2E738
:10104000E2440021E0440021D01A0021E1440021C3
:10105000443B0021002373B5134D144C144E8DF8FE
:101060000730284603F0D4F9A0B10DF10700F2F7DC
:10107000F9FC9DF8073013F004030DD0237823B951
:10108000012330782370FFF717FD284603F0CFF9CE
:101090000028E6D102B070BD2278002AF5D0307861
:1010A0002370FFF715FDF0E7483B0021E3440021E2
:1010B000E444002108B5034803F0A7F90020024BDF
:1010C000187008BD483B0021E3440021032807B500
:1010D000114A09D801280BD81BD00023137003B084
:1010E0005DF804EBF2F7B8BC0428F6D1022301E066
:1010F00001230220137001238DF8053000238DF8A1
:10110000040001A88DF80630F2F7A0FC03B05DF8EA
:1011100004FB0346EEE700BFE444002108B50448A1
:10112000F2F7A6FCBDE808400020FFF793BF00BF20
:10113000551001017047002070470FB407B504A98E
:1011400051F8040B0191F4F7F9FA03B05DF804EBE0
:1011500004B07047044608B5084611461A46A04731
:10116000FFF728F8F5F728FE00EBC100408840089B
:101170007047F8B50346FFF7F7FFB0FA80F0C0F10B
:101180001F0003EB800CDCF81060CA00171D0C4632
:1011900006328DB256B9012101FA00F0D968014337
:1011A000D960CCF81040DD539D52F8BDF1000431F8
:1011B000585AD85303EBC0009E52C5805D52F4E7E5
:1011C00010B500EBC104E388994202F104010AD191
:1011D000012303FA02F2C36823EA0203C360002377
:1011E00040F8213010BDA28840F8213000EBC20148
:1011F00000EBC300CB808280F4E708B50346FFF71D
:10120000B3FFB0FA80F21846BDE80840C2F11F02F1
:10121000FFF7D6BF2DE9F843B1FA81F5C5F11F09F3
:1012200000EB8908D8F8102003460E46C2B1032708
:10123000D8F8104018462146FFF796FFB04206D373
:101240004A461846FFF7BCFF2046BDE8F88303EB8B
:10125000C404E088013FC8F8100001D08242E7D101
:101260004FF0FF34C5F120029440DA681440EBD00F
:1012700094FAA4F2B2FA82F2111D53F821402146E9
:10128000DFE738B50346FFF76FFF0D46044611460A
:101290001846FFF769FF0444600003EBC50568804A
:1012A0001846FFF761FF014423F8314038BD38B5D7
:1012B0000C460346FFF758FFA51A511A054403EBE5
:1012C000C4044800608003EBC2006C00448023F833
:1012D000321018461146FFF747FF014423F83150FA
:1012E00038BD38B50546FFF73FFF0C46014405EB16
:1012F000C1035B88DA070AD42846FFF77EFF214640
:101300002846FFF731FF22182846FFF7BAFF35F8C5
:101310003410611A05EBC1035B88DB070CD4284647
:10132000FFF76BFF35F834102246611A2846FFF7A5
:10133000A8FF35F83430E41A21462846BDE8384085
:10134000FFF717BF61B100680439091A21F00703DC
:1013500003445A88C90822F001025A80FFF7C1BF2E
:10136000704770B5056809B9002070BDAB68B3EB74
:10137000D10FF9D90B31CC0821462846FFF74AFF97
:1013800006460028F0D001462846FFF7EDFEA042B1
:1013900007D928463219FFF78AFF11462846FFF77A
:1013A000E8FE05EBC60210465388043043F0010303
:1013B0005380DAE72DE9F84301F1FF3919EA010911
:1013C0000F46144606680CD04B420B40042B1A46BD
:1013D0004F4628BF0422994664B900252846BDE837
:1013E000F883042904D8BDE8F8431146FFF7B9BFD4
:1013F0000422F1E7B368B3EBD40FEED904F10B018B
:101400003944891A3046C908FFF704FF804600288E
:10141000E3D009F1040505EBC0057B1E35441D44EE
:101420007F423D40A5EB09052C442B1F07349B1B35
:1014300024F00704A41BB0EBD30F4FEAD3074FEA05
:10144000E40408D201463A463046FFF730FF4146F1
:101450003046FFF78EFE39463046FFF785FE3844AA
:10146000844207D230462246FFF721FF214630460C
:10147000FFF77FFE06EBC706738843F00103738016
:10148000ACE7F0B40446043AC81D114420F007004C
:1014900021F007010E1AF308B3FA83F22060002747
:1014A0000446C2F12405AD008360073544F80C7F83
:1014B000C2F12002E90804EB820244F8047F94425E
:1014C000FBD14A0042F0010242805A1A550000EB5B
:1014D000C10407806580841920F8311000EBC30334
:1014E000678082535A8842F001025A80F0BCFFF7AD
:1014F00040BE002203680BB9184670478B4210D1DA
:101500000B6842B942680360914200D143600023F6
:1015100001200B60704713604368994208BF426026
:10152000F5E71A461B68E6E7038B13F0070305D1BE
:101530000368002B0CBF002003207047022B05D14D
:10154000408BB0FA80F0400980007047012B05D134
:101550000368002B0CBF0020052070470020704757
:1015600010B50C4600B111B96FF0150010BD081D83
:1015700000F0D6F80028F9D1A368032BF6D9F3E7D9
:101580002DE9F0410D4607461946281D90461E4696
:1015900000F0D7F8044638B133464246294638466B
:1015A000A446BDE8F0416047BDE8F08110B44FF0BB
:1015B0004004EFF3118284F31288BFF36F8F41610F
:1015C00010BC0121F4F7C8B838B50C46054658B12F
:1015D00051B10B6843B14B6833B11C22002100F0BC
:1015E000B3FB00202C6138BD6FF01500FBE770B530
:1015F00005460E46FFF7B4FF041E15DB4FF040030F
:10160000EFF3118283F31288BFF36F8F4FF6FF71F0
:101610006B8B2C8B8B4204F0070407D182F311886B
:10162000BFF36F8F6FF00A04204670BD022C0CD1FF
:1016300001336B8382F31188BFF36F8F002322463F
:1016400031462846FFF79CFFEEE7062C14D8DFE86A
:1016500004F004131313041A0400002333606B68AE
:101660003BB9C5E90066ACB902212846F4F774F825
:10167000DAE71E606E60F6E782F31188BFF36F8FC2
:101680006FF00404D0E782F31188BFF36F8F6FF01F
:101690008504C9E782F31188BFF36F8FC4E710B5E3
:1016A0004FF04003EFF3118283F31288BFF36F8F83
:1016B000048B04F00704022C0AD0012C0CBF6FF03D
:1016C00004006FF0850082F31188BFF36F8F08E08C
:1016D000438B013B9BB2438323B92146F4F73CF88B
:1016E000204610BD2046EEE738B5B0B1A9B14FF0A5
:1016F0004002EFF3118582F31288BFF36F8F048BE2
:10170000FFF7F7FE30B104F0070085F31188BFF34F
:101710006F8F38BD6FF07700F7E76FF01500F8E7CF
:10172000034658B1426802F00302012A03D0032A9B
:1017300004D1026812B10020986070476FF0150064
:1017400070474268034602F00302032A4FF000028A
:10175000816014BF104600685A6070472DE9F84F49
:101760009A46D37880466F2B0F461546A3F1410B5E
:1017700029D024D8582B0CBF10260A26DDF8289033
:101780003246002340463946EEF7E6FC092AD4B239
:101790001ED83034B045E4B277F1000709F8014DA6
:1017A00001D3D14511D82B789B0605D5082E15D12C
:1017B000AB7843F00803AB704846BDE8F88F03F000
:1017C000F703702BD7E70826D8E780460F46D7E700
:1017D000BBF1190F94BF37345734DBE7102EEBD130
:1017E000AB7843F01003E6E72DE9F0410746884661
:1017F00015461E461446B44205D30EB1601B08E0E0
:101800002378002BFAD0414614F8010BB847002882
:10181000F1DABDE8F081704720B183682BB11B6815
:1018200033B118476FF0150070476FF00400704730
:101830001846704730B450B149B142B1846854B1D0
:10184000E56845B141F8040BE36830BC18476FF018
:10185000150030BC70476FF00400FAE730B413464F
:10186000044650B1006860B182686AB195685DB1A4
:101870000A46AC46616830BC60476FF0150030BC6A
:1018800070476FF00100FAE76FF00400F7E70369B3
:10189000D3F8600370476FF085007047084608B5BD
:1018A000114618B101F028FF002008BD6FF00100BB
:1018B000FBE7084608B5114618B101F015FF0020F6
:1018C00008BD6FF00100FBE713B504460846216927
:1018D00001F55771D1E8AF1F022909D15BB168B199
:1018E00000931346D0E90912FDF7C6FA02B010BD05
:1018F0006FF00F00FAE76FF04C00F7E76FF00100B0
:10190000F4E72DE9F8431C46DDE9085316469846EE
:101910000F46006939B34AB344B36A1C43F100036C
:10192000022A73F1000324D2226842B1D0F8603356
:101930009A4204D96FF00B002360BDE8F88305EAF2
:10194000080909F101035A425A412146384601F07B
:10195000DBFE88B9B8F1FF3F08BFB5F1FF3FF0D01B
:101960006FF06800E9E76FF00100E6E76FF015003F
:10197000E3E76FF08500E0E730600020DDE701F08D
:1019800007BF38B50D46044600F14001284600F077
:101990008AF930B1284604F1B00100F084F920B989
:1019A0000120702303FB004038BD0020FCE702F556
:1019B0002A7102F52E7002F0D3B9D0F8B030A0F53C
:1019C0002A70003B18BF012300EB8300D0F894027B
:1019D00001F03CBECB6833B1C86883681B6813B1A3
:1019E0000022096918477047FDF7B4BED0E8EF3F01
:1019F000C0E8E21F002AF9D1704710B543680469B6
:101A00001B68C4F8583304F5D47002F039F900218A
:101A100004F55770FFF7EAFF084610BD2DE9F341C2
:101A200017460D4679B30B786BB3D0F8A840A4F5F0
:101A3000CA7814344FF0FF324FF0FF332046FDF7E1
:101A40000FFE2A46404601A9F4F7B2FB019E2EB9CB
:101A5000204602B0BDE8F041FFF7C6BF58B12046AE
:101A6000FFF7C2FF3B462A463146404602B0BDE87A
:101A7000F041F4F77BBB2022294606F1400000F03C
:101A8000EEF83766E4E702B0BDE8F08110B508462D
:101A9000029B114652B993F864202AB901221846D4
:101AA00083F86420F4F7D6FC002010BD9A6E5468C9
:101AB000002CF9D0DA6EA047F6E710B50C460369A2
:101AC00003F55773D3E8AF3F022B0AD161B1084643
:101AD00001F05EFE70220021204600F035F9002062
:101AE00010BD6FF00F00FBE76FF00100F8E701F0A9
:101AF0004FBE38B50D46044660B1E03002F074F8D0
:101B00000DB1002038BD0C22294604F5CA7000F042
:101B10001BF9F6E76FF01500F4E70268D2F8E03041
:101B200013B1D2F8DC10184770477047836913B9B6
:101B3000D0F8883019707047012070478369012BF5
:101B400004D1D0F888301878C0B2704704207047AC
:101B500038B5C4003434204602F068FA054618B19E
:101B60002246002100F0F0F8284638BD38B504467A
:101B70003022002100F0E8F81822002104F1BC0016
:101B800000F0E2F81822002104F1A40000F0DCF8D3
:101B9000D4F8D800FDF722F9D4F8D400FDF71EF9E7
:101BA000002304F13400C4F8A03001F0D0FAFDF7AE
:101BB0008DF8E36E04F140050BB1284698473822B2
:101BC0000021284600F0C0F8002038BD02F01AB805
:101BD0000146006802F016B800210120FFF7F6BFA9
:101BE00038B504460D4611461A46F4F7EFFD204677
:101BF0002946049AF4F750FE204638BD08B5F4F79C
:101C000065FEBDE80840F4F715BF436E83F30B880B
:101C1000704740E800F313F4803FD8B208BF6FF07C
:101C2000150070477FB50A894E890B684D6802F030
:101C30001F0242EA461200938DF8082023F01F038A
:101C40006A1E134423F01F030728039304D8694630
:101C5000F5F7E4F804B070BD6FF01500FAE703463D
:101C600010B5013922B900211A44934208D110BDA0
:101C700011F8014F002CF6D003F8014B013AF1E7BF
:101C800003F8011BF1E7034600201A5C02B9704714
:101C90000130FAE7034600201A5C0AB1884200D1FD
:101CA00070470130F8E7431E013913F8012F11F88E
:101CB000010F824201D1002AF7D1101A704770B586
:101CC0000B46054662B110F8016B1C780131B44235
:101CD00000D11CB92A781B78D01A02E0013AEFE74C
:101CE000104670BD10B55AB10139841810F8012B97
:101CF00011F8013FA04201D09A42F7D0D01A10BD8E
:101D00001046FCE7431A934210B500EB020308D3D8
:101D1000024601399A420BD011F8014F02F8014BEB
:101D2000F8E70A4412F8014D8A4203F8014DF9D14F
:101D300010BD10B5431E0A44914200D110BD11F8E8
:101D4000014B03F8014FF7E70346C9B2024493423F
:101D500000D1704703F8011BF9E70C220369C9B2EF
:101D600001FB0233186C00F0070070474FF040038E
:101D7000EFF3118283F31288BFF36F8F036803F0D0
:101D8000C00343F00203036082F31188BFF36F8F37
:101D9000704770B5C9B203694FF04004EFF3118585
:101DA00084F31288BFF36F8F0C2606FB0134246C7A
:101DB00014F0C00408D0A24206D085F31188BFF306
:101DC0006F8F4FF0FF3070BD012206FB01331A64A4
:101DD00085F31188BFF36F8F436803EBC1035B6822
:101DE00098470020EFE78022FFF7D3BFF8B5069FA2
:101DF0000469C9B24FF04005EFF3118685F31288EC
:101E0000BFF36F8F0C2505FB0144256C05F0070C13
:101E1000BCF1010F0CD1276486F31188BFF36F8FDB
:101E2000C4E90E23436853F8313098470020F8BDC9
:101E300005F0C005AF4286F31188BFF36F8F0CBF6A
:101E40006FF077004FF0FF30F1E713B58024009476
:101E5000FFF7CCFF02B010BD10B41C240069CBB258
:101E600003FB0400002110BC10470020F6F75EB809
:101E7000002000F02BB91046FDF7A8BC43680020F5
:101E80005B681B690B607047436802EA01005B688E
:101E900021EA020198600020D96070474368002061
:101EA0005B6899607047436800205B68D960704741
:101EB00043685A68536821EA03000B409060002091
:101EC000D360704710B503695868F8B1884219D1DA
:101ED0009C680868A142586000D1986000200860A2
:101EE0002AB15A680A609A68596002B9996000205C
:101EF00010E0814206D10868206098688142EDD1E7
:101F00009C60EBE7044600680028F2D1002AE8D183
:101F10006FF0150010BD30B451F820500C4601EBA5
:101F200080023DB10146AC46D4F88000002330BCAD
:101F3000126C604730BC704710B500690F299FBF15
:101F400000EB810440F821202364002088BF6FF05B
:101F5000150010BD00207047102070470F290ED8C3
:101F600043685B68CB40DB0709D501228B00DBB2FD
:101F700003F1824303F5903300201A6070476FF03D
:101F80001500704738B50F290C46056933D84368EA
:101F90001B68CB40DB072ED5D5F8841021FA04F35B
:101FA00003F001031AB99BB96FF0770022E0002B10
:101FB000FAD111B91220F4F73FFC0122D5F8843090
:101FC000A2401343C5F88430E0B2FCF77FFD0AE07D
:101FD000E0B2FCF783FD0122D5F88430A24023EA69
:101FE0000203C5F88430D5F8843013B91220F4F711
:101FF00031FC002038BD6FF01500FBE7002200F136
:1020000050039B009BB203F1824303F5B0331A6087
:102010001B687047F5F7A8BCF5F7EABCF5F764BD97
:1020200008B5F5F73FFD08BD002008B5F4F77AFEC6
:10203000404080F311884FF0030002DF704768468C
:1020400020F007018D4601B5F0F7A2FDF4F7F2FC90
:10205000BDE801408546704708B54FF0FF314FF0AD
:10206000FF30F5F7F9FEF3F7F8F9BDE80840F5F7AA
:10207000FBBE684620F007018D4601B5F0F706FD6E
:10208000BDE8014085467047684620F007018D464F
:1020900001B5EFF731FEF4F7CDFCBDE80140854610
:1020A000704708B5F3F77FFA002008BD07B501A80F
:1020B00000F016F92D2301A88DF805308DF80630B3
:1020C00000F007F9002003B05DF804FB012801D1FE
:1020D000F1F75CB870477047F1F7A8B80020704777
:1020E00010B53929046901D00C2904D1F1F706FB98
:1020F0002060002010BD6FF08500FBE7704713B52E
:102100000029AEBF00240124002100230094FFF722
:1021100067FD02B010BDF4F78FBBF4F79BBB7047AF
:102120004FF04002EFF3118382F31288BFF36F8FF9
:102130000360704780F31188BFF36F8F704700F022
:102140005FBF08B5F6F762FAFBF798FA002008BD02
:1021500008B5F5F7A7FCBDE80840FEF787BD73B5E5
:1021600000210191016804460091006916461D4650
:10217000FFF754FFEFF3108372B6C4E9026583F3EF
:10218000108802B070BDF5F78DBCFEF793BD43F625
:102190000952A0FB020302FB013140F2FF13C018F9
:1021A00041F10001400A40EAC150490A70471F202E
:1021B000704738B50446F7F723FD05462046F7F784
:1021C00025FDA54204D0BDE83840002000F029BC20
:1021D00038BDF7F715BDF7F727BD002307B501A8F0
:1021E000ADF804308DF8063000F0E3F903B05DF887
:1021F00004FB00F032BCF7F721BDF7F72BBDF7F772
:1022000035BD012000F024BB08B5002000F020FB04
:1022100080F00100C0B208BD6FF0010307B50022D5
:10222000009301231146184600F02EFB03B05DF821
:1022300004FB7FB51D4600230293ADF80C3001234B
:102240000899044616468DF80A3021B9F7F7D8FCEC
:1022500002A98DF80B0048780B7800B92BB93246EB
:102260002B462046009100F012FC04B070BD00F037
:1022700034BC00F04CBC00F077BC0146002000F0FC
:1022800079BB002000F095BB00F0AFBBF7F798BC1E
:10229000F7F7AEBCFAF7B2B810B41446DBB29DF84B
:1022A00004200193234610BCF9F7D8BFFAF74AB8C7
:1022B000F9F7CEBF002307B51A460093F9F7CEFF12
:1022C00003B05DF804FB0022FAF73CB80021FAF7EE
:1022D0007BB808B5F7F7D2FCBDE8084000F0BDBBFD
:1022E000F7F7EABCF7F7FABCF7F702BDF7F706BD58
:1022F000F7F70EBDF7F712BDF7F716BDF7F71ABDE2
:10230000F7F71EBDF7F726BDF7F72ABDF7F72EBD85
:10231000F7F732BD08B501F016FF430000F00702E1
:1023200003F050031343C20654BF43F0080043F0C8
:10233000280008BD01F0CEBFF9F746BEF9F74ABE46
:10234000F9F7CEBDF9F726BE7047704708B5F6F726
:10235000F1F9BDE8084001F09EBF70B504460D4696
:102360001646F7F747FB30B1324629462046BDE80E
:10237000704000F057BA70BD7FB501786B460131EF
:102380000122C9B200F0B6F918B1009B5878C0F329
:10239000401007B05DF804FB08B5F8F727F900F026
:1023A0009DF8404240B208BD37B50024002568467C
:1023B000CDE90045FEF762FD28B9CDE90045DDE92C
:1023C000000103B030BDDDE900321343F7D1012233
:1023D0000023CDE90023F2E708B500F050F820B162
:1023E000F6F76EFA10B9F7F737FB002008BD00F0DA
:1023F00043B808B5F6F7CAF9BDE808400020F6F77B
:10240000F1B9F6F711BB10B504460220F6F7EAF968
:1024100000210846F6F7BCFAF7F794FB204600F0D7
:1024200007FABDE81040F7F739BB704738B50546E5
:10243000FFF7D2FF044668B1012228461146F6F79D
:10244000C5FB044620B10820F6F7CCF9F6F708FBE7
:10245000F7F702FB204638BDF9F736BC012070477C
:1024600010B5044600F08AF92046BDE81040F9F79F
:10247000C1BC7047F9F7E8B900F082B97047002095
:10248000F7F730BB0120F7F72DBB01F05EBEB2FBC2
:10249000F3F203710023016083714271C3717047CD
:1024A00081790279006801FB0200704783794279E3
:1024B0000133DBB29A4298BF002383717047C17920
:1024C0000279006801FB02007047C3794279013349
:1024D000DBB29A4298BF0023C371704710B504461F
:1024E000F7F750FC2044C0B210BD10B50446F7F712
:1024F00049FC201AC0B210BD10B50446C0B2F7F7AF
:1025000041FC201A00B210BDFFF7EFBF08B5FFF77E
:10251000F3FF21231238C0EB002090FBF3F000B250
:1025200080F30800C0B208BD08B5F8F765FCFAF7FB
:1025300065FBFAF7F9FB08BD8000002100F0FC0004
:10254000F8F7EEBC08B504200121F8F7E9FCBDE876
:1025500008400C20F8F76EBD08B5F7F797FDBDE809
:102560000840F7F769BCF7F759BDF7F73BBD08B569
:1025700000F001F808BD0F207047704700BF00BF92
:1025800000BF00BF00BF00BF704737B5ADF80410F3
:10259000C9B20446154641B19DF905102A462046A8
:1025A00003B0BDE83040F2F776BFF7F737FB0146DE
:1025B000F4E738B50546F7F723FB0446F7F72EFB9B
:1025C0002A4601462046BDE83840F2F764BF037A48
:1025D000012B01D900207047BFF35F8FD0E84F3F38
:1025E000DBB28B4202D0BFF32F8FF3E7C0E8432F5B
:1025F000002BF3D1BFF35F8F01207047582370B5D4
:10260000044603FB0105AC4201D1002608E0204648
:1026100002220121FFF7DBFF264658340028F2D0C2
:10262000304670BDF8B5846901F054FED4E91067F6
:10263000BFF35F8F94F8483094F8492001335B0171
:102640007AB9A0339D1947F10002A84291410BD2FB
:10265000C4E90852A36304F11000BDE8F840FEF796
:10266000B5BA03F53073EDE761680022082000F089
:10267000CCF84FF0FF3363602046BDE8F8400122FC
:102680000421FFF7A4BF03785A0607D14278DB097B
:1026900043EA42037E3BDBB2012B04D9884234BFBC
:1026A00000200120704701207047837AFF2B12D051
:1026B0000268D25C012302F00702934013F0220F5C
:1026C0000BD113F0440F0AD113F0880F14BF01206F
:1026D0000020000170470020704704207047082048
:1026E0007047022804D0C31E58425841C0007047AA
:1026F0000420704738B515461C46D0B11860597192
:1027000000230A222371FF21A01DFFF71DFB0122D8
:10271000FF2104F11000FFF717FBFF2104F1110066
:102720000722FFF711FB29462046BDE83840F9F79C
:1027300049B938BD0B46114642799A4238BF4371B8
:10274000F9F740B910B5034690F8210098B10C781C
:102750005A7EA24210D172B1486860B103F11001F3
:10276000531E022B96BF92000022033AFFF7BAFADB
:10277000B0FA80F0400910BD0020FCE7F9F774BC06
:10278000F9F772BC08B5F9F76FFC012008BD08B570
:10279000FAF7DEF8BDE8084000F018B808B500F018
:1027A00016F8BDE80840F9F7ABBE036802469B780F
:1027B00003F03003102B02D0202B03D023B9104696
:1027C000FAF7DAB8F9F7BCBE0020704770477047D7
:1027D00070B500232826012406FB0305D5E84F2FFA
:1027E000D2B242B1BFF32F8FBFF35F8F0133994253
:1027F000F2D1FF2070BDC5E8424F002AEED1BFF3F1
:102800005F8FD8B2F6E7FAF7EBB8FAF707B938B541
:1028100004460D46F8F744FC29462046BDE83840FA
:10282000FAF722B9FAF744B9FAF76AB9FAF782B9AE
:10283000FAF79AB9FAF7B2B910B5F7F735F90446CD
:102840001420F5F71BFC84428CBF0020012010BD32
:10285000002337B504468DF80730FFF7EDFF054636
:1028600040B12046F6F7ECFE8DF807009DF8070012
:1028700003B030BDFAF724FA0DF1070205700472B7
:10288000C260FAF729FAF1E72DE9FF411C4600235F
:1028900007460E461546DDF828808DF80F30FFF705
:1028A000CBFF70B123462A4631463846CDF800802A
:1028B000F6F7F2FE8DF80F009DF80F0004B0BDE8AA
:1028C000F081FAF7FDF9012303700DF10F0307738F
:1028D000467385608473C0F810804361FAF7FCF991
:1028E000EAE72DE9FF411C46002307460E46154640
:1028F000DDF828808DF80F30FFF79EFF70B123467A
:102900002A4631463846CDF80080F6F7EFFE8DF8BE
:102910000F009DF80F0004B0BDE8F081FAF7D0F980
:10292000022303700DF10F03C0E9045407734673CB
:10293000C0F808808361FAF7CFF9EAE7002313B5FE
:1029400004468DF80730FFF777FF40B12046F6F7D1
:102950004DFF8DF807009DF8070002B010BDFAF793
:10296000AFF9032303700DF107038460C360FAF726
:10297000B3F9F0E7002337B505460C468DF807306C
:10298000FFF75AFF48B121462846F6F75DFF8DF85C
:1029900007009DF8070003B030BDFAF791F9042352
:1029A00003700DF1070305720461C360FAF794F92F
:1029B000EFE7002313B504468DF80730FFF73CFF1F
:1029C00040B12046FFF732FD8DF807009DF8070063
:1029D00002B010BDFAF774F9052303700DF1070377
:1029E0000472C360FAF778F9F0E7002313B50446E0
:1029F0008DF80730FFF720FF40B12046F6F748FF7B
:102A00008DF807009DF8070002B010BDFAF758F9DD
:102A1000082303700DF107038460C360FAF75CF9C3
:102A2000F0E7002313B504468DF80730FFF704FFE5
:102A300040B12046F6F748FF8DF807009DF80700E3
:102A400002B010BDFAF73CF9092303700DF107033A
:102A5000C3600472FAF740F9F0E7002307B58DF878
:102A60000730FFF7E9FE40B1F6F752FF8DF8070097
:102A70009DF8070003B05DF804FBFAF721F90A237B
:102A800003700DF107038360FAF726F9F0E7F0B55C
:102A90001C46002385B0064615460A9F8DF80F3068
:102AA000FFF7CAFE58B12A46234630460097F8F78A
:102AB000DBFD8DF80F009DF80F0005B0F0BDFAF7B3
:102AC000FFF80E2303700DF10F03C0E90454866074
:102AD0008761C361FAF700F9EDE7002307B58DF8C8
:102AE0000730FFF7A9FE40B1F8F768FE8DF8070040
:102AF0009DF8070003B05DF804FBFAF7E1F80F2337
:102B000003700DF107038360FAF7E6F8F0E72DE9AB
:102B1000FF411C46002307460E461546DDF8288077
:102B20008DF80F30FFF788FE70B123462A463846ED
:102B30003146CDF80080F8F7F7FD8DF80F009DF8CD
:102B40000F0004B0BDE8F081FAF7BAF81023037063
:102B50000DF10F03C0E9027605610475C0F8188015
:102B6000C361FAF7B9F8EAE7002313B504468DF814
:102B70000730FFF761FE40B12046F8F733FE8DF8CD
:102B800007009DF8070002B010BDFAF799F811236D
:102B900003700DF107038460C360FAF79DF8F0E756
:102BA000002337B505460C468DF80730FFF744FE85
:102BB00048B121462846F8F795FB8DF807009DF8A7
:102BC000070003B030BDFAF77BF8122303700DF154
:102BD0000703C0E902540361FAF77EF8EFE7FCF758
:102BE00093BB0023F0B5054618468842C0EBC007EA
:102BF0000CD005280AD02E5C013006F07F04BC40C2
:102C000023433406F1D402B11360F0BD4FF0FF301E
:102C1000FBE77F280BD9B0F5804F0AD3B0F5001F32
:102C200009D3B0F1805F2CBF05200420704701203C
:102C300070470220704703207047034610B51046C6
:102C4000FFF7E7FF814207DB441E1C44A342D1B2D9
:102C500003D101F07F01197010BD61F07F0103F80D
:102C6000011BD209F2E7002110B54278431C282A43
:102C700004D0292A0DD01846C9B91CE018460446CC
:102C800010F8012F0131282AF9D0292A0FD1034643
:102C9000204604460139002918460BD00BDD13F8F5
:102CA000012F282AEAD0292A0446F3D01846002A00
:102CB000DBD100E0A01C10BD0CB41FB506AC54F86D
:102CC000043B0A4603A90091014600200394FAF749
:102CD000BFF804B0BDE8104002B070470CB407B5AF
:102CE00004AB53F8042B019301ABFAF7EFFA03B0EE
:102CF0005DF804EB02B0704707B5019301ABFAF73A
:102D0000E5FA03B05DF804FB8123B2FBF3F2002384
:102D100010B51C460160426042689A4200D810BD5E
:102D200003EBC3120A4482F880400133F4E7002326
:102D300073B50193D0E9006500239D4201D10020C5
:102D400012E003EBC314344494F8802092B901A834
:102D5000FFF7E6F994F8803043B90123019884F82D
:102D60008030FFF7E7F9204602B070BD0198FFF709
:102D7000E1F9E1E70133E0E773B5002605680C46A9
:102D800001A80196FFF7CCF98123611BB1FBF3F198
:102D900001EBC1110D44019885F88060FFF7CAF975
:102DA00002B070BD73B51C46042316460546E2000A
:102DB000009300F07FF8314604EBC41205F11400D3
:102DC00002B0BDE87040FFF79FBF2DE9F341054613
:102DD0001430DDF8208016461F460191FFF7A7FF4B
:102DE000C8F8000040B13A463146FEF7A2FF41461E
:102DF000284601AA00F06AF802B0BDE8F08107B5E4
:102E0000019101A900F0C0F803B05DF804FB37B5EB
:102E1000019101A9054600F093F8044620B10199FB
:102E200005F11400FFF7A8FF204603B030BD0023D2
:102E300007B592000093042300F03CF803B05DF85E
:102E400004FB13B514460191002201A900F03EF8DD
:102E500008B1019B236002B010BD13B51446019167
:102E6000002201A900F090F808B1019B236002B094
:102E700010BD07B5019101A900F062F803B05DF83B
:102E800004FB2DE9F0410446D0E9033288460025D1
:102E900006689F18A368AB4202D82846BDE8F081B7
:102EA00041463046E268FEF71DFF0028F5D00135A7
:102EB0003E44EFE710B5029C01601919B2FBF1F234
:102EC000C0E9033400234260836010BDF7B50446B7
:102ED0000F46002501A816460195FFF721F939464E
:102EE0002046FFF7CEFFA168814211D9226942B185
:102EF000E368991800FB0133206831461844FEF757
:102F000018FF01250198FFF715F9284603B0F0BD19
:102F100063689942F6D2D4E903232568134401FB80
:102F2000035539462846FEF704FF226922B1E068BE
:102F300031462844FEF7FDFEA3680133A360E0E7B5
:102F400073B504460E46002501A80195FFF7E8F881
:102F500031462046FFF795FFA16881420ED901391D
:102F60008142A16009D92368D4E90324224402FBE9
:102F7000013102FB0030FEF7DCFE01250198FFF76E
:102F8000D9F8284602B070BDF7B504460F460025B3
:102F900001A816460195FFF7C3F839462046FFF70A
:102FA00070FFA36883420CD956B1226942B1E1682F
:102FB0008B1800FB0311236830461944FEF7B9FE55
:102FC00001250198FFF7B6F8284603B0F0BD0FB40D
:102FD00000B5CDB04EAB53F8042B4FF4947102A85A
:102FE0000193FFF789FE011E07DB02A8F5F7EEF853
:102FF0004DB05DF804EB04B070476FF00100F7E7E7
:1030000007B5FAF75FFB002803DA019001A8FEF785
:1030100091F803B05DF804FB13B50446FAF726FBFC
:103020002146FFF7F4FE28B96FF0070301A80193CA
:10303000FEF780F802B010BD0346032B0846114688
:1030400001D1FAF7ADBC6FF0020070470047F7B549
:103050001646DDE90847019001A81D46FBF78EF9E9
:10306000019BB6F1000C18BF4FF0010C00EB830080
:103070000B1E18BF0123002D43EA4C0314BF4FF071
:103080000C0C4FF0000C002C43EA0C0314BF4FF45F
:10309000706C4FF0000C002F43EA0C0314BF4FF488
:1030A000403C4FF0000CD0F8002243EA0C0322EA27
:1030B000030301B109780EB13678760019430DB1DA
:1030C0002D78AD0031430CB12478240229430FB18F
:1030D0003F783F040C433C43C0F8004203B0F0BDCE
:1030E0001FB50DF10F03019300238DF80F101A4641
:1030F00019460093FFF7ABFF05B05DF804FB73B50D
:103100000C461546064618B96FF0150002B070BDA2
:10311000FEF7B9FD0028F7D0002CF5D02046FEF7C9
:10312000B2FD0028F0D0002DEED0304601A9FBF70B
:103130003BFD0028EAD1019883682BB12A4621463D
:1031400002B0BDE8704018476FF01200DEE701469C
:103150004068C36803B1184770472DE9F04389B050
:10316000109E0446894690460021202268461F464C
:10317000129DFEF7E9FD1F2E97BF01234FF0FF338D
:10318000B34003F1FF332361119BC4E90098C4E904
:1031900002766361183445B10FCD0FC495E80F0076
:1031A00084E80F0009B0BDE8F0836D46F4E773B51D
:1031B0000468661C31D08568A9422ED264182CD0D0
:1031C0005E18AE4288BF6B1A056A35B100930523BD
:1031D000A8470346184602B070BDBFF35B8F19467F
:1031E000A41A101919B140EA0205AD070AD1032942
:1031F0000DDC013811448A42ECD010F8014F02F87E
:10320000014BF8E70078013902F8010BE9E750F8C3
:10321000044B043942F8044BE9E76FF02103D9E786
:1032200073B50468651C32D08568A9422FD2641832
:103230002DD05E18AE4288BF6B1A456ACDB100939F
:103240000523A84702B070BD12F8015B0139057073
:103250001546A01819B140EA0206B607F4D10329B1
:103260000ADC013D014488420CD1BFF35B8F184654
:10327000E8E71946A41AEBE755F8042B043940F89F
:10328000042BECE715F8012F00F8012BEBE76FF0AA
:103290002100D7E773B504681D46661C2BD08368F0
:1032A000994228D2641826D06E189E42866A88BF3A
:1032B0005D1A2EB105230095B047284602B070BDB7
:1032C00021462B464BB90B44994211D1BFF35B8F7A
:1032D000F3E701F8012B013BF4E78807F9D14FF040
:1032E00001305043032BEEDD41F8040B043BF9E7BA
:1032F00001F8012BE8E76FF02100DFE700207047BD
:1033000010B4046B02460B4684B9C1681F2998BFEC
:1033100023FA01F4416861B18068834209D21069DF
:10332000184051F82430184410BC7047234610BC94
:1033300018474FF0FF30F7E770B5436B05460E4670
:10334000E3B90469621C09BF43680C401C680C1B8C
:1033500021462846FFF7D4FF864207D02B69013368
:103360001C44AB689C42F3D34FF0FF342868431CE5
:1033700007D0AB68A34204D9204470BD98470446E7
:10338000F4E70020F9E730B5059CC4E90002039A90
:1033900021811989E260049A6181A1842261D3E9C3
:1033A000002502EB0113C4E905128A1CE36103EB5B
:1033B00042036A1C13446D422B402362836953B954
:1033C0000139A2698B4202EB031206DB00239373DF
:1033D0006FF07F03D373002030BD0133D381F0E75A
:1033E0002DE9F04FB0F82CA004465546002685B0D4
:1033F00002EB030891460E9A00EBCA031FFA88FB02
:103400005A63A3F838B008F1FF3283690F1D0192A7
:10341000B0451ADCA38CA585A3EB0B03A384E36959
:1034200061895A8801390A4003EB4203A3F804A0DA
:10343000BFF35B8F0020E269538801335380E38C34
:103440000133E38405B0BDE8F08FA06A2A0157F884
:10345000041C03EB0515029303680392C91A8368E1
:103460000837994228BF4FF0FF31FFF749FFDDE9E8
:103470000232985000226A6057F8082CAA60019A1C
:103480009642ACBF00220122B145D8BF42F00202F1
:10349000AA810136ED89BBE7F0B550B3056AC48D4A
:1034A0006B88A34230D0631CC3854389BFF35B8F15
:1034B000013B1C4005EBC4056B689EB209B1AD68C9
:1034C0000D60D0F818C09BB20CEB031100EBC303E6
:1034D0001D8F878C2F44013D87841D878D896F0741
:1034E0000ED5858DCD8100218685586B596302B13B
:1034F0001480F0BD1D8FC989013D0CEB01111D87A2
:103500008D89ED07F6D4ECE70020F2E7836903EB41
:1035100001139868704770B5BFF35B8F0D46C169A2
:103520001646038E4A8804469A4216D05A1C0286D2
:103530004289013A134001EB43018A882A8093B201
:1035400082691B01D158806AFFF7F6FE2A88A369B9
:1035500003EB02139B68336070BD0020FCE710B5DD
:10356000026893691269920017D543B9C38DC26985
:1035700041694489013B1B1B02EB410293800368B4
:103580009B69012B08D1038E026A41694089013B86
:103590001B1A02EBC102938010BD23B9C2691388C4
:1035A00043F00103138003689B69012B01BF026A8A
:1035B000138843F001031380EEE710B5BFF35B8F70
:1035C000036804461A699B6912F0005F1AD07BB940
:1035D000C369026A5B884169013B02EBC1029288C0
:1035E0009B1AE28C9BB29A4214D80023E38410BD4C
:1035F000012BFAD1036AC2695B884169013B02EB86
:103600004102ECE763B9036A1B88DB4303F0010363
:10361000002BEAD02369002BE7D020469847E4E747
:10362000012BE2D1C369EFE7C369028E5988914249
:103630000AD0418901390A4003EB42039A88836921
:1036400003EB02139868704700207047BFF35B8F4D
:10365000C36803B1184770474FF0FF324FF0FF3394
:10366000FCF7D4B870B50446056A05F15806304633
:10367000FFF7F2FF636AA3F580637F2B0BD801226B
:103680005909483503F01F039A4055F8213023EAC1
:10369000020345F82130D4E90D124A60616B04F150
:1036A00034031160C4E90D33002323623046BDE8C2
:1036B0007040FCF78BB810B58CB0436A04460B9190
:1036C0002022014602A80A93FEF7C9FA2823012204
:1036D000CDE9003220463522616A02ABFBF7B6FB2A
:1036E00000EAE0700CB010BD28B1006A18B111B149
:1036F000436F03B11847704728B1006A18B111B180
:10370000836F03B11847704728B1006A18B111B12F
:10371000C36F03B11847002070472DE9F8430646F0
:103720008846174699460468A64201D1002523E041
:103730007A1CA4F1340502D06B6ABB421CD0B8F1EC
:10374000000F01D12468EFE7202241462846FEF70A
:10375000B6FA0028F6D1B9F1FF3F02D0AB6A4B456B
:103760000AD07B1C0BD02468B442DFD054F8103C44
:10377000A4F134059F42E7D12846BDE8F883AB6A3F
:103780000133F9D02468B442D0D0A4F13405D6E78F
:1037900010B5044690B1036A83B102784AB193F838
:1037A000883033B1436AB3F5806F02D30121FFF74C
:1037B00082FF2046BDE81040FFF754BF10BD51F80E
:1037C000083C43F0004341F8083C70477047FBF762
:1037D000FDBF4FF0FF324FF0FF33FCF717B8F8B5DD
:1037E0000C46054651F8086C00F158073846B6B249
:1037F000FFF7EFFF24F8086CD5F8B020A4F1100310
:1038000044F80C2C05F1AC0244F8102CC5F8B0308B
:1038100054F80C2C38461360FFF7D9FF0020F8BD90
:103820002DE9F041056A282A0F46D5F8A40088B092
:1038300026D101688468791AA14228BF4FF0FF3170
:1038400020236A46FFF7B3FC05F15806D7F820801D
:103850003046FFF7BEFF43464FF0FF326946284629
:10386000FFF75BFF7B6A0446DB0719D560B930467A
:10387000FFF7ADFFEB6E1BB14246694628469847FD
:10388000002008B0BDE8F0814FF0FF33836230467E
:10389000FFF79DFF236B002BECD020469847E9E70C
:1038A00020B93046FFF793FFAB6EE4E7C0F82880FD
:1038B0003046FFF78CFFE3E730B4D0F8985013465A
:1038C000AD6925B930BCD0F89C00FFF7E5BD012DEE
:1038D00006D130BC0A46D0F89C001946FFF71BBE43
:1038E000002030BC70477FB50C461946D0F89830A0
:1038F0009D695DB90094CDE9024201232A46D0F8C2
:103900009C0002A9FFF76CFD04B070BD012DFBD136
:10391000D0F89C0004B0BDE87040FBF77BBA2DE9FD
:10392000FF4103685F6A07F158063046FFF751FF11
:1039300038460DF10A0203A9FFF7BEFF04463046E0
:10394000FFF745FF002C41D0BDF80A303046A36098
:10395000FFF73FFF4FF0FF33002138466268FFF763
:10396000DCFE05463046FFF732FF7DB1AB6AE96BFE
:10397000013308BF2368284608BFAB622368A289C9
:103980000091D5F82C8004F11001C0473046FFF7B4
:1039900020FFA368002B06DB21463846BDF80A301D
:1039A000039AFFF7A0FF38460DF10A0203A9FFF7BB
:1039B00083FF044618B13046FFF709FFC4E7D7F884
:1039C0009C00FFF7FAFD3046FFF701FF04B0BDE8A9
:1039D000F081F8B5044651F8086C00F158073846F4
:1039E000B6B20D46FFF7F5FE3146D4F89C00FFF75E
:1039F0008DFD33460246A5F110012046FFF773FF07
:103A0000D4F89C00FFF7D9FD3846BDE8F840FFF731
:103A1000DEBE2DE9F041A3F1100653F8085C002347
:103A200088B00693ADF81E3004461023CDE9041289
:103A30000E9FD0F8A400ADF81C700168D0F808C043
:103A4000711A0DEB0302614528BF4FF0FF3104F1FD
:103A50005808FFF7E5FB4046FFF7BBFED4F8983067
:103A6000ADB29B69CBB9D4F88C20D4F89830D4F897
:103A7000A0009B69C3B9CDE902620096012202A9A8
:103A8000FFF7AEFCD4F8A000FFF797FD4046FFF724
:103A90009EFE384608B0BDE8F0812946D4F8A00063
:103AA000FFF734FD0246E0E7012BEBD12946FBF797
:103AB000B1F9E7E710B548B149B143688B4206D385
:103AC00082680468D21A5B1A4360A01810BD0020F7
:103AD000FCE72DE9F3470546D0F898000E46036A47
:103AE00017461B689847430703D4002002B0BDE87F
:103AF000F08743F69823002F18BF1F4605F158089A
:103B000005F1AC0A4046FFF764FED5F8AC40D5F8A5
:103B100098305445D3F8189025D024B3D4E9002325
:103B2000536022681A60C4E90044B9F1000F0ED155
:103B3000D5F88C3033604046FFF749FEBDF80630BB
:103B400004F11000A3603368103B3360CEE7B9F195
:103B5000010FF0D12189D5F8A000ADF80610FFF7CC
:103B6000D5FC3060E7E7B9F1000F2AD13146D5F82E
:103B7000A0000DF10602FFF78FFC04460028DAD101
:103B8000D5F8A0309B8C53B94046FFF720FE002F9C
:103B9000ABD021200021FCF7F3FA013FB2E7D5F8C2
:103BA0008C10D5F8A800FFF785FF0446D5F88C30B7
:103BB000ADF8069033604046FFF709FE002CE6D0D2
:103BC000BCE7B9F1010FDFD13246D5F8A0000DF105
:103BD0000601FFF7A0FC0446EDE720B119B112B1D0
:103BE000C0E901220160704710B5044618B910BD44
:103BF0003438FFF7CDFD20688442F9D10023C4E9B1
:103C00002733F4E7F8B505460E464FF04003EFF3CF
:103C1000118783F31288BFF36F8FFCF7CBFA31461D
:103C200004462846FEF700FA87F31188BFF36F8F2A
:103C30002046BDE8F840F3F7BFB8FEF785B8FEF7B9
:103C400078B8EFF30580003818BF012070476FF097
:103C500057007047FCF78AB908B54FF04002EFF300
:103C6000118382F31288BFF36F8FF2F7BFFDF4E781
:103C700090F90E308B4201D0FCF720B9002070473C
:103C800003460020C3E90033C3E9020070473AB19C
:103C90008A4205D3C0E90212C0E900000020704743
:103CA0006FF015007047012302688B4022EA03037E
:103CB000036022FA01F000F00100704710B5032103
:103CC00004460C30FFF7EFFF30B104F1100000F0B4
:103CD00057F9B0FA80F0400910BD20B100228830B9
:103CE000114600F02AB9704773B504464FF04003FF
:103CF000EFF3118583F31288BFF36F8F0023A0F1D8
:103D00001006032104380193FFF7CDFF28B1A36902
:103D1000304601A90193FBF73DFE85F31188BFF3FF
:103D20006F8F02B070BD38B504460D4610220021D9
:103D3000FEF70AF8656038BD13B5019008464FF0EC
:103D40004003EFF3118483F31288BFF36F8F01A94F
:103D5000FBF720FE84F31188BFF36F8F02B010BD14
:103D600010B5FFF7E9FF041E09DD4FF04003EFF344
:103D7000118083F31288BFF36F8F00F0B8F82046EC
:103D800010BD08B5A0220021FDF7DEFF08BD38B543
:103D900030220D4600210446FDF7D6FF4FF4807314
:103DA0006560E36038BDD0E9003213605A600023DB
:103DB000C0E90033704708B5FFF7F5FF437B23F0F8
:103DC000020343730023836008BD38B504460D46E3
:103DD000FBF7F6FF637B43F002036373E5B1A56075
:103DE0002B689D4209D16B68C4E900531C606C606C
:103DF00012E06A689342F6D01B68002BF3D094F966
:103E00000E2093F90E108A42F3D09142F1DD5A68E8
:103E1000C4E9003214605C6038BD10B54FF0400357
:103E2000EFF3118483F31288BFF36F8FFBF794FFD6
:103E300084F31188BFF36F8F10BD38B504464FF07F
:103E40004003EFF3118583F31288BFF36F8F437B39
:103E500013F0280F0BD183680BB1FFF7ACFF637B26
:103E600051B903F0FB0320466373FBF775FF85F33D
:103E70001188BFF36F8F38BD03F0EB03F3E7012127
:103E80001838FFF7DABF38B54FF04003EFF311856C
:103E900083F31288BFF36F8F0468A0420DD034B152
:103EA0002046FFF788FF04F1180000F069F885F359
:103EB0001188BFF36F8F204638BD0024F7E7014615
:103EC00010B54FF04003EFF3118483F31288BFF372
:103ED0006F8F83680BB1FFF76EFF84F31188BFF318
:103EE0006F8FBDE8104001F1180000F049B803469B
:103EF00020B9EFF305820AB9F2F702BD83F3118806
:103F0000BFF36F8F70474FF04003EFF3118083F3DF
:103F10001288BFF36F8FFFF7EABF38B50546002060
:103F20002C68A54200D004B938BD2046FFF7C7FF72
:103F30002046FFF772FF0120F2E738B54FF040034B
:103F4000EFF3118583F31288BFF36F8F0468A042EB
:103F500012D09CB1A16762612046FFF72CFF04F1EB
:103F6000180000F00DF82046FBF7F6FE012085F35F
:103F70001188BFF36F8F38BD0020F8E72046F6E7C1
:103F800010B54FF04002EFF3118482F31288BFF3B3
:103F90006F8F03683BB1FCF7C9F9002084F31188E7
:103FA000BFF36F8F10BD6FF01500F7E708B5FCF792
:103FB000B9FA08BDB1F1FF3F08BFB0F1FF3F38B516
:103FC0000C46054614D0084303D1BDE83840FCF741
:103FD000A9BA6FF001004FF0FF33401B63EB010102
:103FE000002904DAFCF79EFA401941EB040138BDC0
:103FF0004FF0FF300146FAE70432D3B5044608D249
:104000000026002741F00401CDE9006700F01EF80A
:1040100010B9002002B0D0BD40F8044BFAE720B13F
:10402000011F50F8040C00F05EB8704701460420F0
:10403000FCF792BA00BF00207047704710B400F13F
:104040000C04C0E9034410BCFDF71BBA2DE9F04F86
:1040500085B0DDE90EA407468846504621469146C4
:10406000FFF7A8FFB4F1FF3F08BFBAF1FF3F0546D5
:104070000E4604BF4FF0FF356FF0004607F1140AFB
:104080004FF04003EFF3118483F31288BFF36F8F77
:1040900007F10C0B4A4641463846FDF78BF9039071
:1040A000FCF740FA039B3BB184F31188BFF36F8F99
:1040B000184605B0BDE8F08F281A66EB010101280B
:1040C00071F10002F0DBCDE900015A46214650466D
:1040D000FBF7D6FE4FF04003EFF3118483F3128811
:1040E000BFF36F8FD6E738B504464FF04003EFF3C8
:1040F000118583F31288BFF36F8FFDF723F904F165
:104100000C00FFF70AFF30B1294604F11400BDE8A6
:104110003840FBF719BF85F31188BFF36F8F38BDA7
:104120007047002070470020704770477047704705
:1041300070477047704700207047704770470020F5
:1041400070470220704737207047704710B5BFF3A3
:104150005F8FD0E84F3F0C78DBB29C4204D00B70ED
:10416000BFF32F8F002010BDC0E8432F002BF0D1EC
:10417000BFF35F8F0120F6E7502373B50446002696
:1041800003FB0105AC4201D100200CE001220DF13E
:10419000070104F148008DF80760FFF7D7FF04F12D
:1041A000500310B1204602B070BD1C46EAE773B55B
:1041B00000F1480604468DF80710032230460DF141
:1041C0000701FFF7C3FF98B100254FF0FF332046EA
:1041D000236484F8385084F84950FCF713FA032319
:1041E0002A4630460DF107018DF80730FFF7AEFF84
:1041F00002B070BD37B5846994F84930256C012B45
:1042000012D0042B14D0012302220DF1070104F176
:1042100048008DF80730FFF799FF58B12846E36B47
:1042200003B0BDE830401847022384F84930EAE77C
:104230000523FAE703B030BDF1F724B938B50D46D0
:10424000FCF7D0F904467DB110B90024204638BDF2
:10425000FCF7F4FC02212046FFF7A9FF0446FCF717
:1042600009FAFCF7F7FAF1E70028EED0FCF7E6FCD4
:104270000028EAD10121EEE710B50C46FCF7B2F9AF
:10428000034628B190F8380010B1012083F8384077
:1042900010BDEFF72FBDFCF721BB10B5D0E90442EC
:1042A000D1E90403844272EB030105D3A042934198
:1042B00034BF0120002010BD4FF0FF30FBE710B5E8
:1042C000D0E90042D1E90003A04293412CBF012074
:1042D000002010BD08B5FDF756FFBDE80840FDF70A
:1042E00056BFBFF35F8F00230372BFF35F8F70472A
:1042F00008B5034608467BB11A7F92070CD5BFF379
:104300005F8F1B7ABFF35F8F43B9F4F745F900382D
:1043100018BF0120400008BD0120FCE70220FAE799
:1043200001207047EFF798BB0023036003717047CB
:104330002DE9F84F04460D4617469946BFF35F8FA7
:1043400001EB020BA04694F804A05FFA8AFA58E841
:10435000006F3EB131462846C847002802DB06EB15
:104360000708F4E723795345ECD1CBF8006048E81F
:104370000053002BE6D1201DBDE8F84F00F065B8D2
:10438000F8B5BFF35F8F05460679F6B255E8003FF2
:10439000A3B18B4203EB02040ED101249B58077991
:1043A000B742F0D145E80036002EECD114B104300C
:1043B00000F04BF82046F8BD2546E7E71C46EEE73F
:1043C0002DE9F84306460F4690469946BFF35F8FA6
:1043D00056E8005F2DB9BFF32F8F2C462046BDE86D
:1043E000F88349462846C047044610B1EB592C468D
:1043F0001D4646E80053002BEAD1002CEED0301DBC
:1044000000F023F8EAE70068704700230360704774
:1044100050E8003F5A1C18BF013340E80032002A20
:10442000F6D1BFF35F8F013B584258417047BFF34D
:104430005F8F002350E8002F40E800310029F9D1B8
:10444000012A94BF002001207047D0E84F3F01337C
:10445000DBB2C0E8423F002AF7D1BFF35F8F70475D
:084460001C0DFF7F01000000AC
:10446800D96000010000000055710001F04401010D
:104478008105010100000000557700010845010190
:104488005577000120450101857E000100000000EC
:10449800A3200101000000009D75000138450101BD
:1044A800FD7B000100000000D57E00010000000037
:1044B800A505010100000000FB190101504501019B
:1044C800FD78000168450101432101010000000059
:1044D800DD20010180450101A180000100000000EC
:0844E800AD20010100000000FD
:1044F000AC49010198470101A84701014604002188
:104500001C1B0021EC450101D9490101CC470101E7
:10451000EC4701014A040021B41B0021E6450101DA
:10452000E7490101DC470101EC4701014C0400218E
:10453000C01B0021E0450101C94901010000000044
:10454000C447010148040021701B0021DA45010124
:104550008249010150020021084701014404002161
:10456000580C0021D2450101F54901017C020021CE
:10457000104801014E040021CC1B0021CA45010155
:10458000464A0101000000002448010150040021B6
:08459000781C0021C445010163
:10459800E0100021E84C0021000400001D8100010A
:1045A800000000000000000000000000F0FFFFFF16
:0C45B80000000000000000007A4A010131
:1045C40000800080FF7F008000800500FF7F0600E0
:1045D40000800080FF7F00800080FF7F00800080DB
:0E45E400FF7F00800080FF7F00800080FF7F4F
:0245F200FFFFC9
:1045F400984B010100000000A24B010100000000E3
:104604005B49010100000000BB49010100000000FA
:10461400114A010100000000764901010000000078
:10462400034A010100000000274A010100000000C4
:104634009949010100000000314A01010000000015
:10464400634A010100000000944C010100000000D5
:104654007249010100000000A64A010100000000A7
:10466400B94A010100000000544A010100000000A1
:0C467400FFFFFFFFFFFFFFFFFFFFFFFF46
:1046800001ED000106000000000200000002000031
:10469000000000000000000000000000000000001A
:1046A00000000000000000000101010102020202FE
:1046B000030303030405060708090A0B0C0D0E0F7C
:1046C000D8ECF0F4F8F9FAFBFCFDFEFF0001020360
:1046D00000100200FA00000065540001715400014E
:1046E000755400017D540001815400018D49000181
:1046F000114A0001FFFF0512000000000000000049
:104700000338FDD870470000D961000191630001B2
:1047100085640001D1640001BB1A01018F180101F9
:104720000319010197180101C9180101B31801010A
:104730009D1801013D1B01012D1B0101391B0101C8
:104740002B1B010100000000000000000000000021
:10475000000000001B1B0101000000210000000000
:1047600006000100020000006C470101000000018A
:104770009D49010106000000E0FF03010000002147
:10478000A549010121000000E0FF00211171000195
:10479000E170000100000000FD7100019572000150
:1047A0006B1E0101711E010161720001E71D010113
:1047B0004B1E0101000000005B1D01010000000014
:1047C000000000004575000199740001FFFF000022
:1047D00000088C410000000001000000FFFFFFFF07
:1047E00000058C410000000000000000D9770001A6
:1047F0007D1E0101891E01019D1E0101A71E0101EF
:10480000B11E01017D760001C51E010100000000FE
:104810005D1F0101391F0101551F0101591F0101D0
:10482000851F0101000000000000000000000000E2
:10483000E12001015D7F00017F240101599A0001FF
:10484000E5B3000101C100010000000091B30001C7
:10485000852701010000000055B3000159C1000186
:1048600029B8000169BE0001000000000C00000032
:104870000100000030810041000000000400000041
:10488000010000000100000009000000000000001D
:1048900000000000000000000000000000C0004117
:1048A00000000000280000000500000000000000DB
:1048B00000C00041000000002800000005000000CA
:1048C000C64B0101D94B0101EC4B0101FF4B01012A
:1048D000124C0101254C0101384C01014B4C0101E6
:1048E000F5FFFFFF6844010168440101A84401018C
:1048F000B0440101E8440101F04401012F6A656EF2
:104900006B696E735F776F726B73706163652F771E
:104910006F726B73706163652F6F6F6E5F736F661D
:10492000746465766963655F636F6E74726F6C6CD7
:1049300065725F6D61737465722F6275696C645F17
:104940006E726635332F6E7266782F68616C2F6ECB
:1049500072665F74696D65722E6800636270726959
:104960006E74665F7061636B61676500286E696C69
:104970002900736F63006970635F736572766963A2
:10498000650069706330007372616D302E73686DFD
:104990000067656E65726963006D707500464C4115
:1049A00053485F30005352414D5F3000636C6F637A
:1049B0006B40343130303530303000636C6F636BB6
:1049C0005F636F6E74726F6C0072616E646F6D40C6
:1049D0003431303039303030006770696F403431F5
:1049E000386330383030006770696F403431386375
:1049F00030353030006D626F7840343130313230D4
:104A00003030006D626F785F6E7266785F697063D8
:104A100000666174616C5F6572726F72004D505315
:104A20004C20576F726B006D70736C5F696E6974A8
:104A3000006E72665F3830323135345F636F6E6698
:104A400069677572650074656D704034313031305E
:104A50003030300074656D705F6E7266355F6D70FA
:104A6000736C006E72665F3830323135345F746556
:104A70006D7065726174757265007370696E656CD6
:104A80005F7061636B65745F73656E645F74687299
:104A9000656164006E72665F3830323135345F7341
:104AA00070696E656C007370696E656C5F697063C8
:104AB0005F6261636B656E64007370696E656C5FE5
:104AC0006970635F6261636B656E645F7273705F70
:104AD0006E7466000000000000000100000000008D
:104AE000FFFFFFFFFFFFFF02FFFFFF0843694400D6
:104AF000436969440043696962004369694300434B
:104B0000696974284C442963435800436969434CDC
:104B10000043696974284C442962624363435874B2
:104B2000284C44290043696974284C442943626233
:104B300000584C434C00436969690043696963004C
:104B40004369695300626262626374284C442900BD
:104B50006262624362635874284C44290043696965
:104B60004C00436969580043696943434343006407
:104B70006443007428442974284344294C4C62003F
:104B800074284344290043696958585858585800B4
:104B900000000001010000004E5246585F44505092
:104BA00049004E5246585F4750494F544500756E74
:104BB0007265676973746572656420257320627518
:104BC000730A002573006D6574616C3A20656D652C
:104BD0007267656E63793A20006D6574616C3A2086
:104BE000616C6572743A2020202020006D6574612C
:104BF0006C3A20637269746963616C3A2020006DBD
:104C00006574616C3A206572726F723A20202020C0
:104C100020006D6574616C3A207761726E696E6711
:104C20003A202020006D6574616C3A206E6F7469C3
:104C300063653A20202020006D6574616C3A20691C
:104C40006E666F3A202020202020006D6574616C14
:104C50003A2064656275673A202020202000257381
:104C60003A2066726565696E67206E6F6E2D656DA0
:104C7000707479207669727471756575650D0A00B6
:104C800072785F76710074785F7671004E53006DB4
:104C900061696E006F73002A2A2A20426F6F74695F
:104CA0006E67205A6570687972204F53206275696B
:104CB0006C642076332E332E39392D6E6373312098
:104CC0002A2A2A0A00737973776F726B71000000C9
:104CD000D8460101010505000C000021BD3E000180
:104CE00085450001793F0001A94500016D410001A2
:104CF000A54600012D430001E95400012F55000194
:104D00005545000171450001D9480001E543000106
:104D1000575500017F550001994700010000000030
:104D20000000000000000000000000000000000083
:104D30000000000000000000000000000000000073
:104D40000000000000000000000000000000000063
:104D50000000000000000000000000000000000053
:104D60000000000000000000000000000000000043
:104D70000000000000000000000000000000000033
:104D80000000000000000000000000000000000023
:104D90000000000000000000000000000000000013
:104DA0000000000000000000000000000000000003
:104DB00000000000000000000000000000000000F3
:104DC00000000000000000000000000000000000E3
:104DD00000000000000000000000000000000000D3
:104DE00000000000000000000000000000000000C3
:104DF00000000000000000000000000000000000B3
:104E000000000000000000000000000000000000A2
:104E10000000000000000000000000000000000092
:104E20000000000000000000000000000000000082
:104E30000000000000000000000000000000000072
:104E40000000000000000000000000000000000062
:104E50000000000000000000000000000000000052
:104E60000000000000000000000000000000000042
:104E70000000000000000000000000000000000032
:104E80000000000000000000000000000000000022
:104E90000000000000000000000000000000000012
:104EA0000000000000000000000000000000000002
:104EB00000000000000000000000000000000000F2
:104EC00000000000000000000000000000000000E2
:104ED00000000000000000000000000000000000D2
:104EE00000000000000000000000000000000000C2
:104EF00000000000000000000000000000000000B2
:104F000000000000000000000000000000000000A1
:104F10000000000000000000000000003711010147
:104F200001000000000007200000010068450101A9
:104F300001000000684501010000000002000000BF
:104F4000000000000000000000020000FFFF000061
:104F5000FFFF0000944A0101000000007981000178
:104F60003F2101010000000000000000D20000000D
:104F70000000000000000000000000000000000031
:104F80000000000000000000000000000000000021
:104F90000000000000000000000000000000000011
:104FA0000000000000000000000000000000000001
:104FB00000000000000000000000000000000000F1
:104FC00000000000000000000000000000000000E1
:104FD00000000000000000000000000000000000D1
:104FE000FF000000000000000000000091490101E6
:104FF000000000002DEB0001000000000000000098
:1050000000000000000000000000000000000000A0
:1050100000000000000000004803002148030021B8
:01502000147B
:03502100FFFFFF8F
:1050240000000000D91B010100000000D91B010190
:1050340000000000D91B010100000000D91B010180
:1050440000000000D91B0101D92001014D300101EC
:1050540000000000D91B010100000000D91B010160
:1050640000000000D91B0101701B0021097600011A
:10507400A5E800014D30010100000000D91B010129
:1050840000000000D91B010100000000D91B010130
:1050940000000000D91B010100000000D91B010120
:1050A40000000000D91B010100000000D91B010110
:1050B400EDEA00014D30010100000000D91B01019F
:1050C40000000000D91B010100000000D91B0101F0
:1050D40000000000B97C000100000000D91B0101A0
:1050E40000000000D91B010100000000D91B0101D0
:1050F40000000000757E000100000000D91B0101C2
:1051040000000000D91B010100000000D91B0101AF
:0E51140000000000000000000000000000008D
:02512200FFFF8D
:1051240000000000E85D0021001000000000000005
:045134000000000077
:10513800680400216804002100000000000000004D
:045148000E00000055
:10514C007C0400217C040021000000000100000010
:10515C008C0400218C0400210000000010000000D1
:04516C0015E015E055
:0400000501006CC5C5
:00000001FF
